timeMs,imsi,rnti,srcL2Id,dstL2Id,frame,subFrame,slot,symStart,symLen,sbChSize,rbStart,rbLen,harqId,ndi,rv,reselCounter,cReselCounter,csiReq,castType,SEED,RUN
3199.0,2,2,2,255,319,9,0,1,12,10,30,20,0,1,0,255,255,0,1,1,1
4167.0,1,1,1,255,416,7,0,1,12,10,20,20,3,0,2,255,255,0,1,1,1
4897.0,3,3,3,255,489,7,0,1,12,10,20,20,0,0,3,255,255,0,1,1,1
5509.0,2,2,2,255,550,9,0,1,12,10,20,20,2,0,1,255,255,0,1,1,1
6188.0,3,3,3,255,618,8,0,1,12,10,20,20,1,1,0,255,255,0,1,1,1
6807.0,3,3,3,255,680,7,0,1,12,10,10,20,3,0,0,255,255,0,1,1,1
7469.0,1,1,1,255,746,9,0,1,12,10,30,20,7,0,2,255,255,0,1,1,1
7926.0,4,4,4,255,792,6,0,1,12,10,30,20,0,0,3,255,255,0,1,1,1
8409.0,3,3,3,255,840,9,0,1,12,10,10,20,4,0,0,255,255,0,1,1,1
8899.0,3,3,3,255,889,9,0,1,12,10,20,20,4,0,3,255,255,0,1,1,1
9387.0,1,1,1,255,938,7,0,1,12,10,30,20,9,0,0,255,255,0,1,1,1
9877.0,1,1,1,255,987,7,0,1,12,10,0,20,10,0,2,255,255,0,1,1,1
10324.0,4,4,4,255,1032,4,0,1,12,10,0,20,3,0,3,255,255,0,1,1,1
10817.0,4,4,4,255,1081,7,0,1,12,10,30,20,3,1,0,255,255,0,1,1,1
11228.0,4,4,4,255,1122,8,0,1,12,10,10,20,3,0,0,255,255,0,1,1,1
11608.0,2,2,2,255,1160,8,0,1,12,10,0,20,9,0,1,255,255,0,1,1,1
12006.0,2,2,2,255,1200,6,0,1,12,10,0,20,10,0,2,255,255,0,1,1,1
12388.0,3,3,3,255,1238,8,0,1,12,10,0,20,7,0,3,255,255,0,1,1,1
12787.0,1,1,1,255,1278,7,0,1,12,10,10,20,13,0,3,255,255,0,1,1,1
13186.0,6,6,6,255,1318,6,0,1,12,10,30,20,0,0,0,255,255,0,1,1,1
13565.0,6,6,6,255,1356,5,0,1,12,10,0,20,0,1,0,255,255,0,1,1,1
13947.0,5,5,5,255,1394,7,0,1,12,10,30,20,3,0,2,255,255,0,1,1,1
14319.0,4,4,4,255,1431,9,0,1,12,10,0,20,6,0,3,255,255,0,1,1,1
14707.0,3,3,3,255,1470,7,0,1,12,10,20,20,10,0,0,255,255,0,1,1,1
15099.0,3,3,3,255,1509,9,0,1,12,10,10,20,10,0,3,255,255,0,1,1,1
15488.0,6,6,6,255,1548,8,0,1,12,10,10,20,2,0,0,255,255,0,1,1,1
15879.0,6,6,6,255,1587,9,0,1,12,10,30,20,2,0,2,255,255,0,1,1,1
16248.000000000002,5,5,5,255,1624,8,0,1,12,10,0,20,5,0,3,255,255,0,1,1,1
16619.0,2,2,2,255,1661,9,0,1,12,10,20,20,14,0,0,255,255,0,1,1,1
17008.0,2,2,2,255,1700,8,0,1,12,10,10,20,15,0,1,255,255,0,1,1,1
17404.0,2,2,2,255,1740,4,0,1,12,10,10,20,15,0,2,255,255,0,1,1,1
17789.0,6,6,6,255,1778,9,0,1,12,10,30,20,4,0,0,255,255,0,1,1,1
18178.0,6,6,6,255,1817,8,0,1,12,10,0,20,5,0,3,255,255,0,1,1,1
18559.0,5,5,5,255,1855,9,0,1,12,10,20,20,7,0,1,255,255,0,1,1,1
18929.0,4,4,4,255,1892,9,0,1,12,10,10,20,10,0,0,255,255,0,1,1,1
19309.0,3,3,3,255,1930,9,0,1,12,10,20,20,14,0,0,255,255,0,1,1,1
19705.0,2,2,2,255,1970,5,0,1,12,10,0,20,2,0,2,255,255,0,1,1,1
20089.0,3,3,3,255,2008,9,0,1,12,10,0,20,15,0,3,255,255,0,1,1,1
20427.0,4,4,4,255,2042,7,0,1,12,10,10,20,12,0,1,255,255,0,1,1,1
20764.0,5,5,5,255,2076,4,0,1,12,10,10,20,8,0,0,255,255,0,1,1,1
21086.0,3,3,3,255,2108,6,0,1,12,10,30,20,0,0,2,255,255,0,1,1,1
21377.0,6,6,6,255,2137,7,0,1,12,10,10,20,8,0,2,255,255,0,1,1,1
21606.0,2,2,2,255,2160,6,0,1,12,10,30,20,4,0,3,255,255,0,1,1,1
21826.0,4,4,4,255,2182,6,0,1,12,10,30,20,13,0,1,255,255,0,1,1,1
22099.0,3,3,3,255,2209,9,0,1,12,10,0,20,1,0,1,255,255,0,1,1,1
22305.0,7,7,7,255,2230,5,0,1,12,10,0,20,2,0,1,255,255,0,1,1,1
22507.0,8,8,8,255,2250,7,0,1,12,10,0,20,1,0,3,255,255,0,1,1,1
22718.0,2,2,2,255,2271,8,0,1,12,10,10,20,5,0,1,255,255,0,1,1,1
22958.0,5,5,5,255,2295,8,0,1,12,10,20,20,10,0,1,255,255,0,1,1,1
23185.0,3,3,3,255,2318,5,0,1,12,10,10,20,2,0,2,255,255,0,1,1,1
23397.0,9,9,9,255,2339,7,0,1,12,10,30,20,1,1,0,255,255,0,1,1,1
23607.0,3,3,3,255,2360,7,0,1,12,10,10,20,2,0,1,255,255,0,1,1,1
23817.0,7,7,7,255,2381,7,0,1,12,10,0,20,3,0,1,255,255,0,1,1,1
24026.0,4,4,4,255,2402,6,0,1,12,10,20,20,0,0,0,255,255,0,1,1,1
24268.0,6,6,6,255,2426,8,0,1,12,10,10,20,11,0,3,255,255,0,1,1,1
24488.0,3,3,3,255,2448,8,0,1,12,10,20,20,3,0,2,255,255,0,1,1,1
24698.0,3,3,3,255,2469,8,0,1,12,10,10,20,3,0,3,255,255,0,1,1,1
24904.0,9,9,9,255,2490,4,0,1,12,10,20,20,2,1,0,255,255,0,1,1,1
25109.0,9,9,9,255,2510,9,0,1,12,10,20,20,3,0,3,255,255,0,1,1,1
25327.0,4,4,4,255,2532,7,0,1,12,10,20,20,1,0,3,255,255,0,1,1,1
25577.0,6,6,6,255,2557,7,0,1,12,10,0,20,12,0,3,255,255,0,1,1,1
25797.0,9,9,9,255,2579,7,0,1,12,10,0,20,4,1,0,255,255,0,1,1,1
26004.0,9,9,9,255,2600,4,0,1,12,10,20,20,4,0,3,255,255,0,1,1,1
26198.0,10,10,10,255,2619,8,0,1,12,10,10,20,4,0,1,255,255,0,1,1,1
26388.0,3,3,3,255,2638,8,0,1,12,10,30,20,5,0,1,255,255,0,1,1,1
26585.0,3,3,3,255,2658,5,0,1,12,10,30,20,5,0,3,255,255,0,1,1,1
26777.0,6,6,6,255,2677,7,0,1,12,10,10,20,14,0,3,255,255,0,1,1,1
26965.0,5,5,5,255,2696,5,0,1,12,10,30,20,15,0,1,255,255,0,1,1,1
27137.0,5,5,5,255,2713,7,0,1,12,10,0,20,15,1,0,255,255,0,1,1,1
27325.0,11,11,11,255,2732,5,0,1,12,10,30,20,1,0,2,255,255,0,1,1,1
27524.0,11,11,11,255,2752,4,0,1,12,10,0,20,2,1,0,255,255,0,1,1,1
27718.0,2,2,2,255,2771,8,0,1,12,10,10,20,10,0,0,255,255,0,1,1,1
27908.0,7,7,7,255,2790,8,0,1,12,10,0,20,7,0,0,255,255,0,1,1,1
28106.0,9,9,9,255,2810,6,0,1,12,10,30,20,6,0,3,255,255,0,1,1,1
28306.0,7,7,7,255,2830,6,0,1,12,10,30,20,7,0,3,255,255,0,1,1,1
28488.0,10,10,10,255,2848,8,0,1,12,10,30,20,7,0,1,255,255,0,1,1,1
28645.0,5,5,5,255,2864,5,0,1,12,10,10,20,0,0,3,255,255,0,1,1,1
28825.0,12,12,12,255,2882,5,0,1,12,10,20,20,0,0,3,255,255,0,1,1,1
29009.0,4,4,4,255,2900,9,0,1,12,10,20,20,4,0,2,255,255,0,1,1,1
29198.0,9,9,9,255,2919,8,0,1,12,10,30,20,7,1,0,255,255,0,1,1,1
29378.0,6,6,6,255,2937,8,0,1,12,10,20,20,0,0,1,255,255,0,1,1,1
29528.0,4,4,4,255,2952,8,0,1,12,10,30,20,5,0,1,255,255,0,1,1,1
29707.0,4,4,4,255,2970,7,0,1,12,10,0,20,5,0,2,255,255,0,1,1,1
29899.0,3,3,3,255,2989,9,0,1,12,10,0,20,9,0,3,255,255,0,1,1,1
30079.0,6,6,6,255,3007,9,0,1,12,10,20,20,1,0,3,255,255,0,1,1,1
30238.0,11,11,11,255,3023,8,0,1,12,10,0,20,5,0,0,255,255,0,1,1,1
30419.0,2,2,2,255,3041,9,0,1,12,10,30,20,13,0,0,255,255,0,1,1,1
30608.0,4,4,4,255,3060,8,0,1,12,10,0,20,6,1,0,255,255,0,1,1,1
30799.0,3,3,3,255,3079,9,0,1,12,10,0,20,9,0,3,255,255,0,1,1,1
30984.0,6,6,6,255,3098,4,0,1,12,10,30,20,1,0,1,255,255,0,1,1,1
31129.0,4,4,4,255,3112,9,0,1,12,10,10,20,7,0,0,255,255,0,1,1,1
31317.0,9,9,9,255,3131,7,0,1,12,10,20,20,9,0,0,255,255,0,1,1,1
31505.0,7,7,7,255,3150,5,0,1,12,10,0,20,10,1,0,255,255,0,1,1,1
31684.0,10,10,10,255,3168,4,0,1,12,10,0,20,10,0,1,255,255,0,1,1,1
31857.0,5,5,5,255,3185,7,0,1,12,10,0,20,3,0,3,255,255,0,1,1,1
32019.0,9,9,9,255,3201,9,0,1,12,10,10,20,10,0,1,255,255,0,1,1,1
32198.0,7,7,7,255,3219,8,0,1,12,10,30,20,11,0,2,255,255,0,1,1,1
32339.0,5,5,5,255,3233,9,0,1,12,10,0,20,4,1,0,255,255,0,1,1,1
32499.000000000004,3,3,3,255,3249,9,0,1,12,10,30,20,11,0,1,255,255,0,1,1,1
32628.999999999996,11,11,11,255,3262,9,0,1,12,10,10,20,8,0,0,255,255,0,1,1,1
32798.0,10,10,10,255,3279,8,0,1,12,10,0,20,11,0,0,255,255,0,1,1,1
32927.0,4,4,4,255,3292,7,0,1,12,10,10,20,9,0,1,255,255,0,1,1,1
33089.0,7,7,7,255,3308,9,0,1,12,10,30,20,12,1,0,255,255,0,1,1,1
33227.0,4,4,4,255,3322,7,0,1,12,10,10,20,9,0,1,255,255,0,1,1,1
33397.0,3,3,3,255,3339,7,0,1,12,10,0,20,12,0,3,255,255,0,1,1,1
33527.0,11,11,11,255,3352,7,0,1,12,10,30,20,8,0,1,255,255,0,1,1,1
33697.0,10,10,10,255,3369,7,0,1,12,10,10,20,12,0,1,255,255,0,1,1,1
33837.0,11,11,11,255,3383,7,0,1,12,10,30,20,9,0,1,255,255,0,1,1,1
33984.0,6,6,6,255,3398,4,0,1,12,10,0,20,4,0,3,255,255,0,1,1,1
34118.0,2,2,2,255,3411,8,0,1,12,10,30,20,1,0,0,255,255,0,1,1,1
34257.0,5,5,5,255,3425,7,0,1,12,10,0,20,5,0,1,255,255,0,1,1,1
34404.0,9,9,9,255,3440,4,0,1,12,10,30,20,13,0,2,255,255,0,1,1,1
34537.0,13,13,13,255,3453,7,0,1,12,10,30,20,2,1,0,255,255,0,1,1,1
34677.0,14,14,14,255,3467,7,0,1,12,10,30,20,1,0,0,255,255,0,1,1,1
34809.0,9,9,9,255,3480,9,0,1,12,10,0,20,14,0,0,255,255,0,1,1,1
34964.0,6,6,6,255,3496,4,0,1,12,10,20,20,5,1,0,255,255,0,1,1,1
35109.0,9,9,9,255,3510,9,0,1,12,10,0,20,14,0,0,255,255,0,1,1,1
35259.0,13,13,13,255,3525,9,0,1,12,10,30,20,3,0,1,255,255,0,1,1,1
35405.0,9,9,9,255,3540,5,0,1,12,10,0,20,14,0,3,255,255,0,1,1,1
35548.0,15,15,15,255,3554,8,0,1,12,10,30,20,2,0,0,255,255,0,1,1,1
35704.0,2,2,2,255,3570,4,0,1,12,10,20,20,3,0,3,255,255,0,1,1,1
35848.0,16,16,16,255,3584,8,0,1,12,10,10,20,1,0,1,255,255,0,1,1,1
36006.0,9,9,9,255,3600,6,0,1,12,10,0,20,15,0,3,255,255,0,1,1,1
36157.0,5,5,5,255,3615,7,0,1,12,10,0,20,7,0,1,255,255,0,1,1,1
36308.0,9,9,9,255,3630,8,0,1,12,10,20,20,15,0,1,255,255,0,1,1,1
36459.0,5,5,5,255,3645,9,0,1,12,10,0,20,7,0,0,255,255,0,1,1,1
36625.0,16,16,16,255,3662,5,0,1,12,10,20,20,2,1,0,255,255,0,1,1,1
36787.0,3,3,3,255,3678,7,0,1,12,10,30,20,15,0,3,255,255,0,1,1,1
36938.0,16,16,16,255,3693,8,0,1,12,10,30,20,3,0,3,255,255,0,1,1,1
37108.0,2,2,2,255,3710,8,0,1,12,10,0,20,4,0,3,255,255,0,1,1,1
37264.0,5,5,5,255,3726,4,0,1,12,10,30,20,8,0,0,255,255,0,1,1,1
37424.0,4,4,4,255,3742,4,0,1,12,10,20,20,15,0,0,255,255,0,1,1,1
37588.0,3,3,3,255,3758,8,0,1,12,10,0,20,0,0,2,255,255,0,1,1,1
37739.0,12,12,12,255,3773,9,0,1,12,10,0,20,8,0,0,255,255,0,1,1,1
37906.0,2,2,2,255,3790,6,0,1,12,10,30,20,4,1,0,255,255,0,1,1,1
38058.0,13,13,13,255,3805,8,0,1,12,10,10,20,6,0,1,255,255,0,1,1,1
38225.0,15,15,15,255,3822,5,0,1,12,10,20,20,4,1,0,255,255,0,1,1,1
38387.0,14,14,14,255,3838,7,0,1,12,10,10,20,5,0,0,255,255,0,1,1,1
38538.0,5,5,5,255,3853,8,0,1,12,10,30,20,9,1,0,255,255,0,1,1,1
38708.0,3,3,3,255,3870,8,0,1,12,10,0,20,1,0,1,255,255,0,1,1,1
38864.0,6,6,6,255,3886,4,0,1,12,10,30,20,10,1,0,255,255,0,1,1,1
39018.0,4,4,4,255,3901,8,0,1,12,10,10,20,1,0,1,255,255,0,1,1,1
39189.0,6,6,6,255,3918,9,0,1,12,10,0,20,10,0,0,255,255,0,1,1,1
39344.0,15,15,15,255,3934,4,0,1,12,10,30,20,6,0,2,255,255,0,1,1,1
39507.0,9,9,9,255,3950,7,0,1,12,10,0,20,2,0,3,255,255,0,1,1,1
39658.0,5,5,5,255,3965,8,0,1,12,10,20,20,10,0,0,255,255,0,1,1,1
39819.0,2,2,2,255,3981,9,0,1,12,10,0,20,7,0,0,255,255,0,1,1,1
39984.0,6,6,6,255,3998,4,0,1,12,10,0,20,11,0,1,255,255,0,1,1,1
40137.0,11,11,11,255,4013,7,0,1,12,10,0,20,15,0,0,255,255,0,1,1,1
40308.0,2,2,2,255,4030,8,0,1,12,10,10,20,8,0,3,255,255,0,1,1,1
40465.0,5,5,5,255,4046,5,0,1,12,10,30,20,11,0,1,255,255,0,1,1,1
40625.0,16,16,16,255,4062,5,0,1,12,10,0,20,7,1,0,255,255,0,1,1,1
40785.0,3,3,3,255,4078,5,0,1,12,10,20,20,2,0,3,255,255,0,1,1,1
40938.0,13,13,13,255,4093,8,0,1,12,10,0,20,8,1,0,255,255,0,1,1,1
41105.0,4,4,4,255,4110,5,0,1,12,10,20,20,3,0,2,255,255,0,1,1,1
41258.0,13,13,13,255,4125,8,0,1,12,10,0,20,8,0,1,255,255,0,1,1,1
41426.0,4,4,4,255,4142,6,0,1,12,10,10,20,3,0,0,255,255,0,1,1,1
41559.0,17,17,17,255,4155,9,0,1,12,10,10,20,0,1,0,255,255,0,1,1,1
41707.0,2,2,2,255,4170,7,0,1,12,10,10,20,9,0,1,255,255,0,1,1,1
41837.0,12,12,12,255,4183,7,0,1,12,10,30,20,13,0,0,255,255,0,1,1,1
41978.0,14,14,14,255,4197,8,0,1,12,10,20,20,9,0,3,255,255,0,1,1,1
42118.0,9,9,9,255,4211,8,0,1,12,10,20,20,5,0,0,255,255,0,1,1,1
42244.0,19,19,19,255,4224,4,0,1,12,10,30,20,0,1,0,255,255,0,1,1,1
42369.0,6,6,6,255,4236,9,0,1,12,10,20,20,13,1,0,255,255,0,1,1,1
42507.0,4,4,4,255,4250,7,0,1,12,10,0,20,4,0,2,255,255,0,1,1,1
42628.0,11,11,11,255,4262,8,0,1,12,10,30,20,0,0,1,255,255,0,1,1,1
42749.0,15,15,15,255,4274,9,0,1,12,10,0,20,9,0,0,255,255,0,1,1,1
42887.0,14,14,14,255,4288,7,0,1,12,10,20,20,9,0,0,255,255,0,1,1,1
43024.0,12,12,12,255,4302,4,0,1,12,10,30,20,13,0,2,255,255,0,1,1,1
43144.0,13,13,13,255,4314,4,0,1,12,10,10,20,10,0,2,255,255,0,1,1,1
43264.0,6,6,6,255,4326,4,0,1,12,10,0,20,14,1,0,255,255,0,1,1,1
43405.0,2,2,2,255,4340,5,0,1,12,10,30,20,11,0,3,255,255,0,1,1,1
43528.0,18,18,18,255,4352,8,0,1,12,10,30,20,1,0,3,255,255,0,1,1,1
43647.0,16,16,16,255,4364,7,0,1,12,10,30,20,11,0,0,255,255,0,1,1,1
43789.0,14,14,14,255,4378,9,0,1,12,10,20,20,10,0,0,255,255,0,1,1,1
43929.0,18,18,18,255,4392,9,0,1,12,10,10,20,1,0,1,255,255,0,1,1,1
44065.0,13,13,13,255,4406,5,0,1,12,10,30,20,11,0,1,255,255,0,1,1,1
44208.0,4,4,4,255,4420,8,0,1,12,10,30,20,6,0,3,255,255,0,1,1,1
44346.0,16,16,16,255,4434,6,0,1,12,10,30,20,11,0,1,255,255,0,1,1,1
44477.0,17,17,17,255,4447,7,0,1,12,10,30,20,2,0,3,255,255,0,1,1,1
44598.0,9,9,9,255,4459,8,0,1,12,10,0,20,8,0,2,255,255,0,1,1,1
44718.0,12,12,12,255,4471,8,0,1,12,10,20,20,15,1,0,255,255,0,1,1,1
44829.0,15,15,15,255,4482,9,0,1,12,10,10,20,11,0,3,255,255,0,1,1,1
44949.0,13,13,13,255,4494,9,0,1,12,10,30,20,12,0,3,255,255,0,1,1,1
45085.0,14,14,14,255,4508,5,0,1,12,10,0,20,11,0,1,255,255,0,1,1,1
45207.0,20,20,20,255,4520,7,0,1,12,10,10,20,0,0,1,255,255,0,1,1,1
45327.0,4,4,4,255,4532,7,0,1,12,10,30,20,7,0,3,255,255,0,1,1,1
45444.0,19,19,19,255,4544,4,0,1,12,10,30,20,2,0,3,255,255,0,1,1,1
45566.0,13,13,13,255,4556,6,0,1,12,10,0,20,13,0,0,255,255,0,1,1,1
45698.0,20,20,20,255,4569,8,0,1,12,10,10,20,0,1,0,255,255,0,1,1,1
45818.0,21,21,21,255,4581,8,0,1,12,10,20,20,1,1,0,255,255,0,1,1,1
45937.0,12,12,12,255,4593,7,0,1,12,10,0,20,0,0,1,255,255,0,1,1,1
46047.0,13,13,13,255,4604,7,0,1,12,10,20,20,13,0,2,255,255,0,1,1,1
46169.0,14,14,14,255,4616,9,0,1,12,10,20,20,13,0,3,255,255,0,1,1,1
46299.0,20,20,20,255,4629,9,0,1,12,10,10,20,1,0,2,255,255,0,1,1,1
46418.0,2,2,2,255,4641,8,0,1,12,10,20,20,13,0,0,255,255,0,1,1,1
46529.0,15,15,15,255,4652,9,0,1,12,10,30,20,13,0,1,255,255,0,1,1,1
46648.0,5,5,5,255,4664,8,0,1,12,10,10,20,1,0,3,255,255,0,1,1,1
46769.0,14,14,14,255,4676,9,0,1,12,10,20,20,13,0,3,255,255,0,1,1,1
46904.0,20,20,20,255,4690,4,0,1,12,10,10,20,2,0,2,255,255,0,1,1,1
47018.0,2,2,2,255,4701,8,0,1,12,10,20,20,13,0,0,255,255,0,1,1,1
47137.0,18,18,18,255,4713,7,0,1,12,10,30,20,4,0,0,255,255,0,1,1,1
47258.0,19,19,19,255,4725,8,0,1,12,10,30,20,5,0,0,255,255,0,1,1,1
47388.0,14,14,14,255,4738,8,0,1,12,10,30,20,14,0,1,255,255,0,1,1,1
47509.0,20,20,20,255,4750,9,0,1,12,10,0,20,2,0,1,255,255,0,1,1,1
47637.0,13,13,13,255,4763,7,0,1,12,10,10,20,15,1,0,255,255,0,1,1,1
47759.0,5,5,5,255,4775,9,0,1,12,10,10,20,2,0,3,255,255,0,1,1,1
47886.0,3,3,3,255,4788,6,0,1,12,10,0,20,9,1,0,255,255,0,1,1,1
48017.0,4,4,4,255,4801,7,0,1,12,10,20,20,10,0,2,255,255,0,1,1,1
48137.0,15,15,15,255,4813,7,0,1,12,10,0,20,14,0,3,255,255,0,1,1,1
48258.0,5,5,5,255,4825,8,0,1,12,10,30,20,2,0,2,255,255,0,1,1,1
48385.0,6,6,6,255,4838,5,0,1,12,10,0,20,2,0,1,255,255,0,1,1,1
48507.0,2,2,2,255,4850,7,0,1,12,10,20,20,15,0,3,255,255,0,1,1,1
48625.0,12,12,12,255,4862,5,0,1,12,10,0,20,3,1,0,255,255,0,1,1,1
48738.0,5,5,5,255,4873,8,0,1,12,10,30,20,3,0,2,255,255,0,1,1,1
48857.0,19,19,19,255,4885,7,0,1,12,10,10,20,6,0,1,255,255,0,1,1,1
48997.0,9,9,9,255,4899,7,0,1,12,10,0,20,12,1,0,255,255,0,1,1,1
49118.0,2,2,2,255,4911,8,0,1,12,10,0,20,0,0,0,255,255,0,1,1,1
49238.0,5,5,5,255,4923,8,0,1,12,10,30,20,3,0,2,255,255,0,1,1,1
49366.0,17,17,17,255,4936,6,0,1,12,10,30,20,7,0,3,255,255,0,1,1,1
49507.0,4,4,4,255,4950,7,0,1,12,10,0,20,11,0,3,255,255,0,1,1,1
49628.0,18,18,18,255,4962,8,0,1,12,10,10,20,6,0,1,255,255,0,1,1,1
49758.0,5,5,5,255,4975,8,0,1,12,10,0,20,4,0,3,255,255,0,1,1,1
49899.0,9,9,9,255,4989,9,0,1,12,10,20,20,13,1,0,255,255,0,1,1,1
50026.0,18,18,18,255,5002,6,0,1,12,10,30,20,7,0,3,255,255,0,1,1,1
50147.0,16,16,16,255,5014,7,0,1,12,10,10,20,1,0,1,255,255,0,1,1,1
50297.0,2,2,2,255,5029,7,0,1,12,10,20,20,0,1,0,255,255,0,1,1,1
50424.0,18,18,18,255,5042,4,0,1,12,10,10,20,7,0,2,255,255,0,1,1,1
50549.0,16,16,16,255,5054,9,0,1,12,10,0,20,2,0,0,255,255,0,1,1,1
50686.0,3,3,3,255,5068,6,0,1,12,10,10,20,11,0,2,255,255,0,1,1,1
50818.0,4,4,4,255,5081,8,0,1,12,10,30,20,13,0,3,255,255,0,1,1,1
50937.0,21,21,21,255,5093,7,0,1,12,10,30,20,7,0,3,255,255,0,1,1,1
51047.0,19,19,19,255,5104,7,0,1,12,10,0,20,9,0,1,255,255,0,1,1,1
51167.0,22,22,22,255,5116,7,0,1,12,10,30,20,0,0,1,255,255,0,1,1,1
51288.0,6,6,6,255,5128,8,0,1,12,10,10,20,4,0,0,255,255,0,1,1,1
51409.0,2,2,2,255,5140,9,0,1,12,10,10,20,2,0,1,255,255,0,1,1,1
51528.0,18,18,18,255,5152,8,0,1,12,10,20,20,8,0,2,255,255,0,1,1,1
51645.0,16,16,16,255,5164,5,0,1,12,10,30,20,2,0,3,255,255,0,1,1,1
51759.0,13,13,13,255,5175,9,0,1,12,10,0,20,4,0,1,255,255,0,1,1,1
51869.0,23,23,23,255,5186,9,0,1,12,10,30,20,1,1,0,255,255,0,1,1,1
51998.0,9,9,9,255,5199,8,0,1,12,10,0,20,15,1,0,255,255,0,1,1,1
52117.0,18,18,18,255,5211,7,0,1,12,10,10,20,9,1,0,255,255,0,1,1,1
52225.0,16,16,16,255,5222,5,0,1,12,10,20,20,3,1,0,255,255,0,1,1,1
52338.0,12,12,12,255,5233,8,0,1,12,10,10,20,6,0,0,255,255,0,1,1,1
52448.0,15,15,15,255,5244,8,0,1,12,10,0,20,4,0,0,255,255,0,1,1,1
52565.0,5,5,5,255,5256,5,0,1,12,10,0,20,6,0,1,255,255,0,1,1,1
52684.0,3,3,3,255,5268,4,0,1,12,10,30,20,13,0,2,255,255,0,1,1,1
52789.0,6,6,6,255,5278,9,0,1,12,10,30,20,5,0,0,255,255,0,1,1,1
52899.0,23,23,23,255,5289,9,0,1,12,10,0,20,2,0,0,255,255,0,1,1,1
53007.0,20,20,20,255,5300,7,0,1,12,10,10,20,8,0,1,255,255,0,1,1,1
53109.0,4,4,4,255,5310,9,0,1,12,10,10,20,15,0,3,255,255,0,1,1,1
53218.0,2,2,2,255,5321,8,0,1,12,10,10,20,3,0,1,255,255,0,1,1,1
53327.0,12,12,12,255,5332,7,0,1,12,10,0,20,7,0,1,255,255,0,1,1,1
53437.0,21,21,21,255,5343,7,0,1,12,10,30,20,9,0,1,255,255,0,1,1,1
53539.0,21,21,21,255,5353,9,0,1,12,10,30,20,9,0,0,255,255,0,1,1,1
53644.0,13,13,13,255,5364,4,0,1,12,10,0,20,6,1,0,255,255,0,1,1,1
53746.0,22,22,22,255,5374,6,0,1,12,10,20,20,3,1,0,255,255,0,1,1,1
53849.0,22,22,22,255,5384,9,0,1,12,10,30,20,3,0,2,255,255,0,1,1,1
53958.0,17,17,17,255,5395,8,0,1,12,10,0,20,11,1,0,255,255,0,1,1,1
54064.0,5,5,5,255,5406,4,0,1,12,10,30,20,8,0,3,255,255,0,1,1,1
54166.0,5,5,5,255,5416,6,0,1,12,10,30,20,8,0,0,255,255,0,1,1,1
54268.0,17,17,17,255,5426,8,0,1,12,10,10,20,11,0,3,255,255,0,1,1,1
54378.0,17,17,17,255,5437,8,0,1,12,10,10,20,11,0,0,255,255,0,1,1,1
54485.0,23,23,23,255,5448,5,0,1,12,10,30,20,4,0,2,255,255,0,1,1,1
54588.0,25,25,25,255,5458,8,0,1,12,10,30,20,1,0,3,255,255,0,1,1,1
54697.0,3,3,3,255,5469,7,0,1,12,10,20,20,14,0,3,255,255,0,1,1,1
54799.0,25,25,25,255,5479,9,0,1,12,10,10,20,1,0,0,255,255,0,1,1,1
54905.0,3,3,3,255,5490,5,0,1,12,10,30,20,15,0,1,255,255,0,1,1,1
55008.0,12,12,12,255,5500,8,0,1,12,10,30,20,8,1,0,255,255,0,1,1,1
55117.0,24,24,24,255,5511,7,0,1,12,10,30,20,3,1,0,255,255,0,1,1,1
55218.0,9,9,9,255,5521,8,0,1,12,10,30,20,1,0,3,255,255,0,1,1,1
55319.0,24,24,24,255,5531,9,0,1,12,10,10,20,4,0,3,255,255,0,1,1,1
55425.0,16,16,16,255,5542,5,0,1,12,10,10,20,6,1,0,255,255,0,1,1,1
55528.0,16,16,16,255,5552,8,0,1,12,10,10,20,6,0,3,255,255,0,1,1,1
55637.0,21,21,21,255,5563,7,0,1,12,10,30,20,11,0,0,255,255,0,1,1,1
55738.0,24,24,24,255,5573,8,0,1,12,10,20,20,4,0,0,255,255,0,1,1,1
55829.0,18,18,18,255,5582,9,0,1,12,10,10,20,12,0,3,255,255,0,1,1,1
55928.0,21,21,21,255,5592,8,0,1,12,10,30,20,11,0,1,255,255,0,1,1,1
56028.0,4,4,4,255,5602,8,0,1,12,10,0,20,3,0,0,255,255,0,1,1,1
56137.0,21,21,21,255,5613,7,0,1,12,10,30,20,11,0,0,255,255,0,1,1,1
56237.0,18,18,18,255,5623,7,0,1,12,10,0,20,13,0,0,255,255,0,1,1,1
56337.0,19,19,19,255,5633,7,0,1,12,10,30,20,13,1,0,255,255,0,1,1,1
56438.0,24,24,24,255,5643,8,0,1,12,10,20,20,4,0,0,255,255,0,1,1,1
56539.0,19,19,19,255,5653,9,0,1,12,10,30,20,14,1,0,255,255,0,1,1,1
56644.0,5,5,5,255,5664,4,0,1,12,10,0,20,11,1,0,255,255,0,1,1,1
56739.0,21,21,21,255,5673,9,0,1,12,10,0,20,12,0,1,255,255,0,1,1,1
56837.0,18,18,18,255,5683,7,0,1,12,10,0,20,13,0,0,255,255,0,1,1,1
56929.0,24,24,24,255,5692,9,0,1,12,10,10,20,5,0,1,255,255,0,1,1,1
57028.0,24,24,24,255,5702,8,0,1,12,10,30,20,5,0,3,255,255,0,1,1,1
57126.0,15,15,15,255,5712,6,0,1,12,10,30,20,10,0,3,255,255,0,1,1,1
57225.0,18,18,18,255,5722,5,0,1,12,10,10,20,13,0,3,255,255,0,1,1,1
57325.0,12,12,12,255,5732,5,0,1,12,10,30,20,10,0,3,255,255,0,1,1,1
57424.0,15,15,15,255,5742,4,0,1,12,10,30,20,10,1,0,255,255,0,1,1,1
57519.0,9,9,9,255,5751,9,0,1,12,10,20,20,3,0,0,255,255,0,1,1,1
57618.0,9,9,9,255,5761,8,0,1,12,10,20,20,3,0,1,255,255,0,1,1,1
57707.0,3,3,3,255,5770,7,0,1,12,10,0,20,1,0,1,255,255,0,1,1,1
57804.0,25,25,25,255,5780,4,0,1,12,10,30,20,4,0,0,255,255,0,1,1,1
57898.0,2,2,2,255,5789,8,0,1,12,10,0,20,9,1,0,255,255,0,1,1,1
57989.0,23,23,23,255,5798,9,0,1,12,10,30,20,8,0,1,255,255,0,1,1,1
58084.0,6,6,6,255,5808,4,0,1,12,10,0,20,10,0,1,255,255,0,1,1,1
58165.0,28,28,28,255,5816,5,0,1,12,10,30,20,0,1,0,255,255,0,1,1,1
58247.0,29,29,29,255,5824,7,0,1,12,10,0,20,0,0,1,255,255,0,1,1,1
58338.0,18,18,18,255,5833,8,0,1,12,10,0,20,14,0,1,255,255,0,1,1,1
58426.0,29,29,29,255,5842,6,0,1,12,10,20,20,0,1,0,255,255,0,1,1,1
58519.0,21,21,21,255,5851,9,0,1,12,10,0,20,13,0,3,255,255,0,1,1,1
58606.0,9,9,9,255,5860,6,0,1,12,10,30,20,4,0,1,255,255,0,1,1,1
58697.0,9,9,9,255,5869,7,0,1,12,10,30,20,4,1,0,255,255,0,1,1,1
58786.0,6,6,6,255,5878,6,0,1,12,10,10,20,11,0,1,255,255,0,1,1,1
58868.0,6,6,6,255,5886,8,0,1,12,10,0,20,11,0,2,255,255,0,1,1,1
58948.0,22,22,22,255,5894,8,0,1,12,10,20,20,7,0,2,255,255,0,1,1,1
59039.0,16,16,16,255,5903,9,0,1,12,10,30,20,9,0,1,255,255,0,1,1,1
59128.0,21,21,21,255,5912,8,0,1,12,10,30,20,14,0,2,255,255,0,1,1,1
59225.0,15,15,15,255,5922,5,0,1,12,10,30,20,12,0,2,255,255,0,1,1,1
59318.0,18,18,18,255,5931,8,0,1,12,10,30,20,0,0,2,255,255,0,1,1,1
59408.0,27,27,27,255,5940,8,0,1,12,10,20,20,2,0,0,255,255,0,1,1,1
59498.0,9,9,9,255,5949,8,0,1,12,10,20,20,5,1,0,255,255,0,1,1,1
59585.0,6,6,6,255,5958,5,0,1,12,10,20,20,12,0,0,255,255,0,1,1,1
59679.0,3,3,3,255,5967,9,0,1,12,10,10,20,3,1,0,255,255,0,1,1,1
59769.0,22,22,22,255,5976,9,0,1,12,10,0,20,8,0,0,255,255,0,1,1,1
59865.0,22,22,22,255,5986,5,0,1,12,10,0,20,8,0,3,255,255,0,1,1,1
59949.0,13,13,13,255,5994,9,0,1,12,10,30,20,11,0,2,255,255,0,1,1,1
60046.0,19,19,19,255,6004,6,0,1,12,10,20,20,0,0,2,255,255,0,1,1,1
60139.0,12,12,12,255,6013,9,0,1,12,10,30,20,13,0,0,255,255,0,1,1,1
60239.0,18,18,18,255,6023,9,0,1,12,10,0,20,0,0,0,255,255,0,1,1,1
60329.0,29,29,29,255,6032,9,0,1,12,10,30,20,2,0,2,255,255,0,1,1,1
60428.0,4,4,4,255,6042,8,0,1,12,10,20,20,7,0,0,255,255,0,1,1,1
60527.0,24,24,24,255,6052,7,0,1,12,10,20,20,7,0,3,255,255,0,1,1,1
60625.0,29,29,29,255,6062,5,0,1,12,10,0,20,2,1,0,255,255,0,1,1,1
60725.0,12,12,12,255,6072,5,0,1,12,10,30,20,14,0,3,255,255,0,1,1,1
60824.0,12,12,12,255,6082,4,0,1,12,10,30,20,14,0,2,255,255,0,1,1,1
60919.0,24,24,24,255,6091,9,0,1,12,10,0,20,7,0,2,255,255,0,1,1,1
61018.0,9,9,9,255,6101,8,0,1,12,10,0,20,7,0,0,255,255,0,1,1,1
61109.0,4,4,4,255,6110,9,0,1,12,10,20,20,7,0,3,255,255,0,1,1,1
61209.0,9,9,9,255,6120,9,0,1,12,10,0,20,7,0,3,255,255,0,1,1,1
61307.0,27,27,27,255,6130,7,0,1,12,10,0,20,4,0,1,255,255,0,1,1,1
61406.0,25,25,25,255,6140,6,0,1,12,10,30,20,8,0,1,255,255,0,1,1,1
61504.0,25,25,25,255,6150,4,0,1,12,10,0,20,8,0,3,255,255,0,1,1,1
61599.0,25,25,25,255,6159,9,0,1,12,10,20,20,8,0,2,255,255,0,1,1,1
61697.0,2,2,2,255,6169,7,0,1,12,10,30,20,13,1,0,255,255,0,1,1,1
61789.0,28,28,28,255,6178,9,0,1,12,10,30,20,4,0,0,255,255,0,1,1,1
61888.0,26,26,26,255,6188,8,0,1,12,10,10,20,6,0,2,255,255,0,1,1,1
61986.0,28,28,28,255,6198,6,0,1,12,10,20,20,4,0,1,255,255,0,1,1,1
62085.0,23,23,23,255,6208,5,0,1,12,10,30,20,11,0,1,255,255,0,1,1,1
62179.0,27,27,27,255,6217,9,0,1,12,10,20,20,5,0,2,255,255,0,1,1,1
62277.0,27,27,27,255,6227,7,0,1,12,10,20,20,5,1,0,255,255,0,1,1,1
62377.0,22,22,22,255,6237,7,0,1,12,10,10,20,11,0,0,255,255,0,1,1,1
62477.0,27,27,27,255,6247,7,0,1,12,10,20,20,5,1,0,255,255,0,1,1,1
62568.0,22,22,22,255,6256,8,0,1,12,10,20,20,11,0,1,255,255,0,1,1,1
62666.0,13,13,13,255,6266,6,0,1,12,10,10,20,13,0,0,255,255,0,1,1,1
62764.0,5,5,5,255,6276,4,0,1,12,10,10,20,1,0,0,255,255,0,1,1,1
62849.0,5,5,5,255,6284,9,0,1,12,10,30,20,1,0,3,255,255,0,1,1,1
62948.0,29,29,29,255,6294,8,0,1,12,10,30,20,5,0,0,255,255,0,1,1,1
63046.0,29,29,29,255,6304,6,0,1,12,10,0,20,5,0,1,255,255,0,1,1,1
63144.0,16,16,16,255,6314,4,0,1,12,10,30,20,13,0,1,255,255,0,1,1,1
63239.0,16,16,16,255,6323,9,0,1,12,10,10,20,13,0,3,255,255,0,1,1,1
63337.0,13,13,13,255,6333,7,0,1,12,10,30,20,13,1,0,255,255,0,1,1,1
63429.0,12,12,12,255,6342,9,0,1,12,10,20,20,1,0,1,255,255,0,1,1,1
63527.0,29,29,29,255,6352,7,0,1,12,10,0,20,5,0,2,255,255,0,1,1,1
63625.0,29,29,29,255,6362,5,0,1,12,10,0,20,5,1,0,255,255,0,1,1,1
63718.0,4,4,4,255,6371,8,0,1,12,10,0,20,10,0,3,255,255,0,1,1,1
63818.0,12,12,12,255,6381,8,0,1,12,10,30,20,1,0,3,255,255,0,1,1,1
63917.0,12,12,12,255,6391,7,0,1,12,10,0,20,1,0,2,255,255,0,1,1,1
64009.0,25,25,25,255,6400,9,0,1,12,10,10,20,10,0,0,255,255,0,1,1,1
64117.00000000001,9,9,9,255,6411,7,0,1,12,10,0,20,9,0,1,255,255,0,1,1,1
64208.0,4,4,4,255,6420,8,0,1,12,10,0,20,10,0,2,255,255,0,1,1,1
64306.0,27,27,27,255,6430,6,0,1,12,10,0,20,7,0,1,255,255,0,1,1,1
64399.0,4,4,4,255,6439,9,0,1,12,10,30,20,10,1,0,255,255,0,1,1,1
64489.00000000001,6,6,6,255,6448,9,0,1,12,10,0,20,1,0,0,255,255,0,1,1,1
64586.0,6,6,6,255,6458,6,0,1,12,10,10,20,1,0,1,255,255,0,1,1,1
64668.00000000001,28,28,28,255,6466,8,0,1,12,10,30,20,6,0,3,255,255,0,1,1,1
64759.0,5,5,5,255,6475,9,0,1,12,10,30,20,4,0,3,255,255,0,1,1,1
64846.99999999999,15,15,15,255,6484,7,0,1,12,10,30,20,1,0,1,255,255,0,1,1,1
64937.0,16,16,16,255,6493,7,0,1,12,10,10,20,15,0,2,255,255,0,1,1,1
65024.0,15,15,15,255,6502,4,0,1,12,10,10,20,2,1,0,255,255,0,1,1,1
65108.99999999999,25,25,25,255,6510,9,0,1,12,10,10,20,12,0,0,255,255,0,1,1,1
65205.0,25,25,25,255,6520,5,0,1,12,10,20,20,12,0,3,255,255,0,1,1,1
65288.0,25,25,25,255,6528,8,0,1,12,10,30,20,12,1,0,255,255,0,1,1,1
65378.0,23,23,23,255,6537,8,0,1,12,10,20,20,14,0,2,255,255,0,1,1,1
65459.0,19,19,19,255,6545,9,0,1,12,10,10,20,6,0,0,255,255,0,1,1,1
65544.0,19,19,19,255,6554,4,0,1,12,10,30,20,6,1,0,255,255,0,1,1,1
65628.0,31,31,31,255,6562,8,0,1,12,10,30,20,0,0,1,255,255,0,1,1,1
65709.0,30,30,30,255,6570,9,0,1,12,10,30,20,1,0,1,255,255,0,1,1,1
65799.0,2,2,2,255,6579,9,0,1,12,10,30,20,1,0,2,255,255,0,1,1,1
65884.0,3,3,3,255,6588,4,0,1,12,10,0,20,10,1,0,255,255,0,1,1,1
65958.0,13,13,13,255,6595,8,0,1,12,10,20,20,1,0,2,255,255,0,1,1,1
66038.0,31,31,31,255,6603,8,0,1,12,10,0,20,1,0,1,255,255,0,1,1,1
66118.0,12,12,12,255,6611,8,0,1,12,10,10,20,4,1,0,255,255,0,1,1,1
66206.0,33,33,33,255,6620,6,0,1,12,10,20,20,0,0,0,255,255,0,1,1,1
66286.0,27,27,27,255,6628,6,0,1,12,10,30,20,10,0,3,255,255,0,1,1,1
66366.0,22,22,22,255,6636,6,0,1,12,10,20,20,0,0,1,255,255,0,1,1,1
66446.0,19,19,19,255,6644,6,0,1,12,10,10,20,6,0,2,255,255,0,1,1,1
66525.0,15,15,15,255,6652,5,0,1,12,10,30,20,3,1,0,255,255,0,1,1,1
66608.0,25,25,25,255,6660,8,0,1,12,10,0,20,13,0,0,255,255,0,1,1,1
66697.0,9,9,9,255,6669,7,0,1,12,10,10,20,12,1,0,255,255,0,1,1,1
66778.0,28,28,28,255,6677,8,0,1,12,10,10,20,8,0,3,255,255,0,1,1,1
66858.0,13,13,13,255,6685,8,0,1,12,10,20,20,1,0,2,255,255,0,1,1,1
66937.0,29,29,29,255,6693,7,0,1,12,10,30,20,8,0,3,255,255,0,1,1,1
67018.0,24,24,24,255,6701,8,0,1,12,10,20,20,14,1,0,255,255,0,1,1,1
67104.0,4,4,4,255,6710,4,0,1,12,10,0,20,12,1,0,255,255,0,1,1,1
67185.0,23,23,23,255,6718,5,0,1,12,10,0,20,0,0,1,255,255,0,1,1,1
67259.0,19,19,19,255,6725,9,0,1,12,10,0,20,8,0,0,255,255,0,1,1,1
67338.0,31,31,31,255,6733,8,0,1,12,10,20,20,3,0,0,255,255,0,1,1,1
67418.0,31,31,31,255,6741,8,0,1,12,10,0,20,3,1,0,255,255,0,1,1,1
67499.0,27,27,27,255,6749,9,0,1,12,10,0,20,11,0,3,255,255,0,1,1,1
67579.0,26,26,26,255,6757,9,0,1,12,10,10,20,12,1,0,255,255,0,1,1,1
67645.0,16,16,16,255,6764,5,0,1,12,10,0,20,2,0,1,255,255,0,1,1,1
67727.0,24,24,24,255,6772,7,0,1,12,10,30,20,14,0,1,255,255,0,1,1,1
67807.0,27,27,27,255,6780,7,0,1,12,10,10,20,11,0,1,255,255,0,1,1,1
67888.0,34,34,34,255,6788,8,0,1,12,10,0,20,0,0,3,255,255,0,1,1,1
67959.0,22,22,22,255,6795,9,0,1,12,10,10,20,1,0,3,255,255,0,1,1,1
68038.0,31,31,31,255,6803,8,0,1,12,10,20,20,3,0,0,255,255,0,1,1,1
68117.0,31,31,31,255,6811,7,0,1,12,10,30,20,4,1,0,255,255,0,1,1,1
68198.0,9,9,9,255,6819,8,0,1,12,10,0,20,13,1,0,255,255,0,1,1,1
68279.0,28,28,28,255,6827,9,0,1,12,10,10,20,9,0,1,255,255,0,1,1,1
68347.0,13,13,13,255,6834,7,0,1,12,10,0,20,3,1,0,255,255,0,1,1,1
68427.0,29,29,29,255,6842,7,0,1,12,10,0,20,10,0,2,255,255,0,1,1,1
68508.0,2,2,2,255,6850,8,0,1,12,10,20,20,4,0,3,255,255,0,1,1,1
68588.0,28,28,28,255,6858,8,0,1,12,10,10,20,10,0,1,255,255,0,1,1,1
68678.0,26,26,26,255,6867,8,0,1,12,10,20,20,13,0,2,255,255,0,1,1,1
68747.0,29,29,29,255,6874,7,0,1,12,10,0,20,10,0,0,255,255,0,1,1,1
68825.0,18,18,18,255,6882,5,0,1,12,10,20,20,9,0,3,255,255,0,1,1,1
68906.0,4,4,4,255,6890,6,0,1,12,10,20,20,14,0,2,255,255,0,1,1,1
68988.0,28,28,28,255,6898,8,0,1,12,10,10,20,10,0,1,255,255,0,1,1,1
69066.0,13,13,13,255,6906,6,0,1,12,10,0,20,4,0,1,255,255,0,1,1,1
69138.0,16,16,16,255,6913,8,0,1,12,10,30,20,4,0,2,255,255,0,1,1,1
69209.0,2,2,2,255,6920,9,0,1,12,10,20,20,5,0,1,255,255,0,1,1,1
69297.0,34,34,34,255,6929,7,0,1,12,10,20,20,1,0,3,255,255,0,1,1,1
69366.0,13,13,13,255,6936,6,0,1,12,10,0,20,4,0,1,255,255,0,1,1,1
69437.0,16,16,16,255,6943,7,0,1,12,10,10,20,4,1,0,255,255,0,1,1,1
69509.0,25,25,25,255,6950,9,0,1,12,10,10,20,0,0,0,255,255,0,1,1,1
69589.0,3,3,3,255,6958,9,0,1,12,10,20,20,14,0,2,255,255,0,1,1,1
69659.0,19,19,19,255,6965,9,0,1,12,10,10,20,11,0,0,255,255,0,1,1,1
69729.0,12,12,12,255,6972,9,0,1,12,10,0,20,7,0,0,255,255,0,1,1,1
69808.0,12,12,12,255,6980,8,0,1,12,10,0,20,7,1,0,255,255,0,1,1,1
69889.0,25,25,25,255,6988,9,0,1,12,10,0,20,0,1,0,255,255,0,1,1,1
69959.0,22,22,22,255,6995,9,0,1,12,10,30,20,3,0,2,255,255,0,1,1,1
70028.0,31,31,31,255,7002,8,0,1,12,10,20,20,6,0,3,255,255,0,1,1,1
70108.0,24,24,24,255,7010,8,0,1,12,10,10,20,1,1,0,255,255,0,1,1,1
70187.0,3,3,3,255,7018,7,0,1,12,10,20,20,14,1,0,255,255,0,1,1,1
70264.0,22,22,22,255,7026,4,0,1,12,10,20,20,3,0,3,255,255,0,1,1,1
70328.0,15,15,15,255,7032,8,0,1,12,10,20,20,7,0,2,255,255,0,1,1,1
70408.0,34,34,34,255,7040,8,0,1,12,10,30,20,2,0,0,255,255,0,1,1,1
70489.0,26,26,26,255,7048,9,0,1,12,10,0,20,15,0,1,255,255,0,1,1,1
70568.0,6,6,6,255,7056,8,0,1,12,10,0,20,6,0,3,255,255,0,1,1,1
70638.0,16,16,16,255,7063,8,0,1,12,10,30,20,6,0,2,255,255,0,1,1,1
70717.0,18,18,18,255,7071,7,0,1,12,10,20,20,11,1,0,255,255,0,1,1,1
70798.0,9,9,9,255,7079,8,0,1,12,10,0,20,0,0,2,255,255,0,1,1,1
70869.0,26,26,26,255,7086,9,0,1,12,10,30,20,15,1,0,255,255,0,1,1,1
70944.0,29,29,29,255,7094,4,0,1,12,10,30,20,13,0,2,255,255,0,1,1,1
71019.0,24,24,24,255,7101,9,0,1,12,10,20,20,2,0,3,255,255,0,1,1,1
71104.0,2,2,2,255,7110,4,0,1,12,10,30,20,7,0,2,255,255,0,1,1,1
71184.0,28,28,28,255,7118,4,0,1,12,10,0,20,13,0,1,255,255,0,1,1,1
71246.0,13,13,13,255,7124,6,0,1,12,10,30,20,7,0,2,255,255,0,1,1,1
71325.0,35,35,35,255,7132,5,0,1,12,10,30,20,1,0,2,255,255,0,1,1,1
71406.0,9,9,9,255,7140,6,0,1,12,10,0,20,1,0,2,255,255,0,1,1,1
71486.0,28,28,28,255,7148,6,0,1,12,10,10,20,13,0,0,255,255,0,1,1,1
71549.0,13,13,13,255,7154,9,0,1,12,10,30,20,8,0,3,255,255,0,1,1,1
71626.0,29,29,29,255,7162,6,0,1,12,10,20,20,14,1,0,255,255,0,1,1,1
71707.0,36,36,36,255,7170,7,0,1,12,10,30,20,0,0,3,255,255,0,1,1,1
71785.0,25,25,25,255,7178,5,0,1,12,10,10,20,2,1,0,255,255,0,1,1,1
71845.0,35,35,35,255,7184,5,0,1,12,10,30,20,2,0,1,255,255,0,1,1,1
71924.0,31,31,31,255,7192,4,0,1,12,10,10,20,8,0,2,255,255,0,1,1,1
71999.0,23,23,23,255,7199,9,0,1,12,10,0,20,5,0,0,255,255,0,1,1,1
72065.0,13,13,13,255,7206,5,0,1,12,10,20,20,9,0,1,255,255,0,1,1,1
72128.0,31,31,31,255,7212,8,0,1,12,10,0,20,8,0,3,255,255,0,1,1,1
72207.0,30,30,30,255,7220,7,0,1,12,10,30,20,7,0,3,255,255,0,1,1,1
72279.0,3,3,3,255,7227,9,0,1,12,10,20,20,1,1,0,255,255,0,1,1,1
72344.0,16,16,16,255,7234,4,0,1,12,10,0,20,8,0,3,255,255,0,1,1,1
72409.0,30,30,30,255,7240,9,0,1,12,10,0,20,7,0,1,255,255,0,1,1,1
72488.0,26,26,26,255,7248,8,0,1,12,10,20,20,0,0,3,255,255,0,1,1,1
72548.0,29,29,29,255,7254,8,0,1,12,10,30,20,14,0,1,255,255,0,1,1,1
72619.0,2,2,2,255,7261,9,0,1,12,10,30,20,8,0,0,255,255,0,1,1,1
72697.0,33,33,33,255,7269,7,0,1,12,10,0,20,7,0,1,255,255,0,1,1,1
72759.0,5,5,5,255,7275,9,0,1,12,10,20,20,13,0,1,255,255,0,1,1,1
72826.0,29,29,29,255,7282,6,0,1,12,10,20,20,14,1,0,255,255,0,1,1,1
72904.0,34,34,34,255,7290,4,0,1,12,10,0,20,4,0,3,255,255,0,1,1,1
72969.0,37,37,37,255,7296,9,0,1,12,10,0,20,0,0,0,255,255,0,1,1,1
73037.0,35,35,35,255,7303,7,0,1,12,10,10,20,3,0,3,255,255,0,1,1,1
73106.0,2,2,2,255,7310,6,0,1,12,10,10,20,9,0,2,255,255,0,1,1,1
73184.0,34,34,34,255,7318,4,0,1,12,10,0,20,5,1,0,255,255,0,1,1,1
73238.0,5,5,5,255,7323,8,0,1,12,10,0,20,14,1,0,255,255,0,1,1,1
73307.0,24,24,24,255,7330,7,0,1,12,10,10,20,4,1,0,255,255,0,1,1,1
73385.0,38,38,38,255,7338,5,0,1,12,10,0,20,0,1,0,255,255,0,1,1,1
73444.0,29,29,29,255,7344,4,0,1,12,10,10,20,15,0,1,255,255,0,1,1,1
73509.0,2,2,2,255,7350,9,0,1,12,10,20,20,9,0,1,255,255,0,1,1,1
73586.0,32,32,32,255,7358,6,0,1,12,10,20,20,8,0,2,255,255,0,1,1,1
73645.0,19,19,19,255,7364,5,0,1,12,10,0,20,14,1,0,255,255,0,1,1,1
73708.0,36,36,36,255,7370,8,0,1,12,10,20,20,1,0,3,255,255,0,1,1,1
73786.0,25,25,25,255,7378,6,0,1,12,10,0,20,4,0,2,255,255,0,1,1,1
73845.0,16,16,16,255,7384,5,0,1,12,10,30,20,9,0,3,255,255,0,1,1,1
73908.0,24,24,24,255,7390,8,0,1,12,10,20,20,5,1,0,255,255,0,1,1,1
73985.0,38,38,38,255,7398,5,0,1,12,10,0,20,0,1,0,255,255,0,1,1,1
74044.0,35,35,35,255,7404,4,0,1,12,10,30,20,4,0,1,255,255,0,1,1,1
74108.0,9,9,9,255,7410,8,0,1,12,10,20,20,4,0,0,255,255,0,1,1,1
74185.0,26,26,26,255,7418,5,0,1,12,10,10,20,2,0,3,255,255,0,1,1,1
74244.0,19,19,19,255,7424,4,0,1,12,10,30,20,15,0,2,255,255,0,1,1,1
74307.0,25,25,25,255,7430,7,0,1,12,10,10,20,4,0,1,255,255,0,1,1,1
74385.0,6,6,6,255,7438,5,0,1,12,10,30,20,10,0,1,255,255,0,1,1,1
74444.0,35,35,35,255,7444,4,0,1,12,10,30,20,4,0,1,255,255,0,1,1,1
74507.0,25,25,25,255,7450,7,0,1,12,10,10,20,4,0,1,255,255,0,1,1,1
74586.0,6,6,6,255,7458,6,0,1,12,10,0,20,10,0,0,255,255,0,1,1,1
74645.0,15,15,15,255,7464,5,0,1,12,10,30,20,11,0,1,255,255,0,1,1,1
74709.0,34,34,34,255,7470,9,0,1,12,10,10,20,7,0,0,255,255,0,1,1,1
74787.0,26,26,26,255,7478,7,0,1,12,10,30,20,3,0,1,255,255,0,1,1,1
74846.0,5,5,5,255,7484,6,0,1,12,10,20,20,0,0,2,255,255,0,1,1,1
74918.0,30,30,30,255,7491,8,0,1,12,10,30,20,10,0,1,255,255,0,1,1,1
74989.0,26,26,26,255,7498,9,0,1,12,10,20,20,3,0,0,255,255,0,1,1,1
75047.0,29,29,29,255,7504,7,0,1,12,10,10,20,0,0,3,255,255,0,1,1,1
75119.0,30,30,30,255,7511,9,0,1,12,10,30,20,10,0,0,255,255,0,1,1,1
75189.0,38,38,38,255,7518,9,0,1,12,10,20,20,1,1,0,255,255,0,1,1,1
75247.0,37,37,37,255,7524,7,0,1,12,10,10,20,2,0,2,255,255,0,1,1,1
75319.0,30,30,30,255,7531,9,0,1,12,10,30,20,10,0,0,255,255,0,1,1,1
75389.0,27,27,27,255,7538,9,0,1,12,10,0,20,4,0,3,255,255,0,1,1,1
75447.0,37,37,37,255,7544,7,0,1,12,10,10,20,2,0,2,255,255,0,1,1,1
75519.0,30,30,30,255,7551,9,0,1,12,10,30,20,10,0,0,255,255,0,1,1,1
75588.0,34,34,34,255,7558,8,0,1,12,10,30,20,8,0,2,255,255,0,1,1,1
75647.0,37,37,37,255,7564,7,0,1,12,10,10,20,2,0,2,255,255,0,1,1,1
75717.0,31,31,31,255,7571,7,0,1,12,10,0,20,12,1,0,255,255,0,1,1,1
75785.0,34,34,34,255,7578,5,0,1,12,10,10,20,8,1,0,255,255,0,1,1,1
75839.0,19,19,19,255,7583,9,0,1,12,10,30,20,0,0,2,255,255,0,1,1,1
75907.0,32,32,32,255,7590,7,0,1,12,10,20,20,10,0,1,255,255,0,1,1,1
75977.0,39,39,39,255,7597,7,0,1,12,10,30,20,0,0,3,255,255,0,1,1,1
76037.0,16,16,16,255,7603,7,0,1,12,10,20,20,10,0,1,255,255,0,1,1,1
76104.0,38,38,38,255,7610,4,0,1,12,10,0,20,2,0,3,255,255,0,1,1,1
76167.0,22,22,22,255,7616,7,0,1,12,10,0,20,10,0,1,255,255,0,1,1,1
76227.0,18,18,18,255,7622,7,0,1,12,10,30,20,0,0,3,255,255,0,1,1,1
76297.0,33,33,33,255,7629,7,0,1,12,10,20,20,9,0,1,255,255,0,1,1,1
76364.0,37,37,37,255,7636,4,0,1,12,10,20,20,3,0,3,255,255,0,1,1,1
76424.0,31,31,31,255,7642,4,0,1,12,10,10,20,12,0,3,255,255,0,1,1,1
76489.0,32,32,32,255,7648,9,0,1,12,10,20,20,11,0,3,255,255,0,1,1,1
76549.0,15,15,15,255,7654,9,0,1,12,10,0,20,13,0,0,255,255,0,1,1,1
76617.0,9,9,9,255,7661,7,0,1,12,10,0,20,7,0,1,255,255,0,1,1,1
76686.0,38,38,38,255,7668,6,0,1,12,10,0,20,3,0,2,255,255,0,1,1,1
76744.0,16,16,16,255,7674,4,0,1,12,10,30,20,11,0,2,255,255,0,1,1,1
76808.0,4,4,4,255,7680,8,0,1,12,10,20,20,6,1,0,255,255,0,1,1,1
76884.0,6,6,6,255,7688,4,0,1,12,10,30,20,12,0,0,255,255,0,1,1,1
76937.0,19,19,19,255,7693,7,0,1,12,10,30,20,2,1,0,255,255,0,1,1,1
77006.0,34,34,34,255,7700,6,0,1,12,10,30,20,9,0,1,255,255,0,1,1,1
77077.0,23,23,23,255,7707,7,0,1,12,10,10,20,9,1,0,255,255,0,1,1,1
77127.0,15,15,15,255,7712,7,0,1,12,10,0,20,14,0,2,255,255,0,1,1,1
77204.0,9,9,9,255,7720,4,0,1,12,10,0,20,7,1,0,255,255,0,1,1,1
77267.0,28,28,28,255,7726,7,0,1,12,10,20,20,3,0,2,255,255,0,1,1,1
77325.0,16,16,16,255,7732,5,0,1,12,10,30,20,11,1,0,255,255,0,1,1,1
77399.0,23,23,23,255,7739,9,0,1,12,10,30,20,9,0,0,255,255,0,1,1,1
77465.0,13,13,13,255,7746,5,0,1,12,10,10,20,14,0,1,255,255,0,1,1,1
77524.0,36,36,36,255,7752,4,0,1,12,10,0,20,5,0,0,255,255,0,1,1,1
77597.0,33,33,33,255,7759,7,0,1,12,10,10,20,12,0,3,255,255,0,1,1,1
77657.0,19,19,19,255,7765,7,0,1,12,10,10,20,3,0,1,255,255,0,1,1,1
77719.0,4,4,4,255,7771,9,0,1,12,10,30,20,6,0,2,255,255,0,1,1,1
77788.0,32,32,32,255,7778,8,0,1,12,10,0,20,13,1,0,255,255,0,1,1,1
77848.0,37,37,37,255,7784,8,0,1,12,10,0,20,4,1,0,255,255,0,1,1,1
77908.0,12,12,12,255,7790,8,0,1,12,10,30,20,14,1,0,255,255,0,1,1,1
77987.0,23,23,23,255,7798,7,0,1,12,10,0,20,10,0,1,255,255,0,1,1,1
78046.0,19,19,19,255,7804,6,0,1,12,10,0,20,3,1,0,255,255,0,1,1,1
78107.0,24,24,24,255,7810,7,0,1,12,10,0,20,10,1,0,255,255,0,1,1,1
78185.0,39,39,39,255,7818,5,0,1,12,10,0,20,2,0,1,255,255,0,1,1,1
78244.0,13,13,13,255,7824,4,0,1,12,10,20,20,14,1,0,255,255,0,1,1,1
78307.0,30,30,30,255,7830,7,0,1,12,10,0,20,13,0,3,255,255,0,1,1,1
78378.0,27,27,27,255,7837,8,0,1,12,10,20,20,7,1,0,255,255,0,1,1,1
78438.0,31,31,31,255,7843,8,0,1,12,10,30,20,14,0,1,255,255,0,1,1,1
78506.0,32,32,32,255,7850,6,0,1,12,10,20,20,14,0,3,255,255,0,1,1,1
78569.0,37,37,37,255,7856,9,0,1,12,10,0,20,4,0,0,255,255,0,1,1,1
78627.0,31,31,31,255,7862,7,0,1,12,10,10,20,15,0,1,255,255,0,1,1,1
78704.0,4,4,4,255,7870,4,0,1,12,10,0,20,7,0,2,255,255,0,1,1,1
78765.0,39,39,39,255,7876,5,0,1,12,10,30,20,2,0,2,255,255,0,1,1,1
78825.0,12,12,12,255,7882,5,0,1,12,10,30,20,15,0,3,255,255,0,1,1,1
78897.0,38,38,38,255,7889,7,0,1,12,10,30,20,6,0,3,255,255,0,1,1,1
78949.0,16,16,16,255,7894,9,0,1,12,10,10,20,13,0,0,255,255,0,1,1,1
79019.0,36,36,36,255,7901,9,0,1,12,10,30,20,7,0,1,255,255,0,1,1,1
79088.0,32,32,32,255,7908,8,0,1,12,10,20,20,15,0,2,255,255,0,1,1,1
79145.0,13,13,13,255,7914,5,0,1,12,10,30,20,15,0,2,255,255,0,1,1,1
79209.0,36,36,36,255,7920,9,0,1,12,10,0,20,8,0,3,255,255,0,1,1,1
79285.0,32,32,32,255,7928,5,0,1,12,10,10,20,15,1,0,255,255,0,1,1,1
79339.0,12,12,12,255,7933,9,0,1,12,10,10,20,0,0,0,255,255,0,1,1,1
79407.0,2,2,2,255,7940,7,0,1,12,10,20,20,0,0,3,255,255,0,1,1,1
79478.0,28,28,28,255,7947,8,0,1,12,10,0,20,5,0,1,255,255,0,1,1,1
79537.0,31,31,31,255,7953,7,0,1,12,10,20,20,0,0,1,255,255,0,1,1,1
79604.0,9,9,9,255,7960,4,0,1,12,10,0,20,10,0,2,255,255,0,1,1,1
79667.0,39,39,39,255,7966,7,0,1,12,10,10,20,3,1,0,255,255,0,1,1,1
79726.0,15,15,15,255,7972,6,0,1,12,10,0,20,0,0,2,255,255,0,1,1,1
79798.0,9,9,9,255,7979,8,0,1,12,10,0,20,11,1,0,255,255,0,1,1,1
79864.0,5,5,5,255,7986,4,0,1,12,10,20,20,5,0,3,255,255,0,1,1,1
79919.0,30,30,30,255,7991,9,0,1,12,10,20,20,14,0,0,255,255,0,1,1,1
79988.0,40,40,40,255,7998,8,0,1,12,10,0,20,0,0,1,255,255,0,1,1,1
80047.0,35,35,35,255,8004,7,0,1,12,10,0,20,9,0,1,255,255,0,1,1,1
80107.0,34,34,34,255,8010,7,0,1,12,10,0,20,12,0,1,255,255,0,1,1,1
80178.0,26,26,26,255,8017,8,0,1,12,10,20,20,8,1,0,255,255,0,1,1,1
80228.0,16,16,16,255,8022,8,0,1,12,10,20,20,14,0,3,255,255,0,1,1,1
80298.0,9,9,9,255,8029,8,0,1,12,10,0,20,11,1,0,255,255,0,1,1,1
80365.0,5,5,5,255,8036,5,0,1,12,10,30,20,5,0,1,255,255,0,1,1,1
80424.0,15,15,15,255,8042,4,0,1,12,10,0,20,0,1,0,255,255,0,1,1,1
80488.0,40,40,40,255,8048,8,0,1,12,10,0,20,0,0,1,255,255,0,1,1,1
80546.0,19,19,19,255,8054,6,0,1,12,10,30,20,6,0,1,255,255,0,1,1,1
80607.0,3,3,3,255,8060,7,0,1,12,10,10,20,10,0,0,255,255,0,1,1,1
80678.0,26,26,26,255,8067,8,0,1,12,10,20,20,8,1,0,255,255,0,1,1,1
80729.0,16,16,16,255,8072,9,0,1,12,10,0,20,15,1,0,255,255,0,1,1,1
80799.0,9,9,9,255,8079,9,0,1,12,10,0,20,11,0,2,255,255,0,1,1,1
80864.0,37,37,37,255,8086,4,0,1,12,10,20,20,6,0,3,255,255,0,1,1,1
80919.0,24,24,24,255,8091,9,0,1,12,10,30,20,13,0,2,255,255,0,1,1,1
80988.0,3,3,3,255,8098,8,0,1,12,10,10,20,10,0,3,255,255,0,1,1,1
81045.0,35,35,35,255,8104,5,0,1,12,10,30,20,10,0,1,255,255,0,1,1,1
81106.0,33,33,33,255,8110,6,0,1,12,10,10,20,14,0,0,255,255,0,1,1,1
81178.0,39,39,39,255,8117,8,0,1,12,10,0,20,5,0,2,255,255,0,1,1,1
81229.0,29,29,29,255,8122,9,0,1,12,10,20,20,8,0,3,255,255,0,1,1,1
81299.0,38,38,38,255,8129,9,0,1,12,10,10,20,9,0,1,255,255,0,1,1,1
81358.0,22,22,22,255,8135,8,0,1,12,10,10,20,15,0,3,255,255,0,1,1,1
81418.0,18,18,18,255,8141,8,0,1,12,10,30,20,4,0,2,255,255,0,1,1,1
81487.0,25,25,25,255,8148,7,0,1,12,10,0,20,11,0,2,255,255,0,1,1,1
81545.0,16,16,16,255,8154,5,0,1,12,10,0,20,0,0,3,255,255,0,1,1,1
81605.0,25,25,25,255,8160,5,0,1,12,10,20,20,11,0,1,255,255,0,1,1,1
81678.0,23,23,23,255,8167,8,0,1,12,10,30,20,13,0,2,255,255,0,1,1,1
81727.0,35,35,35,255,8172,7,0,1,12,10,30,20,11,0,2,255,255,0,1,1,1
81797.0,30,30,30,255,8179,7,0,1,12,10,30,20,1,1,0,255,255,0,1,1,1
81857.0,5,5,5,255,8185,7,0,1,12,10,0,20,7,0,1,255,255,0,1,1,1
81909.0,34,34,34,255,8190,9,0,1,12,10,30,20,13,0,0,255,255,0,1,1,1
81985.0,3,3,3,255,8198,5,0,1,12,10,10,20,12,0,2,255,255,0,1,1,1
82028.0,24,24,24,255,8202,8,0,1,12,10,30,20,14,0,0,255,255,0,1,1,1
82097.0,30,30,30,255,8209,7,0,1,12,10,30,20,1,1,0,255,255,0,1,1,1
82158.0,19,19,19,255,8215,8,0,1,12,10,0,20,7,0,1,255,255,0,1,1,1
82209.0,38,38,38,255,8220,9,0,1,12,10,30,20,10,0,0,255,255,0,1,1,1
82285.0,26,26,26,255,8228,5,0,1,12,10,20,20,10,0,2,255,255,0,1,1,1
82328.0,15,15,15,255,8232,8,0,1,12,10,10,20,3,0,2,255,255,0,1,1,1
82398.0,30,30,30,255,8239,8,0,1,12,10,30,20,1,0,2,255,255,0,1,1,1
82459.0,22,22,22,255,8245,9,0,1,12,10,0,20,0,0,2,255,255,0,1,1,1
82517.0,2,2,2,255,8251,7,0,1,12,10,30,20,2,0,1,255,255,0,1,1,1
82586.0,34,34,34,255,8258,6,0,1,12,10,10,20,14,0,3,255,255,0,1,1,1
82637.0,18,18,18,255,8263,7,0,1,12,10,0,20,5,0,0,255,255,0,1,1,1
82699.0,32,32,32,255,8269,9,0,1,12,10,10,20,4,0,2,255,255,0,1,1,1
82764.0,13,13,13,255,8276,4,0,1,12,10,10,20,2,0,3,255,255,0,1,1,1
82818.0,2,2,2,255,8281,8,0,1,12,10,0,20,2,0,0,255,255,0,1,1,1
82886.0,27,27,27,255,8288,6,0,1,12,10,10,20,12,0,3,255,255,0,1,1,1
82937.0,16,16,16,255,8293,7,0,1,12,10,30,20,2,0,2,255,255,0,1,1,1
83004.0,36,36,36,255,8300,4,0,1,12,10,30,20,10,0,2,255,255,0,1,1,1
83064.0,5,5,5,255,8306,4,0,1,12,10,0,20,8,0,0,255,255,0,1,1,1
83119.0,9,9,9,255,8311,9,0,1,12,10,10,20,13,0,0,255,255,0,1,1,1
83186.0,23,23,23,255,8318,6,0,1,12,10,10,20,15,0,1,255,255,0,1,1,1
83238.0,31,31,31,255,8323,8,0,1,12,10,10,20,3,0,0,255,255,0,1,1,1
83305.0,33,33,33,255,8330,5,0,1,12,10,10,20,0,0,1,255,255,0,1,1,1
83366.0,37,37,37,255,8336,6,0,1,12,10,20,20,9,0,0,255,255,0,1,1,1
83419.0,2,2,2,255,8341,9,0,1,12,10,0,20,3,0,0,255,255,0,1,1,1
83487.0,32,32,32,255,8348,7,0,1,12,10,30,20,5,1,0,255,255,0,1,1,1
83545.0,37,37,37,255,8354,5,0,1,12,10,0,20,10,0,2,255,255,0,1,1,1
83606.0,2,2,2,255,8360,6,0,1,12,10,0,20,3,0,3,255,255,0,1,1,1
83669.0,41,41,41,255,8366,9,0,1,12,10,0,20,1,0,2,255,255,0,1,1,1
83726.0,31,31,31,255,8372,6,0,1,12,10,30,20,4,0,2,255,255,0,1,1,1
83788.0,34,34,34,255,8378,8,0,1,12,10,20,20,0,0,2,255,255,0,1,1,1
83848.0,37,37,37,255,8384,8,0,1,12,10,30,20,10,0,3,255,255,0,1,1,1
83907.0,24,24,24,255,8390,7,0,1,12,10,30,20,0,1,0,255,255,0,1,1,1
83979.0,26,26,26,255,8397,9,0,1,12,10,30,20,12,1,0,255,255,0,1,1,1
84028.0,16,16,16,255,8402,8,0,1,12,10,10,20,3,0,2,255,255,0,1,1,1
84097.0,41,41,41,255,8409,7,0,1,12,10,20,20,2,0,0,255,255,0,1,1,1
84149.0,5,5,5,255,8414,9,0,1,12,10,0,20,9,0,1,255,255,0,1,1,1
84207.0,4,4,4,255,8420,7,0,1,12,10,30,20,13,0,2,255,255,0,1,1,1
84284.0,39,39,39,255,8428,4,0,1,12,10,20,20,7,0,1,255,255,0,1,1,1
84328.0,31,31,31,255,8432,8,0,1,12,10,30,20,4,0,3,255,255,0,1,1,1
84398.0,33,33,33,255,8439,8,0,1,12,10,30,20,1,0,3,255,255,0,1,1,1
84457.0,5,5,5,255,8445,7,0,1,12,10,30,20,9,0,0,255,255,0,1,1,1
84508.0,33,33,33,255,8450,8,0,1,12,10,0,20,1,0,0,255,255,0,1,1,1
84585.0,23,23,23,255,8458,5,0,1,12,10,10,20,0,0,3,255,255,0,1,1,1
84628.0,4,4,4,255,8462,8,0,1,12,10,30,20,13,0,0,255,255,0,1,1,1
84699.0,33,33,33,255,8469,9,0,1,12,10,30,20,1,0,1,255,255,0,1,1,1
84759.0,13,13,13,255,8475,9,0,1,12,10,30,20,5,0,1,255,255,0,1,1,1
84809.0,24,24,24,255,8480,9,0,1,12,10,10,20,1,1,0,255,255,0,1,1,1
84886.0,39,39,39,255,8488,6,0,1,12,10,20,20,8,0,3,255,255,0,1,1,1
84938.0,24,24,24,255,8493,8,0,1,12,10,0,20,1,0,0,255,255,0,1,1,1
85004.0,2,2,2,255,8500,4,0,1,12,10,20,20,5,1,0,255,255,0,1,1,1
85066.0,39,39,39,255,8506,6,0,1,12,10,0,20,8,0,2,255,255,0,1,1,1
85119.0,24,24,24,255,8511,9,0,1,12,10,10,20,1,0,2,255,255,0,1,1,1
85187.0,33,33,33,255,8518,7,0,1,12,10,30,20,2,1,0,255,255,0,1,1,1
85245.0,16,16,16,255,8524,5,0,1,12,10,30,20,4,0,3,255,255,0,1,1,1
85305.0,34,34,34,255,8530,5,0,1,12,10,0,20,1,0,2,255,255,0,1,1,1
85377.0,28,28,28,255,8537,7,0,1,12,10,20,20,11,0,3,255,255,0,1,1,1
85427.0,31,31,31,255,8542,7,0,1,12,10,30,20,5,0,3,255,255,0,1,1,1
85489.0,38,38,38,255,8548,9,0,1,12,10,0,20,13,0,3,255,255,0,1,1,1
85549.0,29,29,29,255,8554,9,0,1,12,10,20,20,13,0,0,255,255,0,1,1,1
85609.0,32,32,32,255,8560,9,0,1,12,10,30,20,6,0,0,255,255,0,1,1,1
85685.0,26,26,26,255,8568,5,0,1,12,10,30,20,13,0,1,255,255,0,1,1,1
85738.0,18,18,18,255,8573,8,0,1,12,10,30,20,9,0,1,255,255,0,1,1,1
85799.0,27,27,27,255,8579,9,0,1,12,10,0,20,0,0,1,255,255,0,1,1,1
85867.0,13,13,13,255,8586,7,0,1,12,10,20,20,5,0,0,255,255,0,1,1,1
85924.0,36,36,36,255,8592,4,0,1,12,10,0,20,13,0,0,255,255,0,1,1,1
85987.0,32,32,32,255,8598,7,0,1,12,10,30,20,7,0,2,255,255,0,1,1,1
86046.0,35,35,35,255,8604,6,0,1,12,10,10,20,14,0,0,255,255,0,1,1,1
86106.0,27,27,27,255,8610,6,0,1,12,10,0,20,0,0,0,255,255,0,1,1,1
86169.0,28,28,28,255,8616,9,0,1,12,10,20,20,12,0,3,255,255,0,1,1,1
86226.0,24,24,24,255,8622,6,0,1,12,10,10,20,3,0,1,255,255,0,1,1,1
86289.0,23,23,23,255,8628,9,0,1,12,10,0,20,1,0,0,255,255,0,1,1,1
86349.0,15,15,15,255,8634,9,0,1,12,10,0,20,6,0,0,255,255,0,1,1,1
86408.0,24,24,24,255,8640,8,0,1,12,10,20,20,3,0,2,255,255,0,1,1,1
86479.0,28,28,28,255,8647,9,0,1,12,10,0,20,12,0,0,255,255,0,1,1,1
86539.0,5,5,5,255,8653,9,0,1,12,10,0,20,11,0,2,255,255,0,1,1,1
86605.0,25,25,25,255,8660,5,0,1,12,10,0,20,0,0,1,255,255,0,1,1,1
86668.0,39,39,39,255,8666,8,0,1,12,10,30,20,9,0,2,255,255,0,1,1,1
86727.0,16,16,16,255,8672,7,0,1,12,10,0,20,5,0,2,255,255,0,1,1,1
86799.0,27,27,27,255,8679,9,0,1,12,10,0,20,0,0,1,255,255,0,1,1,1
86864.0,6,6,6,255,8686,4,0,1,12,10,30,20,5,1,0,255,255,0,1,1,1
86919.0,18,18,18,255,8691,9,0,1,12,10,0,20,11,0,2,255,255,0,1,1,1
86989.0,34,34,34,255,8698,9,0,1,12,10,20,20,3,0,3,255,255,0,1,1,1
87047.0,16,16,16,255,8704,7,0,1,12,10,30,20,5,0,0,255,255,0,1,1,1
87117.0,31,31,31,255,8711,7,0,1,12,10,20,20,7,1,0,255,255,0,1,1,1
87186.0,41,41,41,255,8718,6,0,1,12,10,10,20,5,0,0,255,255,0,1,1,1
87245.0,29,29,29,255,8724,5,0,1,12,10,30,20,14,0,1,255,255,0,1,1,1
87308.0,25,25,25,255,8730,8,0,1,12,10,0,20,1,0,0,255,255,0,1,1,1
87378.0,6,6,6,255,8737,8,0,1,12,10,20,20,6,0,3,255,255,0,1,1,1
87437.0,35,35,35,255,8743,7,0,1,12,10,0,20,0,0,3,255,255,0,1,1,1
87504.0,27,27,27,255,8750,4,0,1,12,10,30,20,1,0,3,255,255,0,1,1,1
87566.0,22,22,22,255,8756,6,0,1,12,10,30,20,6,0,3,255,255,0,1,1,1
87624.0,31,31,31,255,8762,4,0,1,12,10,30,20,8,0,3,255,255,0,1,1,1
87689.0,28,28,28,255,8768,9,0,1,12,10,0,20,13,0,0,255,255,0,1,1,1
87748.0,16,16,16,255,8774,8,0,1,12,10,30,20,6,0,1,255,255,0,1,1,1
87808.0,2,2,2,255,8780,8,0,1,12,10,30,20,8,0,3,255,255,0,1,1,1
87885.0,6,6,6,255,8788,5,0,1,12,10,30,20,7,0,3,255,255,0,1,1,1
87938.0,12,12,12,255,8793,8,0,1,12,10,30,20,9,0,0,255,255,0,1,1,1
88004.0,3,3,3,255,8800,4,0,1,12,10,0,20,3,0,3,255,255,0,1,1,1
88067.0,37,37,37,255,8806,7,0,1,12,10,30,20,0,0,1,255,255,0,1,1,1
88124.0,36,36,36,255,8812,4,0,1,12,10,0,20,15,0,1,255,255,0,1,1,1
88197.0,25,25,25,255,8819,7,0,1,12,10,10,20,2,0,3,255,255,0,1,1,1
88249.0,35,35,35,255,8824,9,0,1,12,10,0,20,1,0,0,255,255,0,1,1,1
88309.0,9,9,9,255,8830,9,0,1,12,10,30,20,3,0,2,255,255,0,1,1,1
88385.0,26,26,26,255,8838,5,0,1,12,10,10,20,0,0,2,255,255,0,1,1,1
88429.0,12,12,12,255,8842,9,0,1,12,10,30,20,10,0,1,255,255,0,1,1,1
88504.0,36,36,36,255,8850,4,0,1,12,10,20,20,0,0,2,255,255,0,1,1,1
88565.0,28,28,28,255,8856,5,0,1,12,10,0,20,14,1,0,255,255,0,1,1,1
88624.0,24,24,24,255,8862,4,0,1,12,10,10,20,5,0,1,255,255,0,1,1,1
88689.0,26,26,26,255,8868,9,0,1,12,10,0,20,0,0,1,255,255,0,1,1,1
88747.0,35,35,35,255,8874,7,0,1,12,10,10,20,1,0,1,255,255,0,1,1,1
88808.0,38,38,38,255,8880,8,0,1,12,10,30,20,15,0,1,255,255,0,1,1,1
88879.0,26,26,26,255,8887,9,0,1,12,10,0,20,0,1,0,255,255,0,1,1,1
88929.0,31,31,31,255,8892,9,0,1,12,10,30,20,9,0,3,255,255,0,1,1,1
88999.0,4,4,4,255,8899,9,0,1,12,10,0,20,1,1,0,255,255,0,1,1,1
89067.0,39,39,39,255,8906,7,0,1,12,10,30,20,11,1,0,255,255,0,1,1,1
89126.0,12,12,12,255,8912,6,0,1,12,10,30,20,11,0,1,255,255,0,1,1,1
89197.0,41,41,41,255,8919,7,0,1,12,10,30,20,8,0,0,255,255,0,1,1,1
89257.0,19,19,19,255,8925,7,0,1,12,10,10,20,15,0,1,255,255,0,1,1,1
89318.0,36,36,36,255,8931,8,0,1,12,10,30,20,0,0,0,255,255,0,1,1,1
89387.0,38,38,38,255,8938,7,0,1,12,10,30,20,0,0,2,255,255,0,1,1,1
89448.0,37,37,37,255,8944,8,0,1,12,10,20,20,1,0,2,255,255,0,1,1,1
89509.0,3,3,3,255,8950,9,0,1,12,10,30,20,4,0,0,255,255,0,1,1,1
89585.0,41,41,41,255,8958,5,0,1,12,10,30,20,8,0,2,255,255,0,1,1,1
89639.0,15,15,15,255,8963,9,0,1,12,10,30,20,9,0,2,255,255,0,1,1,1
89706.0,25,25,25,255,8970,6,0,1,12,10,20,20,4,0,1,255,255,0,1,1,1
89778.0,39,39,39,255,8977,8,0,1,12,10,0,20,12,0,1,255,255,0,1,1,1
89838.0,12,12,12,255,8983,8,0,1,12,10,0,20,12,0,0,255,255,0,1,1,1
89904.0,30,30,30,255,8990,4,0,1,12,10,20,20,9,0,2,255,255,0,1,1,1
89968.0,28,28,28,255,8996,8,0,1,12,10,30,20,15,0,2,255,255,0,1,1,1
90028.0,12,12,12,255,9002,8,0,1,12,10,30,20,12,0,3,255,255,0,1,1,1
90099.0,32,32,32,255,9009,9,0,1,12,10,20,20,12,0,3,255,255,0,1,1,1
90166.0,6,6,6,255,9016,6,0,1,12,10,30,20,9,0,3,255,255,0,1,1,1
90226.0,31,31,31,255,9022,6,0,1,12,10,0,20,10,0,3,255,255,0,1,1,1
90289.0,3,3,3,255,9028,9,0,1,12,10,30,20,5,0,0,255,255,0,1,1,1
90348.0,15,15,15,255,9034,8,0,1,12,10,0,20,10,0,0,255,255,0,1,1,1
90418.0,9,9,9,255,9041,8,0,1,12,10,20,20,5,0,3,255,255,0,1,1,1
90485.0,26,26,26,255,9048,5,0,1,12,10,30,20,2,0,2,255,255,0,1,1,1
90539.0,31,31,31,255,9053,9,0,1,12,10,0,20,10,0,0,255,255,0,1,1,1
90607.0,4,4,4,255,9060,7,0,1,12,10,10,20,2,0,2,255,255,0,1,1,1
90667.0,41,41,41,255,9066,7,0,1,12,10,0,20,9,0,2,255,255,0,1,1,1
90727.0,4,4,4,255,9072,7,0,1,12,10,20,20,2,0,1,255,255,0,1,1,1
90797.0,27,27,27,255,9079,7,0,1,12,10,20,20,4,0,1,255,255,0,1,1,1
90857.0,19,19,19,255,9085,7,0,1,12,10,10,20,1,0,1,255,255,0,1,1,1
90918.0,30,30,30,255,9091,8,0,1,12,10,30,20,10,0,1,255,255,0,1,1,1
90986.0,34,34,34,255,9098,6,0,1,12,10,0,20,7,0,2,255,255,0,1,1,1
91044.0,42,42,42,255,9104,4,0,1,12,10,0,20,1,0,3,255,255,0,1,1,1
91106.0,36,36,36,255,9110,6,0,1,12,10,20,20,1,1,0,255,255,0,1,1,1
91168.0,41,41,41,255,9116,8,0,1,12,10,0,20,10,1,0,255,255,0,1,1,1
91228.0,31,31,31,255,9122,8,0,1,12,10,0,20,11,0,3,255,255,0,1,1,1
91298.0,40,40,40,255,9129,8,0,1,12,10,10,20,11,0,0,255,255,0,1,1,1
91358.0,37,37,37,255,9135,8,0,1,12,10,0,20,3,0,3,255,255,0,1,1,1
91418.0,36,36,36,255,9141,8,0,1,12,10,30,20,2,0,0,255,255,0,1,1,1
91486.0,41,41,41,255,9148,6,0,1,12,10,20,20,11,0,3,255,255,0,1,1,1
91546.0,29,29,29,255,9154,6,0,1,12,10,30,20,2,0,3,255,255,0,1,1,1
91606.0,9,9,9,255,9160,6,0,1,12,10,0,20,6,0,0,255,255,0,1,1,1
91677.0,40,40,40,255,9167,7,0,1,12,10,0,20,11,1,0,255,255,0,1,1,1
91737.0,42,42,42,255,9173,7,0,1,12,10,30,20,1,0,2,255,255,0,1,1,1
91798.0,9,9,9,255,9179,8,0,1,12,10,0,20,6,0,2,255,255,0,1,1,1
91857.0,37,37,37,255,9185,7,0,1,12,10,30,20,3,0,2,255,255,0,1,1,1
91919.0,12,12,12,255,9191,9,0,1,12,10,30,20,14,0,3,255,255,0,1,1,1
91985.0,28,28,28,255,9198,5,0,1,12,10,0,20,1,0,0,255,255,0,1,1,1
92037.0,19,19,19,255,9203,7,0,1,12,10,20,20,2,1,0,255,255,0,1,1,1
92099.0,36,36,36,255,9209,9,0,1,12,10,0,20,3,1,0,255,255,0,1,1,1
92164.0,39,39,39,255,9216,4,0,1,12,10,10,20,15,1,0,255,255,0,1,1,1
92224.0,4,4,4,255,9222,4,0,1,12,10,30,20,4,0,3,255,255,0,1,1,1
92287.0,33,33,33,255,9228,7,0,1,12,10,0,20,9,1,0,255,255,0,1,1,1
92344.0,16,16,16,255,9234,4,0,1,12,10,30,20,10,0,0,255,255,0,1,1,1
92408.0,33,33,33,255,9240,8,0,1,12,10,10,20,9,0,0,255,255,0,1,1,1
92479.0,26,26,26,255,9247,9,0,1,12,10,0,20,4,0,2,255,255,0,1,1,1
92529.0,4,4,4,255,9252,9,0,1,12,10,20,20,5,0,0,255,255,0,1,1,1
92604.0,27,27,27,255,9260,4,0,1,12,10,30,20,7,0,0,255,255,0,1,1,1
92665.0,5,5,5,255,9266,5,0,1,12,10,0,20,1,0,0,255,255,0,1,1,1
92728.0,43,43,43,255,9272,8,0,1,12,10,30,20,0,0,2,255,255,0,1,1,1
92798.0,34,34,34,255,9279,8,0,1,12,10,20,20,8,0,2,255,255,0,1,1,1
92859.0,13,13,13,255,9285,9,0,1,12,10,20,20,13,0,1,255,255,0,1,1,1
92926.0,29,29,29,255,9292,6,0,1,12,10,0,20,3,1,0,255,255,0,1,1,1
92997.0,34,34,34,255,9299,7,0,1,12,10,30,20,8,1,0,255,255,0,1,1,1
93049.0,15,15,15,255,9304,9,0,1,12,10,30,20,13,0,0,255,255,0,1,1,1
93125.0,31,31,31,255,9312,5,0,1,12,10,10,20,13,0,3,255,255,0,1,1,1
93197.0,34,34,34,255,9319,7,0,1,12,10,30,20,8,1,0,255,255,0,1,1,1
93257.0,5,5,5,255,9325,7,0,1,12,10,10,20,1,0,3,255,255,0,1,1,1
93326.0,24,24,24,255,9332,6,0,1,12,10,20,20,10,0,1,255,255,0,1,1,1
93397.0,34,34,34,255,9339,7,0,1,12,10,30,20,8,1,0,255,255,0,1,1,1
93458.0,13,13,13,255,9345,8,0,1,12,10,0,20,13,0,3,255,255,0,1,1,1
93527.0,43,43,43,255,9352,7,0,1,12,10,30,20,1,0,2,255,255,0,1,1,1
93598.0,9,9,9,255,9359,8,0,1,12,10,10,20,8,1,0,255,255,0,1,1,1
93664.0,5,5,5,255,9366,4,0,1,12,10,30,20,2,0,0,255,255,0,1,1,1
93728.0,16,16,16,255,9372,8,0,1,12,10,0,20,11,0,2,255,255,0,1,1,1
93804.0,38,38,38,255,9380,4,0,1,12,10,0,20,3,0,2,255,255,0,1,1,1
93866.0,37,37,37,255,9386,6,0,1,12,10,0,20,5,0,1,255,255,0,1,1,1
93937.0,31,31,31,255,9393,7,0,1,12,10,0,20,14,0,1,255,255,0,1,1,1
94005.0,34,34,34,255,9400,5,0,1,12,10,0,20,9,0,1,255,255,0,1,1,1
94067.0,41,41,41,255,9406,7,0,1,12,10,20,20,13,1,0,255,255,0,1,1,1
94137.0,42,42,42,255,9413,7,0,1,12,10,10,20,3,1,0,255,255,0,1,1,1
94206.0,25,25,25,255,9420,6,0,1,12,10,0,20,8,0,1,255,255,0,1,1,1
94277.0,22,22,22,255,9427,7,0,1,12,10,10,20,12,0,0,255,255,0,1,1,1
94338.0,16,16,16,255,9433,8,0,1,12,10,30,20,12,0,2,255,255,0,1,1,1
94404.0,25,25,25,255,9440,4,0,1,12,10,20,20,8,0,3,255,255,0,1,1,1
94467.0,28,28,28,255,9446,7,0,1,12,10,10,20,3,0,2,255,255,0,1,1,1
94529.0,31,31,31,255,9452,9,0,1,12,10,0,20,14,0,3,255,255,0,1,1,1
94598.0,40,40,40,255,9459,8,0,1,12,10,0,20,14,0,3,255,255,0,1,1,1
94658.0,19,19,19,255,9465,8,0,1,12,10,30,20,6,0,0,255,255,0,1,1,1
94726.0,18,18,18,255,9472,6,0,1,12,10,30,20,2,0,3,255,255,0,1,1,1
94797.0,27,27,27,255,9479,7,0,1,12,10,30,20,9,0,0,255,255,0,1,1,1
94849.0,42,42,42,255,9484,9,0,1,12,10,10,20,4,0,1,255,255,0,1,1,1
94919.0,31,31,31,255,9491,9,0,1,12,10,20,20,15,0,3,255,255,0,1,1,1
94987.0,41,41,41,255,9498,7,0,1,12,10,30,20,14,0,1,255,255,0,1,1,1
95045.0,37,37,37,255,9504,5,0,1,12,10,10,20,6,1,0,255,255,0,1,1,1
95108.0,36,36,36,255,9510,8,0,1,12,10,0,20,6,0,3,255,255,0,1,1,1
95179.0,44,44,44,255,9517,9,0,1,12,10,10,20,0,0,3,255,255,0,1,1,1
95229.0,35,35,35,255,9522,9,0,1,12,10,20,20,9,0,3,255,255,0,1,1,1
95304.0,45,45,45,255,9530,4,0,1,12,10,20,20,1,0,1,255,255,0,1,1,1
95359.0,19,19,19,255,9535,9,0,1,12,10,30,20,7,0,0,255,255,0,1,1,1
95425.0,24,24,24,255,9542,5,0,1,12,10,30,20,13,0,3,255,255,0,1,1,1
95488.0,40,40,40,255,9548,8,0,1,12,10,0,20,15,0,1,255,255,0,1,1,1
95546.0,35,35,35,255,9554,6,0,1,12,10,10,20,9,0,0,255,255,0,1,1,1
95607.0,34,34,34,255,9560,7,0,1,12,10,10,20,10,0,0,255,255,0,1,1,1
95678.0,47,47,47,255,9567,8,0,1,12,10,20,20,0,0,2,255,255,0,1,1,1
95728.0,42,42,42,255,9572,8,0,1,12,10,0,20,4,0,2,255,255,0,1,1,1
95797.0,26,26,26,255,9579,7,0,1,12,10,20,20,8,0,1,255,255,0,1,1,1
95848.0,16,16,16,255,9584,8,0,1,12,10,30,20,13,0,0,255,255,0,1,1,1
95907.0,30,30,30,255,9590,7,0,1,12,10,30,20,14,0,3,255,255,0,1,1,1
95978.0,27,27,27,255,9597,8,0,1,12,10,10,20,10,1,0,255,255,0,1,1,1
96029.0,15,15,15,255,9602,9,0,1,12,10,0,20,15,0,2,255,255,0,1,1,1
96098.0,34,34,34,255,9609,8,0,1,12,10,30,20,11,0,3,255,255,0,1,1,1
96157.0,19,19,19,255,9615,7,0,1,12,10,30,20,7,0,1,255,255,0,1,1,1
96218.0,48,48,48,255,9621,8,0,1,12,10,0,20,0,0,3,255,255,0,1,1,1
96284.0,28,28,28,255,9628,4,0,1,12,10,0,20,5,0,0,255,255,0,1,1,1
96338.0,13,13,13,255,9633,8,0,1,12,10,30,20,1,0,2,255,255,0,1,1,1
96398.0,47,47,47,255,9639,8,0,1,12,10,10,20,0,0,0,255,255,0,1,1,1
96449.0,35,35,35,255,9644,9,0,1,12,10,30,20,10,0,0,255,255,0,1,1,1
96517.0,24,24,24,255,9651,7,0,1,12,10,0,20,13,1,0,255,255,0,1,1,1
96579.0,46,46,46,255,9657,9,0,1,12,10,10,20,1,0,2,255,255,0,1,1,1
96628.0,48,48,48,255,9662,8,0,1,12,10,30,20,0,0,1,255,255,0,1,1,1
96688.0,41,41,41,255,9668,8,0,1,12,10,0,20,0,0,1,255,255,0,1,1,1
96745.0,35,35,35,255,9674,5,0,1,12,10,30,20,10,0,1,255,255,0,1,1,1
96806.0,46,46,46,255,9680,6,0,1,12,10,30,20,2,0,0,255,255,0,1,1,1
96869.0,41,41,41,255,9686,9,0,1,12,10,30,20,0,0,2,255,255,0,1,1,1
96925.0,16,16,16,255,9692,5,0,1,12,10,30,20,14,1,0,255,255,0,1,1,1
96988.0,34,34,34,255,9698,8,0,1,12,10,30,20,11,0,2,255,255,0,1,1,1
97044.0,19,19,19,255,9704,4,0,1,12,10,30,20,8,0,3,255,255,0,1,1,1
97106.0,46,46,46,255,9710,6,0,1,12,10,30,20,2,0,0,255,255,0,1,1,1
97177.0,41,41,41,255,9717,7,0,1,12,10,20,20,0,0,3,255,255,0,1,1,1
97225.0,15,15,15,255,9722,5,0,1,12,10,30,20,0,1,0,255,255,0,1,1,1
97288.0,46,46,46,255,9728,8,0,1,12,10,10,20,2,0,2,255,255,0,1,1,1
97344.0,16,16,16,255,9734,4,0,1,12,10,0,20,14,0,3,255,255,0,1,1,1
97405.0,25,25,25,255,9740,5,0,1,12,10,20,20,11,1,0,255,255,0,1,1,1
97467.0,37,37,37,255,9746,7,0,1,12,10,20,20,9,0,0,255,255,0,1,1,1
97519.0,31,31,31,255,9751,9,0,1,12,10,20,20,1,0,2,255,255,0,1,1,1
97586.0,40,40,40,255,9758,6,0,1,12,10,0,20,0,0,2,255,255,0,1,1,1
97638.0,12,12,12,255,9763,8,0,1,12,10,0,20,4,0,0,255,255,0,1,1,1
97704.0,40,40,40,255,9770,4,0,1,12,10,30,20,0,0,1,255,255,0,1,1,1
97765.0,37,37,37,255,9776,5,0,1,12,10,20,20,9,0,1,255,255,0,1,1,1
97818.0,18,18,18,255,9781,8,0,1,12,10,20,20,5,1,0,255,255,0,1,1,1
97885.0,27,27,27,255,9788,5,0,1,12,10,0,20,11,0,2,255,255,0,1,1,1
97937.0,24,24,24,255,9793,7,0,1,12,10,0,20,14,0,0,255,255,0,1,1,1
97999.0,44,44,44,255,9799,9,0,1,12,10,30,20,3,0,0,255,255,0,1,1,1
98064.0,13,13,13,255,9806,4,0,1,12,10,20,20,2,0,0,255,255,0,1,1,1
98118.0,31,31,31,255,9811,8,0,1,12,10,0,20,2,1,0,255,255,0,1,1,1
98185.0,40,40,40,255,9818,5,0,1,12,10,30,20,1,0,3,255,255,0,1,1,1
98237.0,31,31,31,255,9823,7,0,1,12,10,20,20,2,0,1,255,255,0,1,1,1
98298.0,33,33,33,255,9829,8,0,1,12,10,20,20,15,0,3,255,255,0,1,1,1
98357.0,37,37,37,255,9835,7,0,1,12,10,30,20,10,0,2,255,255,0,1,1,1
98409.0,34,34,34,255,9840,9,0,1,12,10,0,20,13,0,0,255,255,0,1,1,1
98484.0,46,46,46,255,9848,4,0,1,12,10,10,20,4,0,2,255,255,0,1,1,1
98528.0,29,29,29,255,9852,8,0,1,12,10,0,20,8,1,0,255,255,0,1,1,1
98597.0,33,33,33,255,9859,7,0,1,12,10,20,20,15,0,2,255,255,0,1,1,1
98647.0,15,15,15,255,9864,7,0,1,12,10,0,20,1,0,1,255,255,0,1,1,1
98706.0,46,46,46,255,9870,6,0,1,12,10,30,20,5,0,1,255,255,0,1,1,1
98768.0,39,39,39,255,9876,8,0,1,12,10,30,20,5,0,3,255,255,0,1,1,1
98818.0,30,30,30,255,9881,8,0,1,12,10,20,20,2,0,1,255,255,0,1,1,1
98886.0,41,41,41,255,9888,6,0,1,12,10,30,20,2,0,2,255,255,0,1,1,1
98928.0,18,18,18,255,9892,8,0,1,12,10,0,20,6,0,3,255,255,0,1,1,1
98997.0,45,45,45,255,9899,7,0,1,12,10,30,20,4,0,3,255,255,0,1,1,1
99046.0,37,37,37,255,9904,6,0,1,12,10,30,20,11,0,2,255,255,0,1,1,1
99106.0,25,25,25,255,9910,6,0,1,12,10,30,20,13,0,3,255,255,0,1,1,1
99169.0,22,22,22,255,9916,9,0,1,12,10,30,20,0,0,0,255,255,0,1,1,1
99218.0,30,30,30,255,9921,8,0,1,12,10,20,20,2,0,1,255,255,0,1,1,1
99287.0,41,41,41,255,9928,7,0,1,12,10,20,20,2,0,3,255,255,0,1,1,1
99329.0,15,15,15,255,9932,9,0,1,12,10,30,20,1,0,2,255,255,0,1,1,1
99398.0,47,47,47,255,9939,8,0,1,12,10,20,20,2,0,0,255,255,0,1,1,1
99447.0,43,43,43,255,9944,7,0,1,12,10,10,20,6,0,0,255,255,0,1,1,1
99507.0,9,9,9,255,9950,7,0,1,12,10,20,20,15,1,0,255,255,0,1,1,1
99578.0,40,40,40,255,9957,8,0,1,12,10,0,20,2,1,0,255,255,0,1,1,1
99626.0,15,15,15,255,9962,6,0,1,12,10,30,20,2,0,2,255,255,0,1,1,1
99688.0,50,50,50,255,9968,8,0,1,12,10,30,20,0,0,1,255,255,0,1,1,1
99739.0,16,16,16,255,9973,9,0,1,12,10,10,20,0,0,2,255,255,0,1,1,1
99804.0,36,36,36,255,9980,4,0,1,12,10,0,20,11,0,2,255,255,0,1,1,1
99865.0,22,22,22,255,9986,5,0,1,12,10,0,20,1,0,3,255,255,0,1,1,1
99909.0,25,25,25,255,9990,9,0,1,12,10,30,20,13,0,0,255,255,0,1,1,1
99984.0,50,50,50,255,9998,4,0,1,12,10,30,20,1,0,3,255,255,0,1,1,1
100028.0,24,24,24,255,10002,8,0,1,12,10,30,20,1,0,1,255,255,0,1,1,1
100088.0,49,49,49,255,10008,8,0,1,12,10,30,20,3,0,2,255,255,0,1,1,1
100146.0,19,19,19,255,10014,6,0,1,12,10,0,20,11,0,3,255,255,0,1,1,1
100204.0,34,34,34,255,10020,4,0,1,12,10,10,20,15,0,2,255,255,0,1,1,1
100265.0,22,22,22,255,10026,5,0,1,12,10,0,20,1,0,3,255,255,0,1,1,1
100309.0,9,9,9,255,10030,9,0,1,12,10,30,20,0,0,1,255,255,0,1,1,1
100379.0,28,28,28,255,10037,9,0,1,12,10,30,20,8,0,0,255,255,0,1,1,1
100425.0,48,48,48,255,10042,5,0,1,12,10,30,20,3,0,1,255,255,0,1,1,1
100486.0,44,44,44,255,10048,6,0,1,12,10,30,20,6,0,3,255,255,0,1,1,1
100529.0,31,31,31,255,10052,9,0,1,12,10,30,20,6,0,0,255,255,0,1,1,1
100597.0,25,25,25,255,10059,7,0,1,12,10,20,20,14,0,1,255,255,0,1,1,1
100646.0,15,15,15,255,10064,6,0,1,12,10,0,20,3,0,1,255,255,0,1,1,1
100706.0,27,27,27,255,10070,6,0,1,12,10,20,20,15,0,1,255,255,0,1,1,1
100765.0,13,13,13,255,10076,5,0,1,12,10,20,20,5,0,1,255,255,0,1,1,1
100809.0,30,30,30,255,10080,9,0,1,12,10,20,20,4,0,3,255,255,0,1,1,1
100879.0,40,40,40,255,10087,9,0,1,12,10,10,20,3,0,2,255,255,0,1,1,1
100924.0,36,36,36,255,10092,4,0,1,12,10,10,20,12,0,0,255,255,0,1,1,1
100985.0,38,38,38,255,10098,5,0,1,12,10,0,20,10,1,0,255,255,0,1,1,1
101027.0,16,16,16,255,10102,7,0,1,12,10,10,20,2,0,2,255,255,0,1,1,1
101088.0,38,38,38,255,10108,8,0,1,12,10,0,20,10,0,3,255,255,0,1,1,1
101137.0,24,24,24,255,10113,7,0,1,12,10,20,20,2,0,0,255,255,0,1,1,1
101197.0,27,27,27,255,10119,7,0,1,12,10,30,20,0,0,1,255,255,0,1,1,1
101244.0,37,37,37,255,10124,4,0,1,12,10,30,20,13,1,0,255,255,0,1,1,1
101304.0,46,46,46,255,10130,4,0,1,12,10,30,20,7,0,1,255,255,0,1,1,1
101349.0,29,29,29,255,10134,9,0,1,12,10,20,20,11,0,0,255,255,0,1,1,1
101406.0,45,45,45,255,10140,6,0,1,12,10,0,20,7,0,0,255,255,0,1,1,1
101467.0,28,28,28,255,10146,7,0,1,12,10,0,20,9,0,2,255,255,0,1,1,1
101509.0,33,33,33,255,10150,9,0,1,12,10,30,20,2,0,0,255,255,0,1,1,1
101584.0,34,34,34,255,10158,4,0,1,12,10,0,20,0,1,0,255,255,0,1,1,1
101626.0,29,29,29,255,10162,6,0,1,12,10,10,20,11,1,0,255,255,0,1,1,1
101688.0,44,44,44,255,10168,8,0,1,12,10,10,20,6,0,0,255,255,0,1,1,1
101737.0,12,12,12,255,10173,7,0,1,12,10,30,20,9,0,1,255,255,0,1,1,1
101797.0,47,47,47,255,10179,7,0,1,12,10,30,20,4,0,1,255,255,0,1,1,1
101846.0,35,35,35,255,10184,6,0,1,12,10,20,20,15,0,1,255,255,0,1,1,1
101904.0,50,50,50,255,10190,4,0,1,12,10,0,20,4,0,0,255,255,0,1,1,1
101959.0,13,13,13,255,10195,9,0,1,12,10,0,20,5,0,2,255,255,0,1,1,1
102007.0,33,33,33,255,10200,7,0,1,12,10,0,20,3,0,0,255,255,0,1,1,1
102078.0,39,39,39,255,10207,8,0,1,12,10,30,20,8,0,0,255,255,0,1,1,1
102124.0,18,18,18,255,10212,4,0,1,12,10,0,20,10,0,3,255,255,0,1,1,1
102185.0,33,33,33,255,10218,5,0,1,12,10,30,20,3,1,0,255,255,0,1,1,1
102229.0,43,43,43,255,10222,9,0,1,12,10,10,20,9,0,2,255,255,0,1,1,1
102288.0,45,45,45,255,10228,8,0,1,12,10,0,20,7,0,2,255,255,0,1,1,1
102345.0,29,29,29,255,10234,5,0,1,12,10,20,20,12,0,3,255,255,0,1,1,1
102399.0,47,47,47,255,10239,9,0,1,12,10,30,20,5,0,0,255,255,0,1,1,1
102458.0,13,13,13,255,10245,8,0,1,12,10,20,20,6,0,1,255,255,0,1,1,1
102508.0,36,36,36,255,10250,8,0,1,12,10,0,20,14,0,3,255,255,0,1,1,1
102577.0,50,50,50,255,10257,7,0,1,12,10,10,20,5,1,0,255,255,0,1,1,1
102624.0,51,51,51,255,10262,4,0,1,12,10,30,20,2,0,1,255,255,0,1,1,1
102685.0,34,34,34,255,10268,5,0,1,12,10,10,20,1,1,0,255,255,0,1,1,1
102729.0,24,24,24,255,10272,9,0,1,12,10,30,20,3,0,1,255,255,0,1,1,1
102789.0,47,47,47,255,10278,9,0,1,12,10,30,20,5,0,1,255,255,0,1,1,1
102845.0,29,29,29,255,10284,5,0,1,12,10,20,20,12,0,3,255,255,0,1,1,1
102904.0,33,33,33,255,10290,4,0,1,12,10,0,20,4,0,2,255,255,0,1,1,1
102966.0,39,39,39,255,10296,6,0,1,12,10,0,20,10,0,2,255,255,0,1,1,1
103009.0,36,36,36,255,10300,9,0,1,12,10,10,20,15,0,0,255,255,0,1,1,1
103079.0,50,50,50,255,10307,9,0,1,12,10,20,20,5,0,2,255,255,0,1,1,1
103126.0,51,51,51,255,10312,6,0,1,12,10,10,20,3,0,3,255,255,0,1,1,1
103187.0,40,40,40,255,10318,7,0,1,12,10,0,20,4,0,1,255,255,0,1,1,1
103238.0,19,19,19,255,10323,8,0,1,12,10,0,20,15,0,2,255,255,0,1,1,1
103297.0,36,36,36,255,10329,7,0,1,12,10,20,20,15,1,0,255,255,0,1,1,1
103347.0,22,22,22,255,10334,7,0,1,12,10,30,20,5,0,2,255,255,0,1,1,1
103405.0,38,38,38,255,10340,5,0,1,12,10,20,20,13,0,1,255,255,0,1,1,1
103465.0,28,28,28,255,10346,5,0,1,12,10,20,20,12,1,0,255,255,0,1,1,1
103509.0,24,24,24,255,10350,9,0,1,12,10,0,20,4,0,2,255,255,0,1,1,1
103578.0,46,46,46,255,10357,8,0,1,12,10,20,20,9,1,0,255,255,0,1,1,1
103624.0,24,24,24,255,10362,4,0,1,12,10,20,20,4,0,1,255,255,0,1,1,1
103685.0,47,47,47,255,10368,5,0,1,12,10,0,20,6,0,3,255,255,0,1,1,1
103727.0,29,29,29,255,10372,7,0,1,12,10,0,20,13,0,2,255,255,0,1,1,1
103787.0,49,49,49,255,10378,7,0,1,12,10,20,20,7,0,2,255,255,0,1,1,1
103838.0,35,35,35,255,10383,8,0,1,12,10,0,20,1,0,1,255,255,0,1,1,1
103897.0,38,38,38,255,10389,7,0,1,12,10,20,20,13,0,2,255,255,0,1,1,1
103945.0,37,37,37,255,10394,5,0,1,12,10,30,20,0,1,0,255,255,0,1,1,1
103999.0,44,44,44,255,10399,9,0,1,12,10,20,20,9,0,1,255,255,0,1,1,1
104048.0,42,42,42,255,10404,8,0,1,12,10,0,20,13,0,1,255,255,0,1,1,1
104104.0,38,38,38,255,10410,4,0,1,12,10,10,20,14,0,1,255,255,0,1,1,1
104158.0,53,53,53,255,10415,8,0,1,12,10,10,20,0,1,0,255,255,0,1,1,1
104206.0,49,49,49,255,10420,6,0,1,12,10,0,20,7,0,0,255,255,0,1,1,1
104267.0,37,37,37,255,10426,7,0,1,12,10,20,20,0,0,1,255,255,0,1,1,1
104308.0,24,24,24,255,10430,8,0,1,12,10,30,20,4,1,0,255,255,0,1,1,1
104377.0,46,46,46,255,10437,7,0,1,12,10,10,20,10,1,0,255,255,0,1,1,1
104417.0,54,54,54,255,10441,7,0,1,12,10,10,20,0,0,3,255,255,0,1,1,1
104479.0,46,46,46,255,10447,9,0,1,12,10,0,20,10,0,2,255,255,0,1,1,1
104524.0,54,54,54,255,10452,4,0,1,12,10,0,20,0,0,0,255,255,0,1,1,1
104585.0,26,26,26,255,10458,5,0,1,12,10,30,20,15,0,1,255,255,0,1,1,1
104624.0,15,15,15,255,10462,4,0,1,12,10,10,20,7,1,0,255,255,0,1,1,1
104686.0,27,27,27,255,10468,6,0,1,12,10,20,20,3,0,2,255,255,0,1,1,1
104725.0,51,51,51,255,10472,5,0,1,12,10,0,20,4,0,0,255,255,0,1,1,1
104786.0,25,25,25,255,10478,6,0,1,12,10,0,20,3,1,0,255,255,0,1,1,1
104827.0,51,51,51,255,10482,7,0,1,12,10,10,20,5,0,3,255,255,0,1,1,1
104887.0,47,47,47,255,10488,7,0,1,12,10,30,20,7,0,1,255,255,0,1,1,1
104928.0,18,18,18,255,10492,8,0,1,12,10,20,20,12,0,1,255,255,0,1,1,1
104987.0,52,52,52,255,10498,7,0,1,12,10,0,20,3,0,2,255,255,0,1,1,1
105028.0,29,29,29,255,10502,8,0,1,12,10,30,20,14,1,0,255,255,0,1,1,1
105087.0,26,26,26,255,10508,7,0,1,12,10,0,20,0,0,2,255,255,0,1,1,1
105129.0,43,43,43,255,10512,9,0,1,12,10,30,20,12,0,3,255,255,0,1,1,1
105188.0,26,26,26,255,10518,8,0,1,12,10,10,20,0,0,3,255,255,0,1,1,1
105237.0,42,42,42,255,10523,7,0,1,12,10,0,20,14,0,2,255,255,0,1,1,1
105288.0,25,25,25,255,10528,8,0,1,12,10,30,20,4,1,0,255,255,0,1,1,1
105337.0,19,19,19,255,10533,7,0,1,12,10,20,20,2,1,0,255,255,0,1,1,1
105389.0,39,39,39,255,10538,9,0,1,12,10,10,20,12,0,1,255,255,0,1,1,1
105439.0,12,12,12,255,10543,9,0,1,12,10,10,20,13,0,0,255,255,0,1,1,1
105489.0,45,45,45,255,10548,9,0,1,12,10,30,20,10,0,1,255,255,0,1,1,1
105539.0,31,31,31,255,10553,9,0,1,12,10,0,20,11,0,0,255,255,0,1,1,1
105597.0,27,27,27,255,10559,7,0,1,12,10,10,20,5,0,1,255,255,0,1,1,1
105639.0,18,18,18,255,10563,9,0,1,12,10,30,20,13,0,1,255,255,0,1,1,1
105697.0,27,27,27,255,10569,7,0,1,12,10,10,20,5,0,1,255,255,0,1,1,1
105739.0,18,18,18,255,10573,9,0,1,12,10,30,20,13,0,1,255,255,0,1,1,1
105797.0,47,47,47,255,10579,7,0,1,12,10,30,20,8,0,1,255,255,0,1,1,1
105839.0,18,18,18,255,10583,9,0,1,12,10,30,20,13,0,1,255,255,0,1,1,1
105897.0,47,47,47,255,10589,7,0,1,12,10,30,20,8,0,1,255,255,0,1,1,1
105939.0,18,18,18,255,10593,9,0,1,12,10,30,20,13,0,1,255,255,0,1,1,1
105989.0,49,49,49,255,10598,9,0,1,12,10,0,20,8,1,0,255,255,0,1,1,1
106039.0,15,15,15,255,10603,9,0,1,12,10,0,20,8,0,3,255,255,0,1,1,1
106097.0,47,47,47,255,10609,7,0,1,12,10,30,20,8,0,1,255,255,0,1,1,1
106139.0,18,18,18,255,10613,9,0,1,12,10,30,20,13,0,1,255,255,0,1,1,1
106189.0,30,30,30,255,10618,9,0,1,12,10,30,20,9,1,0,255,255,0,1,1,1
106239.0,43,43,43,255,10623,9,0,1,12,10,20,20,12,0,0,255,255,0,1,1,1
106289.0,25,25,25,255,10628,9,0,1,12,10,30,20,4,0,2,255,255,0,1,1,1
106344.0,35,35,35,255,10634,4,0,1,12,10,10,20,4,0,0,255,255,0,1,1,1
106389.0,30,30,30,255,10638,9,0,1,12,10,30,20,9,1,0,255,255,0,1,1,1
106445.0,56,56,56,255,10644,5,0,1,12,10,30,20,0,0,2,255,255,0,1,1,1
106497.0,27,27,27,255,10649,7,0,1,12,10,10,20,5,0,1,255,255,0,1,1,1
106546.0,42,42,42,255,10654,6,0,1,12,10,20,20,14,0,1,255,255,0,1,1,1
106597.0,45,45,45,255,10659,7,0,1,12,10,10,20,11,0,3,255,255,0,1,1,1
106646.0,16,16,16,255,10664,6,0,1,12,10,0,20,7,0,0,255,255,0,1,1,1
106697.0,33,33,33,255,10669,7,0,1,12,10,30,20,8,0,3,255,255,0,1,1,1
106747.0,42,42,42,255,10674,7,0,1,12,10,30,20,15,0,1,255,255,0,1,1,1
106797.0,34,34,34,255,10679,7,0,1,12,10,30,20,5,0,3,255,255,0,1,1,1
106846.0,16,16,16,255,10684,6,0,1,12,10,0,20,7,0,0,255,255,0,1,1,1
106897.0,33,33,33,255,10689,7,0,1,12,10,30,20,8,0,3,255,255,0,1,1,1
106944.0,19,19,19,255,10694,4,0,1,12,10,30,20,4,0,2,255,255,0,1,1,1
106997.0,33,33,33,255,10699,7,0,1,12,10,30,20,8,0,3,255,255,0,1,1,1
107039.0,13,13,13,255,10703,9,0,1,12,10,30,20,10,0,2,255,255,0,1,1,1
107089.0,41,41,41,255,10708,9,0,1,12,10,30,20,9,0,1,255,255,0,1,1,1
107139.0,35,35,35,255,10713,9,0,1,12,10,10,20,4,0,1,255,255,0,1,1,1
107189.0,40,40,40,255,10718,9,0,1,12,10,20,20,8,0,1,255,255,0,1,1,1
107238.0,35,35,35,255,10723,8,0,1,12,10,10,20,4,0,3,255,255,0,1,1,1
107288.0,26,26,26,255,10728,8,0,1,12,10,10,20,3,0,3,255,255,0,1,1,1
107338.0,16,16,16,255,10733,8,0,1,12,10,20,20,7,0,1,255,255,0,1,1,1
107388.0,47,47,47,255,10738,8,0,1,12,10,30,20,10,0,3,255,255,0,1,1,1
107429.0,42,42,42,255,10742,9,0,1,12,10,30,20,0,1,0,255,255,0,1,1,1
107487.0,55,55,55,255,10748,7,0,1,12,10,30,20,2,0,0,255,255,0,1,1,1
107529.0,12,12,12,255,10752,9,0,1,12,10,0,20,15,0,3,255,255,0,1,1,1
107586.0,40,40,40,255,10758,6,0,1,12,10,0,20,9,0,3,255,255,0,1,1,1
107628.0,35,35,35,255,10762,8,0,1,12,10,0,20,4,0,2,255,255,0,1,1,1
107685.0,47,47,47,255,10768,5,0,1,12,10,30,20,10,0,2,255,255,0,1,1,1
107726.0,35,35,35,255,10772,6,0,1,12,10,20,20,5,0,2,255,255,0,1,1,1
107779.0,40,40,40,255,10777,9,0,1,12,10,20,20,9,1,0,255,255,0,1,1,1
107825.0,31,31,31,255,10782,5,0,1,12,10,0,20,13,0,3,255,255,0,1,1,1
107878.0,50,50,50,255,10787,8,0,1,12,10,30,20,10,0,2,255,255,0,1,1,1
107924.0,51,51,51,255,10792,4,0,1,12,10,0,20,8,0,1,255,255,0,1,1,1
107977.0,39,39,39,255,10797,7,0,1,12,10,20,20,14,0,3,255,255,0,1,1,1
108017.0,36,36,36,255,10801,7,0,1,12,10,30,20,4,0,3,255,255,0,1,1,1
108067.0,57,57,57,255,10806,7,0,1,12,10,0,20,1,0,0,255,255,0,1,1,1
108108.0,33,33,33,255,10810,8,0,1,12,10,0,20,10,0,1,255,255,0,1,1,1
108165.0,13,13,13,255,10816,5,0,1,12,10,30,20,11,0,0,255,255,0,1,1,1
108206.0,51,51,51,255,10820,6,0,1,12,10,30,20,8,1,0,255,255,0,1,1,1
108258.0,57,57,57,255,10825,8,0,1,12,10,10,20,1,0,2,255,255,0,1,1,1
108305.0,52,52,52,255,10830,5,0,1,12,10,0,20,6,0,1,255,255,0,1,1,1
108349.0,22,22,22,255,10834,9,0,1,12,10,0,20,11,1,0,255,255,0,1,1,1
108399.0,34,34,34,255,10839,9,0,1,12,10,10,20,7,0,1,255,255,0,1,1,1
108448.0,43,43,43,255,10844,8,0,1,12,10,30,20,15,0,0,255,255,0,1,1,1
108498.0,26,26,26,255,10849,8,0,1,12,10,20,20,4,0,0,255,255,0,1,1,1
108545.0,15,15,15,255,10854,5,0,1,12,10,20,20,11,0,1,255,255,0,1,1,1
108589.0,49,49,49,255,10858,9,0,1,12,10,0,20,11,0,2,255,255,0,1,1,1
108638.0,18,18,18,255,10863,8,0,1,12,10,10,20,15,0,1,255,255,0,1,1,1
108688.0,27,27,27,255,10868,8,0,1,12,10,10,20,7,0,3,255,255,0,1,1,1
108737.0,12,12,12,255,10873,7,0,1,12,10,20,20,1,0,0,255,255,0,1,1,1
108787.0,47,47,47,255,10878,7,0,1,12,10,20,20,11,0,3,255,255,0,1,1,1
108828.0,51,51,51,255,10882,8,0,1,12,10,0,20,8,0,0,255,255,0,1,1,1
108885.0,49,49,49,255,10888,5,0,1,12,10,0,20,12,1,0,255,255,0,1,1,1
108927.0,42,42,42,255,10892,7,0,1,12,10,30,20,1,1,0,255,255,0,1,1,1
108984.0,25,25,25,255,10898,4,0,1,12,10,0,20,8,1,0,255,255,0,1,1,1
109027.0,12,12,12,255,10902,7,0,1,12,10,0,20,1,0,3,255,255,0,1,1,1
109079.0,26,26,26,255,10907,9,0,1,12,10,0,20,5,0,3,255,255,0,1,1,1
109125.0,54,54,54,255,10912,5,0,1,12,10,30,20,5,0,0,255,255,0,1,1,1
109177.0,50,50,50,255,10917,7,0,1,12,10,10,20,12,1,0,255,255,0,1,1,1
109217.0,31,31,31,255,10921,7,0,1,12,10,30,20,15,1,0,255,255,0,1,1,1
109267.0,39,39,39,255,10926,7,0,1,12,10,0,20,15,0,3,255,255,0,1,1,1
109307.0,38,38,38,255,10930,7,0,1,12,10,20,20,3,0,0,255,255,0,1,1,1
109359.0,53,53,53,255,10935,9,0,1,12,10,20,20,5,0,2,255,255,0,1,1,1
109399.0,47,47,47,255,10939,9,0,1,12,10,20,20,11,0,0,255,255,0,1,1,1
109448.0,42,42,42,255,10944,8,0,1,12,10,10,20,1,0,0,255,255,0,1,1,1
109498.0,44,44,44,255,10949,8,0,1,12,10,30,20,14,0,1,255,255,0,1,1,1
109545.0,35,35,35,255,10954,5,0,1,12,10,0,20,6,0,1,255,255,0,1,1,1
109589.0,40,40,40,255,10958,9,0,1,12,10,0,20,10,0,1,255,255,0,1,1,1
109637.0,16,16,16,255,10963,7,0,1,12,10,0,20,10,0,3,255,255,0,1,1,1
109687.0,52,52,52,255,10968,7,0,1,12,10,0,20,8,0,2,255,255,0,1,1,1
109728.0,58,58,58,255,10972,8,0,1,12,10,20,20,0,0,1,255,255,0,1,1,1
109785.0,41,41,41,255,10978,5,0,1,12,10,0,20,12,0,2,255,255,0,1,1,1
109825.0,12,12,12,255,10982,5,0,1,12,10,10,20,2,0,1,255,255,0,1,1,1
109879.0,46,46,46,255,10987,9,0,1,12,10,0,20,1,0,2,255,255,0,1,1,1
109918.0,24,24,24,255,10991,8,0,1,12,10,20,20,10,0,3,255,255,0,1,1,1
109969.0,47,47,47,255,10996,9,0,1,12,10,10,20,12,1,0,255,255,0,1,1,1
110009.0,52,52,52,255,11000,9,0,1,12,10,30,20,8,0,0,255,255,0,1,1,1
110067.0,53,53,53,255,11006,7,0,1,12,10,10,20,6,0,3,255,255,0,1,1,1
110107.0,24,24,24,255,11010,7,0,1,12,10,30,20,10,1,0,255,255,0,1,1,1
110158.0,53,53,53,255,11015,8,0,1,12,10,0,20,6,1,0,255,255,0,1,1,1
110206.0,34,34,34,255,11020,6,0,1,12,10,0,20,8,0,3,255,255,0,1,1,1
110249.0,29,29,29,255,11024,9,0,1,12,10,10,20,3,0,0,255,255,0,1,1,1
110304.0,40,40,40,255,11030,4,0,1,12,10,0,20,11,0,0,255,255,0,1,1,1
110347.0,22,22,22,255,11034,7,0,1,12,10,10,20,13,1,0,255,255,0,1,1,1
110398.0,36,36,36,255,11039,8,0,1,12,10,30,20,7,1,0,255,255,0,1,1,1
110439.0,56,56,56,255,11043,9,0,1,12,10,30,20,4,0,3,255,255,0,1,1,1
110489.0,28,28,28,255,11048,9,0,1,12,10,10,20,4,0,0,255,255,0,1,1,1
110538.0,31,31,31,255,11053,8,0,1,12,10,10,20,0,0,3,255,255,0,1,1,1
110588.0,50,50,50,255,11058,8,0,1,12,10,20,20,14,0,1,255,255,0,1,1,1
110637.0,13,13,13,255,11063,7,0,1,12,10,20,20,14,1,0,255,255,0,1,1,1
110686.0,25,25,25,255,11068,6,0,1,12,10,30,20,9,1,0,255,255,0,1,1,1
110729.0,56,56,56,255,11072,9,0,1,12,10,20,20,4,0,2,255,255,0,1,1,1
110785.0,28,28,28,255,11078,5,0,1,12,10,30,20,4,0,3,255,255,0,1,1,1
110827.0,51,51,51,255,11082,7,0,1,12,10,30,20,10,0,1,255,255,0,1,1,1
110884.0,40,40,40,255,11088,4,0,1,12,10,0,20,11,0,2,255,255,0,1,1,1
110919.0,51,51,51,255,11091,9,0,1,12,10,30,20,11,0,2,255,255,0,1,1,1
110978.0,28,28,28,255,11097,8,0,1,12,10,0,20,4,0,2,255,255,0,1,1,1
111017.0,12,12,12,255,11101,7,0,1,12,10,30,20,4,0,2,255,255,0,1,1,1
111068.0,37,37,37,255,11106,8,0,1,12,10,10,20,7,0,0,255,255,0,1,1,1
111108.0,48,48,48,255,11110,8,0,1,12,10,0,20,15,0,2,255,255,0,1,1,1
111164.0,53,53,53,255,11116,4,0,1,12,10,10,20,7,0,3,255,255,0,1,1,1
111206.0,30,30,30,255,11120,6,0,1,12,10,0,20,13,0,3,255,255,0,1,1,1
111257.0,22,22,22,255,11125,7,0,1,12,10,30,20,14,0,2,255,255,0,1,1,1
111304.0,33,33,33,255,11130,4,0,1,12,10,10,20,13,0,2,255,255,0,1,1,1
111347.0,56,56,56,255,11134,7,0,1,12,10,30,20,5,0,1,255,255,0,1,1,1
111398.0,52,52,52,255,11139,8,0,1,12,10,10,20,9,0,3,255,255,0,1,1,1
111444.0,57,57,57,255,11144,4,0,1,12,10,30,20,4,1,0,255,255,0,1,1,1
111497.0,26,26,26,255,11149,7,0,1,12,10,30,20,7,0,0,255,255,0,1,1,1
111538.0,19,19,19,255,11153,8,0,1,12,10,30,20,8,1,0,255,255,0,1,1,1
111588.0,46,46,46,255,11158,8,0,1,12,10,10,20,2,0,2,255,255,0,1,1,1
111629.0,15,15,15,255,11162,9,0,1,12,10,30,20,14,0,2,255,255,0,1,1,1
111686.0,40,40,40,255,11168,6,0,1,12,10,20,20,12,0,2,255,255,0,1,1,1
111727.0,18,18,18,255,11172,7,0,1,12,10,30,20,2,0,3,255,255,0,1,1,1
111785.0,44,44,44,255,11178,5,0,1,12,10,30,20,0,1,0,255,255,0,1,1,1
111825.0,43,43,43,255,11182,5,0,1,12,10,20,20,2,1,0,255,255,0,1,1,1
111879.0,52,52,52,255,11187,9,0,1,12,10,10,20,10,1,0,255,255,0,1,1,1
111924.0,48,48,48,255,11192,4,0,1,12,10,30,20,0,0,1,255,255,0,1,1,1
111969.0,26,26,26,255,11196,9,0,1,12,10,10,20,8,1,0,255,255,0,1,1,1
112009.0,25,25,25,255,11200,9,0,1,12,10,30,20,11,0,0,255,255,0,1,1,1
112066.0,55,55,55,255,11206,6,0,1,12,10,30,20,7,0,2,255,255,0,1,1,1
112107.0,49,49,49,255,11210,7,0,1,12,10,20,20,15,0,1,255,255,0,1,1,1
112157.0,13,13,13,255,11215,7,0,1,12,10,0,20,15,0,1,255,255,0,1,1,1
112204.0,51,51,51,255,11220,4,0,1,12,10,20,20,12,1,0,255,255,0,1,1,1
112248.0,37,37,37,255,11224,8,0,1,12,10,0,20,8,0,3,255,255,0,1,1,1
112299.0,44,44,44,255,11229,9,0,1,12,10,10,20,0,0,0,255,255,0,1,1,1
112346.0,58,58,58,255,11234,6,0,1,12,10,20,20,2,0,0,255,255,0,1,1,1
112397.0,36,36,36,255,11239,7,0,1,12,10,0,20,9,1,0,255,255,0,1,1,1
112439.0,13,13,13,255,11243,9,0,1,12,10,0,20,0,1,0,255,255,0,1,1,1
112487.0,33,33,33,255,11248,7,0,1,12,10,10,20,14,1,0,255,255,0,1,1,1
112537.0,15,15,15,255,11253,7,0,1,12,10,0,20,15,0,2,255,255,0,1,1,1
112586.0,46,46,46,255,11258,6,0,1,12,10,0,20,3,0,3,255,255,0,1,1,1
112628.0,12,12,12,255,11262,8,0,1,12,10,0,20,6,0,1,255,255,0,1,1,1
112684.0,55,55,55,255,11268,4,0,1,12,10,10,20,7,0,1,255,255,0,1,1,1
112724.0,35,35,35,255,11272,4,0,1,12,10,10,20,10,1,0,255,255,0,1,1,1
112778.0,50,50,50,255,11277,8,0,1,12,10,20,20,1,0,2,255,255,0,1,1,1
112817.0,12,12,12,255,11281,7,0,1,12,10,30,20,6,0,2,255,255,0,1,1,1
112868.0,55,55,55,255,11286,8,0,1,12,10,10,20,7,0,3,255,255,0,1,1,1
112908.0,24,24,24,255,11290,8,0,1,12,10,0,20,12,0,2,255,255,0,1,1,1
112965.0,22,22,22,255,11296,5,0,1,12,10,30,20,15,0,1,255,255,0,1,1,1
113005.0,33,33,33,255,11300,5,0,1,12,10,10,20,14,0,1,255,255,0,1,1,1
113048.0,56,56,56,255,11304,8,0,1,12,10,30,20,7,0,1,255,255,0,1,1,1
113099.0,45,45,45,255,11309,9,0,1,12,10,0,20,0,0,2,255,255,0,1,1,1
113147.0,42,42,42,255,11314,7,0,1,12,10,30,20,6,0,1,255,255,0,1,1,1
113197.0,40,40,40,255,11319,7,0,1,12,10,0,20,13,0,0,255,255,0,1,1,1
113239.0,19,19,19,255,11323,9,0,1,12,10,0,20,9,0,2,255,255,0,1,1,1
113288.0,41,41,41,255,11328,8,0,1,12,10,20,20,15,0,0,255,255,0,1,1,1
113337.0,56,56,56,255,11333,7,0,1,12,10,30,20,7,0,2,255,255,0,1,1,1
113386.0,52,52,52,255,11338,6,0,1,12,10,20,20,11,0,2,255,255,0,1,1,1
113428.0,43,43,43,255,11342,8,0,1,12,10,0,20,4,0,2,255,255,0,1,1,1
113484.0,25,25,25,255,11348,4,0,1,12,10,0,20,12,1,0,255,255,0,1,1,1
113525.0,35,35,35,255,11352,5,0,1,12,10,10,20,11,1,0,255,255,0,1,1,1
113579.0,40,40,40,255,11357,9,0,1,12,10,20,20,14,0,2,255,255,0,1,1,1
113619.0,24,24,24,255,11361,9,0,1,12,10,30,20,13,0,2,255,255,0,1,1,1
113677.0,40,40,40,255,11367,7,0,1,12,10,0,20,14,1,0,255,255,0,1,1,1
113717.0,18,18,18,255,11371,7,0,1,12,10,10,20,4,1,0,255,255,0,1,1,1
113767.0,55,55,55,255,11376,7,0,1,12,10,10,20,8,0,2,255,255,0,1,1,1
113809.0,38,38,38,255,11380,9,0,1,12,10,20,20,7,0,0,255,255,0,1,1,1
113858.0,22,22,22,255,11385,8,0,1,12,10,20,20,0,0,3,255,255,0,1,1,1
113907.0,34,34,34,255,11390,7,0,1,12,10,30,20,11,0,3,255,255,0,1,1,1
113947.0,42,42,42,255,11394,7,0,1,12,10,30,20,6,0,1,255,255,0,1,1,1
113999.0,52,52,52,255,11399,9,0,1,12,10,30,20,12,0,0,255,255,0,1,1,1
114045.0,57,57,57,255,11404,5,0,1,12,10,10,20,7,0,2,255,255,0,1,1,1
114097.0,26,26,26,255,11409,7,0,1,12,10,0,20,9,0,0,255,255,0,1,1,1
114138.0,19,19,19,255,11413,8,0,1,12,10,10,20,10,1,0,255,255,0,1,1,1
114188.0,50,50,50,255,11418,8,0,1,12,10,30,20,2,0,3,255,255,0,1,1,1
114228.0,42,42,42,255,11422,8,0,1,12,10,30,20,7,0,2,255,255,0,1,1,1
114286.0,44,44,44,255,11428,6,0,1,12,10,10,20,3,0,3,255,255,0,1,1,1
114326.0,18,18,18,255,11432,6,0,1,12,10,30,20,5,0,2,255,255,0,1,1,1
114378.0,46,46,46,255,11437,8,0,1,12,10,30,20,5,1,0,255,255,0,1,1,1
114419.0,31,31,31,255,11441,9,0,1,12,10,20,20,3,1,0,255,255,0,1,1,1
114467.0,28,28,28,255,11446,7,0,1,12,10,30,20,7,0,2,255,255,0,1,1,1
114509.0,33,33,33,255,11450,9,0,1,12,10,30,20,0,0,0,255,255,0,1,1,1
114559.0,22,22,22,255,11455,9,0,1,12,10,0,20,1,0,1,255,255,0,1,1,1
114606.0,54,54,54,255,11460,6,0,1,12,10,0,20,11,0,2,255,255,0,1,1,1
114648.0,22,22,22,255,11464,8,0,1,12,10,20,20,1,0,2,255,255,0,1,1,1
114699.0,47,47,47,255,11469,9,0,1,12,10,0,20,0,0,0,255,255,0,1,1,1
114746.0,37,37,37,255,11474,6,0,1,12,10,30,20,10,0,2,255,255,0,1,1,1
114789.0,34,34,34,255,11478,9,0,1,12,10,0,20,12,0,2,255,255,0,1,1,1
114837.0,19,19,19,255,11483,7,0,1,12,10,10,20,11,1,0,255,255,0,1,1,1
114886.0,27,27,27,255,11488,6,0,1,12,10,0,20,13,0,2,255,255,0,1,1,1
114928.0,24,24,24,255,11492,8,0,1,12,10,0,20,14,0,0,255,255,0,1,1,1
114984.0,45,45,45,255,11498,4,0,1,12,10,0,20,2,1,0,255,255,0,1,1,1
115025.0,54,54,54,255,11502,5,0,1,12,10,10,20,11,0,0,255,255,0,1,1,1
115077.0,50,50,50,255,11507,7,0,1,12,10,20,20,3,1,0,255,255,0,1,1,1
115117.0,51,51,51,255,11511,7,0,1,12,10,10,20,15,0,2,255,255,0,1,1,1
115166.0,37,37,37,255,11516,6,0,1,12,10,0,20,11,0,0,255,255,0,1,1,1
115206.0,34,34,34,255,11520,6,0,1,12,10,30,20,12,0,1,255,255,0,1,1,1
115248.0,19,19,19,255,11524,8,0,1,12,10,20,20,11,0,3,255,255,0,1,1,1
115299.0,30,30,30,255,11529,9,0,1,12,10,20,20,1,0,2,255,255,0,1,1,1
115345.0,59,59,59,255,11534,5,0,1,12,10,0,20,1,0,1,255,255,0,1,1,1
115389.0,34,34,34,255,11538,9,0,1,12,10,0,20,12,0,2,255,255,0,1,1,1
115437.0,19,19,19,255,11543,7,0,1,12,10,10,20,11,1,0,255,255,0,1,1,1
115487.0,33,33,33,255,11548,7,0,1,12,10,10,20,0,0,2,255,255,0,1,1,1
115527.0,56,56,56,255,11552,7,0,1,12,10,30,20,8,1,0,255,255,0,1,1,1
115579.0,27,27,27,255,11557,9,0,1,12,10,30,20,13,1,0,255,255,0,1,1,1
115624.0,35,35,35,255,11562,4,0,1,12,10,30,20,13,1,0,255,255,0,1,1,1
115677.0,50,50,50,255,11567,7,0,1,12,10,20,20,3,1,0,255,255,0,1,1,1
115717.0,24,24,24,255,11571,7,0,1,12,10,10,20,15,0,2,255,255,0,1,1,1
115767.0,22,22,22,255,11576,7,0,1,12,10,0,20,2,0,0,255,255,0,1,1,1
115808.0,36,36,36,255,11580,8,0,1,12,10,20,20,12,0,2,255,255,0,1,1,1
115864.0,53,53,53,255,11586,4,0,1,12,10,20,20,11,0,3,255,255,0,1,1,1
115906.0,48,48,48,255,11590,6,0,1,12,10,0,20,3,1,0,255,255,0,1,1,1
115949.0,42,42,42,255,11594,9,0,1,12,10,10,20,9,0,0,255,255,0,1,1,1
116004.0,30,30,30,255,11600,4,0,1,12,10,10,20,1,0,3,255,255,0,1,1,1
116046.0,56,56,56,255,11604,6,0,1,12,10,30,20,9,0,3,255,255,0,1,1,1
116098.0,46,46,46,255,11609,8,0,1,12,10,30,20,7,0,3,255,255,0,1,1,1
116139.0,43,43,43,255,11613,9,0,1,12,10,20,20,7,1,0,255,255,0,1,1,1
116189.0,27,27,27,255,11618,9,0,1,12,10,30,20,14,0,2,255,255,0,1,1,1
116229.0,29,29,29,255,11622,9,0,1,12,10,0,20,9,0,3,255,255,0,1,1,1
116287.0,25,25,25,255,11628,7,0,1,12,10,30,20,14,0,2,255,255,0,1,1,1
116327.0,42,42,42,255,11632,7,0,1,12,10,30,20,9,0,2,255,255,0,1,1,1
116385.0,49,49,49,255,11638,5,0,1,12,10,30,20,4,0,2,255,255,0,1,1,1
116425.0,58,58,58,255,11642,5,0,1,12,10,30,20,7,0,2,255,255,0,1,1,1
116478.0,39,39,39,255,11647,8,0,1,12,10,30,20,5,0,1,255,255,0,1,1,1
116524.0,51,51,51,255,11652,4,0,1,12,10,10,20,1,0,3,255,255,0,1,1,1
116567.0,28,28,28,255,11656,7,0,1,12,10,20,20,9,0,2,255,255,0,1,1,1
116609.0,33,33,33,255,11660,9,0,1,12,10,0,20,2,0,0,255,255,0,1,1,1
116664.0,57,57,57,255,11666,4,0,1,12,10,20,20,10,0,3,255,255,0,1,1,1
116705.0,36,36,36,255,11670,5,0,1,12,10,30,20,13,0,2,255,255,0,1,1,1
116757.0,57,57,57,255,11675,7,0,1,12,10,30,20,10,0,2,255,255,0,1,1,1
116804.0,51,51,51,255,11680,4,0,1,12,10,30,20,1,1,0,255,255,0,1,1,1
116847.0,35,35,35,255,11684,7,0,1,12,10,20,20,14,0,0,255,255,0,1,1,1
116898.0,27,27,27,255,11689,8,0,1,12,10,0,20,15,0,1,255,255,0,1,1,1
116944.0,58,58,58,255,11694,4,0,1,12,10,0,20,8,0,0,255,255,0,1,1,1
116997.0,46,46,46,255,11699,7,0,1,12,10,30,20,8,0,0,255,255,0,1,1,1
117039.0,16,16,16,255,11703,9,0,1,12,10,20,20,1,0,3,255,255,0,1,1,1
117089.0,52,52,52,255,11708,9,0,1,12,10,20,20,0,0,2,255,255,0,1,1,1
117138.0,16,16,16,255,11713,8,0,1,12,10,30,20,1,0,2,255,255,0,1,1,1
117188.0,47,47,47,255,11718,8,0,1,12,10,30,20,2,0,3,255,255,0,1,1,1
117229.0,43,43,43,255,11722,9,0,1,12,10,10,20,8,0,2,255,255,0,1,1,1
117287.0,28,28,28,255,11728,7,0,1,12,10,0,20,10,0,1,255,255,0,1,1,1
117328.0,24,24,24,255,11732,8,0,1,12,10,0,20,0,0,0,255,255,0,1,1,1
117386.0,25,25,25,255,11738,6,0,1,12,10,30,20,15,0,2,255,255,0,1,1,1
117427.0,16,16,16,255,11742,7,0,1,12,10,0,20,2,0,3,255,255,0,1,1,1
117485.0,50,50,50,255,11748,5,0,1,12,10,10,20,6,0,2,255,255,0,1,1,1
117526.0,18,18,18,255,11752,6,0,1,12,10,10,20,9,0,1,255,255,0,1,1,1
117584.0,41,41,41,255,11758,4,0,1,12,10,10,20,4,0,3,255,255,0,1,1,1
117619.0,18,18,18,255,11761,9,0,1,12,10,0,20,9,0,2,255,255,0,1,1,1
117678.0,40,40,40,255,11767,8,0,1,12,10,30,20,1,0,2,255,255,0,1,1,1
117718.0,51,51,51,255,11771,8,0,1,12,10,0,20,2,0,3,255,255,0,1,1,1
117769.0,28,28,28,255,11776,9,0,1,12,10,20,20,10,0,2,255,255,0,1,1,1
117809.0,48,48,48,255,11780,9,0,1,12,10,30,20,5,0,2,255,255,0,1,1,1
117866.0,53,53,53,255,11786,6,0,1,12,10,0,20,14,0,3,255,255,0,1,1,1
117908.0,45,45,45,255,11790,8,0,1,12,10,30,20,5,0,0,255,255,0,1,1,1
117959.0,37,37,37,255,11795,9,0,1,12,10,0,20,13,0,1,255,255,0,1,1,1
118006.0,38,38,38,255,11800,6,0,1,12,10,30,20,12,0,1,255,255,0,1,1,1
118049.0,35,35,35,255,11804,9,0,1,12,10,10,20,0,0,0,255,255,0,1,1,1
118105.0,34,34,34,255,11810,5,0,1,12,10,30,20,0,0,2,255,255,0,1,1,1
118148.0,57,57,57,255,11814,8,0,1,12,10,0,20,11,0,2,255,255,0,1,1,1
118204.0,40,40,40,255,11820,4,0,1,12,10,0,20,2,0,0,255,255,0,1,1,1
118248.0,22,22,22,255,11824,8,0,1,12,10,20,20,5,0,2,255,255,0,1,1,1
118304.0,40,40,40,255,11830,4,0,1,12,10,0,20,2,0,0,255,255,0,1,1,1
118348.0,22,22,22,255,11834,8,0,1,12,10,20,20,5,0,2,255,255,0,1,1,1
118404.0,40,40,40,255,11840,4,0,1,12,10,0,20,2,0,0,255,255,0,1,1,1
118449.0,22,22,22,255,11844,9,0,1,12,10,20,20,5,0,3,255,255,0,1,1,1
118505.0,52,52,52,255,11850,5,0,1,12,10,10,20,1,0,1,255,255,0,1,1,1
118549.0,19,19,19,255,11854,9,0,1,12,10,0,20,13,0,0,255,255,0,1,1,1
118605.0,34,34,34,255,11860,5,0,1,12,10,30,20,0,0,2,255,255,0,1,1,1
118649.0,42,42,42,255,11864,9,0,1,12,10,30,20,11,0,0,255,255,0,1,1,1
118705.0,25,25,25,255,11870,5,0,1,12,10,30,20,1,0,1,255,255,0,1,1,1
118757.0,19,19,19,255,11875,7,0,1,12,10,30,20,14,0,3,255,255,0,1,1,1
118805.0,38,38,38,255,11880,5,0,1,12,10,30,20,13,0,3,255,255,0,1,1,1
118857.0,57,57,57,255,11885,7,0,1,12,10,30,20,12,1,0,255,255,0,1,1,1
118905.0,38,38,38,255,11890,5,0,1,12,10,30,20,13,0,3,255,255,0,1,1,1
118964.0,53,53,53,255,11896,4,0,1,12,10,0,20,15,0,2,255,255,0,1,1,1
119006.0,34,34,34,255,11900,6,0,1,12,10,30,20,0,0,3,255,255,0,1,1,1
119065.0,57,57,57,255,11906,5,0,1,12,10,30,20,12,0,3,255,255,0,1,1,1
119108.0,34,34,34,255,11910,8,0,1,12,10,0,20,0,0,1,255,255,0,1,1,1
119166.0,41,41,41,255,11916,6,0,1,12,10,0,20,5,1,0,255,255,0,1,1,1
119208.0,36,36,36,255,11920,8,0,1,12,10,20,20,0,0,2,255,255,0,1,1,1
119268.0,22,22,22,255,11926,8,0,1,12,10,10,20,6,0,1,255,255,0,1,1,1
119317.0,48,48,48,255,11931,7,0,1,12,10,20,20,7,0,2,255,255,0,1,1,1
119369.0,37,37,37,255,11936,9,0,1,12,10,0,20,14,0,0,255,255,0,1,1,1
119417.0,18,18,18,255,11941,7,0,1,12,10,0,20,12,1,0,255,255,0,1,1,1
119468.0,28,28,28,255,11946,8,0,1,12,10,20,20,13,0,3,255,255,0,1,1,1
119509.0,36,36,36,255,11950,9,0,1,12,10,30,20,0,0,3,255,255,0,1,1,1
119566.0,28,28,28,255,11956,6,0,1,12,10,0,20,13,0,2,255,255,0,1,1,1
119607.0,34,34,34,255,11960,7,0,1,12,10,0,20,1,0,0,255,255,0,1,1,1
119658.0,22,22,22,255,11965,8,0,1,12,10,20,20,6,0,2,255,255,0,1,1,1
119706.0,52,52,52,255,11970,6,0,1,12,10,10,20,2,0,1,255,255,0,1,1,1
119757.0,53,53,53,255,11975,7,0,1,12,10,30,20,0,1,0,255,255,0,1,1,1
119805.0,30,30,30,255,11980,5,0,1,12,10,0,20,5,0,2,255,255,0,1,1,1
119857.0,37,37,37,255,11985,7,0,1,12,10,20,20,15,0,3,255,255,0,1,1,1
119904.0,27,27,27,255,11990,4,0,1,12,10,20,20,2,0,1,255,255,0,1,1,1
119948.0,35,35,35,255,11994,8,0,1,12,10,0,20,1,0,0,255,255,0,1,1,1
119999.0,40,40,40,255,11999,9,0,1,12,10,20,20,4,0,0,255,255,0,1,1,1
120047.0,19,19,19,255,12004,7,0,1,12,10,30,20,15,0,0,255,255,0,1,1,1
120098.0,27,27,27,255,12009,8,0,1,12,10,20,20,3,0,0,255,255,0,1,1,1
120146.0,56,56,56,255,12014,6,0,1,12,10,30,20,13,0,0,255,255,0,1,1,1
120197.0,50,50,50,255,12019,7,0,1,12,10,30,20,8,0,3,255,255,0,1,1,1
120245.0,60,60,60,255,12024,5,0,1,12,10,10,20,1,0,3,255,255,0,1,1,1
120289.0,30,30,30,255,12028,9,0,1,12,10,30,20,5,1,0,255,255,0,1,1,1
120339.0,61,61,61,255,12033,9,0,1,12,10,20,20,1,1,0,255,255,0,1,1,1
120388.0,45,45,45,255,12038,8,0,1,12,10,30,20,8,0,2,255,255,0,1,1,1
120439.0,56,56,56,255,12043,9,0,1,12,10,20,20,13,0,3,255,255,0,1,1,1
120488.0,28,28,28,255,12048,8,0,1,12,10,10,20,14,0,1,255,255,0,1,1,1
120537.0,60,60,60,255,12053,7,0,1,12,10,30,20,1,1,0,255,255,0,1,1,1
120586.0,34,34,34,255,12058,6,0,1,12,10,0,20,2,1,0,255,255,0,1,1,1
120629.0,31,31,31,255,12062,9,0,1,12,10,0,20,10,0,3,255,255,0,1,1,1
120686.0,40,40,40,255,12068,6,0,1,12,10,0,20,4,0,1,255,255,0,1,1,1
120729.0,51,51,51,255,12072,9,0,1,12,10,0,20,4,0,0,255,255,0,1,1,1
120785.0,49,49,49,255,12078,5,0,1,12,10,30,20,10,1,0,255,255,0,1,1,1
120828.0,59,59,59,255,12082,8,0,1,12,10,30,20,5,0,2,255,255,0,1,1,1
120884.0,52,52,52,255,12088,4,0,1,12,10,20,20,3,1,0,255,255,0,1,1,1
120926.0,51,51,51,255,12092,6,0,1,12,10,10,20,5,0,0,255,255,0,1,1,1
120984.0,44,44,44,255,12098,4,0,1,12,10,0,20,10,0,3,255,255,0,1,1,1
121024.0,31,31,31,255,12102,4,0,1,12,10,0,20,10,0,2,255,255,0,1,1,1
121078.0,45,45,45,255,12107,8,0,1,12,10,0,20,8,1,0,255,255,0,1,1,1
121118.0,18,18,18,255,12111,8,0,1,12,10,30,20,14,1,0,255,255,0,1,1,1
121169.0,28,28,28,255,12116,9,0,1,12,10,10,20,14,1,0,255,255,0,1,1,1
121217.0,48,48,48,255,12121,7,0,1,12,10,10,20,9,0,3,255,255,0,1,1,1
121266.0,57,57,57,255,12126,6,0,1,12,10,0,20,14,0,3,255,255,0,1,1,1
121307.0,51,51,51,255,12130,7,0,1,12,10,20,20,5,0,2,255,255,0,1,1,1
121359.0,19,19,19,255,12135,9,0,1,12,10,20,20,0,0,0,255,255,0,1,1,1
121405.0,38,38,38,255,12140,5,0,1,12,10,0,20,15,0,1,255,255,0,1,1,1
121449.0,19,19,19,255,12144,9,0,1,12,10,20,20,0,0,3,255,255,0,1,1,1
121499.0,52,52,52,255,12149,9,0,1,12,10,10,20,3,0,1,255,255,0,1,1,1
121546.0,57,57,57,255,12154,6,0,1,12,10,0,20,15,1,0,255,255,0,1,1,1
121597.0,50,50,50,255,12159,7,0,1,12,10,10,20,10,0,1,255,255,0,1,1,1
121644.0,59,59,59,255,12164,4,0,1,12,10,10,20,6,0,3,255,255,0,1,1,1
121689.0,55,55,55,255,12168,9,0,1,12,10,10,20,15,0,0,255,255,0,1,1,1
121738.0,42,42,42,255,12173,8,0,1,12,10,0,20,13,0,2,255,255,0,1,1,1
121786.0,33,33,33,255,12178,6,0,1,12,10,30,20,7,1,0,255,255,0,1,1,1
121828.0,42,42,42,255,12182,8,0,1,12,10,20,20,13,1,0,255,255,0,1,1,1
121884.0,50,50,50,255,12188,4,0,1,12,10,10,20,11,1,0,255,255,0,1,1,1
121927.0,18,18,18,255,12192,7,0,1,12,10,0,20,15,0,1,255,255,0,1,1,1
121978.0,46,46,46,255,12197,8,0,1,12,10,0,20,14,1,0,255,255,0,1,1,1
122025.0,18,18,18,255,12202,5,0,1,12,10,30,20,15,0,3,255,255,0,1,1,1
122077.0,22,22,22,255,12207,7,0,1,12,10,20,20,8,0,0,255,255,0,1,1,1
122117.0,51,51,51,255,12211,7,0,1,12,10,20,20,6,1,0,255,255,0,1,1,1
122166.0,37,37,37,255,12216,6,0,1,12,10,0,20,1,0,3,255,255,0,1,1,1
122208.0,49,49,49,255,12220,8,0,1,12,10,0,20,11,0,0,255,255,0,1,1,1
122258.0,22,22,22,255,12225,8,0,1,12,10,0,20,9,0,3,255,255,0,1,1,1
122305.0,54,54,54,255,12230,5,0,1,12,10,10,20,1,1,0,255,255,0,1,1,1
122347.0,43,43,43,255,12234,7,0,1,12,10,30,20,13,0,0,255,255,0,1,1,1
122398.0,40,40,40,255,12239,8,0,1,12,10,10,20,6,0,0,255,255,0,1,1,1
122445.0,42,42,42,255,12244,5,0,1,12,10,20,20,14,0,1,255,255,0,1,1,1
122489.0,33,33,33,255,12248,9,0,1,12,10,10,20,8,0,3,255,255,0,1,1,1
122539.0,18,18,18,255,12253,9,0,1,12,10,30,20,0,0,0,255,255,0,1,1,1
122586.0,38,38,38,255,12258,6,0,1,12,10,30,20,0,0,2,255,255,0,1,1,1
122629.0,56,56,56,255,12262,9,0,1,12,10,10,20,15,1,0,255,255,0,1,1,1
122685.0,39,39,39,255,12268,5,0,1,12,10,30,20,12,0,1,255,255,0,1,1,1
122727.0,29,29,29,255,12272,7,0,1,12,10,0,20,1,0,2,255,255,0,1,1,1
122784.0,26,26,26,255,12278,4,0,1,12,10,30,20,2,0,3,255,255,0,1,1,1
122826.0,43,43,43,255,12282,6,0,1,12,10,0,20,14,1,0,255,255,0,1,1,1
122879.0,39,39,39,255,12287,9,0,1,12,10,20,20,12,0,2,255,255,0,1,1,1
122924.0,31,31,31,255,12292,4,0,1,12,10,20,20,12,1,0,255,255,0,1,1,1
122978.0,47,47,47,255,12297,8,0,1,12,10,0,20,8,0,2,255,255,0,1,1,1
123018.0,58,58,58,255,12301,8,0,1,12,10,0,20,14,1,0,255,255,0,1,1,1
123069.0,53,53,53,255,12306,9,0,1,12,10,30,20,3,0,1,255,255,0,1,1,1
123117.0,48,48,48,255,12311,7,0,1,12,10,0,20,11,0,3,255,255,0,1,1,1
123167.0,55,55,55,255,12316,7,0,1,12,10,0,20,0,0,2,255,255,0,1,1,1
123207.0,52,52,52,255,12320,7,0,1,12,10,10,20,5,0,0,255,255,0,1,1,1
123265.0,28,28,28,255,12326,5,0,1,12,10,0,20,1,1,0,255,255,0,1,1,1
123306.0,49,49,49,255,12330,6,0,1,12,10,0,20,11,0,1,255,255,0,1,1,1
123364.0,57,57,57,255,12336,4,0,1,12,10,20,20,1,0,1,255,255,0,1,1,1
123405.0,46,46,46,255,12340,5,0,1,12,10,10,20,15,0,1,255,255,0,1,1,1
123457.0,60,60,60,255,12345,7,0,1,12,10,30,20,4,0,1,255,255,0,1,1,1
123504.0,46,46,46,255,12350,4,0,1,12,10,20,20,15,0,3,255,255,0,1,1,1
123548.0,19,19,19,255,12354,8,0,1,12,10,0,20,3,0,3,255,255,0,1,1,1
123597.0,30,30,30,255,12359,7,0,1,12,10,20,20,8,1,0,255,255,0,1,1,1
123645.0,58,58,58,255,12364,5,0,1,12,10,0,20,14,0,1,255,255,0,1,1,1
123687.0,52,52,52,255,12368,7,0,1,12,10,10,20,5,0,2,255,255,0,1,1,1
123737.0,31,31,31,255,12373,7,0,1,12,10,30,20,13,0,1,255,255,0,1,1,1
123785.0,28,28,28,255,12378,5,0,1,12,10,30,20,2,0,3,255,255,0,1,1,1
123825.0,54,54,54,255,12382,5,0,1,12,10,20,20,3,0,0,255,255,0,1,1,1
123878.0,63,63,63,255,12387,8,0,1,12,10,10,20,0,0,2,255,255,0,1,1,1
123909.0,25,25,25,255,12390,9,0,1,12,10,20,20,6,0,0,255,255,0,1,1,1
123968.0,55,55,55,255,12396,8,0,1,12,10,10,20,1,0,3,255,255,0,1,1,1
124006.0,46,46,46,255,12400,6,0,1,12,10,0,20,0,0,0,255,255,0,1,1,1
124065.0,39,39,39,255,12406,5,0,1,12,10,0,20,13,0,2,255,255,0,1,1,1
124104.0,52,52,52,255,12410,4,0,1,12,10,0,20,5,0,1,255,255,0,1,1,1
124157.0,61,61,61,255,12415,7,0,1,12,10,20,20,4,0,3,255,255,0,1,1,1
124198.0,45,45,45,255,12419,8,0,1,12,10,20,20,12,0,3,255,255,0,1,1,1
124247.0,61,61,61,255,12424,7,0,1,12,10,20,20,4,1,0,255,255,0,1,1,1
124297.0,26,26,26,255,12429,7,0,1,12,10,20,20,3,0,1,255,255,0,1,1,1
124344.0,59,59,59,255,12434,4,0,1,12,10,10,20,8,0,1,255,255,0,1,1,1
124388.0,46,46,46,255,12438,8,0,1,12,10,10,20,0,0,1,255,255,0,1,1,1
124438.0,29,29,29,255,12443,8,0,1,12,10,30,20,3,0,1,255,255,0,1,1,1
124486.0,40,40,40,255,12448,6,0,1,12,10,0,20,8,0,3,255,255,0,1,1,1
124528.0,56,56,56,255,12452,8,0,1,12,10,20,20,0,1,0,255,255,0,1,1,1
124584.0,47,47,47,255,12458,4,0,1,12,10,10,20,11,0,2,255,255,0,1,1,1
124625.0,51,51,51,255,12462,5,0,1,12,10,0,20,8,0,3,255,255,0,1,1,1
124678.0,50,50,50,255,12467,8,0,1,12,10,0,20,13,1,0,255,255,0,1,1,1
124724.0,31,31,31,255,12472,4,0,1,12,10,10,20,14,0,3,255,255,0,1,1,1
124777.0,44,44,44,255,12477,7,0,1,12,10,20,20,14,1,0,255,255,0,1,1,1
124818.0,31,31,31,255,12481,8,0,1,12,10,0,20,15,1,0,255,255,0,1,1,1
124869.0,64,64,64,255,12486,9,0,1,12,10,30,20,0,0,0,255,255,0,1,1,1
124918.0,51,51,51,255,12491,8,0,1,12,10,20,20,8,0,2,255,255,0,1,1,1
124967.0,53,53,53,255,12496,7,0,1,12,10,30,20,5,0,1,255,255,0,1,1,1
125009.0,54,54,54,255,12500,9,0,1,12,10,10,20,4,0,0,255,255,0,1,1,1
125066.0,39,39,39,255,12506,6,0,1,12,10,0,20,14,1,0,255,255,0,1,1,1
125108.0,25,25,25,255,12510,8,0,1,12,10,0,20,7,0,0,255,255,0,1,1,1
125166.0,55,55,55,255,12516,6,0,1,12,10,30,20,3,0,2,255,255,0,1,1,1
125208.0,52,52,52,255,12520,8,0,1,12,10,0,20,6,0,1,255,255,0,1,1,1
125265.0,55,55,55,255,12526,5,0,1,12,10,30,20,3,1,0,255,255,0,1,1,1
125308.0,25,25,25,255,12530,8,0,1,12,10,0,20,7,0,0,255,255,0,1,1,1
125365.0,37,37,37,255,12536,5,0,1,12,10,10,20,4,0,1,255,255,0,1,1,1
125406.0,63,63,63,255,12540,6,0,1,12,10,10,20,2,0,0,255,255,0,1,1,1
125459.0,64,64,64,255,12545,9,0,1,12,10,20,20,1,0,0,255,255,0,1,1,1
125504.0,30,30,30,255,12550,4,0,1,12,10,0,20,10,1,0,255,255,0,1,1,1
125557.0,61,61,61,255,12555,7,0,1,12,10,0,20,6,0,3,255,255,0,1,1,1
125599.0,44,44,44,255,12559,9,0,1,12,10,20,20,15,0,3,255,255,0,1,1,1
125648.0,35,35,35,255,12564,8,0,1,12,10,0,20,8,0,1,255,255,0,1,1,1
125698.0,25,25,25,255,12569,8,0,1,12,10,10,20,7,0,3,255,255,0,1,1,1
125746.0,29,29,29,255,12574,6,0,1,12,10,20,20,4,0,0,255,255,0,1,1,1
125789.0,46,46,46,255,12578,9,0,1,12,10,30,20,1,0,1,255,255,0,1,1,1
125845.0,58,58,58,255,12584,5,0,1,12,10,0,20,1,0,0,255,255,0,1,1,1
125888.0,47,47,47,255,12588,8,0,1,12,10,20,20,12,0,3,255,255,0,1,1,1
125939.0,29,29,29,255,12593,9,0,1,12,10,30,20,4,0,3,255,255,0,1,1,1
125988.0,50,50,50,255,12598,8,0,1,12,10,0,20,14,0,1,255,255,0,1,1,1
126038.0,56,56,56,255,12603,8,0,1,12,10,0,20,2,1,0,255,255,0,1,1,1
126087.0,52,52,52,255,12608,7,0,1,12,10,0,20,7,0,2,255,255,0,1,1,1
126138.0,58,58,58,255,12613,8,0,1,12,10,10,20,1,0,1,255,255,0,1,1,1
126186.0,39,39,39,255,12618,6,0,1,12,10,0,20,15,0,0,255,255,0,1,1,1
126229.0,16,16,16,255,12622,9,0,1,12,10,20,20,9,0,1,255,255,0,1,1,1
126286.0,55,55,55,255,12628,6,0,1,12,10,10,20,4,0,1,255,255,0,1,1,1
126328.0,29,29,29,255,12632,8,0,1,12,10,10,20,5,1,0,255,255,0,1,1,1
126386.0,40,40,40,255,12638,6,0,1,12,10,20,20,10,0,3,255,255,0,1,1,1
126428.0,56,56,56,255,12642,8,0,1,12,10,0,20,3,0,2,255,255,0,1,1,1
126486.0,33,33,33,255,12648,6,0,1,12,10,0,20,13,1,0,255,255,0,1,1,1
126527.0,56,56,56,255,12652,7,0,1,12,10,10,20,3,1,0,255,255,0,1,1,1
126586.0,28,28,28,255,12658,6,0,1,12,10,30,20,4,0,1,255,255,0,1,1,1
126626.0,48,48,48,255,12662,6,0,1,12,10,30,20,14,0,1,255,255,0,1,1,1
126685.0,39,39,39,255,12668,5,0,1,12,10,30,20,0,0,1,255,255,0,1,1,1
126725.0,43,43,43,255,12672,5,0,1,12,10,0,20,2,1,0,255,255,0,1,1,1
126784.0,39,39,39,255,12678,4,0,1,12,10,0,20,0,0,3,255,255,0,1,1,1
126824.0,62,62,62,255,12682,4,0,1,12,10,10,20,5,1,0,255,255,0,1,1,1
126879.0,28,28,28,255,12687,9,0,1,12,10,0,20,4,0,3,255,255,0,1,1,1
126924.0,51,51,51,255,12692,4,0,1,12,10,10,20,10,0,1,255,255,0,1,1,1
126978.0,46,46,46,255,12697,8,0,1,12,10,20,20,3,1,0,255,255,0,1,1,1
127025.0,51,51,51,255,12702,5,0,1,12,10,10,20,10,0,0,255,255,0,1,1,1
127078.0,65,65,65,255,12707,8,0,1,12,10,0,20,2,0,3,255,255,0,1,1,1
127124.0,62,62,62,255,12712,4,0,1,12,10,10,20,5,1,0,255,255,0,1,1,1
127177.0,41,41,41,255,12717,7,0,1,12,10,20,20,14,1,0,255,255,0,1,1,1
127224.0,58,58,58,255,12722,4,0,1,12,10,10,20,2,0,3,255,255,0,1,1,1
127278.0,65,65,65,255,12727,8,0,1,12,10,0,20,2,0,3,255,255,0,1,1,1
127324.0,58,58,58,255,12732,4,0,1,12,10,10,20,2,0,3,255,255,0,1,1,1
127378.0,55,55,55,255,12737,8,0,1,12,10,20,20,5,0,1,255,255,0,1,1,1
127424.0,43,43,43,255,12742,4,0,1,12,10,30,20,3,1,0,255,255,0,1,1,1
127478.0,55,55,55,255,12747,8,0,1,12,10,20,20,5,0,1,255,255,0,1,1,1
127525.0,48,48,48,255,12752,5,0,1,12,10,30,20,15,0,0,255,255,0,1,1,1
127578.0,26,26,26,255,12757,8,0,1,12,10,20,20,6,1,0,255,255,0,1,1,1
127626.0,35,35,35,255,12762,6,0,1,12,10,10,20,10,0,2,255,255,0,1,1,1
127679.0,44,44,44,255,12767,9,0,1,12,10,30,20,2,0,3,255,255,0,1,1,1
127726.0,35,35,35,255,12772,6,0,1,12,10,10,20,10,0,2,255,255,0,1,1,1
127778.0,26,26,26,255,12777,8,0,1,12,10,20,20,6,1,0,255,255,0,1,1,1
127826.0,58,58,58,255,12782,6,0,1,12,10,0,20,3,0,2,255,255,0,1,1,1
127878.0,26,26,26,255,12787,8,0,1,12,10,20,20,6,1,0,255,255,0,1,1,1
127925.0,54,54,54,255,12792,5,0,1,12,10,10,20,7,0,0,255,255,0,1,1,1
127978.0,27,27,27,255,12797,8,0,1,12,10,0,20,10,1,0,255,255,0,1,1,1
128026.00000000001,58,58,58,255,12802,6,0,1,12,10,0,20,3,0,2,255,255,0,1,1,1
128078.0,27,27,27,255,12807,8,0,1,12,10,0,20,10,1,0,255,255,0,1,1,1
128126.0,58,58,58,255,12812,6,0,1,12,10,0,20,3,0,2,255,255,0,1,1,1
128179.0,65,65,65,255,12817,9,0,1,12,10,0,20,2,0,1,255,255,0,1,1,1
128226.0,48,48,48,255,12822,6,0,1,12,10,20,20,0,0,3,255,255,0,1,1,1
128279.0,40,40,40,255,12827,9,0,1,12,10,30,20,13,0,2,255,255,0,1,1,1
128326.0,58,58,58,255,12832,6,0,1,12,10,0,20,3,0,2,255,255,0,1,1,1
128378.99999999999,55,55,55,255,12837,9,0,1,12,10,0,20,6,0,3,255,255,0,1,1,1
128425.00000000001,54,54,54,255,12842,5,0,1,12,10,10,20,7,0,0,255,255,0,1,1,1
128479.00000000001,26,26,26,255,12847,9,0,1,12,10,0,20,7,0,3,255,255,0,1,1,1
128519.0,30,30,30,255,12851,9,0,1,12,10,0,20,14,0,0,255,255,0,1,1,1
128578.0,46,46,46,255,12857,8,0,1,12,10,0,20,5,1,0,255,255,0,1,1,1
128618.0,51,51,51,255,12861,8,0,1,12,10,0,20,12,0,1,255,255,0,1,1,1
128676.99999999999,47,47,47,255,12867,7,0,1,12,10,0,20,15,1,0,255,255,0,1,1,1
128717.99999999999,48,48,48,255,12871,8,0,1,12,10,30,20,1,0,0,255,255,0,1,1,1
128776.99999999999,55,55,55,255,12877,7,0,1,12,10,20,20,6,0,2,255,255,0,1,1,1
128809.0,30,30,30,255,12880,9,0,1,12,10,20,20,14,0,3,255,255,0,1,1,1
128868.0,65,65,65,255,12886,8,0,1,12,10,30,20,3,0,2,255,255,0,1,1,1
128907.99999999999,38,38,38,255,12890,8,0,1,12,10,30,20,6,0,1,255,255,0,1,1,1
128966.00000000001,28,28,28,255,12896,6,0,1,12,10,30,20,7,1,0,255,255,0,1,1,1
129006.0,38,38,38,255,12900,6,0,1,12,10,0,20,6,0,2,255,255,0,1,1,1
129065.0,64,64,64,255,12906,5,0,1,12,10,10,20,6,0,3,255,255,0,1,1,1
129104.99999999999,48,48,48,255,12910,5,0,1,12,10,30,20,1,1,0,255,255,0,1,1,1
129158.99999999999,64,64,64,255,12915,9,0,1,12,10,0,20,6,0,2,255,255,0,1,1,1
129204.00000000001,27,27,27,255,12920,4,0,1,12,10,0,20,11,0,1,255,255,0,1,1,1
129249.0,16,16,16,255,12924,9,0,1,12,10,0,20,12,0,0,255,255,0,1,1,1
129299.0,52,52,52,255,12929,9,0,1,12,10,30,20,10,0,3,255,255,0,1,1,1
129347.00000000001,59,59,59,255,12934,7,0,1,12,10,0,20,13,0,1,255,255,0,1,1,1
129396.99999999999,49,49,49,255,12939,7,0,1,12,10,20,20,3,0,2,255,255,0,1,1,1
129446.0,57,57,57,255,12944,6,0,1,12,10,0,20,8,0,2,255,255,0,1,1,1
129489.0,55,55,55,255,12948,9,0,1,12,10,0,20,6,0,0,255,255,0,1,1,1
129544.00000000001,37,37,37,255,12954,4,0,1,12,10,0,20,9,1,0,255,255,0,1,1,1
129588.0,65,65,65,255,12958,8,0,1,12,10,20,20,3,0,1,255,255,0,1,1,1
129639.00000000001,56,56,56,255,12963,9,0,1,12,10,0,20,7,0,3,255,255,0,1,1,1
129687.00000000001,66,66,66,255,12968,7,0,1,12,10,0,20,1,0,0,255,255,0,1,1,1
129729.00000000001,42,42,42,255,12972,9,0,1,12,10,0,20,6,1,0,255,255,0,1,1,1
129785.0,38,38,38,255,12978,5,0,1,12,10,0,20,7,1,0,255,255,0,1,1,1
129828.0,59,59,59,255,12982,8,0,1,12,10,20,20,14,0,1,255,255,0,1,1,1
129883.99999999999,66,66,66,255,12988,4,0,1,12,10,30,20,1,0,1,255,255,0,1,1,1
129925.99999999999,58,58,58,255,12992,6,0,1,12,10,0,20,5,0,2,255,255,0,1,1,1
129978.00000000001,44,44,44,255,12997,8,0,1,12,10,30,20,5,1,0,255,255,0,1,1,1
130019.0,30,30,30,255,13001,9,0,1,12,10,30,20,0,0,0,255,255,0,1,1,1
130068.99999999999,65,65,65,255,13006,9,0,1,12,10,10,20,4,1,0,255,255,0,1,1,1
130109.00000000001,30,30,30,255,13010,9,0,1,12,10,30,20,0,0,3,255,255,0,1,1,1
130166.0,55,55,55,255,13016,6,0,1,12,10,0,20,7,0,2,255,255,0,1,1,1
130205.99999999999,52,52,52,255,13020,6,0,1,12,10,10,20,12,0,1,255,255,0,1,1,1
130258.00000000001,61,61,61,255,13025,8,0,1,12,10,10,20,11,0,0,255,255,0,1,1,1
130299.0,26,26,26,255,13029,9,0,1,12,10,30,20,8,0,0,255,255,0,1,1,1
130346.0,37,37,37,255,13034,6,0,1,12,10,20,20,10,1,0,255,255,0,1,1,1
130389.00000000001,39,39,39,255,13038,9,0,1,12,10,30,20,4,0,0,255,255,0,1,1,1
130439.0,61,61,61,255,13043,9,0,1,12,10,30,20,11,1,0,255,255,0,1,1,1
130485.99999999999,46,46,46,255,13048,6,0,1,12,10,30,20,6,0,2,255,255,0,1,1,1
130527.99999999999,62,62,62,255,13052,8,0,1,12,10,10,20,9,1,0,255,255,0,1,1,1
130579.00000000001,67,67,67,255,13057,9,0,1,12,10,0,20,0,0,2,255,255,0,1,1,1
130625.0,68,68,68,255,13062,5,0,1,12,10,0,20,0,0,3,255,255,0,1,1,1
130676.99999999999,41,41,41,255,13067,7,0,1,12,10,30,20,2,0,3,255,255,0,1,1,1
130708.0,49,49,49,255,13070,8,0,1,12,10,10,20,4,0,0,255,255,0,1,1,1
130765.99999999999,57,57,57,255,13076,6,0,1,12,10,0,20,9,0,1,255,255,0,1,1,1
130805.0,51,51,51,255,13080,5,0,1,12,10,20,20,14,0,2,255,255,0,1,1,1
130858.0,60,60,60,255,13085,8,0,1,12,10,10,20,12,0,0,255,255,0,1,1,1
130898.0,49,49,49,255,13089,8,0,1,12,10,30,20,4,0,2,255,255,0,1,1,1
130947.0,57,57,57,255,13094,7,0,1,12,10,0,20,9,1,0,255,255,0,1,1,1
130989.0,27,27,27,255,13098,9,0,1,12,10,0,20,13,0,0,255,255,0,1,1,1
131038.00000000001,56,56,56,255,13103,8,0,1,12,10,0,20,8,1,0,255,255,0,1,1,1
131086.0,44,44,44,255,13108,6,0,1,12,10,20,20,6,0,2,255,255,0,1,1,1
131127.0,42,42,42,255,13112,7,0,1,12,10,30,20,7,0,2,255,255,0,1,1,1
131179.0,26,26,26,255,13117,9,0,1,12,10,0,20,9,0,2,255,255,0,1,1,1
131224.0,68,68,68,255,13122,4,0,1,12,10,30,20,0,0,2,255,255,0,1,1,1
131277.0,41,41,41,255,13127,7,0,1,12,10,30,20,2,0,3,255,255,0,1,1,1
131309.0,54,54,54,255,13130,9,0,1,12,10,30,20,10,0,3,255,255,0,1,1,1
131366.0,53,53,53,255,13136,6,0,1,12,10,10,20,11,0,1,255,255,0,1,1,1
131406.0,49,49,49,255,13140,6,0,1,12,10,30,20,4,0,1,255,255,0,1,1,1
131457.0,53,53,53,255,13145,7,0,1,12,10,30,20,11,1,0,255,255,0,1,1,1
131499.0,63,63,63,255,13149,9,0,1,12,10,10,20,7,0,1,255,255,0,1,1,1
131548.0,29,29,29,255,13154,8,0,1,12,10,0,20,10,0,0,255,255,0,1,1,1
131597.0,67,67,67,255,13159,7,0,1,12,10,0,20,1,0,3,255,255,0,1,1,1
131644.0,29,29,29,255,13164,4,0,1,12,10,30,20,10,0,3,255,255,0,1,1,1
131687.0,66,66,66,255,13168,7,0,1,12,10,0,20,3,0,0,255,255,0,1,1,1
131728.0,59,59,59,255,13172,8,0,1,12,10,30,20,0,0,2,255,255,0,1,1,1
131784.0,39,39,39,255,13178,4,0,1,12,10,30,20,5,0,3,255,255,0,1,1,1
131824.0,36,36,36,255,13182,4,0,1,12,10,0,20,11,0,0,255,255,0,1,1,1
131869.0,39,39,39,255,13186,9,0,1,12,10,0,20,5,1,0,255,255,0,1,1,1
131908.0,38,38,38,255,13190,8,0,1,12,10,10,20,8,0,1,255,255,0,1,1,1
131964.0,57,57,57,255,13196,4,0,1,12,10,10,20,10,0,1,255,255,0,1,1,1
131999.0,27,27,27,255,13199,9,0,1,12,10,30,20,15,0,3,255,255,0,1,1,1
132046.0,58,58,58,255,13204,6,0,1,12,10,10,20,7,0,0,255,255,0,1,1,1
132088.0,49,49,49,255,13208,8,0,1,12,10,30,20,5,0,1,255,255,0,1,1,1
132137.0,43,43,43,255,13213,7,0,1,12,10,30,20,7,0,3,255,255,0,1,1,1
132185.0,41,41,41,255,13218,5,0,1,12,10,10,20,3,0,3,255,255,0,1,1,1
132226.0,29,29,29,255,13222,6,0,1,12,10,10,20,11,1,0,255,255,0,1,1,1
132277.0,40,40,40,255,13227,7,0,1,12,10,30,20,1,1,0,255,255,0,1,1,1
132308.0,30,30,30,255,13230,8,0,1,12,10,30,20,2,0,1,255,255,0,1,1,1
132365.0,69,69,69,255,13236,5,0,1,12,10,0,20,0,0,3,255,255,0,1,1,1
132399.0,27,27,27,255,13239,9,0,1,12,10,30,20,15,0,3,255,255,0,1,1,1
132447.0,64,64,64,255,13244,7,0,1,12,10,10,20,9,0,2,255,255,0,1,1,1
132488.0,38,38,38,255,13248,8,0,1,12,10,10,20,9,0,3,255,255,0,1,1,1
132537.0,31,31,31,255,13253,7,0,1,12,10,20,20,6,0,0,255,255,0,1,1,1
132584.0,66,66,66,255,13258,4,0,1,12,10,10,20,4,0,1,255,255,0,1,1,1
132619.0,31,31,31,255,13261,9,0,1,12,10,20,20,6,0,2,255,255,0,1,1,1
132668.0,41,41,41,255,13266,8,0,1,12,10,20,20,3,1,0,255,255,0,1,1,1
132705.0,63,63,63,255,13270,5,0,1,12,10,0,20,8,0,1,255,255,0,1,1,1
132749.0,42,42,42,255,13274,9,0,1,12,10,10,20,10,0,0,255,255,0,1,1,1
132797.0,38,38,38,255,13279,7,0,1,12,10,0,20,9,0,1,255,255,0,1,1,1
132844.0,61,61,61,255,13284,4,0,1,12,10,10,20,13,1,0,255,255,0,1,1,1
132886.0,52,52,52,255,13288,6,0,1,12,10,0,20,14,0,2,255,255,0,1,1,1
132927.0,16,16,16,255,13292,7,0,1,12,10,30,20,0,0,2,255,255,0,1,1,1
132969.0,39,39,39,255,13296,9,0,1,12,10,0,20,5,1,0,255,255,0,1,1,1
133008.0,68,68,68,255,13300,8,0,1,12,10,0,20,2,1,0,255,255,0,1,1,1
133059.0,70,70,70,255,13305,9,0,1,12,10,10,20,0,0,2,255,255,0,1,1,1
133099.0,52,52,52,255,13309,9,0,1,12,10,10,20,14,0,3,255,255,0,1,1,1
133147.0,61,61,61,255,13314,7,0,1,12,10,10,20,13,0,3,255,255,0,1,1,1
133188.0,38,38,38,255,13318,8,0,1,12,10,10,20,9,0,3,255,255,0,1,1,1
133237.0,35,35,35,255,13323,7,0,1,12,10,10,20,15,0,1,255,255,0,1,1,1
133279.0,50,50,50,255,13327,9,0,1,12,10,10,20,5,1,0,255,255,0,1,1,1
133319.0,58,58,58,255,13331,9,0,1,12,10,30,20,8,0,3,255,255,0,1,1,1
133367.0,66,66,66,255,13336,7,0,1,12,10,20,20,5,0,2,255,255,0,1,1,1
133406.0,46,46,46,255,13340,6,0,1,12,10,20,20,9,0,1,255,255,0,1,1,1
133449.0,56,56,56,255,13344,9,0,1,12,10,10,20,10,0,3,255,255,0,1,1,1
133498.0,44,44,44,255,13349,8,0,1,12,10,0,20,9,0,0,255,255,0,1,1,1
133545.0,62,62,62,255,13354,5,0,1,12,10,0,20,12,0,3,255,255,0,1,1,1
133586.0,38,38,38,255,13358,6,0,1,12,10,30,20,10,1,0,255,255,0,1,1,1
133628.0,43,43,43,255,13362,8,0,1,12,10,0,20,9,0,3,255,255,0,1,1,1
133677.0,44,44,44,255,13367,7,0,1,12,10,30,20,9,1,0,255,255,0,1,1,1
133718.0,30,30,30,255,13371,8,0,1,12,10,0,20,3,0,3,255,255,0,1,1,1
133765.0,55,55,55,255,13376,5,0,1,12,10,0,20,10,0,2,255,255,0,1,1,1
133804.0,49,49,49,255,13380,4,0,1,12,10,0,20,6,0,2,255,255,0,1,1,1
133848.0,16,16,16,255,13384,8,0,1,12,10,0,20,1,0,1,255,255,0,1,1,1
133889.0,65,65,65,255,13388,9,0,1,12,10,30,20,7,0,0,255,255,0,1,1,1
133937.0,35,35,35,255,13393,7,0,1,12,10,10,20,15,0,1,255,255,0,1,1,1
133985.0,67,67,67,255,13398,5,0,1,12,10,20,20,3,0,2,255,255,0,1,1,1
134025.0,58,58,58,255,13402,5,0,1,12,10,30,20,9,1,0,255,255,0,1,1,1
134068.0,70,70,70,255,13406,8,0,1,12,10,30,20,1,0,1,255,255,0,1,1,1
134107.0,49,49,49,255,13410,7,0,1,12,10,30,20,6,0,1,255,255,0,1,1,1
134157.0,69,69,69,255,13415,7,0,1,12,10,0,20,2,0,2,255,255,0,1,1,1
134197.0,46,46,46,255,13419,7,0,1,12,10,20,20,9,0,2,255,255,0,1,1,1
134245.0,58,58,58,255,13424,5,0,1,12,10,20,20,9,0,1,255,255,0,1,1,1
134287.0,26,26,26,255,13428,7,0,1,12,10,20,20,13,0,3,255,255,0,1,1,1
134327.0,58,58,58,255,13432,7,0,1,12,10,0,20,9,0,2,255,255,0,1,1,1
134378.0,44,44,44,255,13437,8,0,1,12,10,0,20,10,1,0,255,255,0,1,1,1
134409.0,36,36,36,255,13440,9,0,1,12,10,30,20,13,0,3,255,255,0,1,1,1
134464.0,53,53,53,255,13446,4,0,1,12,10,30,20,15,0,2,255,255,0,1,1,1
134499.0,25,25,25,255,13449,9,0,1,12,10,0,20,0,0,3,255,255,0,1,1,1
134546.0,35,35,35,255,13454,6,0,1,12,10,30,20,0,0,0,255,255,0,1,1,1
134587.0,52,52,52,255,13458,7,0,1,12,10,10,20,15,1,0,255,255,0,1,1,1
134628.0,62,62,62,255,13462,8,0,1,12,10,0,20,13,0,2,255,255,0,1,1,1
134678.0,44,44,44,255,13467,8,0,1,12,10,0,20,10,1,0,255,255,0,1,1,1
134709.0,38,38,38,255,13470,9,0,1,12,10,20,20,11,0,0,255,255,0,1,1,1
134759.0,53,53,53,255,13475,9,0,1,12,10,10,20,0,0,2,255,255,0,1,1,1
134799.0,71,71,71,255,13479,9,0,1,12,10,10,20,0,0,2,255,255,0,1,1,1
134846.0,59,59,59,255,13484,6,0,1,12,10,30,20,2,0,1,255,255,0,1,1,1
134886.0,33,33,33,255,13488,6,0,1,12,10,0,20,6,1,0,255,255,0,1,1,1
134928.0,31,31,31,255,13492,8,0,1,12,10,30,20,7,0,3,255,255,0,1,1,1
134978.0,46,46,46,255,13497,8,0,1,12,10,20,20,10,0,2,255,255,0,1,1,1
135009.0,30,30,30,255,13500,9,0,1,12,10,0,20,5,0,2,255,255,0,1,1,1
135059.0,69,69,69,255,13505,9,0,1,12,10,20,20,3,0,3,255,255,0,1,1,1
135104.0,40,40,40,255,13510,4,0,1,12,10,0,20,4,0,0,255,255,0,1,1,1
135146.0,37,37,37,255,13514,6,0,1,12,10,30,20,15,1,0,255,255,0,1,1,1
135187.0,40,40,40,255,13518,7,0,1,12,10,10,20,5,0,1,255,255,0,1,1,1
135228.0,16,16,16,255,13522,8,0,1,12,10,10,20,3,1,0,255,255,0,1,1,1
135277.0,26,26,26,255,13527,7,0,1,12,10,20,20,14,1,0,255,255,0,1,1,1
135317.0,48,48,48,255,13531,7,0,1,12,10,30,20,7,0,2,255,255,0,1,1,1
135364.0,69,69,69,255,13536,4,0,1,12,10,0,20,3,0,1,255,255,0,1,1,1
135404.0,49,49,49,255,13540,4,0,1,12,10,30,20,8,0,2,255,255,0,1,1,1
135445.0,16,16,16,255,13544,5,0,1,12,10,0,20,3,0,3,255,255,0,1,1,1
135487.0,26,26,26,255,13548,7,0,1,12,10,0,20,15,0,2,255,255,0,1,1,1
135527.0,42,42,42,255,13552,7,0,1,12,10,0,20,12,1,0,255,255,0,1,1,1
135577.0,44,44,44,255,13557,7,0,1,12,10,30,20,11,1,0,255,255,0,1,1,1
135617.0,58,58,58,255,13561,7,0,1,12,10,0,20,10,1,0,255,255,0,1,1,1
135664.0,53,53,53,255,13566,4,0,1,12,10,10,20,1,0,2,255,255,0,1,1,1
135704.0,33,33,33,255,13570,4,0,1,12,10,0,20,7,0,3,255,255,0,1,1,1
135744.0,64,64,64,255,13574,4,0,1,12,10,20,20,12,1,0,255,255,0,1,1,1
135788.0,47,47,47,255,13578,8,0,1,12,10,30,20,7,0,1,255,255,0,1,1,1
135828.0,48,48,48,255,13582,8,0,1,12,10,10,20,8,0,0,255,255,0,1,1,1
135878.0,47,47,47,255,13587,8,0,1,12,10,0,20,7,1,0,255,255,0,1,1,1
135917.0,36,36,36,255,13591,7,0,1,12,10,30,20,15,0,1,255,255,0,1,1,1
135964.0,53,53,53,255,13596,4,0,1,12,10,10,20,1,0,2,255,255,0,1,1,1
135999.0,46,46,46,255,13599,9,0,1,12,10,0,20,11,0,1,255,255,0,1,1,1
136045.0,42,42,42,255,13604,5,0,1,12,10,30,20,13,0,0,255,255,0,1,1,1
136087.0,28,28,28,255,13608,7,0,1,12,10,20,20,13,0,1,255,255,0,1,1,1
136127.0,29,29,29,255,13612,7,0,1,12,10,0,20,15,1,0,255,255,0,1,1,1
136177.0,65,65,65,255,13617,7,0,1,12,10,20,20,9,1,0,255,255,0,1,1,1
136207.0,51,51,51,255,13620,7,0,1,12,10,0,20,4,1,0,255,255,0,1,1,1
136258.0,61,61,61,255,13625,8,0,1,12,10,10,20,1,0,1,255,255,0,1,1,1
136297.0,50,50,50,255,13629,7,0,1,12,10,30,20,8,0,0,255,255,0,1,1,1
136339.0,59,59,59,255,13633,9,0,1,12,10,10,20,3,0,1,255,255,0,1,1,1
136384.0,55,55,55,255,13638,4,0,1,12,10,0,20,12,0,0,255,255,0,1,1,1
136419.0,48,48,48,255,13641,9,0,1,12,10,20,20,9,0,3,255,255,0,1,1,1
136468.0,37,37,37,255,13646,8,0,1,12,10,0,20,0,0,0,255,255,0,1,1,1
136504.0,67,67,67,255,13650,4,0,1,12,10,0,20,6,0,0,255,255,0,1,1,1
136547.0,64,64,64,255,13654,7,0,1,12,10,0,20,13,1,0,255,255,0,1,1,1
136588.0,25,25,25,255,13658,8,0,1,12,10,30,20,3,0,2,255,255,0,1,1,1
136629.0,31,31,31,255,13662,9,0,1,12,10,0,20,8,0,1,255,255,0,1,1,1
136678.0,41,41,41,255,13667,8,0,1,12,10,30,20,7,1,0,255,255,0,1,1,1
136708.0,68,68,68,255,13670,8,0,1,12,10,10,20,7,1,0,255,255,0,1,1,1
136764.0,69,69,69,255,13676,4,0,1,12,10,30,20,5,0,3,255,255,0,1,1,1
136798.0,47,47,47,255,13679,8,0,1,12,10,0,20,8,0,0,255,255,0,1,1,1
136844.0,57,57,57,255,13684,4,0,1,12,10,30,20,15,1,0,255,255,0,1,1,1
136886.0,49,49,49,255,13688,6,0,1,12,10,30,20,9,0,2,255,255,0,1,1,1
136925.0,31,31,31,255,13692,5,0,1,12,10,30,20,9,0,3,255,255,0,1,1,1
136969.0,65,65,65,255,13696,9,0,1,12,10,0,20,10,0,2,255,255,0,1,1,1
137006.0,71,71,71,255,13700,6,0,1,12,10,20,20,2,0,2,255,255,0,1,1,1
137049.0,37,37,37,255,13704,9,0,1,12,10,30,20,1,1,0,255,255,0,1,1,1
137088.0,39,39,39,255,13708,8,0,1,12,10,20,20,10,0,0,255,255,0,1,1,1
137137.0,56,56,56,255,13713,7,0,1,12,10,30,20,13,0,2,255,255,0,1,1,1
137184.0,72,72,72,255,13718,4,0,1,12,10,30,20,1,0,2,255,255,0,1,1,1
137218.0,51,51,51,255,13721,8,0,1,12,10,10,20,5,0,2,255,255,0,1,1,1
137266.0,57,57,57,255,13726,6,0,1,12,10,0,20,0,0,0,255,255,0,1,1,1
137304.0,63,63,63,255,13730,4,0,1,12,10,0,20,11,0,0,255,255,0,1,1,1
137346.0,56,56,56,255,13734,6,0,1,12,10,20,20,14,0,1,255,255,0,1,1,1
137387.0,55,55,55,255,13738,7,0,1,12,10,30,20,13,0,0,255,255,0,1,1,1
137427.0,62,62,62,255,13742,7,0,1,12,10,10,20,0,1,0,255,255,0,1,1,1
137477.0,50,50,50,255,13747,7,0,1,12,10,10,20,10,1,0,255,255,0,1,1,1
137508.0,68,68,68,255,13750,8,0,1,12,10,10,20,7,1,0,255,255,0,1,1,1
137559.0,53,53,53,255,13755,9,0,1,12,10,30,20,2,0,2,255,255,0,1,1,1
137597.0,33,33,33,255,13759,7,0,1,12,10,20,20,9,1,0,255,255,0,1,1,1
137639.0,31,31,31,255,13763,9,0,1,12,10,10,20,10,0,0,255,255,0,1,1,1
137686.0,26,26,26,255,13768,6,0,1,12,10,20,20,0,0,1,255,255,0,1,1,1
137725.0,35,35,35,255,13772,5,0,1,12,10,0,20,3,0,2,255,255,0,1,1,1
137768.0,65,65,65,255,13776,8,0,1,12,10,10,20,10,1,0,255,255,0,1,1,1
137806.0,54,54,54,255,13780,6,0,1,12,10,30,20,1,0,2,255,255,0,1,1,1
137848.0,37,37,37,255,13784,8,0,1,12,10,0,20,2,0,3,255,255,0,1,1,1
137889.0,27,27,27,255,13788,9,0,1,12,10,30,20,4,0,1,255,255,0,1,1,1
137929.0,68,68,68,255,13792,9,0,1,12,10,20,20,8,0,1,255,255,0,1,1,1
137984.0,67,67,67,255,13798,4,0,1,12,10,0,20,7,0,2,255,255,0,1,1,1
138017.0,71,71,71,255,13801,7,0,1,12,10,30,20,3,0,2,255,255,0,1,1,1
138065.0,55,55,55,255,13806,5,0,1,12,10,0,20,14,0,2,255,255,0,1,1,1
138104.0,52,52,52,255,13810,4,0,1,12,10,10,20,4,0,1,255,255,0,1,1,1
138146.0,59,59,59,255,13814,6,0,1,12,10,0,20,5,0,1,255,255,0,1,1,1
138187.0,33,33,33,255,13818,7,0,1,12,10,0,20,10,0,3,255,255,0,1,1,1
138226.0,59,59,59,255,13822,6,0,1,12,10,20,20,6,0,2,255,255,0,1,1,1
138277.0,53,53,53,255,13827,7,0,1,12,10,30,20,3,0,3,255,255,0,1,1,1
138306.0,67,67,67,255,13830,6,0,1,12,10,30,20,8,0,1,255,255,0,1,1,1
138357.0,60,60,60,255,13835,7,0,1,12,10,30,20,3,0,0,255,255,0,1,1,1
138397.0,71,71,71,255,13839,7,0,1,12,10,10,20,3,1,0,255,255,0,1,1,1
138438.0,43,43,43,255,13843,8,0,1,12,10,30,20,15,0,1,255,255,0,1,1,1
138485.0,40,40,40,255,13848,5,0,1,12,10,20,20,8,0,3,255,255,0,1,1,1
138518.0,30,30,30,255,13851,8,0,1,12,10,20,20,8,0,1,255,255,0,1,1,1
138568.0,66,66,66,255,13856,8,0,1,12,10,30,20,9,0,3,255,255,0,1,1,1
138604.0,71,71,71,255,13860,4,0,1,12,10,20,20,4,0,2,255,255,0,1,1,1
138648.0,16,16,16,255,13864,8,0,1,12,10,20,20,6,0,0,255,255,0,1,1,1
138687.0,66,66,66,255,13868,7,0,1,12,10,20,20,9,0,0,255,255,0,1,1,1
138729.0,31,31,31,255,13872,9,0,1,12,10,10,20,11,0,3,255,255,0,1,1,1
138779.0,55,55,55,255,13877,9,0,1,12,10,30,20,15,0,3,255,255,0,1,1,1
138808.0,71,71,71,255,13880,8,0,1,12,10,30,20,4,0,1,255,255,0,1,1,1
138859.0,37,37,37,255,13885,9,0,1,12,10,30,20,3,1,0,255,255,0,1,1,1
138889.0,52,52,52,255,13888,9,0,1,12,10,30,20,5,0,3,255,255,0,1,1,1
138939.0,42,42,42,255,13893,9,0,1,12,10,0,20,0,0,2,255,255,0,1,1,1
138985.0,67,67,67,255,13898,5,0,1,12,10,10,20,9,0,3,255,255,0,1,1,1
139019.0,31,31,31,255,13901,9,0,1,12,10,10,20,11,0,2,255,255,0,1,1,1
139067.0,41,41,41,255,13906,7,0,1,12,10,30,20,10,1,0,255,255,0,1,1,1
139104.0,25,25,25,255,13910,4,0,1,12,10,30,20,6,0,3,255,255,0,1,1,1
139146.0,57,57,57,255,13914,6,0,1,12,10,20,20,2,1,0,255,255,0,1,1,1
139187.0,63,63,63,255,13918,7,0,1,12,10,20,20,14,0,3,255,255,0,1,1,1
139227.0,68,68,68,255,13922,7,0,1,12,10,0,20,9,0,3,255,255,0,1,1,1
139277.0,41,41,41,255,13927,7,0,1,12,10,30,20,10,0,3,255,255,0,1,1,1
139307.0,27,27,27,255,13930,7,0,1,12,10,30,20,6,0,1,255,255,0,1,1,1
139349.0,64,64,64,255,13934,9,0,1,12,10,0,20,0,0,3,255,255,0,1,1,1
139389.0,33,33,33,255,13938,9,0,1,12,10,10,20,10,0,1,255,255,0,1,1,1
139437.0,60,60,60,255,13943,7,0,1,12,10,30,20,4,1,0,255,255,0,1,1,1
139479.0,47,47,47,255,13947,9,0,1,12,10,0,20,11,0,3,255,255,0,1,1,1
139517.0,71,71,71,255,13951,7,0,1,12,10,20,20,5,0,1,255,255,0,1,1,1
139559.0,69,69,69,255,13955,9,0,1,12,10,20,20,7,0,2,255,255,0,1,1,1
139597.0,71,71,71,255,13959,7,0,1,12,10,0,20,5,1,0,255,255,0,1,1,1
139645.0,62,62,62,255,13964,5,0,1,12,10,30,20,4,0,0,255,255,0,1,1,1
139685.0,38,38,38,255,13968,5,0,1,12,10,10,20,0,1,0,255,255,0,1,1,1
139724.0,58,58,58,255,13972,4,0,1,12,10,10,20,14,0,2,255,255,0,1,1,1
139768.0,39,39,39,255,13976,8,0,1,12,10,30,20,13,0,2,255,255,0,1,1,1
139806.0,30,30,30,255,13980,6,0,1,12,10,0,20,10,0,3,255,255,0,1,1,1
139848.0,35,35,35,255,13984,8,0,1,12,10,0,20,5,0,0,255,255,0,1,1,1
139889.0,46,46,46,255,13988,9,0,1,12,10,0,20,15,0,3,255,255,0,1,1,1
139928.0,68,68,68,255,13992,8,0,1,12,10,10,20,10,0,1,255,255,0,1,1,1
139978.0,65,65,65,255,13997,8,0,1,12,10,30,20,13,0,3,255,255,0,1,1,1
140009.0,49,49,49,255,14000,9,0,1,12,10,0,20,13,0,0,255,255,0,1,1,1
140059.0,37,37,37,255,14005,9,0,1,12,10,0,20,5,0,3,255,255,0,1,1,1
140098.0,38,38,38,255,14009,8,0,1,12,10,0,20,0,0,1,255,255,0,1,1,1
140139.0,31,31,31,255,14013,9,0,1,12,10,20,20,12,0,0,255,255,0,1,1,1
140185.0,72,72,72,255,14018,5,0,1,12,10,30,20,5,1,0,255,255,0,1,1,1
140225.0,51,51,51,255,14022,5,0,1,12,10,10,20,8,0,3,255,255,0,1,1,1
140269.0,41,41,41,255,14026,9,0,1,12,10,0,20,11,0,2,255,255,0,1,1,1
140305.0,54,54,54,255,14030,5,0,1,12,10,30,20,3,1,0,255,255,0,1,1,1
140349.0,16,16,16,255,14034,9,0,1,12,10,30,20,7,0,0,255,255,0,1,1,1
140389.0,65,65,65,255,14038,9,0,1,12,10,30,20,14,0,1,255,255,0,1,1,1
140437.0,60,60,60,255,14043,7,0,1,12,10,30,20,6,1,0,255,255,0,1,1,1
140484.0,26,26,26,255,14048,4,0,1,12,10,10,20,3,0,2,255,255,0,1,1,1
140519.0,30,30,30,255,14051,9,0,1,12,10,20,20,11,0,0,255,255,0,1,1,1
140568.0,53,53,53,255,14056,8,0,1,12,10,30,20,5,0,1,255,255,0,1,1,1
140604.0,46,46,46,255,14060,4,0,1,12,10,0,20,15,0,0,255,255,0,1,1,1
140648.0,29,29,29,255,14064,8,0,1,12,10,20,20,4,0,0,255,255,0,1,1,1
140688.0,40,40,40,255,14068,8,0,1,12,10,0,20,10,0,1,255,255,0,1,1,1
140728.0,68,68,68,255,14072,8,0,1,12,10,10,20,10,0,1,255,255,0,1,1,1
140779.0,39,39,39,255,14077,9,0,1,12,10,0,20,13,0,3,255,255,0,1,1,1
140809.0,68,68,68,255,14080,9,0,1,12,10,0,20,10,1,0,255,255,0,1,1,1
140866.0,37,37,37,255,14086,6,0,1,12,10,0,20,6,0,1,255,255,0,1,1,1
140899.0,26,26,26,255,14089,9,0,1,12,10,30,20,4,0,0,255,255,0,1,1,1
140946.0,64,64,64,255,14094,6,0,1,12,10,30,20,2,0,2,255,255,0,1,1,1
140987.0,33,33,33,255,14098,7,0,1,12,10,10,20,12,0,2,255,255,0,1,1,1
141027.0,51,51,51,255,14102,7,0,1,12,10,20,20,8,0,1,255,255,0,1,1,1
141077.0,63,63,63,255,14107,7,0,1,12,10,30,20,15,1,0,255,255,0,1,1,1
141106.0,72,72,72,255,14110,6,0,1,12,10,20,20,6,0,1,255,255,0,1,1,1
141158.0,70,70,70,255,14115,8,0,1,12,10,0,20,8,0,2,255,255,0,1,1,1
141188.0,50,50,50,255,14118,8,0,1,12,10,10,20,14,0,1,255,255,0,1,1,1
141237.0,62,62,62,255,14123,7,0,1,12,10,0,20,6,0,1,255,255,0,1,1,1
141278.0,63,63,63,255,14127,8,0,1,12,10,30,20,0,1,0,255,255,0,1,1,1
141308.0,33,33,33,255,14130,8,0,1,12,10,30,20,12,0,0,255,255,0,1,1,1
141359.0,57,57,57,255,14135,9,0,1,12,10,10,20,5,0,0,255,255,0,1,1,1
141389.0,26,26,26,255,14138,9,0,1,12,10,0,20,4,0,3,255,255,0,1,1,1
141439.0,68,68,68,255,14143,9,0,1,12,10,30,20,11,0,0,255,255,0,1,1,1
141484.0,41,41,41,255,14148,4,0,1,12,10,0,20,13,0,1,255,255,0,1,1,1
141517.0,51,51,51,255,14151,7,0,1,12,10,0,20,9,1,0,255,255,0,1,1,1
141566.0,70,70,70,255,14156,6,0,1,12,10,0,20,9,0,3,255,255,0,1,1,1
141598.0,54,54,54,255,14159,8,0,1,12,10,10,20,5,1,0,255,255,0,1,1,1
141645.0,35,35,35,255,14164,5,0,1,12,10,10,20,8,0,1,255,255,0,1,1,1
141686.0,67,67,67,255,14168,6,0,1,12,10,30,20,11,0,1,255,255,0,1,1,1
141724.0,51,51,51,255,14172,4,0,1,12,10,0,20,9,0,3,255,255,0,1,1,1
141767.0,73,73,73,255,14176,7,0,1,12,10,30,20,4,1,0,255,255,0,1,1,1
141804.0,33,33,33,255,14180,4,0,1,12,10,20,20,13,0,3,255,255,0,1,1,1
141847.0,60,60,60,255,14184,7,0,1,12,10,30,20,7,0,2,255,255,0,1,1,1
141887.0,47,47,47,255,14188,7,0,1,12,10,20,20,13,0,1,255,255,0,1,1,1
141927.0,31,31,31,255,14192,7,0,1,12,10,0,20,14,0,1,255,255,0,1,1,1
141977.0,39,39,39,255,14197,7,0,1,12,10,0,20,15,0,2,255,255,0,1,1,1
142006.0,48,48,48,255,14200,6,0,1,12,10,0,20,13,1,0,255,255,0,1,1,1
142057.0,42,42,42,255,14205,7,0,1,12,10,0,20,3,0,0,255,255,0,1,1,1
142089.0,28,28,28,255,14208,9,0,1,12,10,30,20,3,0,0,255,255,0,1,1,1
142129.0,43,43,43,255,14212,9,0,1,12,10,0,20,3,0,2,255,255,0,1,1,1
142178.0,73,73,73,255,14217,8,0,1,12,10,20,20,4,0,3,255,255,0,1,1,1
142208.0,36,36,36,255,14220,8,0,1,12,10,0,20,5,0,1,255,255,0,1,1,1
142264.0,64,64,64,255,14226,4,0,1,12,10,0,20,3,0,2,255,255,0,1,1,1
142297.0,46,46,46,255,14229,7,0,1,12,10,10,20,0,0,0,255,255,0,1,1,1
142344.0,16,16,16,255,14234,4,0,1,12,10,10,20,9,0,1,255,255,0,1,1,1
142384.0,26,26,26,255,14238,4,0,1,12,10,20,20,5,0,2,255,255,0,1,1,1
142417.0,71,71,71,255,14241,7,0,1,12,10,10,20,8,0,1,255,255,0,1,1,1
142466.0,70,70,70,255,14246,6,0,1,12,10,0,20,9,0,3,255,255,0,1,1,1
142499.0,36,36,36,255,14249,9,0,1,12,10,0,20,6,1,0,255,255,0,1,1,1
142546.0,56,56,56,255,14254,6,0,1,12,10,0,20,2,0,3,255,255,0,1,1,1
142586.0,50,50,50,255,14258,6,0,1,12,10,0,20,15,0,2,255,255,0,1,1,1
142625.0,54,54,54,255,14262,5,0,1,12,10,30,20,6,0,0,255,255,0,1,1,1
142669.0,64,64,64,255,14266,9,0,1,12,10,10,20,3,0,0,255,255,0,1,1,1
142705.0,49,49,49,255,14270,5,0,1,12,10,0,20,15,0,1,255,255,0,1,1,1
142748.0,16,16,16,255,14274,8,0,1,12,10,30,20,10,0,0,255,255,0,1,1,1
142788.0,27,27,27,255,14278,8,0,1,12,10,10,20,9,0,3,255,255,0,1,1,1
142829.0,29,29,29,255,14282,9,0,1,12,10,30,20,6,1,0,255,255,0,1,1,1
142879.0,53,53,53,255,14287,9,0,1,12,10,10,20,8,0,0,255,255,0,1,1,1
142909.0,71,71,71,255,14290,9,0,1,12,10,0,20,8,0,3,255,255,0,1,1,1
142964.0,37,37,37,255,14296,4,0,1,12,10,20,20,7,0,1,255,255,0,1,1,1
142998.0,25,25,25,255,14299,8,0,1,12,10,10,20,10,0,2,255,255,0,1,1,1
143039.0,43,43,43,255,14303,9,0,1,12,10,10,20,4,0,0,255,255,0,1,1,1
143085.0,67,67,67,255,14308,5,0,1,12,10,30,20,12,1,0,255,255,0,1,1,1
143119.0,51,51,51,255,14311,9,0,1,12,10,10,20,10,0,3,255,255,0,1,1,1
143168.0,65,65,65,255,14316,8,0,1,12,10,10,20,0,0,2,255,255,0,1,1,1
143204.0,49,49,49,255,14320,4,0,1,12,10,0,20,0,0,1,255,255,0,1,1,1
143247.0,60,60,60,255,14324,7,0,1,12,10,0,20,9,0,2,255,255,0,1,1,1
143287.0,47,47,47,255,14328,7,0,1,12,10,10,20,15,0,1,255,255,0,1,1,1
143327.0,42,42,42,255,14332,7,0,1,12,10,0,20,4,1,0,255,255,0,1,1,1
143378.0,41,41,41,255,14337,8,0,1,12,10,0,20,15,0,1,255,255,0,1,1,1
143408.0,71,71,71,255,14340,8,0,1,12,10,20,20,9,0,3,255,255,0,1,1,1
143459.0,70,70,70,255,14345,9,0,1,12,10,30,20,10,0,2,255,255,0,1,1,1
143497.0,52,52,52,255,14349,7,0,1,12,10,0,20,10,0,3,255,255,0,1,1,1
143544.0,61,61,61,255,14354,4,0,1,12,10,30,20,7,0,1,255,255,0,1,1,1
143584.0,50,50,50,255,14358,4,0,1,12,10,10,20,0,0,2,255,255,0,1,1,1
143618.0,58,58,58,255,14361,8,0,1,12,10,10,20,1,1,0,255,255,0,1,1,1
143666.0,73,73,73,255,14366,6,0,1,12,10,0,20,6,1,0,255,255,0,1,1,1
143699.0,52,52,52,255,14369,9,0,1,12,10,30,20,11,0,3,255,255,0,1,1,1
143746.0,69,69,69,255,14374,6,0,1,12,10,30,20,12,1,0,255,255,0,1,1,1
143786.0,67,67,67,255,14378,6,0,1,12,10,10,20,13,0,3,255,255,0,1,1,1
143824.0,35,35,35,255,14382,4,0,1,12,10,30,20,9,1,0,255,255,0,1,1,1
143867.0,39,39,39,255,14386,7,0,1,12,10,10,20,1,0,3,255,255,0,1,1,1
143905.0,54,54,54,255,14390,5,0,1,12,10,0,20,7,0,3,255,255,0,1,1,1
143948.0,42,42,42,255,14394,8,0,1,12,10,0,20,5,0,3,255,255,0,1,1,1
143988.0,41,41,41,255,14398,8,0,1,12,10,20,20,0,0,1,255,255,0,1,1,1
144025.0,29,29,29,255,14402,5,0,1,12,10,30,20,7,1,0,255,255,0,1,1,1
144069.0,47,47,47,255,14406,9,0,1,12,10,0,20,0,1,0,255,255,0,1,1,1
144106.0,36,36,36,255,14410,6,0,1,12,10,30,20,8,0,2,255,255,0,1,1,1
144149.0,64,64,64,255,14414,9,0,1,12,10,10,20,4,0,2,255,255,0,1,1,1
144188.0,26,26,26,255,14418,8,0,1,12,10,30,20,6,0,2,255,255,0,1,1,1
144227.0,43,43,43,255,14422,7,0,1,12,10,30,20,5,0,3,255,255,0,1,1,1
144277.0,65,65,65,255,14427,7,0,1,12,10,20,20,2,0,2,255,255,0,1,1,1
144306.0,67,67,67,255,14430,6,0,1,12,10,0,20,14,0,3,255,255,0,1,1,1
144349.0,57,57,57,255,14434,9,0,1,12,10,10,20,8,1,0,255,255,0,1,1,1
144389.0,41,41,41,255,14438,9,0,1,12,10,30,20,0,0,0,255,255,0,1,1,1
144428.0,16,16,16,255,14442,8,0,1,12,10,30,20,12,0,2,255,255,0,1,1,1
144477.0,74,74,74,255,14447,7,0,1,12,10,0,20,3,0,3,255,255,0,1,1,1
144507.0,36,36,36,255,14450,7,0,1,12,10,0,20,8,0,3,255,255,0,1,1,1
144557.0,60,60,60,255,14455,7,0,1,12,10,10,20,10,0,1,255,255,0,1,1,1
144597.0,38,38,38,255,14459,7,0,1,12,10,0,20,4,0,1,255,255,0,1,1,1
144637.0,68,68,68,255,14463,7,0,1,12,10,10,20,15,0,1,255,255,0,1,1,1
144679.0,52,52,52,255,14467,9,0,1,12,10,20,20,11,1,0,255,255,0,1,1,1
144717.0,51,51,51,255,14471,7,0,1,12,10,10,20,12,0,2,255,255,0,1,1,1
144764.0,53,53,53,255,14476,4,0,1,12,10,20,20,10,0,1,255,255,0,1,1,1
144799.0,46,46,46,255,14479,9,0,1,12,10,0,20,3,0,1,255,255,0,1,1,1
144845.0,62,62,62,255,14484,5,0,1,12,10,30,20,9,0,3,255,255,0,1,1,1
144885.0,38,38,38,255,14488,5,0,1,12,10,0,20,4,1,0,255,255,0,1,1,1
144925.0,43,43,43,255,14492,5,0,1,12,10,0,20,7,0,2,255,255,0,1,1,1
144967.0,41,41,41,255,14496,7,0,1,12,10,20,20,1,0,2,255,255,0,1,1,1
145004.0,49,49,49,255,14500,4,0,1,12,10,0,20,2,0,1,255,255,0,1,1,1
145048.0,60,60,60,255,14504,8,0,1,12,10,0,20,11,0,2,255,255,0,1,1,1
145088.0,47,47,47,255,14508,8,0,1,12,10,0,20,0,0,3,255,255,0,1,1,1
145129.0,31,31,31,255,14512,9,0,1,12,10,20,20,2,0,0,255,255,0,1,1,1
145178.0,26,26,26,255,14517,8,0,1,12,10,30,20,7,0,2,255,255,0,1,1,1
145208.0,25,25,25,255,14520,8,0,1,12,10,10,20,12,0,0,255,255,0,1,1,1
145259.0,69,69,69,255,14525,9,0,1,12,10,20,20,13,0,3,255,255,0,1,1,1
145298.0,72,72,72,255,14529,8,0,1,12,10,30,20,11,0,3,255,255,0,1,1,1
145339.0,75,75,75,255,14533,9,0,1,12,10,0,20,1,0,0,255,255,0,1,1,1
145386.0,47,47,47,255,14538,6,0,1,12,10,20,20,1,0,1,255,255,0,1,1,1
145424.0,62,62,62,255,14542,4,0,1,12,10,10,20,10,1,0,255,255,0,1,1,1
145469.0,74,74,74,255,14546,9,0,1,12,10,30,20,5,0,2,255,255,0,1,1,1
145505.0,33,33,33,255,14550,5,0,1,12,10,10,20,0,0,0,255,255,0,1,1,1
145559.0,70,70,70,255,14555,9,0,1,12,10,0,20,13,0,3,255,255,0,1,1,1
145589.0,40,40,40,255,14558,9,0,1,12,10,10,20,15,0,1,255,255,0,1,1,1
145638.0,31,31,31,255,14563,8,0,1,12,10,20,20,3,0,1,255,255,0,1,1,1
145684.0,50,50,50,255,14568,4,0,1,12,10,30,20,2,0,2,255,255,0,1,1,1
145719.0,51,51,51,255,14571,9,0,1,12,10,0,20,12,0,3,255,255,0,1,1,1
145768.0,39,39,39,255,14576,8,0,1,12,10,0,20,2,0,2,255,255,0,1,1,1
145799.0,38,38,38,255,14579,9,0,1,12,10,30,20,6,0,1,255,255,0,1,1,1
145849.0,64,64,64,255,14584,9,0,1,12,10,0,20,6,1,0,255,255,0,1,1,1
145888.0,55,55,55,255,14588,8,0,1,12,10,0,20,6,0,0,255,255,0,1,1,1
145929.0,51,51,51,255,14592,9,0,1,12,10,10,20,13,0,0,255,255,0,1,1,1
145979.0,52,52,52,255,14597,9,0,1,12,10,0,20,13,1,0,255,255,0,1,1,1
146009.0,68,68,68,255,14600,9,0,1,12,10,0,20,0,0,2,255,255,0,1,1,1
146066.0,28,28,28,255,14606,6,0,1,12,10,0,20,6,1,0,255,255,0,1,1,1
146099.0,26,26,26,255,14609,9,0,1,12,10,20,20,8,0,0,255,255,0,1,1,1
146146.0,16,16,16,255,14614,6,0,1,12,10,10,20,14,0,1,255,255,0,1,1,1
146186.0,38,38,38,255,14618,6,0,1,12,10,0,20,6,0,2,255,255,0,1,1,1
146226.0,35,35,35,255,14622,6,0,1,12,10,30,20,12,0,2,255,255,0,1,1,1
146269.0,47,47,47,255,14626,9,0,1,12,10,0,20,2,1,0,255,255,0,1,1,1
146305.0,63,63,63,255,14630,5,0,1,12,10,20,20,5,0,1,255,255,0,1,1,1
146349.0,64,64,64,255,14634,9,0,1,12,10,0,20,6,1,0,255,255,0,1,1,1
146388.0,26,26,26,255,14638,8,0,1,12,10,30,20,8,0,2,255,255,0,1,1,1
146429.0,62,62,62,255,14642,9,0,1,12,10,20,20,11,1,0,255,255,0,1,1,1
146479.0,66,66,66,255,14647,9,0,1,12,10,20,20,0,0,1,255,255,0,1,1,1
146509.0,52,52,52,255,14650,9,0,1,12,10,30,20,13,0,0,255,255,0,1,1,1
146565.0,39,39,39,255,14656,5,0,1,12,10,20,20,3,1,0,255,255,0,1,1,1
146598.0,33,33,33,255,14659,8,0,1,12,10,0,20,0,0,1,255,255,0,1,1,1
146644.0,62,62,62,255,14664,4,0,1,12,10,30,20,11,0,3,255,255,0,1,1,1
146685.0,55,55,55,255,14668,5,0,1,12,10,10,20,7,0,1,255,255,0,1,1,1
146724.0,43,43,43,255,14672,4,0,1,12,10,30,20,9,1,0,255,255,0,1,1,1
146767.0,28,28,28,255,14676,7,0,1,12,10,20,20,7,0,2,255,255,0,1,1,1
146804.0,33,33,33,255,14680,4,0,1,12,10,10,20,1,1,0,255,255,0,1,1,1
146847.0,29,29,29,255,14684,7,0,1,12,10,0,20,10,0,0,255,255,0,1,1,1
146887.0,47,47,47,255,14688,7,0,1,12,10,10,20,3,0,3,255,255,0,1,1,1
146928.0,16,16,16,255,14692,8,0,1,12,10,30,20,14,1,0,255,255,0,1,1,1
146977.0,46,46,46,255,14697,7,0,1,12,10,20,20,5,1,0,255,255,0,1,1,1
147008.0,52,52,52,255,14700,8,0,1,12,10,10,20,13,0,1,255,255,0,1,1,1
147057.0,57,57,57,255,14705,7,0,1,12,10,30,20,10,0,2,255,255,0,1,1,1
147088.0,49,49,49,255,14708,8,0,1,12,10,10,20,4,1,0,255,255,0,1,1,1
147137.0,29,29,29,255,14713,7,0,1,12,10,30,20,11,0,2,255,255,0,1,1,1
147178.0,66,66,66,255,14717,8,0,1,12,10,0,20,1,0,3,255,255,0,1,1,1
147209.0,38,38,38,255,14720,9,0,1,12,10,20,20,7,0,0,255,255,0,1,1,1
147259.0,74,74,74,255,14725,9,0,1,12,10,30,20,6,0,2,255,255,0,1,1,1
147297.0,46,46,46,255,14729,7,0,1,12,10,0,20,5,0,1,255,255,0,1,1,1
147338.0,43,43,43,255,14733,8,0,1,12,10,20,20,9,0,3,255,255,0,1,1,1
147378.0,67,67,67,255,14737,8,0,1,12,10,0,20,1,1,0,255,255,0,1,1,1
147417.0,68,68,68,255,14741,7,0,1,12,10,30,20,2,0,2,255,255,0,1,1,1
147464.0,57,57,57,255,14746,4,0,1,12,10,30,20,10,0,3,255,255,0,1,1,1
147497.0,72,72,72,255,14749,7,0,1,12,10,10,20,14,0,2,255,255,0,1,1,1
147539.0,61,61,61,255,14753,9,0,1,12,10,20,20,11,0,2,255,255,0,1,1,1
147579.0,27,27,27,255,14757,9,0,1,12,10,0,20,15,1,0,255,255,0,1,1,1
147618.0,36,36,36,255,14761,8,0,1,12,10,30,20,10,0,1,255,255,0,1,1,1
147666.0,57,57,57,255,14766,6,0,1,12,10,20,20,11,0,1,255,255,0,1,1,1
147698.0,30,30,30,255,14769,8,0,1,12,10,0,20,1,0,2,255,255,0,1,1,1
147744.0,56,56,56,255,14774,4,0,1,12,10,30,20,8,1,0,255,255,0,1,1,1
147785.0,52,52,52,255,14778,5,0,1,12,10,0,20,14,1,0,255,255,0,1,1,1
147819.0,36,36,36,255,14781,9,0,1,12,10,30,20,10,0,0,255,255,0,1,1,1
147867.0,57,57,57,255,14786,7,0,1,12,10,30,20,11,0,0,255,255,0,1,1,1
147899.0,49,49,49,255,14789,9,0,1,12,10,0,20,5,0,1,255,255,0,1,1,1
147946.0,16,16,16,255,14794,6,0,1,12,10,0,20,0,0,1,255,255,0,1,1,1
147986.0,40,40,40,255,14798,6,0,1,12,10,20,20,1,0,2,255,255,0,1,1,1
148025.0,62,62,62,255,14802,5,0,1,12,10,0,20,12,1,0,255,255,0,1,1,1
148068.0,41,41,41,255,14806,8,0,1,12,10,0,20,3,0,3,255,255,0,1,1,1
148104.0,44,44,44,255,14810,4,0,1,12,10,20,20,8,0,0,255,255,0,1,1,1
148148.0,29,29,29,255,14814,8,0,1,12,10,0,20,11,0,1,255,255,0,1,1,1
148187.0,33,33,33,255,14818,7,0,1,12,10,30,20,2,0,2,255,255,0,1,1,1
148228.0,51,51,51,255,14822,8,0,1,12,10,30,20,15,0,0,255,255,0,1,1,1
148277.0,70,70,70,255,14827,7,0,1,12,10,20,20,0,0,0,255,255,0,1,1,1
148305.0,33,33,33,255,14830,5,0,1,12,10,20,20,2,0,0,255,255,0,1,1,1
148357.0,61,61,61,255,14835,7,0,1,12,10,20,20,13,0,0,255,255,0,1,1,1
148389.0,44,44,44,255,14838,9,0,1,12,10,30,20,8,0,1,255,255,0,1,1,1
148429.0,29,29,29,255,14842,9,0,1,12,10,30,20,12,0,2,255,255,0,1,1,1
148478.0,74,74,74,255,14847,8,0,1,12,10,20,20,7,0,1,255,255,0,1,1,1
148508.0,78,78,78,255,14850,8,0,1,12,10,0,20,0,0,2,255,255,0,1,1,1
148558.0,69,69,69,255,14855,8,0,1,12,10,0,20,0,0,3,255,255,0,1,1,1
148589.0,40,40,40,255,14858,9,0,1,12,10,0,20,1,0,3,255,255,0,1,1,1
148629.0,29,29,29,255,14862,9,0,1,12,10,30,20,12,0,2,255,255,0,1,1,1
148678.0,74,74,74,255,14867,8,0,1,12,10,20,20,7,0,1,255,255,0,1,1,1
148709.0,49,49,49,255,14870,9,0,1,12,10,30,20,6,0,0,255,255,0,1,1,1
148759.0,37,37,37,255,14875,9,0,1,12,10,30,20,14,0,3,255,255,0,1,1,1
148798.0,49,49,49,255,14879,8,0,1,12,10,0,20,6,0,2,255,255,0,1,1,1
148838.0,35,35,35,255,14883,8,0,1,12,10,0,20,14,0,3,255,255,0,1,1,1
148879.0,46,46,46,255,14887,9,0,1,12,10,30,20,6,1,0,255,255,0,1,1,1
148917.0,58,58,58,255,14891,7,0,1,12,10,0,20,5,1,0,255,255,0,1,1,1
148965.0,66,66,66,255,14896,5,0,1,12,10,0,20,3,1,0,255,255,0,1,1,1
148999.0,67,67,67,255,14899,9,0,1,12,10,30,20,2,0,3,255,255,0,1,1,1
149039.0,62,62,62,255,14903,9,0,1,12,10,0,20,13,0,3,255,255,0,1,1,1
149084.0,67,67,67,255,14908,4,0,1,12,10,10,20,2,1,0,255,255,0,1,1,1
149118.0,75,75,75,255,14911,8,0,1,12,10,20,20,5,0,2,255,255,0,1,1,1
149166.0,37,37,37,255,14916,6,0,1,12,10,20,20,14,0,0,255,255,0,1,1,1
149199.0,47,47,47,255,14919,9,0,1,12,10,0,20,6,0,0,255,255,0,1,1,1
149239.0,62,62,62,255,14923,9,0,1,12,10,0,20,13,0,3,255,255,0,1,1,1
149285.0,67,67,67,255,14928,5,0,1,12,10,30,20,3,1,0,255,255,0,1,1,1
149318.0,30,30,30,255,14931,8,0,1,12,10,0,20,2,0,1,255,255,0,1,1,1
149366.0,69,69,69,255,14936,6,0,1,12,10,30,20,1,0,3,255,255,0,1,1,1
149399.0,27,27,27,255,14939,9,0,1,12,10,10,20,1,0,2,255,255,0,1,1,1
149439.0,29,29,29,255,14943,9,0,1,12,10,20,20,12,0,3,255,255,0,1,1,1
149485.0,25,25,25,255,14948,5,0,1,12,10,0,20,0,1,0,255,255,0,1,1,1
149518.0,30,30,30,255,14951,8,0,1,12,10,0,20,2,0,1,255,255,0,1,1,1
149565.0,37,37,37,255,14956,5,0,1,12,10,0,20,14,0,1,255,255,0,1,1,1
149598.0,27,27,27,255,14959,8,0,1,12,10,30,20,1,1,0,255,255,0,1,1,1
149639.0,35,35,35,255,14963,9,0,1,12,10,20,20,15,0,3,255,255,0,1,1,1
149685.0,38,38,38,255,14968,5,0,1,12,10,30,20,8,1,0,255,255,0,1,1,1
149717.0,36,36,36,255,14971,7,0,1,12,10,20,20,13,0,1,255,255,0,1,1,1
149764.0,70,70,70,255,14976,4,0,1,12,10,30,20,3,0,2,255,255,0,1,1,1
149798.0,54,54,54,255,14979,8,0,1,12,10,0,20,13,1,0,255,255,0,1,1,1
149838.0,68,68,68,255,14983,8,0,1,12,10,30,20,4,0,1,255,255,0,1,1,1
149885.0,66,66,66,255,14988,5,0,1,12,10,0,20,4,0,3,255,255,0,1,1,1
149917.0,36,36,36,255,14991,7,0,1,12,10,20,20,13,0,1,255,255,0,1,1,1
149964.0,64,64,64,255,14996,4,0,1,12,10,10,20,10,0,1,255,255,0,1,1,1
149998.0,40,40,40,255,14999,8,0,1,12,10,20,20,2,0,1,255,255,0,1,1,1
150038.0,31,31,31,255,15003,8,0,1,12,10,30,20,6,0,0,255,255,0,1,1,1
150084.0,52,52,52,255,15008,4,0,1,12,10,0,20,0,1,0,255,255,0,1,1,1
150109.0,54,54,54,255,15010,9,0,1,12,10,10,20,13,0,0,255,255,0,1,1,1
150158.0,69,69,69,255,15015,8,0,1,12,10,0,20,2,0,3,255,255,0,1,1,1
150197.0,78,78,78,255,15019,7,0,1,12,10,0,20,2,0,2,255,255,0,1,1,1
150229.0,43,43,43,255,15022,9,0,1,12,10,20,20,12,0,3,255,255,0,1,1,1
150279.0,65,65,65,255,15027,9,0,1,12,10,0,20,9,0,2,255,255,0,1,1,1
150308.0,36,36,36,255,15030,8,0,1,12,10,0,20,13,0,3,255,255,0,1,1,1
150357.0,64,64,64,255,15035,7,0,1,12,10,30,20,11,0,3,255,255,0,1,1,1
150389.0,52,52,52,255,15038,9,0,1,12,10,30,20,0,0,3,255,255,0,1,1,1
150427.0,68,68,68,255,15042,7,0,1,12,10,30,20,5,0,3,255,255,0,1,1,1
150477.0,44,44,44,255,15047,7,0,1,12,10,20,20,10,1,0,255,255,0,1,1,1
150507.0,36,36,36,255,15050,7,0,1,12,10,20,20,13,0,2,255,255,0,1,1,1
150549.0,70,70,70,255,15054,9,0,1,12,10,30,20,4,0,2,255,255,0,1,1,1
150588.0,78,78,78,255,15058,8,0,1,12,10,0,20,2,1,0,255,255,0,1,1,1
150627.0,42,42,42,255,15062,7,0,1,12,10,20,20,11,0,2,255,255,0,1,1,1
150669.0,57,57,57,255,15066,9,0,1,12,10,30,20,14,0,0,255,255,0,1,1,1
150706.0,67,67,67,255,15070,6,0,1,12,10,20,20,4,0,0,255,255,0,1,1,1
150747.0,37,37,37,255,15074,7,0,1,12,10,20,20,0,0,2,255,255,0,1,1,1
150787.0,41,41,41,255,15078,7,0,1,12,10,30,20,6,0,0,255,255,0,1,1,1
150826.0,75,75,75,255,15082,6,0,1,12,10,30,20,7,0,3,255,255,0,1,1,1
150869.0,70,70,70,255,15086,9,0,1,12,10,10,20,4,0,0,255,255,0,1,1,1
150904.0,40,40,40,255,15090,4,0,1,12,10,20,20,3,0,0,255,255,0,1,1,1
150945.0,62,62,62,255,15094,5,0,1,12,10,0,20,15,0,1,255,255,0,1,1,1
150986.0,28,28,28,255,15098,6,0,1,12,10,0,20,10,0,1,255,255,0,1,1,1
151019.0,77,77,77,255,15101,9,0,1,12,10,20,20,3,0,0,255,255,0,1,1,1
151066.0,74,74,74,255,15106,6,0,1,12,10,30,20,9,0,1,255,255,0,1,1,1
151098.0,26,26,26,255,15109,8,0,1,12,10,30,20,13,0,0,255,255,0,1,1,1
151137.0,16,16,16,255,15113,7,0,1,12,10,20,20,3,0,0,255,255,0,1,1,1
151179.0,39,39,39,255,15117,9,0,1,12,10,0,20,9,0,3,255,255,0,1,1,1
151208.0,38,38,38,255,15120,8,0,1,12,10,0,20,10,0,0,255,255,0,1,1,1
151258.0,37,37,37,255,15125,8,0,1,12,10,20,20,1,0,3,255,255,0,1,1,1
151289.0,25,25,25,255,15128,9,0,1,12,10,0,20,2,0,3,255,255,0,1,1,1
151329.0,58,58,58,255,15132,9,0,1,12,10,30,20,9,0,0,255,255,0,1,1,1
151377.0,47,47,47,255,15137,7,0,1,12,10,0,20,7,1,0,255,255,0,1,1,1
151406.0,63,63,63,255,15140,6,0,1,12,10,30,20,10,0,0,255,255,0,1,1,1
151448.0,79,79,79,255,15144,8,0,1,12,10,20,20,0,0,0,255,255,0,1,1,1
151487.0,49,49,49,255,15148,7,0,1,12,10,30,20,9,0,3,255,255,0,1,1,1
151526.0,51,51,51,255,15152,6,0,1,12,10,30,20,3,0,1,255,255,0,1,1,1
151568.0,37,37,37,255,15156,8,0,1,12,10,20,20,1,0,0,255,255,0,1,1,1
151599.0,30,30,30,255,15159,9,0,1,12,10,0,20,4,0,2,255,255,0,1,1,1
151646.0,16,16,16,255,15164,6,0,1,12,10,0,20,4,0,3,255,255,0,1,1,1
151685.0,49,49,49,255,15168,5,0,1,12,10,30,20,9,1,0,255,255,0,1,1,1
151719.0,30,30,30,255,15171,9,0,1,12,10,20,20,4,0,1,255,255,0,1,1,1
151766.0,73,73,73,255,15176,6,0,1,12,10,20,20,12,0,2,255,255,0,1,1,1
151798.0,78,78,78,255,15179,8,0,1,12,10,0,20,3,0,2,255,255,0,1,1,1
151839.0,75,75,75,255,15183,9,0,1,12,10,0,20,9,0,0,255,255,0,1,1,1
151884.0,39,39,39,255,15188,4,0,1,12,10,20,20,9,0,1,255,255,0,1,1,1
151908.0,38,38,38,255,15190,8,0,1,12,10,0,20,10,0,0,255,255,0,1,1,1
151959.0,61,61,61,255,15195,9,0,1,12,10,0,20,1,0,0,255,255,0,1,1,1
151989.0,41,41,41,255,15198,9,0,1,12,10,20,20,7,0,1,255,255,0,1,1,1
152037.0,29,29,29,255,15203,7,0,1,12,10,30,20,0,0,3,255,255,0,1,1,1
152077.0,66,66,66,255,15207,7,0,1,12,10,0,20,6,1,0,255,255,0,1,1,1
152106.0,36,36,36,255,15210,6,0,1,12,10,30,20,15,0,3,255,255,0,1,1,1
152148.0,42,42,42,255,15214,8,0,1,12,10,0,20,12,0,1,255,255,0,1,1,1
152188.0,73,73,73,255,15218,8,0,1,12,10,30,20,13,0,0,255,255,0,1,1,1
152226.0,79,79,79,255,15222,6,0,1,12,10,30,20,2,1,0,255,255,0,1,1,1
152268.0,53,53,53,255,15226,8,0,1,12,10,10,20,3,0,1,255,255,0,1,1,1
152305.0,71,71,71,255,15230,5,0,1,12,10,30,20,3,0,3,255,255,0,1,1,1
152346.0,57,57,57,255,15234,6,0,1,12,10,10,20,1,0,2,255,255,0,1,1,1
152386.0,25,25,25,255,15238,6,0,1,12,10,30,20,3,0,2,255,255,0,1,1,1
152419.0,78,78,78,255,15241,9,0,1,12,10,20,20,4,0,0,255,255,0,1,1,1
152466.0,39,39,39,255,15246,6,0,1,12,10,10,20,10,1,0,255,255,0,1,1,1
152499.0,26,26,26,255,15249,9,0,1,12,10,30,20,14,0,0,255,255,0,1,1,1
152539.0,68,68,68,255,15253,9,0,1,12,10,0,20,6,0,0,255,255,0,1,1,1
152584.0,49,49,49,255,15258,4,0,1,12,10,20,20,10,1,0,255,255,0,1,1,1
152617.0,51,51,51,255,15261,7,0,1,12,10,10,20,4,0,2,255,255,0,1,1,1
152658.0,69,69,69,255,15265,8,0,1,12,10,20,20,4,0,1,255,255,0,1,1,1
152697.0,27,27,27,255,15269,7,0,1,12,10,20,20,4,0,3,255,255,0,1,1,1
152729.0,29,29,29,255,15272,9,0,1,12,10,10,20,0,0,2,255,255,0,1,1,1
152777.0,44,44,44,255,15277,7,0,1,12,10,30,20,12,1,0,255,255,0,1,1,1
152807.0,27,27,27,255,15280,7,0,1,12,10,10,20,4,0,0,255,255,0,1,1,1
152847.0,43,43,43,255,15284,7,0,1,12,10,0,20,14,0,1,255,255,0,1,1,1
152888.0,50,50,50,255,15288,8,0,1,12,10,0,20,8,0,0,255,255,0,1,1,1
152926.0,29,29,29,255,15292,6,0,1,12,10,30,20,0,1,0,255,255,0,1,1,1
152968.0,65,65,65,255,15296,8,0,1,12,10,30,20,13,1,0,255,255,0,1,1,1
153004.0,44,44,44,255,15300,4,0,1,12,10,10,20,12,0,0,255,255,0,1,1,1
153045.0,79,79,79,255,15304,5,0,1,12,10,0,20,3,0,0,255,255,0,1,1,1
153085.0,46,46,46,255,15308,5,0,1,12,10,10,20,10,0,2,255,255,0,1,1,1
153119.0,75,75,75,255,15311,9,0,1,12,10,0,20,11,1,0,255,255,0,1,1,1
153166.0,74,74,74,255,15316,6,0,1,12,10,30,20,11,0,3,255,255,0,1,1,1
153197.0,54,54,54,255,15319,7,0,1,12,10,0,20,1,1,0,255,255,0,1,1,1
153238.0,29,29,29,255,15323,8,0,1,12,10,20,20,1,0,3,255,255,0,1,1,1
153279.0,65,65,65,255,15327,9,0,1,12,10,0,20,13,0,3,255,255,0,1,1,1
153308.0,36,36,36,255,15330,8,0,1,12,10,10,20,0,1,0,255,255,0,1,1,1
153357.0,42,42,42,255,15335,7,0,1,12,10,10,20,13,0,0,255,255,0,1,1,1
153388.0,28,28,28,255,15338,8,0,1,12,10,0,20,13,0,0,255,255,0,1,1,1
153428.0,79,79,79,255,15342,8,0,1,12,10,0,20,3,0,3,255,255,0,1,1,1
153477.0,46,46,46,255,15347,7,0,1,12,10,20,20,10,1,0,255,255,0,1,1,1
153506.0,25,25,25,255,15350,6,0,1,12,10,30,20,4,0,0,255,255,0,1,1,1
153547.0,43,43,43,255,15354,7,0,1,12,10,0,20,14,0,1,255,255,0,1,1,1
153587.0,47,47,47,255,15358,7,0,1,12,10,0,20,9,0,1,255,255,0,1,1,1
153626.0,58,58,58,255,15362,6,0,1,12,10,20,20,11,0,2,255,255,0,1,1,1
153669.0,57,57,57,255,15366,9,0,1,12,10,30,20,2,0,0,255,255,0,1,1,1
153704.0,54,54,54,255,15370,4,0,1,12,10,20,20,2,1,0,255,255,0,1,1,1
153746.0,43,43,43,255,15374,6,0,1,12,10,30,20,15,0,0,255,255,0,1,1,1
153787.0,33,33,33,255,15378,7,0,1,12,10,20,20,7,0,2,255,255,0,1,1,1
153826.0,62,62,62,255,15382,6,0,1,12,10,20,20,2,0,2,255,255,0,1,1,1
153868.0,57,57,57,255,15386,8,0,1,12,10,30,20,2,0,1,255,255,0,1,1,1
153905.0,52,52,52,255,15390,5,0,1,12,10,10,20,3,0,0,255,255,0,1,1,1
153947.0,61,61,61,255,15394,7,0,1,12,10,20,20,3,0,1,255,255,0,1,1,1
153988.0,26,26,26,255,15398,8,0,1,12,10,0,20,0,0,3,255,255,0,1,1,1
154026.0,16,16,16,255,15402,6,0,1,12,10,30,20,7,1,0,255,255,0,1,1,1
154069.0,65,65,65,255,15406,9,0,1,12,10,30,20,14,0,2,255,255,0,1,1,1
154107.0,46,46,46,255,15410,7,0,1,12,10,10,20,11,0,0,255,255,0,1,1,1
154148.0,56,56,56,255,15414,8,0,1,12,10,0,20,14,0,1,255,255,0,1,1,1
154189.0,72,72,72,255,15418,9,0,1,12,10,0,20,4,0,2,255,255,0,1,1,1
154229.0,51,51,51,255,15422,9,0,1,12,10,30,20,6,0,0,255,255,0,1,1,1
154277.0,41,41,41,255,15427,7,0,1,12,10,0,20,9,0,2,255,255,0,1,1,1
154308.0,77,77,77,255,15430,8,0,1,12,10,0,20,7,1,0,255,255,0,1,1,1
154349.0,57,57,57,255,15434,9,0,1,12,10,0,20,2,0,2,255,255,0,1,1,1
154397.0,44,44,44,255,15439,7,0,1,12,10,0,20,14,0,1,255,255,0,1,1,1
154437.0,29,29,29,255,15443,7,0,1,12,10,10,20,2,1,0,255,255,0,1,1,1
154478.0,47,47,47,255,15447,8,0,1,12,10,10,20,10,0,2,255,255,0,1,1,1
154509.0,68,68,68,255,15450,9,0,1,12,10,0,20,8,1,0,255,255,0,1,1,1
154558.0,74,74,74,255,15455,8,0,1,12,10,10,20,12,1,0,255,255,0,1,1,1
154597.0,33,33,33,255,15459,7,0,1,12,10,30,20,8,1,0,255,255,0,1,1,1
154638.0,43,43,43,255,15463,8,0,1,12,10,30,20,0,0,1,255,255,0,1,1,1
154678.0,46,46,46,255,15467,8,0,1,12,10,30,20,11,1,0,255,255,0,1,1,1
154717.0,71,71,71,255,15471,7,0,1,12,10,30,20,5,0,3,255,255,0,1,1,1
154759.0,74,74,74,255,15475,9,0,1,12,10,0,20,12,0,2,255,255,0,1,1,1
154797.0,33,33,33,255,15479,7,0,1,12,10,30,20,8,1,0,255,255,0,1,1,1
154838.0,43,43,43,255,15483,8,0,1,12,10,30,20,0,0,1,255,255,0,1,1,1
154878.0,46,46,46,255,15487,8,0,1,12,10,30,20,11,1,0,255,255,0,1,1,1
154917.0,58,58,58,255,15491,7,0,1,12,10,0,20,13,1,0,255,255,0,1,1,1
154959.0,57,57,57,255,15495,9,0,1,12,10,30,20,2,0,3,255,255,0,1,1,1
154998.0,67,67,67,255,15499,8,0,1,12,10,10,20,8,0,3,255,255,0,1,1,1
155039.0,75,75,75,255,15503,9,0,1,12,10,30,20,13,0,0,255,255,0,1,1,1
155079.0,67,67,67,255,15507,9,0,1,12,10,30,20,9,1,0,255,255,0,1,1,1
155119.0,68,68,68,255,15511,9,0,1,12,10,0,20,9,0,2,255,255,0,1,1,1
155159.0,70,70,70,255,15515,9,0,1,12,10,10,20,8,0,3,255,255,0,1,1,1
155198.0,63,63,63,255,15519,8,0,1,12,10,10,20,15,0,3,255,255,0,1,1,1
155239.0,29,29,29,255,15523,9,0,1,12,10,20,20,2,0,2,255,255,0,1,1,1
155284.0,47,47,47,255,15528,4,0,1,12,10,0,20,10,0,3,255,255,0,1,1,1
155319.0,51,51,51,255,15531,9,0,1,12,10,30,20,7,0,2,255,255,0,1,1,1
155365.0,53,53,53,255,15536,5,0,1,12,10,10,20,6,0,2,255,255,0,1,1,1
155404.0,50,50,50,255,15540,4,0,1,12,10,20,20,11,0,0,255,255,0,1,1,1
155439.0,35,35,35,255,15543,9,0,1,12,10,0,20,3,0,2,255,255,0,1,1,1
155485.0,38,38,38,255,15548,5,0,1,12,10,20,20,13,1,0,255,255,0,1,1,1
155524.0,71,71,71,255,15552,4,0,1,12,10,30,20,5,0,0,255,255,0,1,1,1
155565.0,53,53,53,255,15556,5,0,1,12,10,10,20,6,0,2,255,255,0,1,1,1
155604.0,72,72,72,255,15560,4,0,1,12,10,10,20,6,0,3,255,255,0,1,1,1
155644.0,42,42,42,255,15564,4,0,1,12,10,20,20,0,0,3,255,255,0,1,1,1
155686.0,65,65,65,255,15568,6,0,1,12,10,0,20,15,0,1,255,255,0,1,1,1
155724.0,62,62,62,255,15572,4,0,1,12,10,0,20,4,1,0,255,255,0,1,1,1
155766.0,66,66,66,255,15576,6,0,1,12,10,30,20,10,1,0,255,255,0,1,1,1
155804.0,71,71,71,255,15580,4,0,1,12,10,30,20,6,0,1,255,255,0,1,1,1
155845.0,29,29,29,255,15584,5,0,1,12,10,30,20,3,0,3,255,255,0,1,1,1
155886.0,26,26,26,255,15588,6,0,1,12,10,30,20,2,0,3,255,255,0,1,1,1
155925.0,16,16,16,255,15592,5,0,1,12,10,30,20,8,1,0,255,255,0,1,1,1
155967.0,74,74,74,255,15596,7,0,1,12,10,0,20,13,0,0,255,255,0,1,1,1
156004.0,44,44,44,255,15600,4,0,1,12,10,0,20,0,0,0,255,255,0,1,1,1
156046.0,35,35,35,255,15604,6,0,1,12,10,0,20,4,0,1,255,255,0,1,1,1
156086.0,41,41,41,255,15608,6,0,1,12,10,0,20,10,0,0,255,255,0,1,1,1
156126.0,75,75,75,255,15612,6,0,1,12,10,0,20,14,0,2,255,255,0,1,1,1
156167.0,69,69,69,255,15616,7,0,1,12,10,10,20,8,0,1,255,255,0,1,1,1
156205.0,77,77,77,255,15620,5,0,1,12,10,10,20,9,0,2,255,255,0,1,1,1
156247.0,35,35,35,255,15624,7,0,1,12,10,20,20,4,0,0,255,255,0,1,1,1
156287.0,52,52,52,255,15628,7,0,1,12,10,30,20,5,0,3,255,255,0,1,1,1
156326.0,29,29,29,255,15632,6,0,1,12,10,20,20,3,1,0,255,255,0,1,1,1
156367.0,74,74,74,255,15636,7,0,1,12,10,0,20,13,0,0,255,255,0,1,1,1
156404.0,30,30,30,255,15640,4,0,1,12,10,0,20,8,0,2,255,255,0,1,1,1
156445.0,62,62,62,255,15644,5,0,1,12,10,0,20,5,0,3,255,255,0,1,1,1
156486.0,67,67,67,255,15648,6,0,1,12,10,0,20,11,0,2,255,255,0,1,1,1
156524.0,68,68,68,255,15652,4,0,1,12,10,20,20,10,0,3,255,255,0,1,1,1
156565.0,66,66,66,255,15656,5,0,1,12,10,30,20,12,1,0,255,255,0,1,1,1
156599.0,50,50,50,255,15659,9,0,1,12,10,20,20,11,0,1,255,255,0,1,1,1
156639.0,35,35,35,255,15663,9,0,1,12,10,20,20,5,0,3,255,255,0,1,1,1
156684.0,40,40,40,255,15668,4,0,1,12,10,0,20,9,0,3,255,255,0,1,1,1
156724.0,77,77,77,255,15672,4,0,1,12,10,0,20,10,0,3,255,255,0,1,1,1
156759.0,69,69,69,255,15675,9,0,1,12,10,30,20,9,0,3,255,255,0,1,1,1
156798.0,47,47,47,255,15679,8,0,1,12,10,0,20,12,0,0,255,255,0,1,1,1
156838.0,61,61,61,255,15683,8,0,1,12,10,0,20,6,0,2,255,255,0,1,1,1
156879.0,28,28,28,255,15687,9,0,1,12,10,0,20,1,0,1,255,255,0,1,1,1
156917.0,80,80,80,255,15691,7,0,1,12,10,10,20,0,1,0,255,255,0,1,1,1
156958.0,70,70,70,255,15695,8,0,1,12,10,30,20,9,0,1,255,255,0,1,1,1
156989.0,44,44,44,255,15698,9,0,1,12,10,0,20,1,0,0,255,255,0,1,1,1
157029.0,29,29,29,255,15702,9,0,1,12,10,0,20,4,0,3,255,255,0,1,1,1
157078.0,66,66,66,255,15707,8,0,1,12,10,20,20,12,0,2,255,255,0,1,1,1
157109.0,72,72,72,255,15710,9,0,1,12,10,20,20,7,0,0,255,255,0,1,1,1
157157.0,56,56,56,255,15715,7,0,1,12,10,20,20,3,0,0,255,255,0,1,1,1
157189.0,73,73,73,255,15718,9,0,1,12,10,0,20,2,0,0,255,255,0,1,1,1
157229.0,62,62,62,255,15722,9,0,1,12,10,20,20,6,0,3,255,255,0,1,1,1
157278.0,40,40,40,255,15727,8,0,1,12,10,0,20,9,0,2,255,255,0,1,1,1
157309.0,36,36,36,255,15730,9,0,1,12,10,0,20,5,0,1,255,255,0,1,1,1
157357.0,69,69,69,255,15735,7,0,1,12,10,10,20,9,0,2,255,255,0,1,1,1
157389.0,73,73,73,255,15738,9,0,1,12,10,0,20,2,0,0,255,255,0,1,1,1
157429.0,58,58,58,255,15742,9,0,1,12,10,30,20,15,0,3,255,255,0,1,1,1
157478.0,67,67,67,255,15747,8,0,1,12,10,10,20,11,1,0,255,255,0,1,1,1
157509.0,38,38,38,255,15750,9,0,1,12,10,0,20,15,0,0,255,255,0,1,1,1
157557.0,42,42,42,255,15755,7,0,1,12,10,30,20,2,0,0,255,255,0,1,1,1
157597.0,38,38,38,255,15759,7,0,1,12,10,20,20,15,0,3,255,255,0,1,1,1
157637.0,31,31,31,255,15763,7,0,1,12,10,30,20,14,0,1,255,255,0,1,1,1
157679.0,50,50,50,255,15767,9,0,1,12,10,0,20,13,0,2,255,255,0,1,1,1
157709.0,71,71,71,255,15770,9,0,1,12,10,0,20,8,0,1,255,255,0,1,1,1
157749.0,29,29,29,255,15774,9,0,1,12,10,0,20,5,0,0,255,255,0,1,1,1
157789.0,39,39,39,255,15778,9,0,1,12,10,20,20,15,0,0,255,255,0,1,1,1
157828.0,62,62,62,255,15782,8,0,1,12,10,30,20,7,1,0,255,255,0,1,1,1
157877.0,63,63,63,255,15787,7,0,1,12,10,20,20,1,1,0,255,255,0,1,1,1
157906.0,52,52,52,255,15790,6,0,1,12,10,0,20,7,0,3,255,255,0,1,1,1
157947.0,79,79,79,255,15794,7,0,1,12,10,10,20,7,0,0,255,255,0,1,1,1
157987.0,33,33,33,255,15798,7,0,1,12,10,30,20,12,1,0,255,255,0,1,1,1
158026.0,68,68,68,255,15802,6,0,1,12,10,0,20,12,0,1,255,255,0,1,1,1
158068.0,28,28,28,255,15806,8,0,1,12,10,0,20,2,0,2,255,255,0,1,1,1
158105.0,54,54,54,255,15810,5,0,1,12,10,0,20,7,0,3,255,255,0,1,1,1
158146.0,76,76,76,255,15814,6,0,1,12,10,0,20,10,0,3,255,255,0,1,1,1
158186.0,72,72,72,255,15818,6,0,1,12,10,30,20,8,1,0,255,255,0,1,1,1
158225.0,77,77,77,255,15822,5,0,1,12,10,0,20,11,0,3,255,255,0,1,1,1
158267.0,73,73,73,255,15826,7,0,1,12,10,10,20,3,0,2,255,255,0,1,1,1
158304.0,33,33,33,255,15830,4,0,1,12,10,10,20,12,0,1,255,255,0,1,1,1
158347.0,42,42,42,255,15834,7,0,1,12,10,30,20,3,0,1,255,255,0,1,1,1
158387.0,33,33,33,255,15838,7,0,1,12,10,30,20,12,1,0,255,255,0,1,1,1
158428.0,16,16,16,255,15842,8,0,1,12,10,20,20,10,0,3,255,255,0,1,1,1
158477.0,28,28,28,255,15847,7,0,1,12,10,20,20,3,0,3,255,255,0,1,1,1
158508.0,36,36,36,255,15850,8,0,1,12,10,0,20,6,0,1,255,255,0,1,1,1
158557.0,61,61,61,255,15855,7,0,1,12,10,0,20,8,1,0,255,255,0,1,1,1
158597.0,41,41,41,255,15859,7,0,1,12,10,20,20,13,0,0,255,255,0,1,1,1
158637.0,16,16,16,255,15863,7,0,1,12,10,30,20,10,0,0,255,255,0,1,1,1
158679.0,81,81,81,255,15867,9,0,1,12,10,30,20,0,0,2,255,255,0,1,1,1
158718.0,75,75,75,255,15871,8,0,1,12,10,30,20,1,0,2,255,255,0,1,1,1
158765.0,66,66,66,255,15876,5,0,1,12,10,20,20,14,1,0,255,255,0,1,1,1
158804.0,44,44,44,255,15880,4,0,1,12,10,0,20,2,0,0,255,255,0,1,1,1
158845.0,79,79,79,255,15884,5,0,1,12,10,30,20,8,0,3,255,255,0,1,1,1
158887.0,73,73,73,255,15888,7,0,1,12,10,0,20,4,0,0,255,255,0,1,1,1
158926.0,42,42,42,255,15892,6,0,1,12,10,0,20,4,1,0,255,255,0,1,1,1
158969.0,66,66,66,255,15896,9,0,1,12,10,10,20,14,0,2,255,255,0,1,1,1
159007.0,30,30,30,255,15900,7,0,1,12,10,10,20,11,0,2,255,255,0,1,1,1
159048.0,35,35,35,255,15904,8,0,1,12,10,0,20,7,0,1,255,255,0,1,1,1
159089.0,33,33,33,255,15908,9,0,1,12,10,30,20,12,0,2,255,255,0,1,1,1
159137.0,42,42,42,255,15913,7,0,1,12,10,20,20,4,0,3,255,255,0,1,1,1
159178.0,40,40,40,255,15917,8,0,1,12,10,10,20,11,1,0,255,255,0,1,1,1
159217.0,75,75,75,255,15921,7,0,1,12,10,30,20,1,1,0,255,255,0,1,1,1
159259.0,76,76,76,255,15925,9,0,1,12,10,30,20,11,0,0,255,255,0,1,1,1
159298.0,54,54,54,255,15929,8,0,1,12,10,30,20,7,1,0,255,255,0,1,1,1
159344.0,43,43,43,255,15934,4,0,1,12,10,30,20,4,0,0,255,255,0,1,1,1
159386.0,63,63,63,255,15938,6,0,1,12,10,10,20,2,1,0,255,255,0,1,1,1
159425.0,58,58,58,255,15942,5,0,1,12,10,20,20,2,0,2,255,255,0,1,1,1
159469.0,55,55,55,255,15946,9,0,1,12,10,0,20,4,0,3,255,255,0,1,1,1
159508.0,77,77,77,255,15950,8,0,1,12,10,30,20,13,0,3,255,255,0,1,1,1
159548.0,61,61,61,255,15954,8,0,1,12,10,0,20,9,0,1,255,255,0,1,1,1
159589.0,30,30,30,255,15958,9,0,1,12,10,30,20,12,1,0,255,255,0,1,1,1
159637.0,68,68,68,255,15963,7,0,1,12,10,0,20,13,0,0,255,255,0,1,1,1
159679.0,46,46,46,255,15967,9,0,1,12,10,20,20,0,1,0,255,255,0,1,1,1
159719.0,51,51,51,255,15971,9,0,1,12,10,10,20,12,0,3,255,255,0,1,1,1
159765.0,57,57,57,255,15976,5,0,1,12,10,10,20,7,0,0,255,255,0,1,1,1
159805.0,67,67,67,255,15980,5,0,1,12,10,20,20,14,0,0,255,255,0,1,1,1
159844.0,37,37,37,255,15984,4,0,1,12,10,0,20,9,1,0,255,255,0,1,1,1
159887.0,81,81,81,255,15988,7,0,1,12,10,20,20,1,0,0,255,255,0,1,1,1
159927.0,75,75,75,255,15992,7,0,1,12,10,20,20,2,0,2,255,255,0,1,1,1
159977.0,67,67,67,255,15997,7,0,1,12,10,30,20,14,1,0,255,255,0,1,1,1
160008.0,68,68,68,255,16000,8,0,1,12,10,20,20,14,1,0,255,255,0,1,1,1
160048.0,64,64,64,255,16004,8,0,1,12,10,0,20,4,0,3,255,255,0,1,1,1
160098.0,78,78,78,255,16009,8,0,1,12,10,0,20,13,1,0,255,255,0,1,1,1
160138.0,56,56,56,255,16013,8,0,1,12,10,30,20,5,0,1,255,255,0,1,1,1
160185.0,63,63,63,255,16018,5,0,1,12,10,0,20,3,0,2,255,255,0,1,1,1
160219.0,54,54,54,255,16021,9,0,1,12,10,0,20,8,0,1,255,255,0,1,1,1
160267.0,70,70,70,255,16026,7,0,1,12,10,10,20,12,0,1,255,255,0,1,1,1
160305.0,33,33,33,255,16030,5,0,1,12,10,0,20,13,0,1,255,255,0,1,1,1
160346.0,35,35,35,255,16034,6,0,1,12,10,10,20,8,0,0,255,255,0,1,1,1
160389.0,66,66,66,255,16038,9,0,1,12,10,30,20,0,0,0,255,255,0,1,1,1
160428.0,68,68,68,255,16042,8,0,1,12,10,20,20,14,0,1,255,255,0,1,1,1
160479.0,55,55,55,255,16047,9,0,1,12,10,30,20,5,0,2,255,255,0,1,1,1
160509.0,71,71,71,255,16050,9,0,1,12,10,0,20,12,0,3,255,255,0,1,1,1
160559.0,57,57,57,255,16055,9,0,1,12,10,0,20,8,0,2,255,255,0,1,1,1
160598.0,78,78,78,255,16059,8,0,1,12,10,0,20,13,1,0,255,255,0,1,1,1
160644.0,42,42,42,255,16064,4,0,1,12,10,0,20,5,0,3,255,255,0,1,1,1
160687.0,63,63,63,255,16068,7,0,1,12,10,30,20,4,0,3,255,255,0,1,1,1
160727.0,62,62,62,255,16072,7,0,1,12,10,30,20,10,1,0,255,255,0,1,1,1
160778.0,67,67,67,255,16077,8,0,1,12,10,0,20,15,1,0,255,255,0,1,1,1
160817.0,77,77,77,255,16081,7,0,1,12,10,0,20,14,0,3,255,255,0,1,1,1
160865.0,69,69,69,255,16086,5,0,1,12,10,10,20,13,0,1,255,255,0,1,1,1
160898.0,78,78,78,255,16089,8,0,1,12,10,0,20,13,1,0,255,255,0,1,1,1
160946.0,69,69,69,255,16094,6,0,1,12,10,0,20,13,1,0,255,255,0,1,1,1
160988.0,72,72,72,255,16098,8,0,1,12,10,30,20,10,0,3,255,255,0,1,1,1
161028.0,42,42,42,255,16102,8,0,1,12,10,0,20,5,1,0,255,255,0,1,1,1
161084.0,63,63,63,255,16108,4,0,1,12,10,20,20,4,0,2,255,255,0,1,1,1
161119.0,36,36,36,255,16111,9,0,1,12,10,0,20,8,0,1,255,255,0,1,1,1
161169.0,64,64,64,255,16116,9,0,1,12,10,30,20,5,0,0,255,255,0,1,1,1
161208.0,68,68,68,255,16120,8,0,1,12,10,20,20,14,1,0,255,255,0,1,1,1
161259.0,70,70,70,255,16125,9,0,1,12,10,10,20,13,0,3,255,255,0,1,1,1
161299.0,49,49,49,255,16129,9,0,1,12,10,0,20,2,1,0,255,255,0,1,1,1
161347.0,16,16,16,255,16134,7,0,1,12,10,30,20,14,0,0,255,255,0,1,1,1
161389.0,55,55,55,255,16138,9,0,1,12,10,30,20,6,0,0,255,255,0,1,1,1
161437.0,16,16,16,255,16143,7,0,1,12,10,20,20,14,0,1,255,255,0,1,1,1
161485.0,40,40,40,255,16148,5,0,1,12,10,30,20,13,0,2,255,255,0,1,1,1
161526.0,16,16,16,255,16152,6,0,1,12,10,20,20,14,0,2,255,255,0,1,1,1
161577.0,46,46,46,255,16157,7,0,1,12,10,0,20,2,1,0,255,255,0,1,1,1
161617.0,36,36,36,255,16161,7,0,1,12,10,0,20,9,0,1,255,255,0,1,1,1
161666.0,69,69,69,255,16166,6,0,1,12,10,30,20,14,0,0,255,255,0,1,1,1
161706.0,49,49,49,255,16170,6,0,1,12,10,10,20,2,0,3,255,255,0,1,1,1
161749.0,61,61,61,255,16174,9,0,1,12,10,30,20,11,0,3,255,255,0,1,1,1
161799.0,72,72,72,255,16179,9,0,1,12,10,0,20,11,0,3,255,255,0,1,1,1
161845.0,69,69,69,255,16184,5,0,1,12,10,10,20,14,1,0,255,255,0,1,1,1
161888.0,50,50,50,255,16188,8,0,1,12,10,20,20,1,0,2,255,255,0,1,1,1
161937.0,75,75,75,255,16193,7,0,1,12,10,20,20,4,0,1,255,255,0,1,1,1
161984.0,50,50,50,255,16198,4,0,1,12,10,20,20,1,1,0,255,255,0,1,1,1
162026.0,75,75,75,255,16202,6,0,1,12,10,0,20,4,0,2,255,255,0,1,1,1
162069.0,65,65,65,255,16206,9,0,1,12,10,10,20,5,1,0,255,255,0,1,1,1
162109.0,51,51,51,255,16210,9,0,1,12,10,10,20,0,1,0,255,255,0,1,1,1
162165.0,70,70,70,255,16216,5,0,1,12,10,20,20,14,0,3,255,255,0,1,1,1
162205.0,67,67,67,255,16220,5,0,1,12,10,0,20,0,0,1,255,255,0,1,1,1
162249.0,62,62,62,255,16224,9,0,1,12,10,0,20,12,0,0,255,255,0,1,1,1
162289.0,40,40,40,255,16228,9,0,1,12,10,0,20,14,0,3,255,255,0,1,1,1
162338.0,76,76,76,255,16233,8,0,1,12,10,0,20,14,1,0,255,255,0,1,1,1
162385.0,38,38,38,255,16238,5,0,1,12,10,10,20,3,1,0,255,255,0,1,1,1
162428.0,56,56,56,255,16242,8,0,1,12,10,20,20,8,1,0,255,255,0,1,1,1
162478.0,63,63,63,255,16247,8,0,1,12,10,10,20,5,1,0,255,255,0,1,1,1
162524.0,71,71,71,255,16252,4,0,1,12,10,10,20,14,0,0,255,255,0,1,1,1
162567.0,73,73,73,255,16256,7,0,1,12,10,0,20,6,0,3,255,255,0,1,1,1
162609.0,78,78,78,255,16260,9,0,1,12,10,0,20,14,0,1,255,255,0,1,1,1
162664.0,55,55,55,255,16266,4,0,1,12,10,0,20,7,1,0,255,255,0,1,1,1
162704.0,63,63,63,255,16270,4,0,1,12,10,10,20,5,0,1,255,255,0,1,1,1
162748.0,62,62,62,255,16274,8,0,1,12,10,0,20,12,0,1,255,255,0,1,1,1
162789.0,44,44,44,255,16278,9,0,1,12,10,0,20,5,0,3,255,255,0,1,1,1
162839.0,80,80,80,255,16283,9,0,1,12,10,10,20,6,0,0,255,255,0,1,1,1
162885.0,47,47,47,255,16288,5,0,1,12,10,30,20,1,0,2,255,255,0,1,1,1
162927.0,42,42,42,255,16292,7,0,1,12,10,0,20,7,1,0,255,255,0,1,1,1
162978.0,73,73,73,255,16297,8,0,1,12,10,30,20,7,0,3,255,255,0,1,1,1
163017.0,78,78,78,255,16301,7,0,1,12,10,20,20,15,0,1,255,255,0,1,1,1
163065.0,81,81,81,255,16306,5,0,1,12,10,0,20,5,1,0,255,255,0,1,1,1
163105.0,36,36,36,255,16310,5,0,1,12,10,0,20,10,0,2,255,255,0,1,1,1
163149.0,62,62,62,255,16314,9,0,1,12,10,0,20,12,0,0,255,255,0,1,1,1
163197.0,41,41,41,255,16319,7,0,1,12,10,20,20,1,0,0,255,255,0,1,1,1
163245.0,76,76,76,255,16324,5,0,1,12,10,0,20,14,0,2,255,255,0,1,1,1
163286.0,47,47,47,255,16328,6,0,1,12,10,30,20,2,0,1,255,255,0,1,1,1
163329.0,58,58,58,255,16332,9,0,1,12,10,0,20,5,0,2,255,255,0,1,1,1
163378.0,40,40,40,255,16337,8,0,1,12,10,30,20,15,0,2,255,255,0,1,1,1
163418.0,68,68,68,255,16341,8,0,1,12,10,10,20,0,1,0,255,255,0,1,1,1
163466.0,41,41,41,255,16346,6,0,1,12,10,20,20,1,1,0,255,255,0,1,1,1
163507.0,71,71,71,255,16350,7,0,1,12,10,10,20,15,0,0,255,255,0,1,1,1
163558.0,64,64,64,255,16355,8,0,1,12,10,0,20,8,0,1,255,255,0,1,1,1
163604.0,44,44,44,255,16360,4,0,1,12,10,20,20,7,0,0,255,255,0,1,1,1
163647.0,62,62,62,255,16364,7,0,1,12,10,0,20,13,0,0,255,255,0,1,1,1
163697.0,41,41,41,255,16369,7,0,1,12,10,20,20,1,0,0,255,255,0,1,1,1
163745.0,64,64,64,255,16374,5,0,1,12,10,30,20,8,1,0,255,255,0,1,1,1
163787.0,50,50,50,255,16378,7,0,1,12,10,30,20,3,0,2,255,255,0,1,1,1
163838.0,68,68,68,255,16383,8,0,1,12,10,0,20,0,0,0,255,255,0,1,1,1
163886.0,63,63,63,255,16388,6,0,1,12,10,10,20,7,0,1,255,255,0,1,1,1
163927.0,79,79,79,255,16392,7,0,1,12,10,20,20,14,1,0,255,255,0,1,1,1
163984.0,55,55,55,255,16398,4,0,1,12,10,0,20,8,0,3,255,255,0,1,1,1
164025.0,51,51,51,255,16402,5,0,1,12,10,10,20,1,0,0,255,255,0,1,1,1
164078.0,50,50,50,255,16407,8,0,1,12,10,20,20,4,1,0,255,255,0,1,1,1
164118.0,68,68,68,255,16411,8,0,1,12,10,10,20,0,1,0,255,255,0,1,1,1
164167.0,83,83,83,255,16416,7,0,1,12,10,20,20,0,0,0,255,255,0,1,1,1
164207.0,54,54,54,255,16420,7,0,1,12,10,20,20,13,1,0,255,255,0,1,1,1
164257.0,82,82,82,255,16425,7,0,1,12,10,30,20,3,0,2,255,255,0,1,1,1
164299.0,40,40,40,255,16429,9,0,1,12,10,30,20,0,0,1,255,255,0,1,1,1
164348.0,61,61,61,255,16434,8,0,1,12,10,0,20,13,0,3,255,255,0,1,1,1
164389.0,46,46,46,255,16438,9,0,1,12,10,10,20,4,0,3,255,255,0,1,1,1
164444.0,57,57,57,255,16444,4,0,1,12,10,10,20,13,1,0,255,255,0,1,1,1
164487.0,52,52,52,255,16448,7,0,1,12,10,0,20,14,0,2,255,255,0,1,1,1
164529.0,79,79,79,255,16452,9,0,1,12,10,30,20,14,0,2,255,255,0,1,1,1
164579.0,74,74,74,255,16457,9,0,1,12,10,0,20,5,0,0,255,255,0,1,1,1
164627.0,31,31,31,255,16462,7,0,1,12,10,10,20,7,0,3,255,255,0,1,1,1
164669.0,41,41,41,255,16466,9,0,1,12,10,30,20,3,0,2,255,255,0,1,1,1
164717.0,80,80,80,255,16471,7,0,1,12,10,30,20,7,1,0,255,255,0,1,1,1
164766.0,39,39,39,255,16476,6,0,1,12,10,0,20,4,1,0,255,255,0,1,1,1
164807.0,72,72,72,255,16480,7,0,1,12,10,20,20,14,0,1,255,255,0,1,1,1
164864.0,37,37,37,255,16486,4,0,1,12,10,0,20,14,0,1,255,255,0,1,1,1
164899.0,36,36,36,255,16489,9,0,1,12,10,20,20,11,1,0,255,255,0,1,1,1
164948.0,83,83,83,255,16494,8,0,1,12,10,30,20,0,1,0,255,255,0,1,1,1
164997.0,49,49,49,255,16499,7,0,1,12,10,0,20,5,0,3,255,255,0,1,1,1
165044.0,57,57,57,255,16504,4,0,1,12,10,10,20,13,1,0,255,255,0,1,1,1
165088.0,49,49,49,255,16508,8,0,1,12,10,30,20,5,0,2,255,255,0,1,1,1
165137.0,80,80,80,255,16513,7,0,1,12,10,30,20,7,0,2,255,255,0,1,1,1
165185.0,65,65,65,255,16518,5,0,1,12,10,30,20,8,0,3,255,255,0,1,1,1
165226.0,31,31,31,255,16522,6,0,1,12,10,0,20,7,0,2,255,255,0,1,1,1
165278.0,74,74,74,255,16527,8,0,1,12,10,0,20,6,0,0,255,255,0,1,1,1
165319.0,54,54,54,255,16531,9,0,1,12,10,20,20,14,0,0,255,255,0,1,1,1
165368.0,65,65,65,255,16536,8,0,1,12,10,20,20,8,1,0,255,255,0,1,1,1
165409.0,49,49,49,255,16540,9,0,1,12,10,0,20,6,0,0,255,255,0,1,1,1
165466.0,57,57,57,255,16546,6,0,1,12,10,10,20,13,0,0,255,255,0,1,1,1
165507.0,38,38,38,255,16550,7,0,1,12,10,30,20,6,0,0,255,255,0,1,1,1
165559.0,70,70,70,255,16555,9,0,1,12,10,0,20,2,0,3,255,255,0,1,1,1
165604.0,46,46,46,255,16560,4,0,1,12,10,30,20,5,0,3,255,255,0,1,1,1
165649.0,76,76,76,255,16564,9,0,1,12,10,20,20,1,0,0,255,255,0,1,1,1
165698.0,65,65,65,255,16569,8,0,1,12,10,30,20,8,0,0,255,255,0,1,1,1
165747.0,79,79,79,255,16574,7,0,1,12,10,20,20,15,0,1,255,255,0,1,1,1
165789.0,55,55,55,255,16578,9,0,1,12,10,30,20,10,0,0,255,255,0,1,1,1
165844.0,83,83,83,255,16584,4,0,1,12,10,30,20,1,1,0,255,255,0,1,1,1
165886.0,40,40,40,255,16588,6,0,1,12,10,0,20,1,0,3,255,255,0,1,1,1
165937.0,58,58,58,255,16593,7,0,1,12,10,10,20,7,0,2,255,255,0,1,1,1
165984.0,41,41,41,255,16598,4,0,1,12,10,0,20,4,0,1,255,255,0,1,1,1
166027.0,80,80,80,255,16602,7,0,1,12,10,10,20,8,0,2,255,255,0,1,1,1
166078.0,81,81,81,255,16607,8,0,1,12,10,0,20,9,0,0,255,255,0,1,1,1
166125.0,43,43,43,255,16612,5,0,1,12,10,30,20,10,1,0,255,255,0,1,1,1
166169.0,57,57,57,255,16616,9,0,1,12,10,10,20,14,0,0,255,255,0,1,1,1
166217.0,58,58,58,255,16621,7,0,1,12,10,0,20,8,1,0,255,255,0,1,1,1
166267.0,82,82,82,255,16626,7,0,1,12,10,20,20,5,0,3,255,255,0,1,1,1
166308.0,38,38,38,255,16630,8,0,1,12,10,30,20,7,0,1,255,255,0,1,1,1
166364.0,39,39,39,255,16636,4,0,1,12,10,20,20,6,1,0,255,255,0,1,1,1
166405.0,36,36,36,255,16640,5,0,1,12,10,30,20,12,0,2,255,255,0,1,1,1
166458.0,83,83,83,255,16645,8,0,1,12,10,30,20,1,0,3,255,255,0,1,1,1
166499.0,46,46,46,255,16649,9,0,1,12,10,0,20,6,0,3,255,255,0,1,1,1
166549.0,56,56,56,255,16654,9,0,1,12,10,30,20,11,0,0,255,255,0,1,1,1
166598.0,40,40,40,255,16659,8,0,1,12,10,0,20,2,0,3,255,255,0,1,1,1
166648.0,43,43,43,255,16664,8,0,1,12,10,10,20,11,0,0,255,255,0,1,1,1
166697.0,54,54,54,255,16669,7,0,1,12,10,20,20,15,1,0,255,255,0,1,1,1
166746.0,61,61,61,255,16674,6,0,1,12,10,20,20,15,0,2,255,255,0,1,1,1
166789.0,78,78,78,255,16678,9,0,1,12,10,20,20,2,1,0,255,255,0,1,1,1
166844.0,83,83,83,255,16684,4,0,1,12,10,30,20,1,1,0,255,255,0,1,1,1
166888.0,50,50,50,255,16688,8,0,1,12,10,10,20,7,0,2,255,255,0,1,1,1
166939.0,56,56,56,255,16693,9,0,1,12,10,30,20,11,0,1,255,255,0,1,1,1
166987.0,72,72,72,255,16698,7,0,1,12,10,0,20,1,0,2,255,255,0,1,1,1
167038.0,43,43,43,255,16703,8,0,1,12,10,10,20,11,0,2,255,255,0,1,1,1
167086.0,72,72,72,255,16708,6,0,1,12,10,0,20,1,1,0,255,255,0,1,1,1
167137.0,68,68,68,255,16713,7,0,1,12,10,30,20,3,0,3,255,255,0,1,1,1
167185.0,65,65,65,255,16718,5,0,1,12,10,0,20,10,0,2,255,255,0,1,1,1
167229.0,51,51,51,255,16722,9,0,1,12,10,30,20,4,0,0,255,255,0,1,1,1
167284.0,81,81,81,255,16728,4,0,1,12,10,0,20,10,0,2,255,255,0,1,1,1
167328.0,31,31,31,255,16732,8,0,1,12,10,0,20,11,0,3,255,255,0,1,1,1
167379.0,44,44,44,255,16737,9,0,1,12,10,30,20,10,1,0,255,255,0,1,1,1
167427.0,77,77,77,255,16742,7,0,1,12,10,30,20,4,0,0,255,255,0,1,1,1
167479.0,47,47,47,255,16747,9,0,1,12,10,0,20,6,0,2,255,255,0,1,1,1
167526.0,77,77,77,255,16752,6,0,1,12,10,30,20,4,0,1,255,255,0,1,1,1
167578.0,39,39,39,255,16757,8,0,1,12,10,20,20,6,0,3,255,255,0,1,1,1
167625.0,79,79,79,255,16762,5,0,1,12,10,0,20,0,0,2,255,255,0,1,1,1
167678.0,40,40,40,255,16767,8,0,1,12,10,0,20,3,0,2,255,255,0,1,1,1
167725.0,75,75,75,255,16772,5,0,1,12,10,30,20,9,0,3,255,255,0,1,1,1
167778.0,50,50,50,255,16777,8,0,1,12,10,20,20,8,0,2,255,255,0,1,1,1
167825.0,75,75,75,255,16782,5,0,1,12,10,30,20,9,0,3,255,255,0,1,1,1
167877.0,40,40,40,255,16787,7,0,1,12,10,10,20,3,1,0,255,255,0,1,1,1
167925.0,77,77,77,255,16792,5,0,1,12,10,0,20,5,0,1,255,255,0,1,1,1
167977.0,47,47,47,255,16797,7,0,1,12,10,20,20,6,1,0,255,255,0,1,1,1
168024.0,58,58,58,255,16802,4,0,1,12,10,30,20,10,1,0,255,255,0,1,1,1
168069.0,64,64,64,255,16806,9,0,1,12,10,30,20,12,0,0,255,255,0,1,1,1
168119.0,80,80,80,255,16811,9,0,1,12,10,20,20,10,1,0,255,255,0,1,1,1
168168.0,39,39,39,255,16816,8,0,1,12,10,0,20,7,0,3,255,255,0,1,1,1
168218.0,68,68,68,255,16821,8,0,1,12,10,10,20,4,0,3,255,255,0,1,1,1
168266.0,37,37,37,255,16826,6,0,1,12,10,30,20,3,0,1,255,255,0,1,1,1
168308.0,71,71,71,255,16830,8,0,1,12,10,30,20,5,0,2,255,255,0,1,1,1
168358.0,64,64,64,255,16835,8,0,1,12,10,0,20,12,0,2,255,255,0,1,1,1
168406.0,54,54,54,255,16840,6,0,1,12,10,0,20,0,0,1,255,255,0,1,1,1
168447.0,16,16,16,255,16844,7,0,1,12,10,0,20,5,0,0,255,255,0,1,1,1
168498.0,47,47,47,255,16849,8,0,1,12,10,30,20,7,0,0,255,255,0,1,1,1
168546.0,84,84,84,255,16854,6,0,1,12,10,30,20,0,0,1,255,255,0,1,1,1
168589.0,44,44,44,255,16858,9,0,1,12,10,20,20,12,0,0,255,255,0,1,1,1
168645.0,85,85,85,255,16864,5,0,1,12,10,0,20,0,0,0,255,255,0,1,1,1
168688.0,67,67,67,255,16868,8,0,1,12,10,0,20,7,0,3,255,255,0,1,1,1
168739.0,61,61,61,255,16873,9,0,1,12,10,0,20,2,1,0,255,255,0,1,1,1
168786.0,73,73,73,255,16878,6,0,1,12,10,0,20,14,0,1,255,255,0,1,1,1
168838.0,31,31,31,255,16883,8,0,1,12,10,20,20,13,0,0,255,255,0,1,1,1
168885.0,47,47,47,255,16888,5,0,1,12,10,0,20,7,0,3,255,255,0,1,1,1
168929.0,68,68,68,255,16892,9,0,1,12,10,0,20,5,0,1,255,255,0,1,1,1
168978.0,47,47,47,255,16897,8,0,1,12,10,30,20,7,1,0,255,255,0,1,1,1
169027.0,16,16,16,255,16902,7,0,1,12,10,10,20,6,1,0,255,255,0,1,1,1
169077.0,46,46,46,255,16907,7,0,1,12,10,30,20,8,1,0,255,255,0,1,1,1
169126.0,62,62,62,255,16912,6,0,1,12,10,20,20,2,0,3,255,255,0,1,1,1
169168.0,73,73,73,255,16916,8,0,1,12,10,30,20,14,1,0,255,255,0,1,1,1
169224.0,62,62,62,255,16922,4,0,1,12,10,10,20,2,1,0,255,255,0,1,1,1
169268.0,37,37,37,255,16926,8,0,1,12,10,30,20,4,0,0,255,255,0,1,1,1
169324.0,68,68,68,255,16932,4,0,1,12,10,30,20,6,0,3,255,255,0,1,1,1
169367.0,37,37,37,255,16936,7,0,1,12,10,20,20,4,0,1,255,255,0,1,1,1
169419.0,54,54,54,255,16941,9,0,1,12,10,10,20,1,0,0,255,255,0,1,1,1
169466.0,41,41,41,255,16946,6,0,1,12,10,20,20,6,1,0,255,255,0,1,1,1
169518.0,80,80,80,255,16951,8,0,1,12,10,0,20,11,0,2,255,255,0,1,1,1
169566.0,39,39,39,255,16956,6,0,1,12,10,0,20,8,0,2,255,255,0,1,1,1
169618.0,78,78,78,255,16961,8,0,1,12,10,30,20,5,0,0,255,255,0,1,1,1
169666.0,82,82,82,255,16966,6,0,1,12,10,20,20,8,0,2,255,255,0,1,1,1
169719.0,75,75,75,255,16971,9,0,1,12,10,10,20,11,1,0,255,255,0,1,1,1
169767.0,70,70,70,255,16976,7,0,1,12,10,0,20,6,0,0,255,255,0,1,1,1
169824.0,36,36,36,255,16982,4,0,1,12,10,30,20,15,0,0,255,255,0,1,1,1
169868.0,37,37,37,255,16986,8,0,1,12,10,30,20,4,0,0,255,255,0,1,1,1
169925.0,85,85,85,255,16992,5,0,1,12,10,0,20,1,0,2,255,255,0,1,1,1
169969.0,55,55,55,255,16996,9,0,1,12,10,20,20,13,0,3,255,255,0,1,1,1
170025.0,43,43,43,255,17002,5,0,1,12,10,0,20,14,0,2,255,255,0,1,1,1
170069.0,47,47,47,255,17006,9,0,1,12,10,30,20,9,1,0,255,255,0,1,1,1
170126.0,80,80,80,255,17012,6,0,1,12,10,10,20,12,0,3,255,255,0,1,1,1
170178.0,73,73,73,255,17017,8,0,1,12,10,0,20,15,0,2,255,255,0,1,1,1
170227.0,62,62,62,255,17022,7,0,1,12,10,30,20,3,1,0,255,255,0,1,1,1
170278.0,55,55,55,255,17027,8,0,1,12,10,20,20,14,1,0,255,255,0,1,1,1
170328.0,16,16,16,255,17032,8,0,1,12,10,20,20,7,0,2,255,255,0,1,1,1
170379.0,82,82,82,255,17037,9,0,1,12,10,20,20,8,0,0,255,255,0,1,1,1
170437.0,68,68,68,255,17043,7,0,1,12,10,10,20,7,0,0,255,255,0,1,1,1
170484.0,73,73,73,255,17048,4,0,1,12,10,30,20,15,0,1,255,255,0,1,1,1
170538.0,80,80,80,255,17053,8,0,1,12,10,0,20,12,0,1,255,255,0,1,1,1
170584.0,49,49,49,255,17058,4,0,1,12,10,30,20,11,1,0,255,255,0,1,1,1
170644.0,43,43,43,255,17064,4,0,1,12,10,10,20,15,0,1,255,255,0,1,1,1
170687.0,47,47,47,255,17068,7,0,1,12,10,20,20,9,0,1,255,255,0,1,1,1
170745.0,64,64,64,255,17074,5,0,1,12,10,0,20,14,1,0,255,255,0,1,1,1
170789.0,78,78,78,255,17078,9,0,1,12,10,0,20,6,1,0,255,255,0,1,1,1
170847.0,37,37,37,255,17084,7,0,1,12,10,0,20,5,1,0,255,255,0,1,1,1
170898.0,72,72,72,255,17089,8,0,1,12,10,0,20,6,0,3,255,255,0,1,1,1
170957.0,70,70,70,255,17095,7,0,1,12,10,10,20,7,0,2,255,255,0,1,1,1
171007.0,67,67,67,255,17100,7,0,1,12,10,30,20,9,0,1,255,255,0,1,1,1
171059.0,76,76,76,255,17105,9,0,1,12,10,10,20,6,0,0,255,255,0,1,1,1
171119.0,77,77,77,255,17111,9,0,1,12,10,10,20,7,0,1,255,255,0,1,1,1
171167.0,64,64,64,255,17116,7,0,1,12,10,0,20,14,0,1,255,255,0,1,1,1
171227.0,43,43,43,255,17122,7,0,1,12,10,10,20,15,1,0,255,255,0,1,1,1
171279.0,47,47,47,255,17127,9,0,1,12,10,0,20,10,0,2,255,255,0,1,1,1
171338.0,76,76,76,255,17133,8,0,1,12,10,30,20,7,0,2,255,255,0,1,1,1
171387.0,67,67,67,255,17138,7,0,1,12,10,0,20,9,0,2,255,255,0,1,1,1
171445.0,64,64,64,255,17144,5,0,1,12,10,0,20,14,1,0,255,255,0,1,1,1
171498.0,47,47,47,255,17149,8,0,1,12,10,30,20,10,0,0,255,255,0,1,1,1
171549.0,56,56,56,255,17154,9,0,1,12,10,30,20,0,0,0,255,255,0,1,1,1
171607.0,36,36,36,255,17160,7,0,1,12,10,20,20,0,0,1,255,255,0,1,1,1
171659.0,84,84,84,255,17165,9,0,1,12,10,0,20,3,0,0,255,255,0,1,1,1
171718.0,78,78,78,255,17171,8,0,1,12,10,30,20,7,0,0,255,255,0,1,1,1
171766.0,41,41,41,255,17176,6,0,1,12,10,0,20,9,1,0,255,255,0,1,1,1
171827.0,75,75,75,255,17182,7,0,1,12,10,20,20,13,0,2,255,255,0,1,1,1
171877.0,55,55,55,255,17187,7,0,1,12,10,0,20,15,0,2,255,255,0,1,1,1
171929.0,16,16,16,255,17192,9,0,1,12,10,10,20,8,1,0,255,255,0,1,1,1
171985.0,55,55,55,255,17198,5,0,1,12,10,0,20,15,0,1,255,255,0,1,1,1
172044.0,56,56,56,255,17204,4,0,1,12,10,30,20,1,0,3,255,255,0,1,1,1
172089.0,67,67,67,255,17208,9,0,1,12,10,0,20,10,0,1,255,255,0,1,1,1
172147.0,57,57,57,255,17214,7,0,1,12,10,20,20,4,1,0,255,255,0,1,1,1
172204.0,72,72,72,255,17220,4,0,1,12,10,30,20,7,0,3,255,255,0,1,1,1
172258.0,76,76,76,255,17225,8,0,1,12,10,30,20,8,0,1,255,255,0,1,1,1
172317.0,36,36,36,255,17231,7,0,1,12,10,20,20,1,0,3,255,255,0,1,1,1
172367.0,74,74,74,255,17236,7,0,1,12,10,30,20,13,0,3,255,255,0,1,1,1
172426.0,62,62,62,255,17242,6,0,1,12,10,10,20,5,1,0,255,255,0,1,1,1
172478.0,39,39,39,255,17247,8,0,1,12,10,0,20,10,0,2,255,255,0,1,1,1
172537.0,61,61,61,255,17253,7,0,1,12,10,10,20,5,1,0,255,255,0,1,1,1
172586.0,46,46,46,255,17258,6,0,1,12,10,20,20,12,1,0,255,255,0,1,1,1
172645.0,84,84,84,255,17264,5,0,1,12,10,30,20,4,0,2,255,255,0,1,1,1
172697.0,49,49,49,255,17269,7,0,1,12,10,30,20,14,0,3,255,255,0,1,1,1
172748.0,64,64,64,255,17274,8,0,1,12,10,0,20,15,0,2,255,255,0,1,1,1
172806.0,71,71,71,255,17280,6,0,1,12,10,20,20,10,0,3,255,255,0,1,1,1
172864.0,82,82,82,255,17286,4,0,1,12,10,0,20,11,0,1,255,255,0,1,1,1
172918.0,80,80,80,255,17291,8,0,1,12,10,10,20,14,0,2,255,255,0,1,1,1
172967.0,73,73,73,255,17296,7,0,1,12,10,0,20,2,0,3,255,255,0,1,1,1
173027.0,43,43,43,255,17302,7,0,1,12,10,0,20,1,0,2,255,255,0,1,1,1
173077.0,46,46,46,255,17307,7,0,1,12,10,20,20,13,1,0,255,255,0,1,1,1
173138.0,68,68,68,255,17313,8,0,1,12,10,0,20,10,0,3,255,255,0,1,1,1
173186.0,47,47,47,255,17318,6,0,1,12,10,30,20,12,0,3,255,255,0,1,1,1
173246.0,85,85,85,255,17324,6,0,1,12,10,10,20,4,0,1,255,255,0,1,1,1
173298.0,44,44,44,255,17329,8,0,1,12,10,20,20,15,0,0,255,255,0,1,1,1
173348.0,70,70,70,255,17334,8,0,1,12,10,0,20,10,1,0,255,255,0,1,1,1
173405.0,71,71,71,255,17340,5,0,1,12,10,30,20,11,0,2,255,255,0,1,1,1
173458.0,56,56,56,255,17345,8,0,1,12,10,10,20,2,0,0,255,255,0,1,1,1
173507.0,71,71,71,255,17350,7,0,1,12,10,0,20,11,0,3,255,255,0,1,1,1
173566.0,82,82,82,255,17356,6,0,1,12,10,30,20,12,0,2,255,255,0,1,1,1
173619.0,68,68,68,255,17361,9,0,1,12,10,10,20,11,0,2,255,255,0,1,1,1
173668.0,73,73,73,255,17366,8,0,1,12,10,0,20,3,1,0,255,255,0,1,1,1
173726.0,68,68,68,255,17372,6,0,1,12,10,30,20,11,0,3,255,255,0,1,1,1
173778.0,82,82,82,255,17377,8,0,1,12,10,10,20,12,0,0,255,255,0,1,1,1
173829.0,68,68,68,255,17382,9,0,1,12,10,20,20,11,0,1,255,255,0,1,1,1
173886.0,67,67,67,255,17388,6,0,1,12,10,30,20,12,0,2,255,255,0,1,1,1
173945.0,57,57,57,255,17394,5,0,1,12,10,0,20,6,1,0,255,255,0,1,1,1
173989.0,81,81,81,255,17398,9,0,1,12,10,20,20,0,0,0,255,255,0,1,1,1
174048.0,61,61,61,255,17404,8,0,1,12,10,20,20,6,1,0,255,255,0,1,1,1
174105.0,52,52,52,255,17410,5,0,1,12,10,20,20,8,0,1,255,255,0,1,1,1
174157.0,84,84,84,255,17415,7,0,1,12,10,20,20,5,0,1,255,255,0,1,1,1
174208.0,46,46,46,255,17420,8,0,1,12,10,0,20,14,0,0,255,255,0,1,1,1
174264.0,82,82,82,255,17426,4,0,1,12,10,0,20,13,0,0,255,255,0,1,1,1
174318.0,31,31,31,255,17431,8,0,1,12,10,20,20,2,1,0,255,255,0,1,1,1
174366.0,73,73,73,255,17436,6,0,1,12,10,0,20,4,0,2,255,255,0,1,1,1
174426.0,75,75,75,255,17442,6,0,1,12,10,30,20,1,0,2,255,255,0,1,1,1
174469.0,73,73,73,255,17446,9,0,1,12,10,30,20,4,0,3,255,255,0,1,1,1
174529.0,43,43,43,255,17452,9,0,1,12,10,30,20,3,0,1,255,255,0,1,1,1
174579.0,74,74,74,255,17457,9,0,1,12,10,30,20,15,0,0,255,255,0,1,1,1
174637.0,16,16,16,255,17463,7,0,1,12,10,20,20,11,0,2,255,255,0,1,1,1
174684.0,55,55,55,255,17468,4,0,1,12,10,30,20,1,0,2,255,255,0,1,1,1
174738.0,68,68,68,255,17473,8,0,1,12,10,30,20,12,0,0,255,255,0,1,1,1
174785.0,47,47,47,255,17478,5,0,1,12,10,0,20,13,0,2,255,255,0,1,1,1
174839.0,16,16,16,255,17483,9,0,1,12,10,30,20,11,0,3,255,255,0,1,1,1
174886.0,44,44,44,255,17488,6,0,1,12,10,0,20,1,0,2,255,255,0,1,1,1
174944.0,76,76,76,255,17494,4,0,1,12,10,30,20,11,0,3,255,255,0,1,1,1
174987.0,72,72,72,255,17498,7,0,1,12,10,0,20,10,1,0,255,255,0,1,1,1
175045.0,79,79,79,255,17504,5,0,1,12,10,20,20,7,0,0,255,255,0,1,1,1
175089.0,46,46,46,255,17508,9,0,1,12,10,30,20,15,0,1,255,255,0,1,1,1
175146.0,85,85,85,255,17514,6,0,1,12,10,0,20,6,0,0,255,255,0,1,1,1
175197.0,36,36,36,255,17519,7,0,1,12,10,0,20,3,1,0,255,255,0,1,1,1
175247.0,76,76,76,255,17524,7,0,1,12,10,0,20,11,0,1,255,255,0,1,1,1
175298.0,46,46,46,255,17529,8,0,1,12,10,0,20,15,0,0,255,255,0,1,1,1
175349.0,62,62,62,255,17534,9,0,1,12,10,0,20,7,0,0,255,255,0,1,1,1
175399.0,52,52,52,255,17539,9,0,1,12,10,30,20,9,0,2,255,255,0,1,1,1
175457.0,86,86,86,255,17545,7,0,1,12,10,20,20,1,0,2,255,255,0,1,1,1
175504.0,36,36,36,255,17550,4,0,1,12,10,0,20,3,0,3,255,255,0,1,1,1
175558.0,37,37,37,255,17555,8,0,1,12,10,30,20,9,0,1,255,255,0,1,1,1
175605.0,77,77,77,255,17560,5,0,1,12,10,30,20,12,1,0,255,255,0,1,1,1
175659.0,84,84,84,255,17565,9,0,1,12,10,30,20,7,0,1,255,255,0,1,1,1
175707.0,52,52,52,255,17570,7,0,1,12,10,30,20,9,0,1,255,255,0,1,1,1
175759.0,82,82,82,255,17575,9,0,1,12,10,0,20,14,1,0,255,255,0,1,1,1
175808.0,36,36,36,255,17580,8,0,1,12,10,0,20,3,0,1,255,255,0,1,1,1
175864.0,37,37,37,255,17586,4,0,1,12,10,30,20,10,0,1,255,255,0,1,1,1
175909.0,72,72,72,255,17590,9,0,1,12,10,10,20,11,0,0,255,255,0,1,1,1
175965.0,64,64,64,255,17596,5,0,1,12,10,30,20,2,0,1,255,255,0,1,1,1
176018.0,85,85,85,255,17601,8,0,1,12,10,0,20,7,1,0,255,255,0,1,1,1
176066.0,82,82,82,255,17606,6,0,1,12,10,30,20,14,0,2,255,255,0,1,1,1
176119.0,78,78,78,255,17611,9,0,1,12,10,20,20,11,0,0,255,255,0,1,1,1
176167.0,41,41,41,255,17616,7,0,1,12,10,30,20,14,1,0,255,255,0,1,1,1
176224.0,31,31,31,255,17622,4,0,1,12,10,30,20,4,0,2,255,255,0,1,1,1
176269.0,55,55,55,255,17626,9,0,1,12,10,20,20,3,0,2,255,255,0,1,1,1
176327.0,56,56,56,255,17632,7,0,1,12,10,10,20,4,1,0,255,255,0,1,1,1
176369.0,55,55,55,255,17636,9,0,1,12,10,20,20,3,0,2,255,255,0,1,1,1
176428.0,79,79,79,255,17642,8,0,1,12,10,20,20,9,0,2,255,255,0,1,1,1
176477.0,82,82,82,255,17647,7,0,1,12,10,10,20,15,0,0,255,255,0,1,1,1
176537.0,16,16,16,255,17653,7,0,1,12,10,0,20,13,0,3,255,255,0,1,1,1
176579.0,72,72,72,255,17657,9,0,1,12,10,30,20,11,1,0,255,255,0,1,1,1
176639.0,61,61,61,255,17663,9,0,1,12,10,20,20,9,1,0,255,255,0,1,1,1
176685.0,44,44,44,255,17668,5,0,1,12,10,20,20,3,0,3,255,255,0,1,1,1
176745.0,79,79,79,255,17674,5,0,1,12,10,10,20,9,0,0,255,255,0,1,1,1
176787.0,41,41,41,255,17678,7,0,1,12,10,30,20,15,0,1,255,255,0,1,1,1
176846.0,85,85,85,255,17684,6,0,1,12,10,10,20,8,0,0,255,255,0,1,1,1
176889.0,87,87,87,255,17688,9,0,1,12,10,10,20,1,0,0,255,255,0,1,1,1
176948.0,70,70,70,255,17694,8,0,1,12,10,30,20,14,0,2,255,255,0,1,1,1
176989.0,89,89,89,255,17698,9,0,1,12,10,30,20,0,0,0,255,255,0,1,1,1
177048.0,84,84,84,255,17704,8,0,1,12,10,10,20,8,0,1,255,255,0,1,1,1
177097.0,41,41,41,255,17709,7,0,1,12,10,10,20,0,0,3,255,255,0,1,1,1
177149.0,84,84,84,255,17714,9,0,1,12,10,10,20,8,0,0,255,255,0,1,1,1
177199.0,49,49,49,255,17719,9,0,1,12,10,30,20,2,0,3,255,255,0,1,1,1
177257.0,76,76,76,255,17725,7,0,1,12,10,30,20,12,0,3,255,255,0,1,1,1
177305.0,72,72,72,255,17730,5,0,1,12,10,30,20,12,0,1,255,255,0,1,1,1
177359.0,64,64,64,255,17735,9,0,1,12,10,0,20,4,0,1,255,255,0,1,1,1
177407.0,36,36,36,255,17740,7,0,1,12,10,30,20,5,0,2,255,255,0,1,1,1
177464.0,74,74,74,255,17746,4,0,1,12,10,0,20,3,0,2,255,255,0,1,1,1
177509.0,36,36,36,255,17750,9,0,1,12,10,20,20,5,0,1,255,255,0,1,1,1
177565.0,81,81,81,255,17756,5,0,1,12,10,30,20,3,1,0,255,255,0,1,1,1
177617.0,80,80,80,255,17761,7,0,1,12,10,30,20,4,1,0,255,255,0,1,1,1
177667.0,64,64,64,255,17766,7,0,1,12,10,0,20,4,0,0,255,255,0,1,1,1
177719.0,79,79,79,255,17771,9,0,1,12,10,0,20,10,1,0,255,255,0,1,1,1
177777.0,41,41,41,255,17777,7,0,1,12,10,10,20,0,1,0,255,255,0,1,1,1
177827.0,62,62,62,255,17782,7,0,1,12,10,0,20,9,0,3,255,255,0,1,1,1
177884.0,52,52,52,255,17788,4,0,1,12,10,30,20,12,1,0,255,255,0,1,1,1
177938.0,56,56,56,255,17793,8,0,1,12,10,20,20,6,0,3,255,255,0,1,1,1
177987.0,39,39,39,255,17798,7,0,1,12,10,30,20,15,0,0,255,255,0,1,1,1
178045.0,61,61,61,255,17804,5,0,1,12,10,0,20,11,0,3,255,255,0,1,1,1
178089.0,44,44,44,255,17808,9,0,1,12,10,0,20,5,0,3,255,255,0,1,1,1
178148.0,16,16,16,255,17814,8,0,1,12,10,0,20,15,0,0,255,255,0,1,1,1
178199.0,52,52,52,255,17819,9,0,1,12,10,10,20,12,0,2,255,255,0,1,1,1
178259.0,84,84,84,255,17825,9,0,1,12,10,30,20,9,0,1,255,255,0,1,1,1
178306.0,78,78,78,255,17830,6,0,1,12,10,30,20,13,0,1,255,255,0,1,1,1
178366.0,89,89,89,255,17836,6,0,1,12,10,0,20,1,0,2,255,255,0,1,1,1
178418.0,80,80,80,255,17841,8,0,1,12,10,30,20,5,1,0,255,255,0,1,1,1
178469.0,55,55,55,255,17846,9,0,1,12,10,10,20,5,0,3,255,255,0,1,1,1
178527.0,31,31,31,255,17852,7,0,1,12,10,0,20,7,0,3,255,255,0,1,1,1
178578.0,81,81,81,255,17857,8,0,1,12,10,30,20,5,0,0,255,255,0,1,1,1
178628.0,80,80,80,255,17862,8,0,1,12,10,0,20,5,0,1,255,255,0,1,1,1
178679.0,39,39,39,255,17867,9,0,1,12,10,0,20,15,0,2,255,255,0,1,1,1
178729.0,62,62,62,255,17872,9,0,1,12,10,30,20,10,1,0,255,255,0,1,1,1
178784.0,52,52,52,255,17878,4,0,1,12,10,0,20,14,1,0,255,255,0,1,1,1
178838.0,76,76,76,255,17883,8,0,1,12,10,0,20,14,1,0,255,255,0,1,1,1
178887.0,39,39,39,255,17888,7,0,1,12,10,30,20,15,0,0,255,255,0,1,1,1
178946.0,83,83,83,255,17894,6,0,1,12,10,0,20,13,0,3,255,255,0,1,1,1
178997.0,71,71,71,255,17899,7,0,1,12,10,30,20,2,1,0,255,255,0,1,1,1
179057.0,76,76,76,255,17905,7,0,1,12,10,10,20,14,0,0,255,255,0,1,1,1
179105.0,87,87,87,255,17910,5,0,1,12,10,10,20,4,0,0,255,255,0,1,1,1
179167.0,39,39,39,255,17916,7,0,1,12,10,30,20,0,1,0,255,255,0,1,1,1
179219.0,80,80,80,255,17921,9,0,1,12,10,20,20,6,1,0,255,255,0,1,1,1
179279.0,86,86,86,255,17927,9,0,1,12,10,30,20,4,0,0,255,255,0,1,1,1
179338.0,90,90,90,255,17933,8,0,1,12,10,20,20,0,0,1,255,255,0,1,1,1
179387.0,47,47,47,255,17938,7,0,1,12,10,10,20,2,0,2,255,255,0,1,1,1
179447.0,83,83,83,255,17944,7,0,1,12,10,10,20,14,1,0,255,255,0,1,1,1
179497.0,41,41,41,255,17949,7,0,1,12,10,30,20,2,0,0,255,255,0,1,1,1
179558.0,37,37,37,255,17955,8,0,1,12,10,10,20,13,0,3,255,255,0,1,1,1
179607.0,78,78,78,255,17960,7,0,1,12,10,30,20,14,0,3,255,255,0,1,1,1
179667.0,81,81,81,255,17966,7,0,1,12,10,20,20,7,0,2,255,255,0,1,1,1
179724.0,31,31,31,255,17972,4,0,1,12,10,30,20,9,0,2,255,255,0,1,1,1
179778.0,67,67,67,255,17977,8,0,1,12,10,10,20,2,1,0,255,255,0,1,1,1
179829.0,79,79,79,255,17982,9,0,1,12,10,0,20,11,0,2,255,255,0,1,1,1
179886.0,49,49,49,255,17988,6,0,1,12,10,20,20,5,1,0,255,255,0,1,1,1
179946.0,76,76,76,255,17994,6,0,1,12,10,10,20,15,0,3,255,255,0,1,1,1
179989.0,73,73,73,255,17998,9,0,1,12,10,30,20,10,0,0,255,255,0,1,1,1
180049.0,76,76,76,255,18004,9,0,1,12,10,30,20,15,0,1,255,255,0,1,1,1
180104.0,71,71,71,255,18010,4,0,1,12,10,20,20,3,0,2,255,255,0,1,1,1
180165.0,89,89,89,255,18016,5,0,1,12,10,30,20,3,1,0,255,255,0,1,1,1
180217.0,78,78,78,255,18021,7,0,1,12,10,30,20,14,0,0,255,255,0,1,1,1
180269.0,89,89,89,255,18026,9,0,1,12,10,30,20,3,0,3,255,255,0,1,1,1
180327.0,85,85,85,255,18032,7,0,1,12,10,20,20,12,0,2,255,255,0,1,1,1
180385.0,67,67,67,255,18038,5,0,1,12,10,30,20,2,0,2,255,255,0,1,1,1
180439.0,85,85,85,255,18043,9,0,1,12,10,0,20,12,0,0,255,255,0,1,1,1
180489.0,67,67,67,255,18048,9,0,1,12,10,30,20,2,0,1,255,255,0,1,1,1
180548.0,37,37,37,255,18054,8,0,1,12,10,0,20,14,0,2,255,255,0,1,1,1
180605.0,49,49,49,255,18060,5,0,1,12,10,30,20,6,0,1,255,255,0,1,1,1
180665.0,39,39,39,255,18066,5,0,1,12,10,20,20,1,1,0,255,255,0,1,1,1
180718.0,78,78,78,255,18071,8,0,1,12,10,0,20,15,0,1,255,255,0,1,1,1
180777.0,67,67,67,255,18077,7,0,1,12,10,30,20,3,1,0,255,255,0,1,1,1
180828.0,43,43,43,255,18082,8,0,1,12,10,30,20,10,0,3,255,255,0,1,1,1
180885.0,47,47,47,255,18088,5,0,1,12,10,0,20,3,0,3,255,255,0,1,1,1
180944.0,64,64,64,255,18094,4,0,1,12,10,0,20,7,1,0,255,255,0,1,1,1
180997.0,71,71,71,255,18099,7,0,1,12,10,20,20,4,1,0,255,255,0,1,1,1
181057.0,37,37,37,255,18105,7,0,1,12,10,30,20,15,0,3,255,255,0,1,1,1
181105.0,87,87,87,255,18110,5,0,1,12,10,20,20,6,0,0,255,255,0,1,1,1
181165.0,70,70,70,255,18116,5,0,1,12,10,30,20,1,0,3,255,255,0,1,1,1
181218.0,80,80,80,255,18121,8,0,1,12,10,10,20,7,0,2,255,255,0,1,1,1
181277.0,47,47,47,255,18127,7,0,1,12,10,0,20,4,0,2,255,255,0,1,1,1
181327.0,31,31,31,255,18132,7,0,1,12,10,0,20,11,0,3,255,255,0,1,1,1
181384.0,39,39,39,255,18138,4,0,1,12,10,20,20,1,0,3,255,255,0,1,1,1
181437.0,16,16,16,255,18143,7,0,1,12,10,30,20,2,0,3,255,255,0,1,1,1
181486.0,49,49,49,255,18148,6,0,1,12,10,20,20,7,1,0,255,255,0,1,1,1
181545.0,43,43,43,255,18154,5,0,1,12,10,30,20,11,0,1,255,255,0,1,1,1
181589.0,81,81,81,255,18158,9,0,1,12,10,20,20,9,0,0,255,255,0,1,1,1
181647.0,90,90,90,255,18164,7,0,1,12,10,20,20,2,0,0,255,255,0,1,1,1
181698.0,44,44,44,255,18169,8,0,1,12,10,30,20,8,0,1,255,255,0,1,1,1
181757.0,37,37,37,255,18175,7,0,1,12,10,30,20,15,0,3,255,255,0,1,1,1
181804.0,78,78,78,255,18180,4,0,1,12,10,0,20,0,0,2,255,255,0,1,1,1
181859.0,86,86,86,255,18185,9,0,1,12,10,0,20,7,1,0,255,255,0,1,1,1
181908.0,88,88,88,255,18190,8,0,1,12,10,10,20,5,0,0,255,255,0,1,1,1
181967.0,86,86,86,255,18196,7,0,1,12,10,30,20,7,0,1,255,255,0,1,1,1
182019.0,90,90,90,255,18201,9,0,1,12,10,10,20,3,1,0,255,255,0,1,1,1
182069.0,73,73,73,255,18206,9,0,1,12,10,30,20,12,0,3,255,255,0,1,1,1
182126.0,16,16,16,255,18212,6,0,1,12,10,30,20,3,1,0,255,255,0,1,1,1
182178.0,55,55,55,255,18217,8,0,1,12,10,0,20,8,0,3,255,255,0,1,1,1
182237.0,91,91,91,255,18223,7,0,1,12,10,20,20,1,1,0,255,255,0,1,1,1
182286.0,41,41,41,255,18228,6,0,1,12,10,10,20,4,0,3,255,255,0,1,1,1
182339.0,62,62,62,255,18233,9,0,1,12,10,30,20,14,0,3,255,255,0,1,1,1
182389.0,41,41,41,255,18238,9,0,1,12,10,30,20,4,0,1,255,255,0,1,1,1
182446.0,43,43,43,255,18244,6,0,1,12,10,20,20,12,0,3,255,255,0,1,1,1
182498.0,44,44,44,255,18249,8,0,1,12,10,30,20,8,0,1,255,255,0,1,1,1
182557.0,37,37,37,255,18255,7,0,1,12,10,0,20,1,0,2,255,255,0,1,1,1
182606.0,88,88,88,255,18260,6,0,1,12,10,30,20,6,0,1,255,255,0,1,1,1
182664.0,39,39,39,255,18266,4,0,1,12,10,0,20,2,1,0,255,255,0,1,1,1
182717.0,36,36,36,255,18271,7,0,1,12,10,20,20,11,0,3,255,255,0,1,1,1
182767.0,37,37,37,255,18276,7,0,1,12,10,30,20,1,0,0,255,255,0,1,1,1
182824.0,75,75,75,255,18282,4,0,1,12,10,0,20,10,0,3,255,255,0,1,1,1
182877.0,70,70,70,255,18287,7,0,1,12,10,30,20,3,0,0,255,255,0,1,1,1
182928.0,43,43,43,255,18292,8,0,1,12,10,30,20,13,0,2,255,255,0,1,1,1
182984.0,47,47,47,255,18298,4,0,1,12,10,30,20,6,0,2,255,255,0,1,1,1
183038.0,16,16,16,255,18303,8,0,1,12,10,20,20,3,0,3,255,255,0,1,1,1
183086.0,44,44,44,255,18308,6,0,1,12,10,30,20,9,0,3,255,255,0,1,1,1
183145.0,83,83,83,255,18314,5,0,1,12,10,0,20,2,1,0,255,255,0,1,1,1
183189.0,55,55,55,255,18318,9,0,1,12,10,0,20,9,0,0,255,255,0,1,1,1
183248.0,84,84,84,255,18324,8,0,1,12,10,20,20,0,0,1,255,255,0,1,1,1
183299.0,52,52,52,255,18329,9,0,1,12,10,10,20,3,0,3,255,255,0,1,1,1
183359.0,37,37,37,255,18335,9,0,1,12,10,30,20,1,0,3,255,255,0,1,1,1
183408.0,71,71,71,255,18340,8,0,1,12,10,10,20,6,0,2,255,255,0,1,1,1
183467.0,70,70,70,255,18346,7,0,1,12,10,10,20,3,0,1,255,255,0,1,1,1
183519.0,71,71,71,255,18351,9,0,1,12,10,10,20,6,0,1,255,255,0,1,1,1
183577.0,70,70,70,255,18357,7,0,1,12,10,30,20,3,0,0,255,255,0,1,1,1
183626.0,62,62,62,255,18362,6,0,1,12,10,10,20,0,0,2,255,255,0,1,1,1
183684.0,67,67,67,255,18368,4,0,1,12,10,30,20,7,0,2,255,255,0,1,1,1
183737.0,80,80,80,255,18373,7,0,1,12,10,10,20,10,0,1,255,255,0,1,1,1
183786.0,55,55,55,255,18378,6,0,1,12,10,20,20,10,0,1,255,255,0,1,1,1
183844.0,43,43,43,255,18384,4,0,1,12,10,0,20,14,0,2,255,255,0,1,1,1
183889.0,88,88,88,255,18388,9,0,1,12,10,10,20,7,0,3,255,255,0,1,1,1
183947.0,79,79,79,255,18394,7,0,1,12,10,10,20,15,0,0,255,255,0,1,1,1
183999.0,47,47,47,255,18399,9,0,1,12,10,30,20,6,0,0,255,255,0,1,1,1
184058.0,70,70,70,255,18405,8,0,1,12,10,0,20,4,0,3,255,255,0,1,1,1
184106.0,78,78,78,255,18410,6,0,1,12,10,10,20,1,0,2,255,255,0,1,1,1
184164.0,55,55,55,255,18416,4,0,1,12,10,0,20,10,1,0,255,255,0,1,1,1
184218.0,36,36,36,255,18421,8,0,1,12,10,0,20,13,0,0,255,255,0,1,1,1
184268.0,41,41,41,255,18426,8,0,1,12,10,30,20,6,0,2,255,255,0,1,1,1
184326.0,75,75,75,255,18432,6,0,1,12,10,30,20,12,0,3,255,255,0,1,1,1
184369.0,86,86,86,255,18436,9,0,1,12,10,30,20,9,0,0,255,255,0,1,1,1
184437.0,91,91,91,255,18443,7,0,1,12,10,20,20,3,1,0,255,255,0,1,1,1
184479.0,52,52,52,255,18447,9,0,1,12,10,20,20,5,1,0,255,255,0,1,1,1
184544.0,91,91,91,255,18454,4,0,1,12,10,10,20,3,0,1,255,255,0,1,1,1
184587.0,39,39,39,255,18458,7,0,1,12,10,20,20,4,0,0,255,255,0,1,1,1
184646.0,90,90,90,255,18464,6,0,1,12,10,30,20,5,0,1,255,255,0,1,1,1
184698.0,46,46,46,255,18469,8,0,1,12,10,20,20,10,0,1,255,255,0,1,1,1
184749.0,79,79,79,255,18474,9,0,1,12,10,10,20,0,0,0,255,255,0,1,1,1
184804.0,36,36,36,255,18480,4,0,1,12,10,0,20,13,0,2,255,255,0,1,1,1
184858.0,64,64,64,255,18485,8,0,1,12,10,0,20,11,0,3,255,255,0,1,1,1
184907.0,52,52,52,255,18490,7,0,1,12,10,10,20,5,0,1,255,255,0,1,1,1
184964.0,70,70,70,255,18496,4,0,1,12,10,20,20,4,0,1,255,255,0,1,1,1
185017.0,80,80,80,255,18501,7,0,1,12,10,0,20,11,1,0,255,255,0,1,1,1
185066.0,89,89,89,255,18506,6,0,1,12,10,20,20,7,1,0,255,255,0,1,1,1
185119.0,90,90,90,255,18511,9,0,1,12,10,0,20,6,0,2,255,255,0,1,1,1
185168.0,83,83,83,255,18516,8,0,1,12,10,20,20,3,0,0,255,255,0,1,1,1
185226.0,92,92,92,255,18522,6,0,1,12,10,10,20,0,0,1,255,255,0,1,1,1
185278.0,41,41,41,255,18527,8,0,1,12,10,0,20,7,0,2,255,255,0,1,1,1
185337.0,80,80,80,255,18533,7,0,1,12,10,0,20,12,0,0,255,255,0,1,1,1
185385.0,81,81,81,255,18538,5,0,1,12,10,20,20,13,0,1,255,255,0,1,1,1
185444.0,90,90,90,255,18544,4,0,1,12,10,30,20,6,0,1,255,255,0,1,1,1
185488.0,44,44,44,255,18548,8,0,1,12,10,20,20,11,0,2,255,255,0,1,1,1
185547.0,62,62,62,255,18554,7,0,1,12,10,30,20,2,0,3,255,255,0,1,1,1
185604.0,78,78,78,255,18560,4,0,1,12,10,0,20,3,1,0,255,255,0,1,1,1
185649.0,16,16,16,255,18564,9,0,1,12,10,0,20,6,0,0,255,255,0,1,1,1
185708.0,88,88,88,255,18570,8,0,1,12,10,20,20,9,0,1,255,255,0,1,1,1
185765.0,70,70,70,255,18576,5,0,1,12,10,30,20,5,0,2,255,255,0,1,1,1
185818.0,80,80,80,255,18581,8,0,1,12,10,30,20,12,1,0,255,255,0,1,1,1
185869.0,70,70,70,255,18586,9,0,1,12,10,30,20,5,0,0,255,255,0,1,1,1
185925.0,91,91,91,255,18592,5,0,1,12,10,30,20,4,1,0,255,255,0,1,1,1
185979.0,47,47,47,255,18597,9,0,1,12,10,0,20,9,0,2,255,255,0,1,1,1
186029.0,90,90,90,255,18602,9,0,1,12,10,10,20,6,0,3,255,255,0,1,1,1
186086.0,73,73,73,255,18608,6,0,1,12,10,30,20,0,0,0,255,255,0,1,1,1
186144.0,85,85,85,255,18614,4,0,1,12,10,30,20,2,0,0,255,255,0,1,1,1
186188.0,41,41,41,255,18618,8,0,1,12,10,0,20,8,0,1,255,255,0,1,1,1
186247.0,64,64,64,255,18624,7,0,1,12,10,30,20,12,1,0,255,255,0,1,1,1
186299.0,72,72,72,255,18629,9,0,1,12,10,30,20,5,0,2,255,255,0,1,1,1
186358.0,70,70,70,255,18635,8,0,1,12,10,30,20,6,0,3,255,255,0,1,1,1
186407.0,36,36,36,255,18640,7,0,1,12,10,20,20,14,0,3,255,255,0,1,1,1
186464.0,74,74,74,255,18646,4,0,1,12,10,0,20,14,0,3,255,255,0,1,1,1
186509.0,78,78,78,255,18650,9,0,1,12,10,30,20,4,0,1,255,255,0,1,1,1
186566.0,73,73,73,255,18656,6,0,1,12,10,0,20,1,0,2,255,255,0,1,1,1
186619.0,79,79,79,255,18661,9,0,1,12,10,20,20,1,1,0,255,255,0,1,1,1
186668.0,86,86,86,255,18666,8,0,1,12,10,30,20,10,0,3,255,255,0,1,1,1
186726.0,43,43,43,255,18672,6,0,1,12,10,30,20,1,0,2,255,255,0,1,1,1
186769.0,41,41,41,255,18676,9,0,1,12,10,30,20,8,0,2,255,255,0,1,1,1
186829.0,62,62,62,255,18682,9,0,1,12,10,30,20,3,0,1,255,255,0,1,1,1
186884.0,72,72,72,255,18688,4,0,1,12,10,30,20,5,1,0,255,255,0,1,1,1
186938.0,16,16,16,255,18693,8,0,1,12,10,30,20,7,0,1,255,255,0,1,1,1
186988.0,41,41,41,255,18698,8,0,1,12,10,0,20,8,0,1,255,255,0,1,1,1
187046.0,16,16,16,255,18704,6,0,1,12,10,10,20,7,0,0,255,255,0,1,1,1
187099.0,46,46,46,255,18709,9,0,1,12,10,0,20,12,0,1,255,255,0,1,1,1
187157.0,37,37,37,255,18715,7,0,1,12,10,30,20,5,0,2,255,255,0,1,1,1
187206.0,67,67,67,255,18720,6,0,1,12,10,30,20,11,0,1,255,255,0,1,1,1
187265.0,37,37,37,255,18726,5,0,1,12,10,20,20,5,0,1,255,255,0,1,1,1
187318.0,90,90,90,255,18731,8,0,1,12,10,0,20,8,1,0,255,255,0,1,1,1
187368.0,37,37,37,255,18736,8,0,1,12,10,0,20,5,0,0,255,255,0,1,1,1
187428.0,16,16,16,255,18742,8,0,1,12,10,30,20,8,0,2,255,255,0,1,1,1
187484.0,81,81,81,255,18748,4,0,1,12,10,10,20,0,0,3,255,255,0,1,1,1
187538.0,80,80,80,255,18753,8,0,1,12,10,10,20,15,0,0,255,255,0,1,1,1
187587.0,55,55,55,255,18758,7,0,1,12,10,30,20,14,0,3,255,255,0,1,1,1
187646.0,84,84,84,255,18764,6,0,1,12,10,20,20,4,0,2,255,255,0,1,1,1
187697.0,46,46,46,255,18769,7,0,1,12,10,0,20,13,1,0,255,255,0,1,1,1
187749.0,90,90,90,255,18774,9,0,1,12,10,10,20,8,0,0,255,255,0,1,1,1
187806.0,72,72,72,255,18780,6,0,1,12,10,10,20,6,0,1,255,255,0,1,1,1
187865.0,70,70,70,255,18786,5,0,1,12,10,10,20,7,0,3,255,255,0,1,1,1
187917.0,31,31,31,255,18791,7,0,1,12,10,0,20,1,1,0,255,255,0,1,1,1
187977.0,73,73,73,255,18797,7,0,1,12,10,20,20,2,0,2,255,255,0,1,1,1
188026.0,93,93,93,255,18802,6,0,1,12,10,30,20,1,0,3,255,255,0,1,1,1
188079.0,73,73,73,255,18807,9,0,1,12,10,20,20,2,0,3,255,255,0,1,1,1
188129.0,16,16,16,255,18812,9,0,1,12,10,0,20,8,0,3,255,255,0,1,1,1
188187.0,47,47,47,255,18818,7,0,1,12,10,20,20,11,0,1,255,255,0,1,1,1
188244.0,90,90,90,255,18824,4,0,1,12,10,10,20,8,0,3,255,255,0,1,1,1
188289.0,81,81,81,255,18828,9,0,1,12,10,0,20,1,0,0,255,255,0,1,1,1
188347.0,76,76,76,255,18834,7,0,1,12,10,20,20,8,0,1,255,255,0,1,1,1
188405.0,36,36,36,255,18840,5,0,1,12,10,0,20,0,0,2,255,255,0,1,1,1
188458.0,83,83,83,255,18845,8,0,1,12,10,30,20,7,0,1,255,255,0,1,1,1
188508.0,78,78,78,255,18850,8,0,1,12,10,30,20,5,0,1,255,255,0,1,1,1
188566.0,41,41,41,255,18856,6,0,1,12,10,30,20,10,1,0,255,255,0,1,1,1
188619.0,80,80,80,255,18861,9,0,1,12,10,0,20,0,0,3,255,255,0,1,1,1
188668.0,81,81,81,255,18866,8,0,1,12,10,10,20,1,1,0,255,255,0,1,1,1
188726.0,62,62,62,255,18872,6,0,1,12,10,10,20,6,0,2,255,255,0,1,1,1
188778.0,89,89,89,255,18877,8,0,1,12,10,30,20,11,0,3,255,255,0,1,1,1
188837.0,90,90,90,255,18883,7,0,1,12,10,30,20,9,0,1,255,255,0,1,1,1
188886.0,44,44,44,255,18888,6,0,1,12,10,30,20,15,0,3,255,255,0,1,1,1
188945.0,64,64,64,255,18894,5,0,1,12,10,30,20,15,0,2,255,255,0,1,1,1
188998.0,67,67,67,255,18899,8,0,1,12,10,10,20,13,0,3,255,255,0,1,1,1
189049.0,43,43,43,255,18904,9,0,1,12,10,0,20,4,0,0,255,255,0,1,1,1
189106.0,71,71,71,255,18910,6,0,1,12,10,0,20,11,0,3,255,255,0,1,1,1
189164.0,84,84,84,255,18916,4,0,1,12,10,10,20,5,0,1,255,255,0,1,1,1
189218.0,36,36,36,255,18921,8,0,1,12,10,20,20,1,0,1,255,255,0,1,1,1
189267.0,81,81,81,255,18926,7,0,1,12,10,0,20,2,0,2,255,255,0,1,1,1
189325.0,93,93,93,255,18932,5,0,1,12,10,0,20,3,0,3,255,255,0,1,1,1
189379.0,81,81,81,255,18937,9,0,1,12,10,30,20,2,0,1,255,255,0,1,1,1
189437.0,92,92,92,255,18943,7,0,1,12,10,10,20,4,0,3,255,255,0,1,1,1
189487.0,67,67,67,255,18948,7,0,1,12,10,20,20,13,1,0,255,255,0,1,1,1
189546.0,16,16,16,255,18954,6,0,1,12,10,0,20,9,0,3,255,255,0,1,1,1
189599.0,47,47,47,255,18959,9,0,1,12,10,0,20,12,0,0,255,255,0,1,1,1
189657.0,74,74,74,255,18965,7,0,1,12,10,30,20,0,1,0,255,255,0,1,1,1
189707.0,52,52,52,255,18970,7,0,1,12,10,20,20,10,0,1,255,255,0,1,1,1
189765.0,39,39,39,255,18976,5,0,1,12,10,30,20,9,1,0,255,255,0,1,1,1
189818.0,93,93,93,255,18981,8,0,1,12,10,10,20,3,1,0,255,255,0,1,1,1
189869.0,73,73,73,255,18986,9,0,1,12,10,0,20,4,1,0,255,255,0,1,1,1
189927.0,92,92,92,255,18992,7,0,1,12,10,0,20,5,0,1,255,255,0,1,1,1
189979.0,55,55,55,255,18997,9,0,1,12,10,20,20,0,0,3,255,255,0,1,1,1
190038.0,93,93,93,255,19003,8,0,1,12,10,20,20,4,0,1,255,255,0,1,1,1
190086.0,81,81,81,255,19008,6,0,1,12,10,10,20,2,0,0,255,255,0,1,1,1
190144.0,84,84,84,255,19014,4,0,1,12,10,20,20,6,0,2,255,255,0,1,1,1
190189.0,39,39,39,255,19018,9,0,1,12,10,30,20,10,0,0,255,255,0,1,1,1
190247.0,64,64,64,255,19024,7,0,1,12,10,0,20,0,1,0,255,255,0,1,1,1
190299.0,78,78,78,255,19029,9,0,1,12,10,10,20,6,0,2,255,255,0,1,1,1
190349.0,76,76,76,255,19034,9,0,1,12,10,10,20,9,0,3,255,255,0,1,1,1
190406.0,88,88,88,255,19040,6,0,1,12,10,30,20,0,0,1,255,255,0,1,1,1
190465.0,74,74,74,255,19046,5,0,1,12,10,30,20,1,1,0,255,255,0,1,1,1
190518.0,92,92,92,255,19051,8,0,1,12,10,30,20,5,1,0,255,255,0,1,1,1
190568.0,83,83,83,255,19056,8,0,1,12,10,0,20,9,0,0,255,255,0,1,1,1
190626.0,62,62,62,255,19062,6,0,1,12,10,0,20,8,1,0,255,255,0,1,1,1
190677.0,46,46,46,255,19067,7,0,1,12,10,20,20,0,1,0,255,255,0,1,1,1
190729.0,31,31,31,255,19072,9,0,1,12,10,30,20,3,0,1,255,255,0,1,1,1
190784.0,81,81,81,255,19078,4,0,1,12,10,0,20,3,0,3,255,255,0,1,1,1
190838.0,80,80,80,255,19083,8,0,1,12,10,30,20,2,0,0,255,255,0,1,1,1
190887.0,39,39,39,255,19088,7,0,1,12,10,10,20,11,0,0,255,255,0,1,1,1
190945.0,76,76,76,255,19094,5,0,1,12,10,0,20,10,0,2,255,255,0,1,1,1
190989.0,87,87,87,255,19098,9,0,1,12,10,0,20,15,0,1,255,255,0,1,1,1
191049.0,83,83,83,255,19104,9,0,1,12,10,30,20,10,0,3,255,255,0,1,1,1
191106.0,52,52,52,255,19110,6,0,1,12,10,20,20,11,0,1,255,255,0,1,1,1
191165.0,94,94,94,255,19116,5,0,1,12,10,0,20,2,0,3,255,255,0,1,1,1
191218.0,36,36,36,255,19121,8,0,1,12,10,10,20,3,0,0,255,255,0,1,1,1
191268.0,94,94,94,255,19126,8,0,1,12,10,30,20,2,0,1,255,255,0,1,1,1
191325.0,80,80,80,255,19132,5,0,1,12,10,30,20,3,1,0,255,255,0,1,1,1
191379.0,44,44,44,255,19137,9,0,1,12,10,10,20,2,0,2,255,255,0,1,1,1
191429.0,75,75,75,255,19142,9,0,1,12,10,30,20,2,0,3,255,255,0,1,1,1
191487.0,47,47,47,255,19148,7,0,1,12,10,0,20,15,0,1,255,255,0,1,1,1
191546.0,16,16,16,255,19154,6,0,1,12,10,10,20,11,0,1,255,255,0,1,1,1
191598.0,72,72,72,255,19159,8,0,1,12,10,0,20,10,0,1,255,255,0,1,1,1
191658.0,76,76,76,255,19165,8,0,1,12,10,0,20,11,0,1,255,255,0,1,1,1
191708.0,67,67,67,255,19170,8,0,1,12,10,30,20,0,0,0,255,255,0,1,1,1
191768.0,55,55,55,255,19176,8,0,1,12,10,0,20,2,0,3,255,255,0,1,1,1
191824.0,79,79,79,255,19182,4,0,1,12,10,0,20,5,1,0,255,255,0,1,1,1
191879.0,41,41,41,255,19187,9,0,1,12,10,30,20,13,0,3,255,255,0,1,1,1
191929.0,90,90,90,255,19192,9,0,1,12,10,0,20,12,0,3,255,255,0,1,1,1
191987.0,87,87,87,255,19198,7,0,1,12,10,10,20,0,1,0,255,255,0,1,1,1
192046.0,90,90,90,255,19204,6,0,1,12,10,10,20,12,0,0,255,255,0,1,1,1
192099.0,87,87,87,255,19209,9,0,1,12,10,20,20,0,0,1,255,255,0,1,1,1
192157.0,64,64,64,255,19215,7,0,1,12,10,20,20,2,1,0,255,255,0,1,1,1
192207.0,46,46,46,255,19220,7,0,1,12,10,30,20,1,0,0,255,255,0,1,1,1
192268.0,70,70,70,255,19226,8,0,1,12,10,10,20,11,0,1,255,255,0,1,1,1
192324.0,92,92,92,255,19232,4,0,1,12,10,30,20,7,0,2,255,255,0,1,1,1
192385.0,44,44,44,255,19238,5,0,1,12,10,30,20,3,0,2,255,255,0,1,1,1
192429.0,92,92,92,255,19242,9,0,1,12,10,30,20,7,0,1,255,255,0,1,1,1
192487.0,94,94,94,255,19248,7,0,1,12,10,30,20,4,0,0,255,255,0,1,1,1
192539.0,79,79,79,255,19253,9,0,1,12,10,0,20,6,0,2,255,255,0,1,1,1
192597.0,47,47,47,255,19259,7,0,1,12,10,0,20,1,0,0,255,255,0,1,1,1
192649.0,16,16,16,255,19264,9,0,1,12,10,30,20,12,0,0,255,255,0,1,1,1
192704.0,52,52,52,255,19270,4,0,1,12,10,0,20,13,0,1,255,255,0,1,1,1
192764.0,89,89,89,255,19276,4,0,1,12,10,30,20,14,1,0,255,255,0,1,1,1
192809.0,36,36,36,255,19280,9,0,1,12,10,20,20,5,0,1,255,255,0,1,1,1
192869.0,37,37,37,255,19286,9,0,1,12,10,30,20,10,0,0,255,255,0,1,1,1
192925.0,62,62,62,255,19292,5,0,1,12,10,30,20,11,1,0,255,255,0,1,1,1
192984.0,39,39,39,255,19298,4,0,1,12,10,30,20,13,0,3,255,255,0,1,1,1
193029.0,91,91,91,255,19302,9,0,1,12,10,30,20,11,0,1,255,255,0,1,1,1
193085.0,88,88,88,255,19308,5,0,1,12,10,30,20,2,1,0,255,255,0,1,1,1
193139.0,91,91,91,255,19313,9,0,1,12,10,0,20,11,0,0,255,255,0,1,1,1
193188.0,88,88,88,255,19318,8,0,1,12,10,0,20,2,0,3,255,255,0,1,1,1
193246.0,43,43,43,255,19324,6,0,1,12,10,20,20,7,0,3,255,255,0,1,1,1
193297.0,67,67,67,255,19329,7,0,1,12,10,10,20,1,0,3,255,255,0,1,1,1
193347.0,79,79,79,255,19334,7,0,1,12,10,20,20,7,0,1,255,255,0,1,1,1
193398.0,36,36,36,255,19339,8,0,1,12,10,0,20,6,1,0,255,255,0,1,1,1
193449.0,64,64,64,255,19344,9,0,1,12,10,10,20,3,0,2,255,255,0,1,1,1
193505.0,67,67,67,255,19350,5,0,1,12,10,0,20,1,0,0,255,255,0,1,1,1
193564.0,39,39,39,255,19356,4,0,1,12,10,10,20,14,1,0,255,255,0,1,1,1
193609.0,36,36,36,255,19360,9,0,1,12,10,0,20,7,0,3,255,255,0,1,1,1
193667.0,39,39,39,255,19366,7,0,1,12,10,30,20,14,0,3,255,255,0,1,1,1
193724.0,31,31,31,255,19372,4,0,1,12,10,20,20,6,0,3,255,255,0,1,1,1
193769.0,81,81,81,255,19376,9,0,1,12,10,30,20,7,1,0,255,255,0,1,1,1
193826.0,62,62,62,255,19382,6,0,1,12,10,10,20,12,1,0,255,255,0,1,1,1
193884.0,89,89,89,255,19388,4,0,1,12,10,0,20,15,0,3,255,255,0,1,1,1
193929.0,80,80,80,255,19392,9,0,1,12,10,30,20,6,0,3,255,255,0,1,1,1
193987.0,89,89,89,255,19398,7,0,1,12,10,30,20,15,0,0,255,255,0,1,1,1
194038.0,91,91,91,255,19403,8,0,1,12,10,20,20,12,0,2,255,255,0,1,1,1
194088.0,44,44,44,255,19408,8,0,1,12,10,0,20,5,0,1,255,255,0,1,1,1
194144.0,64,64,64,255,19414,4,0,1,12,10,0,20,4,1,0,255,255,0,1,1,1
194197.0,44,44,44,255,19419,7,0,1,12,10,10,20,5,0,0,255,255,0,1,1,1
194247.0,92,92,92,255,19424,7,0,1,12,10,10,20,9,0,0,255,255,0,1,1,1
194304.0,78,78,78,255,19430,4,0,1,12,10,20,20,10,0,2,255,255,0,1,1,1
194357.0,70,70,70,255,19435,7,0,1,12,10,30,20,12,0,1,255,255,0,1,1,1
194407.0,78,78,78,255,19440,7,0,1,12,10,10,20,11,0,1,255,255,0,1,1,1
194466.0,81,81,81,255,19446,6,0,1,12,10,10,20,9,1,0,255,255,0,1,1,1
194519.0,90,90,90,255,19451,9,0,1,12,10,30,20,0,1,0,255,255,0,1,1,1
194577.0,55,55,55,255,19457,7,0,1,12,10,30,20,5,1,0,255,255,0,1,1,1
194627.0,92,92,92,255,19462,7,0,1,12,10,0,20,10,0,2,255,255,0,1,1,1
194685.0,72,72,72,255,19468,5,0,1,12,10,20,20,13,0,2,255,255,0,1,1,1
194737.0,76,76,76,255,19473,7,0,1,12,10,30,20,13,1,0,255,255,0,1,1,1
194788.0,73,73,73,255,19478,8,0,1,12,10,10,20,9,0,0,255,255,0,1,1,1
194845.0,90,90,90,255,19484,5,0,1,12,10,20,20,0,0,0,255,255,0,1,1,1
194899.0,47,47,47,255,19489,9,0,1,12,10,30,20,4,0,0,255,255,0,1,1,1
194958.0,70,70,70,255,19495,8,0,1,12,10,0,20,13,1,0,255,255,0,1,1,1
195007.0,95,95,95,255,19500,7,0,1,12,10,10,20,2,0,1,255,255,0,1,1,1
195066.0,89,89,89,255,19506,6,0,1,12,10,30,20,0,0,2,255,255,0,1,1,1
195119.0,90,90,90,255,19511,9,0,1,12,10,30,20,0,1,0,255,255,0,1,1,1
195169.0,83,83,83,255,19516,9,0,1,12,10,0,20,12,0,0,255,255,0,1,1,1
195227.0,92,92,92,255,19522,7,0,1,12,10,0,20,10,0,2,255,255,0,1,1,1
195279.0,44,44,44,255,19527,9,0,1,12,10,20,20,7,1,0,255,255,0,1,1,1
195338.0,75,75,75,255,19533,8,0,1,12,10,0,20,6,0,0,255,255,0,1,1,1
195386.0,89,89,89,255,19538,6,0,1,12,10,0,20,1,0,1,255,255,0,1,1,1
195445.0,83,83,83,255,19544,5,0,1,12,10,0,20,13,0,2,255,255,0,1,1,1
195489.0,47,47,47,255,19548,9,0,1,12,10,10,20,5,0,1,255,255,0,1,1,1
195547.0,84,84,84,255,19554,7,0,1,12,10,0,20,13,0,2,255,255,0,1,1,1
195599.0,46,46,46,255,19559,9,0,1,12,10,20,20,4,0,3,255,255,0,1,1,1
195658.0,64,64,64,255,19565,8,0,1,12,10,0,20,6,0,3,255,255,0,1,1,1
195707.0,36,36,36,255,19570,7,0,1,12,10,10,20,8,0,3,255,255,0,1,1,1
195765.0,39,39,39,255,19576,5,0,1,12,10,10,20,0,1,0,255,255,0,1,1,1
195818.0,31,31,31,255,19581,8,0,1,12,10,20,20,8,1,0,255,255,0,1,1,1
195868.0,81,81,81,255,19586,8,0,1,12,10,30,20,10,0,2,255,255,0,1,1,1
195926.0,75,75,75,255,19592,6,0,1,12,10,20,20,7,0,3,255,255,0,1,1,1
195979.0,39,39,39,255,19597,9,0,1,12,10,20,20,0,0,1,255,255,0,1,1,1
196038.0,93,93,93,255,19603,8,0,1,12,10,0,20,8,0,1,255,255,0,1,1,1
196088.0,39,39,39,255,19608,8,0,1,12,10,10,20,1,0,0,255,255,0,1,1,1
196146.0,43,43,43,255,19614,6,0,1,12,10,30,20,9,0,3,255,255,0,1,1,1
196198.0,78,78,78,255,19619,8,0,1,12,10,0,20,13,0,2,255,255,0,1,1,1
196257.0,94,94,94,255,19625,7,0,1,12,10,10,20,6,1,0,255,255,0,1,1,1
196307.0,46,46,46,255,19630,7,0,1,12,10,30,20,4,0,0,255,255,0,1,1,1
196366.0,81,81,81,255,19636,6,0,1,12,10,20,20,11,0,2,255,255,0,1,1,1
196419.0,31,31,31,255,19641,9,0,1,12,10,20,20,8,0,2,255,255,0,1,1,1
196477.0,87,87,87,255,19647,7,0,1,12,10,30,20,4,1,0,255,255,0,1,1,1
196529.0,31,31,31,255,19652,9,0,1,12,10,20,20,9,0,1,255,255,0,1,1,1
196586.0,55,55,55,255,19658,6,0,1,12,10,30,20,7,0,1,255,255,0,1,1,1
196645.0,37,37,37,255,19664,5,0,1,12,10,0,20,15,1,0,255,255,0,1,1,1
196689.0,41,41,41,255,19668,9,0,1,12,10,10,20,2,0,1,255,255,0,1,1,1
196749.0,43,43,43,255,19674,9,0,1,12,10,10,20,9,0,0,255,255,0,1,1,1
196804.0,44,44,44,255,19680,4,0,1,12,10,20,20,8,0,0,255,255,0,1,1,1
196865.0,37,37,37,255,19686,5,0,1,12,10,0,20,15,0,3,255,255,0,1,1,1
196917.0,31,31,31,255,19691,7,0,1,12,10,0,20,9,1,0,255,255,0,1,1,1
196977.0,74,74,74,255,19697,7,0,1,12,10,30,20,6,0,0,255,255,0,1,1,1
197028.0,43,43,43,255,19702,8,0,1,12,10,20,20,10,0,2,255,255,0,1,1,1
197086.0,67,67,67,255,19708,6,0,1,12,10,20,20,4,0,2,255,255,0,1,1,1
197146.0,62,62,62,255,19714,6,0,1,12,10,10,20,15,0,3,255,255,0,1,1,1
197199.0,71,71,71,255,19719,9,0,1,12,10,30,20,2,0,2,255,255,0,1,1,1
197264.0,39,39,39,255,19726,4,0,1,12,10,20,20,3,1,0,255,255,0,1,1,1
197317.0,92,92,92,255,19731,7,0,1,12,10,30,20,12,1,0,255,255,0,1,1,1
197377.0,74,74,74,255,19737,7,0,1,12,10,30,20,6,0,0,255,255,0,1,1,1
197428.0,79,79,79,255,19742,8,0,1,12,10,0,20,11,0,3,255,255,0,1,1,1
197486.0,89,89,89,255,19748,6,0,1,12,10,10,20,3,0,1,255,255,0,1,1,1
197544.0,84,84,84,255,19754,4,0,1,12,10,20,20,14,0,3,255,255,0,1,1,1
197597.0,67,67,67,255,19759,7,0,1,12,10,30,20,5,0,2,255,255,0,1,1,1
197649.0,76,76,76,255,19764,9,0,1,12,10,20,20,0,0,0,255,255,0,1,1,1
197705.0,46,46,46,255,19770,5,0,1,12,10,20,20,6,0,1,255,255,0,1,1,1
197767.0,83,83,83,255,19776,7,0,1,12,10,20,20,15,0,0,255,255,0,1,1,1
197818.0,75,75,75,255,19781,8,0,1,12,10,10,20,9,1,0,255,255,0,1,1,1
197878.0,74,74,74,255,19787,8,0,1,12,10,30,20,7,0,1,255,255,0,1,1,1
197927.0,43,43,43,255,19792,7,0,1,12,10,10,20,11,0,3,255,255,0,1,1,1
197986.0,44,44,44,255,19798,6,0,1,12,10,30,20,9,0,3,255,255,0,1,1,1
198044.0,64,64,64,255,19804,4,0,1,12,10,0,20,7,1,0,255,255,0,1,1,1
198089.0,89,89,89,255,19808,9,0,1,12,10,10,20,4,0,0,255,255,0,1,1,1
198157.0,83,83,83,255,19815,7,0,1,12,10,30,20,0,0,1,255,255,0,1,1,1
198205.0,67,67,67,255,19820,5,0,1,12,10,30,20,6,0,1,255,255,0,1,1,1
198264.0,39,39,39,255,19826,4,0,1,12,10,20,20,3,1,0,255,255,0,1,1,1
198317.0,93,93,93,255,19831,7,0,1,12,10,10,20,10,1,0,255,255,0,1,1,1
198369.0,73,73,73,255,19836,9,0,1,12,10,0,20,13,1,0,255,255,0,1,1,1
198428.0,62,62,62,255,19842,8,0,1,12,10,20,20,1,0,2,255,255,0,1,1,1
198484.0,87,87,87,255,19848,4,0,1,12,10,0,20,5,0,2,255,255,0,1,1,1
198539.0,80,80,80,255,19853,9,0,1,12,10,0,20,12,0,0,255,255,0,1,1,1
198588.0,72,72,72,255,19858,8,0,1,12,10,0,20,1,0,3,255,255,0,1,1,1
198646.0,83,83,83,255,19864,6,0,1,12,10,0,20,0,1,0,255,255,0,1,1,1
198699.0,47,47,47,255,19869,9,0,1,12,10,20,20,8,0,0,255,255,0,1,1,1
198758.0,64,64,64,255,19875,8,0,1,12,10,0,20,8,0,2,255,255,0,1,1,1
198808.0,71,71,71,255,19880,8,0,1,12,10,30,20,3,0,1,255,255,0,1,1,1
198867.0,55,55,55,255,19886,7,0,1,12,10,20,20,9,0,3,255,255,0,1,1,1
198924.0,80,80,80,255,19892,4,0,1,12,10,0,20,13,0,3,255,255,0,1,1,1
198978.0,73,73,73,255,19897,8,0,1,12,10,20,20,13,0,2,255,255,0,1,1,1
199028.0,31,31,31,255,19902,8,0,1,12,10,0,20,11,0,3,255,255,0,1,1,1
199087.0,41,41,41,255,19908,7,0,1,12,10,30,20,5,0,1,255,255,0,1,1,1
199144.0,83,83,83,255,19914,4,0,1,12,10,30,20,1,0,2,255,255,0,1,1,1
199189.0,67,67,67,255,19918,9,0,1,12,10,0,20,6,0,3,255,255,0,1,1,1
199257.0,76,76,76,255,19925,7,0,1,12,10,0,20,1,0,1,255,255,0,1,1,1
199305.0,72,72,72,255,19930,5,0,1,12,10,30,20,1,0,1,255,255,0,1,1,1
199367.0,81,81,81,255,19936,7,0,1,12,10,0,20,14,0,2,255,255,0,1,1,1
199424.0,75,75,75,255,19942,4,0,1,12,10,30,20,11,0,2,255,255,0,1,1,1
199478.0,47,47,47,255,19947,8,0,1,12,10,20,20,9,1,0,255,255,0,1,1,1
199537.0,92,92,92,255,19953,7,0,1,12,10,0,20,14,0,3,255,255,0,1,1,1
199586.0,67,67,67,255,19958,6,0,1,12,10,20,20,7,0,2,255,255,0,1,1,1
199644.0,64,64,64,255,19964,4,0,1,12,10,0,20,9,1,0,255,255,0,1,1,1
199697.0,87,87,87,255,19969,7,0,1,12,10,20,20,6,0,1,255,255,0,1,1,1
199749.0,84,84,84,255,19974,9,0,1,12,10,0,20,1,0,1,255,255,0,1,1,1
199806.0,88,88,88,255,19980,6,0,1,12,10,0,20,8,0,3,255,255,0,1,1,1
199867.0,37,37,37,255,19986,7,0,1,12,10,0,20,4,0,0,255,255,0,1,1,1
