timeMs,cellId,rnti,bwpId,frame,subFrame,slot,txRnti,srcL2Id,dstL2Id,psschRbStart,psschRbLen,psschSymStart,psschSymLen,psschMcs,ndi,rv,tbSizeBytes,avrgSinr,minSinr,psschTbler,psschCorrupt,sci2Tbler,sci2Corrupt,SEED,RUN
1466.928563,0,82,0,146,6,0,1,1,255,20,20,1,12,14,1,0,291,436951.5417398011,241029.21814414614,0,0,0,0,1,1
1666.928563,0,63,0,166,6,0,1,1,255,20,20,1,12,14,1,0,291,4000597.8322076933,2979272.6806292743,0,0,0,0,1,1
1866.9285630000002,0,46,0,186,6,0,1,1,255,20,20,1,12,14,1,0,291,1382098.391981299,663254.4377687611,0,0,0,0,1,1
2066.928563,0,28,0,206,6,0,1,1,255,20,20,1,12,14,1,0,291,558314.1803517493,512622.87370484654,0,0,0,0,1,1
2268.9285630000004,0,7,0,226,8,0,1,1,255,20,20,1,12,14,1,0,291,654672.7255336966,501395.43232216494,0,0,0,0,1,1
2368.928563,0,89,0,236,8,0,1,1,255,20,20,1,12,14,1,0,291,42530.83595675906,1423.3614667470847,0,0,0,0,1,1
2568.928563,0,64,0,256,8,0,1,1,255,20,20,1,12,14,1,0,291,589.6476445806345,554.9504650580543,0,0,0,0,1,1
2768.9285630000004,0,43,0,276,8,0,1,1,255,20,20,1,12,14,1,0,291,14.716457782291098,3.915001186748991,0.8184713,0,0,0,1,1
2977.928563,0,20,0,297,7,0,1,1,255,30,20,1,12,14,1,0,291,859508.7590794654,283236.5562629309,0,0,0,0,1,1
3177.928563,0,2,0,317,7,0,1,1,255,30,20,1,12,14,1,0,291,83.27275524875431,46.552759036261754,0,0,0,0,1,1
3199.928563,0,80,0,319,9,0,2,2,255,30,20,1,12,14,1,0,291,182521799.39281687,109458125.21078916,0,0,0,0,1,1
3299.928563,0,53,0,329,9,0,2,2,255,30,20,1,12,14,1,0,291,526.1527025120965,28.859786109504586,0,0,0,0,1,1
3399.928563,0,30,0,339,9,0,2,2,255,30,20,1,12,14,1,0,291,177.8379526096378,145.17001688079054,0,0,0,0,1,1
3499.928563,0,7,0,349,9,0,2,2,255,30,20,1,12,14,1,0,291,127.23974380688874,62.74932891720142,0,0,0,0,1,1
3566.9285630000004,0,82,0,356,6,0,1,1,255,30,20,1,12,14,1,0,291,489062.62930579373,462254.72488820873,0,0,0,0,1,1
3666.928563,0,63,0,366,6,0,1,1,255,30,20,1,12,14,1,0,291,54862.43050830495,46734.26535427145,0,0,0,0,1,1
3766.928563,0,35,0,376,6,0,1,1,255,30,20,1,12,14,1,0,291,8639.945225992475,306.43652463850526,0,0,0,0,1,1
3866.928563,0,9,0,386,6,0,1,1,255,30,20,1,12,14,1,0,291,418.47024699055646,308.94348851091485,0,0,0,0,1,1
3899.928563,0,89,0,389,9,0,2,2,255,30,20,1,12,14,1,0,291,330.9327837700521,137.31021684778298,0,0,0,0,1,1
3999.928563,0,71,0,399,9,0,2,2,255,30,20,1,12,14,1,0,291,45.42689429131998,18.43977204212409,0,0,0,0,1,1
4099.9285629999995,0,47,0,409,9,0,2,2,255,30,20,1,12,14,1,0,291,113.47027044915812,35.054777411707654,0,0,0,0,1,1
4197.9285629999995,0,24,0,419,7,0,2,2,255,0,20,1,12,14,1,0,291,4710492.245229937,3710151.6627283627,0,0,0,0,1,1
4267.9285629999995,0,6,0,426,7,0,1,1,255,20,20,1,12,14,0,2,291,41.077965234309325,8.11444469225602,0.0001,0,0,0,1,1
4377.928563,0,80,0,437,7,0,1,1,255,0,20,1,12,14,1,0,291,145.5651375999069,22.941555104048476,0,0,0,0,1,1
4477.9285629999995,0,61,0,447,7,0,1,1,255,0,20,1,12,14,1,0,291,245.18453257939444,184.32282829363547,0,0,0,0,1,1
4497.928563,0,41,0,449,7,0,2,2,255,0,20,1,12,14,1,0,291,202.11179455856887,46.13491804411615,0,0,0,0,1,1
4584.928563,0,22,0,458,4,0,3,3,255,0,20,1,12,14,1,0,291,4.720150969686111,4.192283813259278,1,1,0,0,1,1
4604.9285629999995,0,29,0,460,4,0,3,3,255,0,20,1,12,14,0,1,291,1.1274553515385553,0.21161320374018866,1,1,0.002,0,1,1
4684.9285629999995,0,74,0,468,4,0,3,3,255,0,20,1,12,14,1,0,291,10829479.843332585,8395645.749514733,0,0,0,0,1,1
4777.9285629999995,0,42,0,477,7,0,1,1,255,0,20,1,12,14,1,0,291,82365.60811228948,40876.75479708623,0,0,0,0,1,1
4799.9285629999995,0,26,0,479,9,0,2,2,255,20,20,1,12,14,1,0,291,1163.3333744746142,930.7899023439622,0,0,0,0,1,1
4884.9285629999995,0,5,0,488,4,0,3,3,255,0,20,1,12,14,1,0,291,43201254.64757004,31678318.7070656,0,0,0,0,1,1
4899.9285629999995,0,86,0,489,9,0,2,2,255,20,20,1,12,14,1,0,291,115.80216541805387,88.33242666861041,0,0,0,0,1,1
4984.928563,0,67,0,498,4,0,3,3,255,0,20,1,12,14,1,0,291,13324845.97424445,8423790.054773122,0,0,0,0,1,1
5077.928563,0,45,0,507,7,0,1,1,255,0,20,1,12,14,1,0,291,42.115208051465885,16.111279155058504,0,0,0,0,1,1
5099.9285629999995,0,29,0,509,9,0,2,2,255,20,20,1,12,14,1,0,291,68.52295616610749,23.217215590393174,0,0,0,0,1,1
5188.928563,0,9,0,518,8,0,3,3,255,20,20,1,12,14,1,0,291,4038956.6736240797,3832899.7652669363,0,0,0,0,1,1
5199.928563,0,91,0,519,9,0,2,2,255,20,20,1,12,14,1,0,291,123.46779489351698,11.574922799155377,0,0,0,0,1,1
5288.9285629999995,0,66,0,528,8,0,3,3,255,20,20,1,12,14,1,0,291,3085.0124908308326,1438.456822610592,0,0,0,0,1,1
5377.928563,0,43,0,537,7,0,1,1,255,0,20,1,12,14,1,0,291,258.4330488977363,165.0469878964464,0,0,0,0,1,1
5399.9285629999995,0,31,0,539,9,0,2,2,255,20,20,1,12,14,1,0,291,40.59009081777936,12.996860245309387,0,0,0,0,1,1
5488.928563,0,7,0,548,8,0,3,3,255,20,20,1,12,14,1,0,291,354.6497553481236,71.67046323731488,0,0,0,0,1,1
5499.928563,0,90,0,549,9,0,2,2,255,20,20,1,12,14,1,0,291,1529.0281626603505,1316.2258181976883,0,0,0,0,1,1
5588.9285629999995,0,65,0,558,8,0,3,3,255,20,20,1,12,14,1,0,291,410.7097985135509,225.51561310485826,0,0,0,0,1,1
5677.928563,0,42,0,567,7,0,1,1,255,0,20,1,12,14,1,0,291,30339.03950875953,18958.943945939245,0,0,0,0,1,1
5699.928563,0,27,0,569,9,0,2,2,255,20,20,1,12,14,1,0,291,472.03340417591806,422.2868770911472,0,0,0,0,1,1
5786.928563,0,33,0,578,6,0,1,1,255,0,20,1,12,14,0,1,291,437.23092523901295,308.8523573062551,0,0,0,0,1,1
5797.928563,0,80,0,579,7,0,2,2,255,20,20,1,12,14,1,0,291,84729.7871875998,78126.47754746731,0,0,0,0,1,1
5888.928563,0,55,0,588,8,0,3,3,255,20,20,1,12,14,1,0,291,197.47677058802128,119.15595223826348,0,0,0,0,1,1
5967.928563,0,31,0,596,7,0,1,1,255,20,20,1,12,14,1,0,291,141.24346023814928,79.7528703840857,0,0,0,0,1,1
5997.928563,0,15,0,599,7,0,2,2,255,20,20,1,12,14,1,0,291,12894.912092322771,8543.901922753374,0,0,0,0,1,1
6067.9285629999995,0,85,0,606,7,0,1,1,255,20,20,1,12,14,1,0,291,209.94218595489892,193.32704117928776,0,0,0,0,1,1
6097.928563,0,68,0,609,7,0,2,2,255,20,20,1,12,14,1,0,291,300.19121303217304,72.99868860538233,0,0,0,0,1,1
6188.928563,0,46,0,618,8,0,3,3,255,20,20,1,12,14,1,0,291,1245.8943642425356,907.6664386504594,0,0,0,0,1,1
6267.9285629999995,0,21,0,626,7,0,1,1,255,20,20,1,12,14,1,0,291,4311.455991258592,3330.810172418717,0,0,0,0,1,1
6297.928563,0,7,0,629,7,0,2,2,255,20,20,1,12,14,1,0,291,4710.389032873225,3515.0319360604894,0,0,0,0,1,1
6367.9285629999995,0,78,0,636,7,0,1,1,255,20,20,1,12,14,1,0,291,1828.306558167671,971.5760559124491,0,0,0,0,1,1
6397.9285629999995,0,63,0,639,7,0,2,2,255,20,20,1,12,14,1,0,291,60.86233995158002,47.8850533295052,0,0,0,0,1,1
6484.928563,0,39,0,648,4,0,3,3,255,0,20,1,12,14,1,0,291,76.1909149747062,42.37597594391695,0,0,0,0,1,1
6567.9285629999995,0,18,0,656,7,0,1,1,255,20,20,1,12,14,1,0,291,400.8260676474086,168.81558764114843,0,0,0,0,1,1
6584.928563,0,95,0,658,4,0,3,3,255,0,20,1,12,14,1,0,291,190.18599078136458,117.17522239286883,0,0,0,0,1,1
6666.9285629999995,0,76,0,666,6,0,1,1,255,20,20,1,12,14,1,0,291,14.192316421695617,0.5927906850608388,0.3126543,1,0,0,1,1
6705.9285629999995,0,57,0,670,5,0,2,2,255,10,20,1,12,14,1,0,291,392.57364111513823,360.78138372343113,0,0,0,0,1,1
6779.928563,0,33,0,677,9,0,3,3,255,0,20,1,12,14,1,0,291,1052.0653946340733,326.5232042186647,0,0,0,0,1,1
6866.928563,0,3,0,686,6,0,1,1,255,20,20,1,12,14,1,0,291,11.976158018627654,2.7196929221761823,0.8184713,1,0,0,1,1
6879.928563,0,85,0,687,9,0,3,3,255,0,20,1,12,14,1,0,291,30.320548074625655,0.210632476417029,0,0,0,0,1,1
6966.9285629999995,0,61,0,696,6,0,1,1,255,20,20,1,12,14,1,0,291,93.89789935933861,1.5742881357838479,0,0,0,0,1,1
7005.928563,0,47,0,700,5,0,2,2,255,10,20,1,12,14,1,0,291,18.0945970505069,4.895576648522169,0,0,0,0,1,1
7079.928563,0,25,0,707,9,0,3,3,255,0,20,1,12,14,1,0,291,11.615281765472487,5.864642792710146,0.0004,0,0,0,1,1
7117.928563,0,17,0,711,7,0,2,2,255,0,20,1,12,14,0,1,291,49.859605150363684,32.09576472259318,0,0,0,0,1,1
7179.9285629999995,0,77,0,717,9,0,3,3,255,0,20,1,12,14,1,0,291,149.75498595492473,121.50266324310863,0,0,0,0,1,1
7268.928563,0,50,0,726,8,0,1,1,255,0,20,1,12,14,1,0,291,513.160751779398,311.22665034137935,0,0,0,0,1,1
7305.928563,0,35,0,730,5,0,2,2,255,10,20,1,12,14,1,0,291,2098.898871003693,964.2463598218386,0,0,0,0,1,1
7379.928563,0,20,0,737,9,0,3,3,255,0,20,1,12,14,1,0,291,424.84535003498456,366.7946033144274,0,0,0,0,1,1
7406.928563,0,54,0,740,6,0,3,3,255,20,20,1,12,14,0,1,291,32.22203063886855,9.94743784649031,0,0,0,0,1,1
7479.9285629999995,0,78,0,747,9,0,3,3,255,0,20,1,12,14,1,0,291,66242.75391033894,57811.25690434153,0,0,0,0,1,1
7505.928563,0,80,0,750,5,0,2,2,255,10,20,1,12,14,1,0,291,9225.826306905392,6653.311692481605,0,0,0,0,1,1
7579.928563,0,40,0,757,9,0,3,3,255,0,20,1,12,14,1,0,291,1486.9940982775404,631.7334630928059,0,0,0,0,1,1
7605.928563,0,25,0,760,5,0,4,4,255,30,20,1,12,14,1,0,291,129.97891547559485,98.26170928404069,0,0,0,0,1,1
7668.9285629999995,0,89,0,766,8,0,1,1,255,0,20,1,12,14,1,0,291,38795.61480093104,27665.535826747546,0,0,0,0,1,1
7697.9285629999995,0,73,0,769,7,0,2,2,255,0,20,1,12,14,1,0,291,1.1932906817689521,0.06766945139068707,1,1,0.2635983,0,1,1
7768.928563,0,42,0,776,8,0,1,1,255,0,20,1,12,14,1,0,291,1752.0982757037127,1092.7911380020448,0,0,0,0,1,1
7797.928563,0,29,0,779,7,0,2,2,255,0,20,1,12,14,1,0,291,460.8706901520738,3.524882439034771,0,0,0,0,1,1
7828.9285629999995,0,54,0,782,8,0,4,4,255,20,20,1,12,14,0,1,291,52.44804180613363,35.56715975957721,0,0,0,0,1,1
7885.928563,0,82,0,788,5,0,3,3,255,0,20,1,12,14,1,0,291,1168.7685674362478,1115.6304761165472,0,0,0,0,1,1
7905.9285629999995,0,66,0,790,5,0,4,4,255,30,20,1,12,14,1,0,291,81.91696402661383,51.111365030521455,0,0,0,0,1,1
7985.9285629999995,0,45,0,798,5,0,3,3,255,0,20,1,12,14,1,0,291,109112.17983912358,103194.01642256195,0,0,0,0,1,1
8005.9285629999995,0,30,0,800,5,0,4,4,255,30,20,1,12,14,1,0,291,322.8337596871418,276.7674335632219,0,0,0,0,1,1
8085.9285629999995,0,5,0,808,5,0,3,3,255,0,20,1,12,14,1,0,291,333058.6212768715,326053.62305385864,0,0,0,0,1,1
8097.928563,0,87,0,809,7,0,2,2,255,0,20,1,12,14,1,0,291,225.28407924013564,71.31009840660677,0,0,0,0,1,1
8167.928563,0,63,0,816,7,0,1,1,255,0,20,1,12,14,1,0,291,76.87732924264415,25.56885144938387,0,0,0,0,1,1
8198.928563000001,0,48,0,819,8,0,2,2,255,10,20,1,12,14,1,0,291,130.36886646569187,31.199773180993965,0,0,0,0,1,1
8267.928563,0,20,0,826,7,0,1,1,255,0,20,1,12,14,1,0,291,57.89154184469688,34.789270534233765,0,0,0,0,1,1
8298.928563000001,0,3,0,829,8,0,2,2,255,10,20,1,12,14,1,0,291,147705.16227646035,138777.37324002545,0,0,0,0,1,1
8304.928563000001,0,82,0,830,4,0,4,4,255,0,20,1,12,14,1,0,291,666.068006648337,485.94350871736697,0,0,0,0,1,1
8385.928563,0,55,0,838,5,0,3,3,255,0,20,1,12,14,1,0,291,7.623486272370234,3.0608040164978556,1,1,0,0,1,1
8404.928563,0,39,0,840,4,0,4,4,255,0,20,1,12,14,1,0,291,45.76941454483435,36.358591901082555,0,0,0,0,1,1
8485.928563,0,11,0,848,5,0,3,3,255,0,20,1,12,14,1,0,291,239.4604360408004,115.5667080213148,0,0,0,0,1,1
8498.928563,0,95,0,849,8,0,2,2,255,10,20,1,12,14,1,0,291,500.8377371554757,380.32050377132225,0,0,0,0,1,1
8567.928563000001,0,67,0,856,7,0,1,1,255,0,20,1,12,14,1,0,291,437.5036444950906,193.15795173940515,0,0,0,0,1,1
8598.928563,0,51,0,859,8,0,2,2,255,10,20,1,12,14,1,0,291,4964.101022891288,2711.0592297388566,0,0,0,0,1,1
8666.928563000001,0,27,0,866,6,0,1,1,255,20,20,1,12,14,1,0,291,495.47772580543125,345.0098730334723,0,0,0,0,1,1
8698.928563,0,10,0,869,8,0,2,2,255,10,20,1,12,14,1,0,291,4560.198497744803,3481.964896064661,0,0,0,0,1,1
8704.928563,0,86,0,870,4,0,4,4,255,0,20,1,12,14,1,0,291,2050.938710164208,1687.613336428066,0,0,0,0,1,1
8785.928563000001,0,56,0,878,5,0,3,3,255,0,20,1,12,14,1,0,291,2764.028706778753,1111.010340471553,0,0,0,0,1,1
8804.928563000001,0,43,0,880,4,0,4,4,255,0,20,1,12,14,1,0,291,31.714042691600167,5.910497732221148,0,0,0,0,1,1
8885.928563,0,13,0,888,5,0,3,3,255,0,20,1,12,14,1,0,291,37821.111931831445,35869.69977881298,0,0,0,0,1,1
8898.928563,0,49,0,889,8,0,2,2,255,10,20,1,12,14,1,0,291,239.72795123001205,114.649691478535,0,0,0,0,1,1
8966.928563,0,64,0,896,6,0,1,1,255,20,20,1,12,14,1,0,291,63.54514505623679,54.67612160955128,0,0,0,0,1,1
8998.928563,0,26,0,899,8,0,2,2,255,10,20,1,12,14,1,0,291,17.30511220655979,4.594902817841886,0,0,0,0,1,1
9066.928563,0,26,0,906,6,0,1,1,255,20,20,1,12,14,1,0,291,31.995469002338446,4.033175889873942,0,0,0,0,1,1
9098.928563,0,8,0,909,8,0,4,4,255,30,20,1,12,14,1,0,291,250.84029757660792,222.94148875213466,0,0,0,0,1,1
9098.928563,0,96,0,909,8,0,2,2,255,10,20,1,12,14,1,0,291,259.60893154422206,93.96051517958796,0,0,0,0,1,1
9179.928563000001,0,70,0,917,9,0,3,3,255,0,20,1,12,14,1,0,291,12572.543744301403,9382.789687389677,0,0,0,0,1,1
9198.928563000001,0,76,0,919,8,0,4,4,255,30,20,1,12,14,1,0,291,118.54823869925733,81.10224494468736,0,0,0,0,1,1
9279.928563,0,30,0,927,9,0,3,3,255,0,20,1,12,14,1,0,291,1154.044867386641,610.4776749550849,0,0,0,0,1,1
9298.928563000001,0,57,0,929,8,0,4,4,255,30,20,1,12,14,1,0,291,12.848821272820384,6.710691891243039,0,0,0,0,1,1
9366.928563,0,88,0,936,6,0,1,1,255,20,20,1,12,14,1,0,291,392.9671404800905,34.59857022044038,0,0,0,0,1,1
9398.928563,0,39,0,939,8,0,2,2,255,10,20,1,12,14,1,0,291,32.503892313067865,3.901670193805258,0.0001,0,0,0,1,1
9466.928563,0,50,0,946,6,0,1,1,255,20,20,1,12,14,1,0,291,292.3009051120462,97.78398246278958,0,0,0,0,1,1
9498.928563,0,19,0,949,8,0,2,2,255,10,20,1,12,14,1,0,291,2314.093703608717,2062.3054780583207,0,0,0,0,1,1
9566.928563,0,13,0,956,6,0,1,1,255,20,20,1,12,14,1,0,291,3347.596888614946,3059.9910939346814,0,0,0,0,1,1
9579.928563,0,95,0,957,9,0,3,3,255,0,20,1,12,14,1,0,291,123.66725098443837,61.567914211165565,0,0,0,0,1,1
9598.928563,0,91,0,959,8,0,4,4,255,30,20,1,12,14,1,0,291,499.7620803633919,394.77311477977497,0,0,0,0,1,1
9679.928563000001,0,58,0,967,9,0,3,3,255,0,20,1,12,14,1,0,291,3.3278030232749414,1.5356850193050628,1,1,0,0,1,1
9698.928563,0,41,0,969,8,0,4,4,255,30,20,1,12,14,1,0,291,0.005858773389316632,0.0004989482862993448,-1,1,1,1,1,1
9779.928563,0,16,0,977,9,0,3,3,255,0,20,1,12,14,1,0,291,49.29547969692935,37.72851237775942,0,0,0,0,1,1
9797.928563,0,94,0,979,7,0,2,2,255,20,20,1,12,14,1,0,291,633.3433745457099,589.2998941438732,0,0,0,0,1,1
9867.928563,0,68,0,986,7,0,1,1,255,30,20,1,12,14,1,0,291,67.47147474537948,1.578793447126337,0.0001,0,0,0,1,1
9897.928563000001,0,54,0,989,7,0,2,2,255,20,20,1,12,14,1,0,291,163.3777237728272,68.41629411254475,0,0,0,0,1,1
9967.928563,0,29,0,996,7,0,1,1,255,30,20,1,12,14,1,0,291,4812.291318297341,4688.174017055111,0,0,0,0,1,1
9997.928563,0,16,0,999,7,0,2,2,255,20,20,1,12,14,1,0,291,157.6116463332566,47.051767258225894,0,0,0,0,1,1
10007.928563,0,12,0,1000,7,0,4,4,255,0,20,1,12,14,0,1,291,416.6873606176002,394.1726464026015,0,0,0,0,1,1
10079.928563,0,70,0,1007,9,0,3,3,255,0,20,1,12,14,1,0,291,24091.202519312792,22242.864729207377,0,0,0,0,1,1
10117.928563,0,50,0,1011,7,0,4,4,255,30,20,1,12,14,1,0,291,314.6582005901711,283.84052558125995,0,0,0,0,1,1
10179.928563000001,0,32,0,1017,9,0,3,3,255,0,20,1,12,14,1,0,291,42046.813949034244,37189.23279026565,0,0,0,0,1,1
10217.928563,0,16,0,1021,7,0,4,4,255,30,20,1,12,14,1,0,291,50.89352023014281,8.298217489306593,0,0,0,0,1,1
10267.928563,0,85,0,1026,7,0,1,1,255,30,20,1,12,14,1,0,291,6336.221626845931,5443.691398157377,0,0,0,0,1,1
10298.928563000001,0,73,0,1029,8,0,2,2,255,20,20,1,12,14,1,0,291,13.699691868271918,0.5657296902896829,0.9913462,1,0,0,1,1
10367.928563,0,48,0,1036,7,0,1,1,255,30,20,1,12,14,1,0,291,71.84070492487446,31.01735527801018,0,0,0,0,1,1
10398.928563,0,34,0,1039,8,0,2,2,255,20,20,1,12,14,1,0,291,3063.6590770572484,1907.893071921498,0,0,0,0,1,1
10467.928563,0,8,0,1046,7,0,1,1,255,30,20,1,12,14,1,0,291,317.16083365497576,166.54946929188125,0,0,0,0,1,1
10479.928563,0,90,0,1047,9,0,3,3,255,0,20,1,12,14,1,0,291,4171.8157147536385,3797.877794870223,0,0,0,0,1,1
10517.928563,0,75,0,1051,7,0,4,4,255,30,20,1,12,14,1,0,291,119766.7968271892,97041.07210633275,0,0,0,0,1,1
10579.928563,0,50,0,1057,9,0,3,3,255,0,20,1,12,14,1,0,291,172.65051645048612,111.46013943519753,0,0,0,0,1,1
10617.928563,0,33,0,1061,7,0,4,4,255,30,20,1,12,14,1,0,291,133.91794078562697,13.541714690685566,0,0,0,0,1,1
10686.928563,0,7,0,1068,6,0,3,3,255,10,20,1,12,14,1,0,291,105.13273586527373,8.955493242316223,0,0,0,0,1,1
10698.928563,0,92,0,1069,8,0,2,2,255,20,20,1,12,14,1,0,291,3598.5062227680273,2613.7429615782694,0,0,0,0,1,1
10767.928563,0,68,0,1076,7,0,1,1,255,30,20,1,12,14,1,0,291,9800.807156352597,5589.203496318467,0,0,0,0,1,1
10798.928563000001,0,50,0,1079,8,0,2,2,255,20,20,1,12,14,1,0,291,508.00458089227385,266.3077517416002,0,0,0,0,1,1
10867.928563,0,34,0,1086,7,0,1,1,255,30,20,1,12,14,1,0,291,733.402660119953,52.12911599753705,0,0,0,0,1,1
10898.928563,0,20,0,1089,8,0,2,2,255,20,20,1,12,14,1,0,291,14139.31066127252,9114.27136920246,0,0,0,0,1,1
10927.928563,0,48,0,1092,7,0,4,4,255,30,20,1,12,14,0,1,291,259.1068329057657,114.71526717329162,0.0001,0,0,0,1,1
10986.928563,0,80,0,1098,6,0,3,3,255,10,20,1,12,14,1,0,291,2806.856572649678,2762.5340171433595,0,0,0,0,1,1
11017.928563,0,62,0,1101,7,0,4,4,255,30,20,1,12,14,1,0,291,251840.54245198317,154476.41122626828,0,0,0,0,1,1
11068.928563,0,32,0,1106,8,0,1,1,255,0,20,1,12,14,1,0,291,1977.6011579054884,1544.1427376539564,0,0,0,0,1,1
11098.928563,0,15,0,1109,8,0,2,2,255,20,20,1,12,14,1,0,291,2705.876374370945,428.70973663353664,0,0,0,0,1,1
11117.928563,0,93,0,1111,7,0,4,4,255,30,20,1,12,14,1,0,291,213.98270066026072,56.80951591402311,0,0,0,0,1,1
11168.928563,0,64,0,1116,8,0,1,1,255,0,20,1,12,14,1,0,291,218.21982396223333,141.11922734321683,0,0,0,0,1,1
11198.928563000001,0,50,0,1119,8,0,2,2,255,20,20,1,12,14,1,0,291,37.04183671494655,19.176736899726954,0,0,0,0,1,1
11238.928563,0,29,0,1123,8,0,5,5,255,0,20,1,12,14,1,0,291,383.47713033643856,165.39123757152595,0,0,0,0,1,1
11286.928563,0,12,0,1128,6,0,3,3,255,10,20,1,12,14,1,0,291,18.974083564277826,0.9548896900813476,0.0256,0,0,0,1,1
11298.928563000001,0,93,0,1129,8,0,2,2,255,20,20,1,12,14,1,0,291,422.3986634782781,310.66512347206526,0,0,0,0,1,1
11338.928563,0,68,0,1133,8,0,5,5,255,0,20,1,12,14,1,0,291,264.85767660794943,111.96648443368677,0,0,0,0,1,1
11386.928563,0,48,0,1138,6,0,3,3,255,10,20,1,12,14,1,0,291,86.06491901459346,46.54953028619025,0,0,0,0,1,1
11399.928563,0,34,0,1139,9,0,4,4,255,10,20,1,12,14,1,0,291,7653.7815352518155,6603.019189601217,0,0,0,0,1,1
11468.928563000001,0,6,0,1146,8,0,1,1,255,0,20,1,12,14,1,0,291,46.242016774785824,33.967014153461456,0,0,0,0,1,1
11486.928563,0,89,0,1148,6,0,3,3,255,10,20,1,12,14,1,0,291,2762.3285740114725,2031.0333260244092,0,0,0,0,1,1
11499.928563,0,75,0,1149,9,0,4,4,255,10,20,1,12,14,1,0,291,1132.415372715076,902.8477086715371,0,0,0,0,1,1
11568.928563,0,52,0,1156,8,0,1,1,255,0,20,1,12,14,1,0,291,5373.279560277459,3140.2874603356613,0,0,0,0,1,1
11597.928563,0,38,0,1159,7,0,2,2,255,30,20,1,12,14,1,0,291,4589.286002159723,3592.135952240013,0,0,0,0,1,1
11647.928563000001,0,12,0,1164,7,0,5,5,255,10,20,1,12,14,1,0,291,54.56297650850236,35.74197371084307,0,0,0,0,1,1
11668.928563,0,93,0,1166,8,0,1,1,255,0,20,1,12,14,1,0,291,17.49668607479939,8.698686255846129,0,0,0,0,1,1
11697.928563,0,80,0,1169,7,0,2,2,255,30,20,1,12,14,1,0,291,2769.49243384792,1234.187983246875,0,0,0,0,1,1
11747.928563,0,58,0,1174,7,0,5,5,255,10,20,1,12,14,1,0,291,8.857957356170175,4.303885811921107,0.8184713,1,0,0,1,1
11786.928563,0,40,0,1178,6,0,3,3,255,10,20,1,12,14,1,0,291,1853.8646208334794,1677.245434308041,0,0,0,0,1,1
11799.928563,0,26,0,1179,9,0,4,4,255,10,20,1,12,14,1,0,291,1052.3850071804927,702.4096590405068,0,0,0,0,1,1
11859.928563000001,0,57,0,1185,9,0,5,5,255,20,20,1,12,14,0,1,291,51.29195157818744,36.40575050711822,0,0,0,0,1,1
11886.928563,0,83,0,1188,6,0,3,3,255,10,20,1,12,14,1,0,291,375.3233442456189,328.76058401092877,0,0,0,0,1,1
11899.928563,0,66,0,1189,9,0,4,4,255,10,20,1,12,14,1,0,291,574.3746195329531,495.8380694852003,0,0,0,0,1,1
11967.928563,0,37,0,1196,7,0,1,1,255,0,20,1,12,14,1,0,291,6353.4525259839575,3484.9525331641776,0,0,0,0,1,1
11998.928563,0,23,0,1199,8,0,2,2,255,20,20,1,12,14,1,0,291,14.758172816214998,3.935269586787438,0,0,0,0,1,1
11999.928563,0,69,0,1199,9,0,4,4,255,10,20,1,12,14,1,0,291,228.44884389867966,212.8662256294565,0,0,0,0,1,1
12067.928563000001,0,21,0,1206,7,0,1,1,255,0,20,1,12,14,1,0,291,28649.822598182916,28477.36881408196,0,0,0,0,1,1
12098.928563,0,7,0,1209,8,0,2,2,255,20,20,1,12,14,1,0,291,8854.813935283204,7937.836970782876,0,0,0,0,1,1
12105.928563000001,0,29,0,1210,5,0,4,4,255,10,20,1,12,14,1,0,291,69.50953467919882,61.91433774224821,0,0,0,0,1,1
12167.928563,0,4,0,1216,7,0,1,1,255,0,20,1,12,14,1,0,291,10230.552325588593,7522.484648316383,0,0,0,0,1,1
12184.928563,0,82,0,1218,4,0,3,3,255,10,20,1,12,14,1,0,291,193.14141562281856,0.519063515273889,1,1,0,0,1,1
12205.928563000001,0,10,0,1220,5,0,4,4,255,10,20,1,12,14,1,0,291,1166.1779893303778,396.59349616155095,0,0,0,0,1,1
12247.928563,0,80,0,1224,7,0,5,5,255,10,20,1,12,14,1,0,291,1223800.8275618376,1095467.2356017202,0,0,0,0,1,1
12284.928563,0,62,0,1228,4,0,3,3,255,10,20,1,12,14,1,0,291,25.506953283311532,0.7485419426629312,1,1,0,0,1,1
12299.928563,0,81,0,1229,9,0,3,3,255,30,20,1,12,14,0,1,291,73.81274305522469,14.234167364519895,0,0,0,0,1,1
12347.928563,0,66,0,1234,7,0,5,5,255,10,20,1,12,14,1,0,291,228.01786617745364,40.08826967184641,0,0,0,0,1,1
12384.928563000001,0,39,0,1238,4,0,3,3,255,10,20,1,12,14,1,0,291,127.89726539051938,6.82794035292295,0,0,0,0,1,1
12399.928563,0,42,0,1239,9,0,3,3,255,30,20,1,12,14,0,1,291,1654.8116890061035,954.1907312013495,0,0,0,0,1,1
12447.928563,0,36,0,1244,7,0,5,5,255,10,20,1,12,14,1,0,291,20.947040222512342,14.196438944381521,0,0,0,0,1,1
12484.928563000001,0,18,0,1248,4,0,3,3,255,10,20,1,12,14,1,0,291,250.09485707035043,168.47883200864644,0,0,0,0,1,1
12498.928563,0,95,0,1249,8,0,2,2,255,20,20,1,12,14,1,0,291,501.7954043617062,190.8706241512046,0,0,0,0,1,1
12547.928563,0,68,0,1254,7,0,5,5,255,10,20,1,12,14,1,0,291,17.8619196553677,10.08741146950994,0,0,0,0,1,1
12586.928563000001,0,52,0,1258,6,0,3,3,255,0,20,1,12,14,1,0,291,2388.1691221081064,1502.2261337228877,0,0,0,0,1,1
12605.928563,0,35,0,1260,5,0,4,4,255,10,20,1,12,14,1,0,291,447.9951765317609,143.5269881547606,0,0,0,0,1,1
12668.928563,0,11,0,1266,8,0,1,1,255,0,20,1,12,14,1,0,291,32688.346238842398,22936.738738117878,0,0,0,0,1,1
12686.928563,0,95,0,1268,6,0,3,3,255,0,20,1,12,14,1,0,291,2304.2231205609255,1603.0409190859427,0,0,0,0,1,1
12705.928563000001,0,81,0,1270,5,0,4,4,255,10,20,1,12,14,1,0,291,48.8514506860251,32.90906482398401,0,0,0,0,1,1
12768.928563,0,59,0,1276,8,0,1,1,255,0,20,1,12,14,1,0,291,34.823561375749414,12.556378646220864,0,0,0,0,1,1
12798.928563000001,0,42,0,1279,8,0,2,2,255,20,20,1,12,14,1,0,291,1484.636842272841,1344.7051982825653,0,0,0,0,1,1
12847.928563,0,20,0,1284,7,0,5,5,255,10,20,1,12,14,1,0,291,720.1977434335167,602.9309102983774,0,0,0,0,1,1
12886.928563,0,2,0,1288,6,0,3,3,255,0,20,1,12,14,1,0,291,276463.98168637016,248351.89127246581,0,0,0,0,1,1
12898.928563,0,81,0,1289,8,0,2,2,255,20,20,1,12,14,1,0,291,2005.7441055108534,621.9506800727071,0,0,0,0,1,1
12947.928563,0,64,0,1294,7,0,5,5,255,10,20,1,12,14,1,0,291,2.1281435425147217,1.0917044590693692,1,1,0,0,1,1
12998.928563,0,44,0,1299,8,0,2,2,255,20,20,1,12,14,1,0,291,774.1670582400366,616.5074936860423,0,0,0,0,1,1
13037.928563,0,24,0,1303,7,0,5,5,255,30,20,1,12,14,1,0,291,253738.71224126854,102676.76762281387,0,0,0,0,1,1
13085.928563,0,54,0,1308,5,0,6,6,255,0,20,1,12,14,0,1,291,5.322000298706133,2.2356950967140845,1,1,0,0,1,1
13097.928563,0,82,0,1309,7,0,2,2,255,30,20,1,12,14,1,0,291,2506.2211079834015,1924.541424990908,0,0,0,0,1,1
13137.928563,0,58,0,1313,7,0,5,5,255,30,20,1,12,14,1,0,291,78.41732554042149,3.7359054195021573,0,0,0,0,1,1
13186.928563,0,34,0,1318,6,0,3,3,255,0,20,1,12,14,1,0,291,5.690320875682661,4.2791697882360165,1,1,0,0,1,1
13205.928563000001,0,21,0,1320,5,0,4,4,255,10,20,1,12,14,1,0,291,123.61114252885844,110.60173981234846,0,0,0,0,1,1
13237.928563000001,0,90,0,1323,7,0,5,5,255,30,20,1,12,14,1,0,291,26.664486306666817,2.3639454681951757,0.0256,0,0,0,1,1
13286.928563,0,69,0,1328,6,0,3,3,255,0,20,1,12,14,1,0,291,2181.2004390441384,1477.0117241850783,0,0,0,0,1,1
13305.928563,0,56,0,1330,5,0,4,4,255,10,20,1,12,14,1,0,291,752.9897987842819,580.3543014354988,0,0,0,0,1,1
13365.928563000001,0,34,0,1336,5,0,6,6,255,0,20,1,12,14,1,0,291,245.32903112259064,184.3649952765657,0,0,0,0,1,1
13397.928563000001,0,14,0,1339,7,0,2,2,255,30,20,1,12,14,1,0,291,610.1355606668533,328.6239247121135,0,0,0,0,1,1
13405.928563,0,39,0,1340,5,0,4,4,255,10,20,1,12,14,1,0,291,117.34528547503753,26.19947769746938,0,0,0,0,1,1
13465.928563,0,12,0,1346,5,0,6,6,255,0,20,1,12,14,1,0,291,1347198.1945301464,735145.0413080405,0,0,0,0,1,1
13484.928563000001,0,96,0,1348,4,0,3,3,255,20,20,1,12,14,1,0,291,58.36412363546195,2.1425843696909452,1,1,0,0,1,1
13506.928563000001,0,45,0,1350,6,0,4,4,255,30,20,1,12,14,1,0,291,28636.929255148607,27629.76319399203,0,0,0,0,1,1
13565.928563,0,20,0,1356,5,0,6,6,255,0,20,1,12,14,1,0,291,185.71852877647643,109.03719297621387,0,0,0,0,1,1
13597.928563,0,1,0,1359,7,0,2,2,255,30,20,1,12,14,1,0,291,897.7389637042058,685.2969170499498,0,0,0,0,1,1
13606.928563,0,55,0,1360,6,0,4,4,255,30,20,1,12,14,1,0,291,168.90130437799252,155.70412508939802,0,0,0,0,1,1
13665.928563,0,32,0,1366,5,0,6,6,255,0,20,1,12,14,1,0,291,0.4769249346732166,0.3394295046380661,-1,1,1,1,1,1
13697.928563,0,13,0,1369,7,0,2,2,255,30,20,1,12,14,1,0,291,839.7738419378878,199.55094696238487,0,0,0,0,1,1
13706.928563,0,72,0,1370,6,0,4,4,255,30,20,1,12,14,1,0,291,31.090104335734043,10.132552602784484,0,0,0,0,1,1
13765.928563,0,49,0,1376,5,0,6,6,255,0,20,1,12,14,1,0,291,264.0176905096378,109.22287372258964,0,0,0,0,1,1
13797.928563,0,33,0,1379,7,0,2,2,255,30,20,1,12,14,1,0,291,220.3752451384139,92.16073880889031,0,0,0,0,1,1
13806.928563,0,87,0,1380,6,0,4,4,255,30,20,1,12,14,1,0,291,131.0668560144501,89.94003976287225,0,0,0,0,1,1
13865.928563000001,0,64,0,1386,5,0,6,6,255,0,20,1,12,14,1,0,291,340923.8478735519,26086.08660609144,0,0,0,0,1,1
13897.928563000001,0,46,0,1389,7,0,2,2,255,30,20,1,12,14,1,0,291,470.8268738475267,214.05652255908097,0,0,0,0,1,1
13908.928563,0,63,0,1390,8,0,2,2,255,10,20,1,12,14,0,1,291,1611.6198225373812,1468.0816919993301,0,0,0,0,1,1
13965.928563,0,74,0,1396,5,0,6,6,255,0,20,1,12,14,1,0,291,96.03254282861263,61.182948565200086,0,0,0,0,1,1
13997.928563,0,53,0,1399,7,0,2,2,255,30,20,1,12,14,1,0,291,1629.0524082853794,1460.1154120741724,0,0,0,0,1,1
14046.928563,0,12,0,1404,6,0,5,5,255,0,20,1,12,14,1,0,291,96.29535977767837,56.488374405074325,0,0,0,0,1,1
14065.928563,0,89,0,1406,5,0,6,6,255,0,20,1,12,14,1,0,291,470.9124272717715,179.30182977260566,0,0,0,0,1,1
14097.928563,0,67,0,1409,7,0,2,2,255,30,20,1,12,14,1,0,291,998.9940388782119,580.3906967757357,0,0,0,0,1,1
14146.928563,0,21,0,1414,6,0,5,5,255,0,20,1,12,14,1,0,291,262.86463170188995,1.27908853590874,0,0,0,0,1,1
14184.928563,0,7,0,1418,4,0,3,3,255,20,20,1,12,14,1,0,291,625.1379764879873,209.31360694586974,0,0,0,0,1,1
14197.928563,0,82,0,1419,7,0,2,2,255,30,20,1,12,14,1,0,291,13916.979235103357,9333.412405258117,0,0,0,0,1,1
14246.928563000001,0,42,0,1424,6,0,5,5,255,0,20,1,12,14,1,0,291,83.06250876353339,20.385345481614138,0,0,0,0,1,1
14279.928563,0,29,0,1427,9,0,3,3,255,0,20,1,12,14,1,0,291,7449.97484020453,6041.374354824877,0,0,0,0,1,1
14306.928563,0,5,0,1430,6,0,4,4,255,30,20,1,12,14,1,0,291,39192.63494985284,37428.318560460015,0,0,0,0,1,1
14346.928563000001,0,83,0,1434,6,0,5,5,255,0,20,1,12,14,1,0,291,557.912418073958,228.23941994968152,0,0,0,0,1,1
14379.928563,0,68,0,1437,9,0,3,3,255,0,20,1,12,14,1,0,291,4.189532385525959,0.5484603548206997,1,1,0,0,1,1
14406.928563,0,46,0,1440,6,0,4,4,255,30,20,1,12,14,1,0,291,898.8098596529551,470.2725986517992,0,0,0,0,1,1
14464.928563000001,0,25,0,1446,4,0,6,6,255,30,20,1,12,14,1,0,291,191.87627008432904,141.17302085562108,0,0,0,0,1,1
14498.928563,0,9,0,1449,8,0,2,2,255,0,20,1,12,14,1,0,291,5190.3775955570645,496.44817049088107,0,0,0,0,1,1
14506.928563000001,0,90,0,1450,6,0,4,4,255,30,20,1,12,14,1,0,291,956.4719202603134,391.5905663844233,0,0,0,0,1,1
14564.928563000001,0,66,0,1456,4,0,6,6,255,30,20,1,12,14,1,0,291,515.5484183810815,36.916228253253344,0,0,0,0,1,1
14598.928563,0,50,0,1459,8,0,2,2,255,0,20,1,12,14,1,0,291,7954.08919101954,6490.619518281972,0,0,0,0,1,1
14646.928563,0,30,0,1464,6,0,5,5,255,0,20,1,12,14,1,0,291,1280.1670406747096,852.928023569314,0,0,0,0,1,1
14679.928563000001,0,13,0,1467,9,0,3,3,255,0,20,1,12,14,1,0,291,5763.300534274374,5353.382986707388,0,0,0,0,1,1
14698.928563,0,90,0,1469,8,0,2,2,255,0,20,1,12,14,1,0,291,31.31540436412555,14.348013546474904,0,0,0,0,1,1
14746.928563000001,0,69,0,1474,6,0,5,5,255,0,20,1,12,14,1,0,291,639.0835915168736,490.7072256364678,0,0,0,0,1,1
14779.928563,0,53,0,1477,9,0,3,3,255,0,20,1,12,14,1,0,291,2014.7451301009587,1475.127057478686,0,0,0,0,1,1
14806.928563,0,32,0,1480,6,0,4,4,255,30,20,1,12,14,1,0,291,9214.461704714424,7532.163748179572,0,0,0,0,1,1
14864.928563,0,4,0,1486,4,0,6,6,255,30,20,1,12,14,1,0,291,107.59681958685363,70.29661127178294,0,0,0,0,1,1
14879.928563,0,89,0,1487,9,0,3,3,255,0,20,1,12,14,1,0,291,4674.714741855316,3888.9379047843327,0,0,0,0,1,1
14906.928563,0,65,0,1490,6,0,4,4,255,30,20,1,12,14,1,0,291,650.8064502537916,157.994285304725,0,0,0,0,1,1
14964.928563000001,0,47,0,1496,4,0,6,6,255,30,20,1,12,14,1,0,291,10250.345719783198,5839.294132178902,0,0,0,0,1,1
14998.928563,0,15,0,1499,8,0,2,2,255,0,20,1,12,14,1,0,291,153.2486653619764,77.5089769547907,0,0,0,0,1,1
15038.928563000001,0,4,0,1503,8,0,5,5,255,0,20,1,12,14,1,0,291,5423.270418122622,1408.8465102689734,0,0,0,0,1,1
15067.928563000001,0,80,0,1506,7,0,6,6,255,20,20,1,12,14,1,0,291,45.831605521726644,22.64236606688309,0,0,0,0,1,1
15098.928563,0,34,0,1509,8,0,4,4,255,30,20,1,12,14,1,0,291,288.1015318298905,25.452015227969312,0,0,0,0,1,1
15138.928563,0,43,0,1513,8,0,5,5,255,0,20,1,12,14,1,0,291,4138.855544490237,3272.7570458107125,0,0,0,0,1,1
15179.928563000001,0,26,0,1517,9,0,3,3,255,0,20,1,12,14,1,0,291,90.89439915026404,41.89442147841415,0,0,0,0,1,1
15198.928563000001,0,52,0,1519,8,0,4,4,255,30,20,1,12,14,1,0,291,619.0233366611441,490.4134617021941,0,0,0,0,1,1
15238.928563,0,81,0,1523,8,0,5,5,255,0,20,1,12,14,1,0,291,111.10353281019846,89.10313826299645,0,0,0,0,1,1
15279.928563,0,66,0,1527,9,0,3,3,255,0,20,1,12,14,1,0,291,6427.832272709258,6096.041941072923,0,0,0,0,1,1
15298.928563000001,0,72,0,1529,8,0,4,4,255,30,20,1,12,14,1,0,291,15.882128401570716,9.531829338645029,0,0,0,0,1,1
15367.928563,0,22,0,1536,7,0,6,6,255,20,20,1,12,14,1,0,291,23986.657924759496,21741.238815465098,0,0,0,0,1,1
15398.928563,0,1,0,1539,8,0,4,4,255,30,20,1,12,14,1,0,291,10327.577405041551,9230.850917752667,0,0,0,0,1,1
15398.928563,0,92,0,1539,8,0,2,2,255,0,20,1,12,14,1,0,291,154.88178798804503,1.9571954453703848,0,0,0,0,1,1
15467.928563,0,63,0,1546,7,0,6,6,255,20,20,1,12,14,1,0,291,998.0631954156994,763.2247168253231,0,0,0,0,1,1
15498.928563,0,24,0,1549,8,0,2,2,255,0,20,1,12,14,1,0,291,213.9083213591136,18.94659487666533,0,0,0,0,1,1
15538.928563000001,0,24,0,1553,8,0,5,5,255,0,20,1,12,14,1,0,291,32845.902476976466,22145.702260026676,0,0,0,0,1,1
15586.928563000001,0,2,0,1558,6,0,3,3,255,0,20,1,12,14,1,0,291,143002.77070263628,129682.17276081492,0,0,0,0,1,1
15597.928563,0,84,0,1559,7,0,2,2,255,30,20,1,12,14,1,0,291,138.0371297753833,0.008313114318629874,1,1,0.002,0,1,1
15608.928563,0,90,0,1560,8,0,2,2,255,30,20,1,12,14,0,1,291,152.22846013062363,0.8064277007592809,0.0535,0,0,0,1,1
15667.928563,0,72,0,1566,7,0,6,6,255,20,20,1,12,14,1,0,291,23443.90546012221,10005.144110208197,0,0,0,0,1,1
15697.928563,0,56,0,1569,7,0,2,2,255,30,20,1,12,14,1,0,291,2724.423203798611,3.681929948536716,0.3126543,0,0,0,1,1
15708.928563000001,0,57,0,1570,8,0,2,2,255,30,20,1,12,14,0,1,291,11.177446354422653,0.044536191414961374,1,1,0.2635983,0,1,1
15767.928563,0,46,0,1576,7,0,6,6,255,20,20,1,12,14,1,0,291,84.20800934923147,39.18424052212123,0,0,0,0,1,1
15797.928563,0,27,0,1579,7,0,2,2,255,30,20,1,12,14,1,0,291,586.7450124372019,0.08609706060102579,1,1,0,0,1,1
15808.928563,0,15,0,1580,8,0,2,2,255,30,20,1,12,14,0,1,291,268.52601102996175,0.10232383414075556,0.0535,0,0,0,1,1
15867.928563,0,15,0,1586,7,0,6,6,255,20,20,1,12,14,1,0,291,3.675987692853888,1.5320265552013261,1,1,0,0,1,1
15886.928563,0,94,0,1588,6,0,3,3,255,0,20,1,12,14,1,0,291,316.0286624322372,225.4227513920056,0,0,0,0,1,1
15904.928563,0,77,0,1590,4,0,4,4,255,0,20,1,12,14,1,0,291,7631.227357807293,5807.910337256564,0,0,0,0,1,1
15938.928563,0,86,0,1593,8,0,5,5,255,0,20,1,12,14,1,0,291,535.9415886803854,448.4755912732574,0,0,0,0,1,1
15986.928563,0,61,0,1598,6,0,3,3,255,0,20,1,12,14,1,0,291,910.2157539696415,658.0308185678872,0,0,0,0,1,1
16004.928563,0,44,0,1600,4,0,4,4,255,0,20,1,12,14,1,0,291,96.45829716090724,64.46643710880358,0,0,0,0,1,1
16038.928563,0,54,0,1603,8,0,5,5,255,0,20,1,12,14,1,0,291,232.9479760550201,142.5597597473587,0,0,0,0,1,1
16086.928563000001,0,29,0,1608,6,0,3,3,255,0,20,1,12,14,1,0,291,12435.640682728732,10650.389941287975,0,0,0,0,1,1
16104.928563000001,0,15,0,1610,4,0,4,4,255,0,20,1,12,14,1,0,291,9501.940265939762,6134.350779126486,0,0,0,0,1,1
16137.928563,0,93,0,1613,7,0,5,5,255,30,20,1,12,14,1,0,291,778.9563854892441,460.4005477015694,0,0,0,0,1,1
16186.928563,0,73,0,1618,6,0,3,3,255,0,20,1,12,14,1,0,291,19.756004388628103,16.818067800275838,0,0,0,0,1,1
16204.928563,0,59,0,1620,4,0,4,4,255,0,20,1,12,14,1,0,291,5791.759289640326,4368.476864584206,0,0,0,0,1,1
16264.928563000001,0,29,0,1626,4,0,6,6,255,20,20,1,12,14,1,0,291,852.1649229988604,244.274505389133,0,0,0,0,1,1
16298.928563000001,0,7,0,1629,8,0,2,2,255,30,20,1,12,14,1,0,291,295.19622708488185,209.3448523319278,0,0,0,0,1,1
16304.928563000001,0,89,0,1630,4,0,4,4,255,0,20,1,12,14,1,0,291,879.5506770677559,681.1304901905839,0,0,0,0,1,1
16364.928563,0,68,0,1636,4,0,6,6,255,20,20,1,12,14,1,0,291,158.2608256262762,25.134052503759396,0,0,0,0,1,1
16398.928562999998,0,46,0,1639,8,0,2,2,255,30,20,1,12,14,1,0,291,9719.431411212097,8102.930197387417,0,0,0,0,1,1
16437.928563,0,25,0,1643,7,0,5,5,255,30,20,1,12,14,1,0,291,1585.4723943494182,1073.6503225549543,0,0,0,0,1,1
16469.928563,0,84,0,1646,9,0,6,6,255,0,20,1,12,14,0,1,291,22.83340350680553,13.067497391724878,0,0,0,0,1,1
16498.928563,0,43,0,1649,8,0,4,4,255,10,20,1,12,14,1,0,291,309.43101953954243,154.45478847911414,0,0,0,0,1,1
16537.928563,0,58,0,1653,7,0,5,5,255,30,20,1,12,14,1,0,291,618.6980445778051,438.14832821552113,0,0,0,0,1,1
16584.928562999998,0,37,0,1658,4,0,3,3,255,0,20,1,12,14,1,0,291,78.73210551607566,1.9980436104902846,0,0,0,0,1,1
16598.928563,0,61,0,1659,8,0,4,4,255,10,20,1,12,14,1,0,291,5635.898163119654,3765.089232165613,0,0,0,0,1,1
16664.928563,0,3,0,1666,4,0,6,6,255,20,20,1,12,14,1,0,291,12206.116651273222,11675.396037466016,0,0,0,0,1,1
16684.928563,0,83,0,1668,4,0,3,3,255,0,20,1,12,14,1,0,291,2727.3020267070574,2358.1904105408653,0,0,0,0,1,1
16698.928562999998,0,85,0,1669,8,0,2,2,255,30,20,1,12,14,1,0,291,576.6675690265739,51.32145424234185,0,0,0,0,1,1
16764.928563,0,52,0,1676,4,0,6,6,255,20,20,1,12,14,1,0,291,198.76214830248455,148.5827741616232,0,0,0,0,1,1
16798.928563,0,18,0,1679,8,0,4,4,255,10,20,1,12,14,1,0,291,222.1413287106139,98.21087456976866,0,0,0,0,1,1
16837.928562999998,0,14,0,1683,7,0,5,5,255,30,20,1,12,14,1,0,291,423.6147316186851,63.17204236978467,0,0,0,0,1,1
16864.928562999998,0,90,0,1686,4,0,6,6,255,20,20,1,12,14,1,0,291,85.34098811592632,47.88763087381931,0,0,0,0,1,1
16898.928562999998,0,38,0,1689,8,0,4,4,255,10,20,1,12,14,1,0,291,3717.3705130303824,2946.4490318806097,0,0,0,0,1,1
16937.928563,0,55,0,1693,7,0,5,5,255,30,20,1,12,14,1,0,291,69.44912633621661,35.8375370884957,0,0,0,0,1,1
16984.928563,0,30,0,1698,4,0,3,3,255,0,20,1,12,14,1,0,291,46672.233058802216,28134.784556680857,0,0,0,0,1,1
16998.928563,0,18,0,1699,8,0,4,4,255,10,20,1,12,14,1,0,291,704.9756135399158,596.9836964039332,0,0,0,0,1,1
17037.928563,0,54,0,1703,7,0,5,5,255,30,20,1,12,14,1,0,291,1180.5430973694579,378.2018906749015,0,0,0,0,1,1
17084.928562999998,0,33,0,1708,4,0,3,3,255,0,20,1,12,14,1,0,291,5008.623393584971,3825.8796765107254,0,0,0,0,1,1
17098.928563,0,21,0,1709,8,0,4,4,255,10,20,1,12,14,1,0,291,116.80906077247707,1.76417365784298,0,0,0,0,1,1
17137.928562999998,0,57,0,1713,7,0,5,5,255,30,20,1,12,14,1,0,291,480.81123232866537,256.79238460148343,0,0,0,0,1,1
17184.928563,0,38,0,1718,4,0,3,3,255,0,20,1,12,14,1,0,291,214.88850468039362,196.69326018777303,0,0,0,0,1,1
17198.928562999998,0,26,0,1719,8,0,4,4,255,10,20,1,12,14,1,0,291,89.88840122075477,10.629861365343281,0,0,0,0,1,1
17237.928563,0,62,0,1723,7,0,5,5,255,30,20,1,12,14,1,0,291,635.4754423253737,460.5818382370263,0,0,0,0,1,1
17284.928563,0,42,0,1728,4,0,3,3,255,0,20,1,12,14,1,0,291,30639.507563941745,19070.38472099087,0,0,0,0,1,1
17298.928563,0,30,0,1729,8,0,4,4,255,10,20,1,12,14,1,0,291,492.79183252108515,365.95737508490845,0,0,0,0,1,1
17338.928563,0,66,0,1733,8,0,5,5,255,0,20,1,12,14,1,0,291,128.27923886542607,109.9876586483706,0,0,0,0,1,1
17384.928562999998,0,46,0,1738,4,0,3,3,255,0,20,1,12,14,1,0,291,5354.766854706067,5013.9640338918,0,0,0,0,1,1
17398.928562999998,0,26,0,1739,8,0,4,4,255,10,20,1,12,14,1,0,291,96.76609569724462,23.393245843849744,0,0,0,0,1,1
17438.928563,0,61,0,1743,8,0,5,5,255,0,20,1,12,14,1,0,291,95.31000700586618,44.03713480492363,0,0,0,0,1,1
17484.928563,0,47,0,1748,4,0,3,3,255,0,20,1,12,14,1,0,291,134.076768347222,99.52563466145733,0,0,0,0,1,1
17498.928563,0,28,0,1749,8,0,4,4,255,10,20,1,12,14,1,0,291,4524.904230833041,3010.5774641088396,0,0,0,0,1,1
17538.928562999998,0,61,0,1753,8,0,5,5,255,0,20,1,12,14,1,0,291,41.98338579025789,22.802010418815318,0,0,0,0,1,1
17584.928562999998,0,43,0,1758,4,0,3,3,255,0,20,1,12,14,1,0,291,1717.5986768510215,1464.5470426528425,0,0,0,0,1,1
17598.928563,0,23,0,1759,8,0,4,4,255,10,20,1,12,14,1,0,291,143.9042600696273,45.70564615358823,0,0,0,0,1,1
17638.928563,0,63,0,1763,8,0,5,5,255,0,20,1,12,14,1,0,291,519.530992761185,14.221543332762,0,0,0,0,1,1
17684.928563,0,46,0,1768,4,0,3,3,255,0,20,1,12,14,1,0,291,390.78584191918293,229.32970884978198,0,0,0,0,1,1
17698.928562999998,0,26,0,1769,8,0,4,4,255,10,20,1,12,14,1,0,291,3484.322187128746,3197.201092405536,0,0,0,0,1,1
17738.928563,0,60,0,1773,8,0,5,5,255,0,20,1,12,14,1,0,291,78167.68138304837,61779.82923712849,0,0,0,0,1,1
17784.928563,0,47,0,1778,4,0,3,3,255,0,20,1,12,14,1,0,291,14.465579307049904,3.972412009951876,0,0,0,0,1,1
17798.928563,0,32,0,1779,8,0,4,4,255,10,20,1,12,14,1,0,291,1075.570797604124,911.3295999608034,0,0,0,0,1,1
17838.928563,0,56,0,1783,8,0,5,5,255,0,20,1,12,14,1,0,291,45.77640381352917,0.24826441233079366,0.9913462,1,0,0,1,1
17884.928562999998,0,35,0,1788,4,0,3,3,255,0,20,1,12,14,1,0,291,5804.505896406021,3261.860812739615,0,0,0,0,1,1
17899.928563,0,17,0,1789,9,0,4,4,255,30,20,1,12,14,1,0,291,11477.39397922793,9804.9444798283,0,0,0,0,1,1
17938.928563,0,91,0,1793,8,0,5,5,255,0,20,1,12,14,1,0,291,2791.1544896012138,1589.9532657427392,0,0,0,0,1,1
17979.928563,0,77,0,1797,9,0,3,3,255,30,20,1,12,14,1,0,291,482.1350828732915,384.09427362601116,0,0,0,0,1,1
17999.928563,0,55,0,1799,9,0,4,4,255,30,20,1,12,14,1,0,291,216.15040192099895,100.6829222474499,0,0,0,0,1,1
18064.928562999998,0,35,0,1806,4,0,6,6,255,10,20,1,12,14,1,0,291,445.07185718921846,340.01540350592524,0,0,0,0,1,1
18097.928563,0,20,0,1809,7,0,2,2,255,0,20,1,12,14,1,0,291,5885.263938364827,5268.296877483123,0,0,0,0,1,1
18124.928563,0,84,0,1812,4,0,4,4,255,30,20,1,12,14,0,1,291,26.41205894424362,19.656966989090893,0,0,0,0,1,1
18164.928563,0,81,0,1816,4,0,6,6,255,10,20,1,12,14,1,0,291,840.6765074505596,104.52001117686234,0,0,0,0,1,1
18198.928562999998,0,64,0,1819,8,0,2,2,255,20,20,1,12,14,1,0,291,1097.109885631229,116.70632142099805,0,0,0,0,1,1
18238.928563,0,46,0,1823,8,0,5,5,255,0,20,1,12,14,1,0,291,3799.0178615932555,1046.257824550849,0,0,0,0,1,1
18279.928562999998,0,32,0,1827,9,0,6,6,255,10,20,1,12,14,0,1,291,87.21924763521224,56.161818397941374,0,0,0,0,1,1
18299.928563,0,17,0,1829,9,0,4,4,255,30,20,1,12,14,1,0,291,6400.623161116542,5299.751590270669,0,0,0,0,1,1
18338.928563,0,90,0,1833,8,0,5,5,255,0,20,1,12,14,1,0,291,1007.4640577210555,379.09983940169076,0,0,0,0,1,1
18379.928563,0,74,0,1837,9,0,3,3,255,30,20,1,12,14,1,0,291,795.2071478221901,353.4236552067001,0,0,0,0,1,1
18399.928563,0,56,0,1839,9,0,4,4,255,30,20,1,12,14,1,0,291,19183.920259223825,9054.92389575588,0,0,0,0,1,1
18464.928563,0,34,0,1846,4,0,6,6,255,10,20,1,12,14,1,0,291,260.83097718091597,120.28420530074243,0,0,0,0,1,1
18498.928563,0,17,0,1849,8,0,2,2,255,20,20,1,12,14,1,0,291,2429.598273178087,2241.0364799893277,0,0,0,0,1,1
18517.928563,0,60,0,1851,7,0,2,2,255,30,20,1,12,14,0,1,291,30694.49891421366,21237.71581951677,0,0,0,0,1,1
18564.928562999998,0,80,0,1856,4,0,6,6,255,10,20,1,12,14,1,0,291,2.5178197017598434,1.7080162095450142,1,1,0,0,1,1
18598.928563,0,62,0,1859,8,0,2,2,255,20,20,1,12,14,1,0,291,9717.920070618904,8760.692762385028,0,0,0,0,1,1
18637.928562999998,0,45,0,1863,7,0,5,5,255,30,20,1,12,14,1,0,291,326.67536192065586,143.33837798989774,0,0,0,0,1,1
18679.928563,0,23,0,1867,9,0,3,3,255,30,20,1,12,14,1,0,291,25571.835325466145,21156.89630623975,0,0,0,0,1,1
18699.928563,0,6,0,1869,9,0,4,4,255,30,20,1,12,14,1,0,291,726.1517587290089,466.5854175911385,0,0,0,0,1,1
18737.928563,0,83,0,1873,7,0,5,5,255,30,20,1,12,14,1,0,291,44.59617803979836,12.23594662065387,0,0,0,0,1,1
18779.928562999998,0,67,0,1877,9,0,3,3,255,30,20,1,12,14,1,0,291,735.8457368482007,134.98851407123752,0,0,0,0,1,1
18799.928563,0,51,0,1879,9,0,4,4,255,30,20,1,12,14,1,0,291,4672.509437419322,4406.426914379282,0,0,0,0,1,1
18864.928562999998,0,34,0,1886,4,0,6,6,255,10,20,1,12,14,1,0,291,243.02768209749098,109.97542271059767,0,0,0,0,1,1
18898.928562999998,0,13,0,1889,8,0,2,2,255,20,20,1,12,14,1,0,291,5746.1062878891125,4739.298314716587,0,0,0,0,1,1
18899.928563,0,93,0,1889,9,0,4,4,255,30,20,1,12,14,1,0,291,66.29869295804366,1.0779785084543216,0.0001,0,0,0,1,1
18964.928563,0,75,0,1896,4,0,6,6,255,10,20,1,12,14,1,0,291,6430.342253763827,4873.162891997958,0,0,0,0,1,1
18997.928562999998,0,58,0,1899,7,0,2,2,255,0,20,1,12,14,1,0,291,878.7719825091299,213.24332584164054,0,0,0,0,1,1
19037.928563,0,42,0,1903,7,0,5,5,255,30,20,1,12,14,1,0,291,3263.9664419137434,2412.988204983091,0,0,0,0,1,1
19079.928562999998,0,27,0,1907,9,0,3,3,255,30,20,1,12,14,1,0,291,158.48941925275398,96.03971946880328,0,0,0,0,1,1
19099.928562999998,0,8,0,1909,9,0,4,4,255,30,20,1,12,14,1,0,291,1418.9347387731934,1329.7269086513684,0,0,0,0,1,1
19137.928562999998,0,86,0,1913,7,0,5,5,255,30,20,1,12,14,1,0,291,8351.565298982072,7751.858520332301,0,0,0,0,1,1
19179.928563,0,70,0,1917,9,0,3,3,255,30,20,1,12,14,1,0,291,115.43608533977729,72.85866146726379,0,0,0,0,1,1
19198.928562999998,0,56,0,1919,8,0,4,4,255,30,20,1,12,14,1,0,291,6455.703554934817,5598.532751367563,0,0,0,0,1,1
19264.928563,0,33,0,1926,4,0,6,6,255,10,20,1,12,14,1,0,291,2765.559074080447,2649.263490467436,0,0,0,0,1,1
19297.928562999998,0,16,0,1929,7,0,2,2,255,0,20,1,12,14,1,0,291,345.3945176950996,67.03665761151841,0,0,0,0,1,1
19307.928563,0,11,0,1930,7,0,3,3,255,20,20,1,12,14,0,1,291,1567.2652314213044,1392.8217792960809,0,0,0,0,1,1
19364.928562999998,0,70,0,1936,4,0,6,6,255,10,20,1,12,14,1,0,291,37.23927868259553,4.4557131394901255,0,0,0,0,1,1
19397.928563,0,53,0,1939,7,0,2,2,255,0,20,1,12,14,1,0,291,660.8712003391718,419.70275845067846,0,0,0,0,1,1
19437.928563,0,34,0,1943,7,0,5,5,255,30,20,1,12,14,1,0,291,59350.59325942498,56096.03506124603,0,0,0,0,1,1
19485.928563,0,16,0,1948,5,0,3,3,255,30,20,1,12,14,1,0,291,805.1604553010104,467.9116947902648,0,0,0,0,1,1
19498.928563,0,51,0,1949,8,0,4,4,255,30,20,1,12,14,1,0,291,766.8211563566978,0.5751284240704243,1,1,0,0,1,1
19519.928563,0,15,0,1951,9,0,4,4,255,10,20,1,12,14,0,1,291,7012.711736197192,5870.144223302792,0,0,0,0,1,1
19567.928562999998,0,29,0,1956,7,0,6,6,255,20,20,1,12,14,1,0,291,183.02191625364486,138.0180961680997,0,0,0,0,1,1
19598.928563,0,8,0,1959,8,0,4,4,255,30,20,1,12,14,1,0,291,2956.407502349967,2.394186540570872,0.3126543,1,0,0,1,1
19607.928563,0,19,0,1960,7,0,3,3,255,20,20,1,12,14,0,1,291,1722.3845612346763,1085.3041748759847,0,0,0,0,1,1
19637.928562999998,0,37,0,1963,7,0,5,5,255,30,20,1,12,14,1,0,291,1415.86509053921,712.47348520766,0,0,0,0,1,1
19685.928563,0,17,0,1968,5,0,3,3,255,30,20,1,12,14,1,0,291,6043.065155767542,5786.978044923226,0,0,0,0,1,1
19698.928562999998,0,51,0,1969,8,0,2,2,255,20,20,1,12,14,1,0,291,1340.086378081948,7.675130153511242,0,0,0,0,1,1
19719.928563,0,41,0,1971,9,0,4,4,255,10,20,1,12,14,0,1,291,142.8119493304317,46.96978443647454,0,0,0,0,1,1
19767.928563,0,35,0,1976,7,0,6,6,255,20,20,1,12,14,1,0,291,253.41500182231067,45.25249636345999,0,0,0,0,1,1
19798.928563,0,22,0,1979,8,0,2,2,255,20,20,1,12,14,1,0,291,2166.133055287209,1878.9215031402011,0,0,0,0,1,1
19837.928562999998,0,2,0,1983,7,0,5,5,255,30,20,1,12,14,1,0,291,56759.796618746084,51324.18948034409,0,0,0,0,1,1
19867.928563,0,80,0,1986,7,0,6,6,255,20,20,1,12,14,1,0,291,9.138058836473471,0.7629798213878286,1,1,0,0,1,1
19898.928562999998,0,61,0,1989,8,0,2,2,255,20,20,1,12,14,1,0,291,891.7490556422747,21.67270038318098,0,0,0,0,1,1
19938.928563,0,41,0,1993,8,0,5,5,255,20,20,1,12,14,1,0,291,130.09890251461397,40.93072962023774,0,0,0,0,1,1
19984.928563,0,23,0,1998,4,0,3,3,255,0,20,1,12,14,1,0,291,5760.904594482677,3037.228833225931,0,0,0,0,1,1
20004.928563,0,10,0,2000,4,0,4,4,255,0,20,1,12,14,1,0,291,6846.095696310809,5906.988676454439,0,0,0,0,1,1
20038.928562999998,0,83,0,2003,8,0,5,5,255,20,20,1,12,14,1,0,291,167.23339527178123,50.523327094958155,0,0,0,0,1,1
20084.928562999998,0,69,0,2008,4,0,3,3,255,0,20,1,12,14,1,0,291,117.71326259781566,54.70356772093969,0,0,0,0,1,1
20104.928563,0,51,0,2010,4,0,4,4,255,0,20,1,12,14,1,0,291,158.67009877769482,131.92855475606004,0,0,0,0,1,1
20166.928562999998,0,27,0,2016,6,0,6,6,255,0,20,1,12,14,1,0,291,13.769173767293797,5.099679394031007,0.0256,0,0,0,1,1
20197.928563,0,10,0,2019,7,0,2,2,255,30,20,1,12,14,1,0,291,9226.09470061322,8631.687119699622,0,0,0,0,1,1
20204.928562999998,0,94,0,2020,4,0,4,4,255,0,20,1,12,14,1,0,291,3417.385879121028,2084.442714400408,0,0,0,0,1,1
20266.928563,0,70,0,2026,6,0,6,6,255,0,20,1,12,14,1,0,291,21.932585795700064,3.2629564178389763,0.0004,0,0,0,1,1
20297.928562999998,0,53,0,2029,7,0,2,2,255,30,20,1,12,14,1,0,291,11041.909849610562,10550.634220478376,0,0,0,0,1,1
20304.928563,0,41,0,2030,4,0,4,4,255,0,20,1,12,14,1,0,291,151.31737288523755,0.8183844538016087,0,0,0,0,1,1
20366.928562999998,0,18,0,2036,6,0,6,6,255,0,20,1,12,14,1,0,291,883.9057043904604,490.8373980731888,0,0,0,0,1,1
20397.928563,0,5,0,2039,7,0,2,2,255,30,20,1,12,14,1,0,291,98074.85328169049,89390.89486456112,0,0,0,0,1,1
20398.928562999998,0,87,0,2039,8,0,7,7,255,0,20,1,12,14,1,0,291,623253381.4059838,574685551.9096315,0,0,0,0,1,1
20438.928563,0,63,0,2043,8,0,5,5,255,20,20,1,12,14,1,0,291,3557.1362862390415,540.0545934619562,0,0,0,0,1,1
20485.928563,0,51,0,2048,5,0,3,3,255,30,20,1,12,14,1,0,291,1807.8196510447626,168.20754141683287,0,0,0,0,1,1
20498.928563,0,34,0,2049,8,0,7,7,255,0,20,1,12,14,1,0,291,445.0649079295714,206.23225097850633,0,0,0,0,1,1
20538.928562999998,0,9,0,2053,8,0,5,5,255,20,20,1,12,14,1,0,291,2631.8203103174037,2498.4019327462297,0,0,0,0,1,1
20566.928563,0,89,0,2056,6,0,6,6,255,0,20,1,12,14,1,0,291,246.8006716538536,210.1476986774303,0,0,0,0,1,1
20597.928563,0,75,0,2059,7,0,2,2,255,30,20,1,12,14,1,0,291,56.949463190700236,23.69484379419737,0,0,0,0,1,1
20604.928563,0,64,0,2060,4,0,4,4,255,0,20,1,12,14,1,0,291,718.8239566242313,553.9614222565691,0,0,0,0,1,1
20666.928562999998,0,39,0,2066,6,0,6,6,255,0,20,1,12,14,1,0,291,12220.69222719537,6116.155870507543,0,0,0,0,1,1
20697.928563,0,22,0,2069,7,0,2,2,255,30,20,1,12,14,1,0,291,33.34154696077978,30.92521600838966,0,0,0,0,1,1
20704.928562999998,0,7,0,2070,4,0,4,4,255,0,20,1,12,14,1,0,291,16703.024118136607,12860.006498385384,0,0,0,0,1,1
20738.928563,0,86,0,2073,8,0,5,5,255,20,20,1,12,14,1,0,291,317.5221172569867,173.56177164648943,0,0,0,0,1,1
20785.928562999998,0,70,0,2078,5,0,3,3,255,30,20,1,12,14,1,0,291,204.2986562020514,19.66925925876851,0,0,0,0,1,1
20798.928563,0,52,0,2079,8,0,7,7,255,0,20,1,12,14,1,0,291,344305.49825542944,323957.7194844496,0,0,0,0,1,1
20837.928562999998,0,33,0,2083,7,0,5,5,255,0,20,1,12,14,1,0,291,17398.74454182221,16889.745032708575,0,0,0,0,1,1
20885.928563,0,15,0,2088,5,0,3,3,255,30,20,1,12,14,1,0,291,2712.4350240760223,2611.1235631156046,0,0,0,0,1,1
20897.928563,0,96,0,2089,7,0,2,2,255,30,20,1,12,14,1,0,291,7369.32498295285,7285.703224219099,0,0,0,0,1,1
20908.928563,0,85,0,2090,8,0,4,4,255,20,20,1,12,14,1,0,291,395.629900072282,161.4795797604676,0,0,0,0,1,1
20937.928563,0,94,0,2093,7,0,5,5,255,0,20,1,12,14,1,0,291,1880.1098597407442,1344.4654104603244,0,0,0,0,1,1
20985.928563,0,73,0,2098,5,0,3,3,255,30,20,1,12,14,1,0,291,1402.8191315293589,975.672139089358,0,0,0,0,1,1
20999.928563,0,59,0,2099,9,0,7,7,255,20,20,1,12,14,1,0,291,378.331845343076,93.38530418686453,0,0,0,0,1,1
21037.928563,0,9,0,2103,7,0,5,5,255,0,20,1,12,14,1,0,291,19923.28379713317,13318.388871474996,0,0,0,0,1,1
21069.928563,0,89,0,2106,9,0,6,6,255,0,20,1,12,14,1,0,291,603.8797587553843,204.2060112275145,0,0,0,0,1,1
21097.928563,0,75,0,2109,7,0,2,2,255,30,20,1,12,14,1,0,291,422.11772184293267,263.66683760754205,0,0,0,0,1,1
21108.928562999998,0,64,0,2110,8,0,4,4,255,20,20,1,12,14,1,0,291,0.03414813781804501,0.0011741727266378974,-1,1,1,1,1,1
21169.928562999998,0,18,0,2116,9,0,6,6,255,0,20,1,12,14,1,0,291,384.4240325020967,269.0736579304269,0,0,0,0,1,1
21197.928563,0,4,0,2119,7,0,2,2,255,30,20,1,12,14,1,0,291,337523.87592050404,330365.5926260943,0,0,0,0,1,1
21199.928563,0,82,0,2119,9,0,7,7,255,20,20,1,12,14,1,0,291,121258.11659297804,96932.3357583883,0,0,0,0,1,1
21208.928563,0,71,0,2120,8,0,4,4,255,20,20,1,12,14,1,0,291,4.983156295744587,2.322975993948298,1,1,0,0,1,1
21269.928563,0,12,0,2126,9,0,6,6,255,0,20,1,12,14,1,0,291,464.9168772377461,348.5635630883871,0,0,0,0,1,1
21285.928562999998,0,91,0,2128,5,0,3,3,255,30,20,1,12,14,1,0,291,685.383542742532,546.5479225643944,0,0,0,0,1,1
21299.928563,0,79,0,2129,9,0,7,7,255,20,20,1,12,14,1,0,291,787.2483626228134,458.13684384101794,0,0,0,0,1,1
21308.928562999998,0,68,0,2130,8,0,4,4,255,20,20,1,12,14,1,0,291,1.0570562796477438,0.10169536580421162,-1,1,0.9361511,1,1,1
21369.928562999998,0,9,0,2136,9,0,6,6,255,0,20,1,12,14,1,0,291,34.90091062822055,2.098165509105639,0,0,0,0,1,1
21385.928563,0,90,0,2138,5,0,3,3,255,30,20,1,12,14,1,0,291,1654.3104218993751,500.8022956170413,0,0,0,0,1,1
21399.928563,0,75,0,2139,9,0,7,7,255,20,20,1,12,14,1,0,291,38.43379813845739,29.51782797664266,0,0,0,0,1,1
21405.928563,0,64,0,2140,5,0,9,9,255,10,20,1,12,14,1,0,291,485.38121384180494,453.2805018980664,0,0,0,0,1,1
21437.928563,0,4,0,2143,7,0,5,5,255,0,20,1,12,14,1,0,291,17155.459689131218,12331.159436172506,0,0,0,0,1,1
21469.928563,0,87,0,2146,9,0,6,6,255,0,20,1,12,14,1,0,291,44.62728819711402,39.22814574139128,0,0,0,0,1,1
21498.928563,0,68,0,2149,8,0,2,2,255,30,20,1,12,14,1,0,291,2771.5458942745145,1.5955880303209486,1,1,0,0,1,1
21504.928563,0,56,0,2150,4,0,8,8,255,10,20,1,12,14,1,0,291,9178613.425642017,8521318.648328153,0,0,0,0,1,1
21508.928563,0,47,0,2150,8,0,4,4,255,20,20,1,12,14,1,0,291,4.40788021641947,1.0475985056371944,1,1,0,0,1,1
21537.928563,0,17,0,2153,7,0,5,5,255,0,20,1,12,14,1,0,291,1236.3680155400177,878.5487918715648,0,0,0,0,1,1
21584.928562999998,0,45,0,2158,4,0,6,6,255,20,20,1,12,14,0,1,291,285.8889452137547,235.42562564234083,0,0,0,0,1,1
21598.928563,0,79,0,2159,8,0,2,2,255,30,20,1,12,14,1,0,291,7386.814460220063,0.034407314507217165,1,1,0,0,1,1
21604.928563,0,67,0,2160,4,0,8,8,255,10,20,1,12,14,1,0,291,710.0067464027292,64.79121981988513,0,0,0,0,1,1
21608.928562999998,0,59,0,2160,8,0,4,4,255,20,20,1,12,14,1,0,291,0.3089423564161756,0.049348043124009755,-1,1,1,1,1,1
21637.928562999998,0,35,0,2163,7,0,5,5,255,0,20,1,12,14,1,0,291,2960.572598099518,1883.360419154621,0,0,0,0,1,1
21685.928563,0,20,0,2168,5,0,3,3,255,30,20,1,12,14,1,0,291,1606.0899045182643,572.0386002884292,0,0,0,0,1,1
21699.928563,0,5,0,2169,9,0,7,7,255,20,20,1,12,14,1,0,291,343.7410663362347,19.64803327032796,0,0,0,0,1,1
21704.928562999998,0,88,0,2170,4,0,8,8,255,10,20,1,12,14,1,0,291,117.71130366815228,97.67526393160495,0,0,0,0,1,1
21708.928563,0,80,0,2170,8,0,4,4,255,20,20,1,12,14,1,0,291,3.621892584436156,1.616887494743002,1,1,0,0,1,1
21737.928563,0,54,0,2173,7,0,5,5,255,0,20,1,12,14,1,0,291,2228.5499989865557,784.9534569446171,0,0,0,0,1,1
21779.928562999998,0,39,0,2177,9,0,3,3,255,20,20,1,12,14,1,0,291,61.15987572944672,27.859794177344913,0,0,0,0,1,1
21799.928563,0,25,0,2179,9,0,7,7,255,20,20,1,12,14,1,0,291,1022526.0821445154,724136.2203810355,0,0,0,0,1,1
21805.928562999998,0,13,0,2180,5,0,9,9,255,10,20,1,12,14,1,0,291,3095721.047566514,1957864.6563316463,0,0,0,0,1,1
21809.928563,0,8,0,2180,9,0,2,2,255,0,20,1,12,14,0,1,291,1295.9717566356653,1168.31995299375,0,0,0,0,1,1
21869.928562999998,0,33,0,2186,9,0,6,6,255,0,20,1,12,14,1,0,291,39.42729186475484,26.189183881032044,0,0,0,0,1,1
21898.928562999998,0,19,0,2189,8,0,2,2,255,30,20,1,12,14,1,0,291,95.63985824356374,57.658252552099476,0,0,0,0,1,1
21904.928562999998,0,4,0,2190,4,0,8,8,255,10,20,1,12,14,1,0,291,8564.193680642811,5181.568501368231,0,0,0,0,1,1
21905.928563,0,89,0,2190,5,0,9,9,255,10,20,1,12,14,1,0,291,52.462985295512695,1.0570478272987758,0.0004,0,0,0,1,1
21937.928563,0,40,0,2193,7,0,5,5,255,0,20,1,12,14,1,0,291,1637.6009931353979,1415.1931554718274,0,0,0,0,1,1
21979.928563,0,27,0,2197,9,0,3,3,255,20,20,1,12,14,1,0,291,8021.751735972282,6272.219173556874,0,0,0,0,1,1
21999.928563,0,11,0,2199,9,0,7,7,255,20,20,1,12,14,1,0,291,290.61565289133034,158.1441385965626,0,0,0,0,1,1
22004.928563,0,93,0,2200,4,0,8,8,255,10,20,1,12,14,1,0,291,6.9282905560871795,0.1934353179577856,1,1,0,0,1,1
22008.928563,0,83,0,2200,8,0,4,4,255,20,20,1,12,14,1,0,291,0.0005483475453381021,0.00010566127591267695,-1,1,1,1,1,1
22065.928563,0,13,0,2206,5,0,6,6,255,10,20,1,12,14,1,0,291,534.6862732994229,425.9391192029636,0,0,0,0,1,1
22079.928562999998,0,95,0,2207,9,0,3,3,255,20,20,1,12,14,1,0,291,51.87629847776751,0.7590729203379656,0.0004,0,0,0,1,1
22099.928562999998,0,82,0,2209,9,0,7,7,255,20,20,1,12,14,1,0,291,68299.90029895834,35935.827404680786,0,0,0,0,1,1
22105.928562999998,0,73,0,2210,5,0,9,9,255,10,20,1,12,14,1,0,291,457.28537178985397,115.02322681286658,0,0,0,0,1,1
22144.928563,0,10,0,2214,4,0,5,5,255,10,20,1,12,14,1,0,291,800.659322221843,638.8817299832787,0,0,0,0,1,1
22165.928563,0,90,0,2216,5,0,6,6,255,10,20,1,12,14,1,0,291,2478.494320561961,2035.7897092698179,0,0,0,0,1,1
22197.928563,0,38,0,2219,7,0,2,2,255,0,20,1,12,14,1,0,291,1741.6096746599826,1601.0010568364767,0,0,0,0,1,1
22199.928563,0,60,0,2219,9,0,7,7,255,20,20,1,12,14,1,0,291,215.7059462797199,8.797450351756591e-05,1,1,0.002,0,1,1
22208.928563,0,41,0,2220,8,0,4,4,255,20,20,1,12,14,1,0,291,1.925214215969818,1.8083076281452544,1,1,0,0,1,1
22244.928562999998,0,19,0,2224,4,0,5,5,255,10,20,1,12,14,1,0,291,142.14085743048315,13.065888267281203,0,0,0,0,1,1
22278.928563,0,1,0,2227,8,0,10,10,255,10,20,1,12,14,1,0,291,3844.1804131587546,2697.88698688796,0,0,0,0,1,1
22279.928562999998,0,84,0,2227,9,0,3,3,255,20,20,1,12,14,1,0,291,1242.1461098502962,550.5925039965887,0,0,0,0,1,1
22297.928562999998,0,38,0,2229,7,0,8,8,255,30,20,1,12,14,1,0,291,1174.0595804099326,832.3284198021624,0,0,0,0,1,1
22305.928562999998,0,62,0,2230,5,0,7,7,255,0,20,1,12,14,0,1,291,393.1781719754217,203.4434032399965,0,0,0,0,1,1
22308.928562999998,0,62,0,2230,8,0,8,8,255,0,20,1,12,14,0,1,291,1112.3063515266185,960.6456345030754,0,0,0,0,1,1
22365.928563,0,17,0,2236,5,0,6,6,255,10,20,1,12,14,1,0,291,3124.4584004884828,1894.753378434166,0,0,0,0,1,1
22379.928563,0,4,0,2237,9,0,3,3,255,20,20,1,12,14,1,0,291,3685209.167925955,3579698.77449837,0,0,0,0,1,1
22389.928563,0,85,0,2238,9,0,7,7,255,20,20,1,12,14,1,0,291,0.05178427469270638,0.026769320478228775,-1,1,1,1,1,1
22397.928563,0,86,0,2239,7,0,2,2,255,0,20,1,12,14,1,0,291,36.09442491820372,0.8705608881910067,0.0004,0,0,0,1,1
22405.928563,0,96,0,2240,5,0,4,4,255,20,20,1,12,14,1,0,291,1416.6500858431523,1306.1959949054683,0,0,0,0,1,1
22465.928562999998,0,1,0,2246,5,0,6,6,255,10,20,1,12,14,1,0,291,309.7924512683975,181.7608997567866,0,0,0,0,1,1
22478.928563,0,84,0,2247,8,0,10,10,255,10,20,1,12,14,1,0,291,13.436509322515429,7.752402689311131,0,0,0,0,1,1
22489.928562999998,0,65,0,2248,9,0,7,7,255,20,20,1,12,14,1,0,291,64.72423507839679,7.449973652006367e-05,1,1,0.002,0,1,1
22497.928562999998,0,76,0,2249,7,0,2,2,255,0,20,1,12,14,1,0,291,619.516833812401,367.9207956207109,0,0,0,0,1,1
22505.928563,0,92,0,2250,5,0,4,4,255,20,20,1,12,14,1,0,291,2846.0085113746345,1919.048002880186,0,0,0,0,1,1
22565.928563,0,1,0,2256,5,0,6,6,255,10,20,1,12,14,1,0,291,30.090696377513428,1.7757769993921695,0,0,0,0,1,1
22578.928563,0,84,0,2257,8,0,10,10,255,10,20,1,12,14,1,0,291,17.05151833259571,4.1404434692118,0.3126543,0,0,0,1,1
22589.928563,0,68,0,2258,9,0,7,7,255,20,20,1,12,14,1,0,291,2.927023799523501,0.5085740705071088,1,1,0,0,1,1
22597.928563,0,78,0,2259,7,0,9,9,255,30,20,1,12,14,1,0,291,5218.232532579001,985.3670276033313,0,0,0,0,1,1
22605.928562999998,0,89,0,2260,5,0,7,7,255,0,20,1,12,14,0,1,291,308678.04685677873,292020.0553215882,0,0,0,0,1,1
22644.928563,0,89,0,2264,4,0,5,5,255,10,20,1,12,14,1,0,291,100.066487071164,15.04153769377901,0,0,0,0,1,1
22678.928563,0,72,0,2267,8,0,10,10,255,10,20,1,12,14,1,0,291,205.18853664495896,172.1500824636096,0,0,0,0,1,1
22689.928562999998,0,50,0,2268,9,0,7,7,255,20,20,1,12,14,1,0,291,16.213203451887303,1.2496244303448028,1,1,0,0,1,1
22697.928563,0,69,0,2269,7,0,9,9,255,30,20,1,12,14,1,0,291,6.935437100755756,3.3283978363993842,1,1,0,0,1,1
22705.928563,0,81,0,2270,5,0,4,4,255,20,20,1,12,14,1,0,291,240.9010119490869,176.08880704541096,0,0,0,0,1,1
22744.928562999998,0,87,0,2274,4,0,5,5,255,10,20,1,12,14,1,0,291,37.130336372863695,5.249774542102183,0,0,0,0,1,1
22778.928563,0,72,0,2277,8,0,10,10,255,10,20,1,12,14,1,0,291,636.1828907541553,361.9930053674438,0,0,0,0,1,1
22786.928563,0,75,0,2278,6,0,6,6,255,10,20,1,12,14,0,1,291,1110.7108660312406,889.4192358483706,0,0,0,0,1,1
22797.928562999998,0,36,0,2279,7,0,2,2,255,0,20,1,12,14,1,0,291,149.42993817824498,76.20533249296031,0,0,0,0,1,1
22805.928562999998,0,35,0,2280,5,0,7,7,255,0,20,1,12,14,0,1,291,32728.479019303697,17349.200097356224,0,0,0,0,1,1
22808.928562999998,0,31,0,2280,8,0,8,8,255,0,20,1,12,14,0,1,291,8073.848253421229,6952.432816543278,0,0,0,0,1,1
22864.928562999998,0,70,0,2286,4,0,6,6,255,10,20,1,12,14,1,0,291,110.45077658510077,1.449012841463716,1,1,0,0,1,1
22879.928563,0,57,0,2287,9,0,3,3,255,20,20,1,12,14,1,0,291,7802.487579108463,7039.674817576719,0,0,0,0,1,1
22889.928563,0,71,0,2288,9,0,7,7,255,20,20,1,12,14,1,0,291,38.250850717983525,5.455852487508972,0,0,0,0,1,1
22898.928562999998,0,62,0,2289,8,0,2,2,255,20,20,1,12,14,1,0,291,821.1290270501838,0.01799234516506792,1,1,0.002,0,1,1
22905.928563,0,89,0,2290,5,0,7,7,255,0,20,1,12,14,0,1,291,106204.65964846383,61705.2792894553,0,0,0,0,1,1
22944.928563,0,32,0,2294,4,0,5,5,255,10,20,1,12,14,1,0,291,4808.123528677206,1212.1801167508274,0,0,0,0,1,1
22978.928563,0,16,0,2297,8,0,10,10,255,10,20,1,12,14,1,0,291,333.92755290027446,246.2273754413293,0,0,0,0,1,1
22986.928562999998,0,2,0,2298,6,0,6,6,255,10,20,1,12,14,0,1,291,5587.575887154021,1924.8223735412018,0,0,0,0,1,1
22997.928562999998,0,16,0,2299,7,0,9,9,255,30,20,1,12,14,1,0,291,152.7414989655585,121.69540225362475,0,0,0,0,1,1
23004.928563,0,2,0,2300,4,0,8,8,255,0,20,1,12,14,1,0,291,23.976329897351967,1.1615269700917268,0.0004,0,0,0,1,1
23005.928563,0,56,0,2300,5,0,7,7,255,0,20,1,12,14,0,1,291,72568.73524173253,66823.56301992908,0,0,0,0,1,1
23018.928562999998,0,89,0,2301,8,0,4,4,255,30,20,1,12,14,0,1,291,169.9315605382426,24.406471395385964,0,0,0,0,1,1
23064.928562999998,0,75,0,2306,4,0,6,6,255,10,20,1,12,14,1,0,291,12.776107678075398,0.0017704986265932674,1,1,0.002,0,1,1
23084.928562999998,0,64,0,2308,4,0,3,3,255,30,20,1,12,14,1,0,291,64.5885164276344,55.837128771374154,0,0,0,0,1,1
23097.928563,0,77,0,2309,7,0,7,7,255,30,20,1,12,14,1,0,291,1.3447703753962328,1.1806427574932112,1,1,0,0,1,1
23104.928563,0,65,0,2310,4,0,8,8,255,0,20,1,12,14,1,0,291,206828.76979515277,184311.81450265762,0,0,0,0,1,1
23108.928562999998,0,64,0,2310,8,0,4,4,255,0,20,1,12,14,1,0,291,0.266191239383165,0.17372230128526003,-1,1,1,1,1,1
23128.928562999998,0,79,0,2312,8,0,4,4,255,0,20,1,12,14,0,1,291,3432.0350500251966,2730.690316909082,0,0,0,0,1,1
23164.928563,0,70,0,2316,4,0,6,6,255,10,20,1,12,14,1,0,291,285.54015662803647,0.10291514501621522,1,1,0,0,1,1
23184.928563,0,59,0,2318,4,0,3,3,255,30,20,1,12,14,1,0,291,379.81737971063956,142.5888487078338,0,0,0,0,1,1
23197.928563,0,72,0,2319,7,0,9,9,255,30,20,1,12,14,1,0,291,1.554507921655403,0.9936521114443042,1,1,0,0,1,1
23204.928562999998,0,60,0,2320,4,0,8,8,255,0,20,1,12,14,1,0,291,33.998959972394616,6.286774585409028,0,0,0,0,1,1
23208.928563,0,70,0,2320,8,0,2,2,255,20,20,1,12,14,0,1,291,210.67414107762949,172.45833025858008,0,0,0,0,1,1
23244.928562999998,0,87,0,2324,4,0,5,5,255,10,20,1,12,14,1,0,291,14134.365333257005,12778.216250109668,0,0,0,0,1,1
23278.928563,0,73,0,2327,8,0,10,10,255,10,20,1,12,14,1,0,291,159.63596589142554,99.47256921509741,0,0,0,0,1,1
23286.928563,0,87,0,2328,6,0,6,6,255,10,20,1,12,14,0,1,291,229.46914650080188,165.8479765723104,0,0,0,0,1,1
23298.928563,0,73,0,2329,8,0,2,2,255,20,20,1,12,14,1,0,291,119.72939748104929,3.227873794628617,0.8184713,1,0,0,1,1
23308.928562999998,0,12,0,2330,8,0,4,4,255,0,20,1,12,14,1,0,291,0.14109869275776815,0.1010398380430057,-1,1,1,1,1,1
23328.928563,0,90,0,2332,8,0,4,4,255,0,20,1,12,14,0,1,291,10.993135719174656,3.531331558762635,0.0535,0,0,0,1,1
23364.928562999998,0,81,0,2336,4,0,6,6,255,10,20,1,12,14,1,0,291,2910.4163646802394,2297.2429963422146,0,0,0,0,1,1
23384.928562999998,0,71,0,2338,4,0,3,3,255,30,20,1,12,14,1,0,291,0.03021970360926309,0.020515368784890266,-1,1,1,1,1,1
23398.928562999998,0,54,0,2339,8,0,2,2,255,20,20,1,12,14,1,0,291,4.258426816468559,0.0033853108523769606,1,1,0.002,0,1,1
23407.928562999998,0,66,0,2340,7,0,3,3,255,10,20,1,12,14,0,1,291,5046.204517283014,4913.004566098439,0,0,0,0,1,1
23428.928563,0,17,0,2342,8,0,4,4,255,0,20,1,12,14,0,1,291,50.30388495614912,29.272552170772038,0.0001,0,0,0,1,1
23464.928563,0,57,0,2346,4,0,6,6,255,10,20,1,12,14,1,0,291,2353.7525915478245,2120.965626788012,0,0,0,0,1,1
23484.928563,0,46,0,2348,4,0,3,3,255,30,20,1,12,14,1,0,291,69.17646231665103,13.090628499003696,0,0,0,0,1,1
23498.928563,0,29,0,2349,8,0,2,2,255,20,20,1,12,14,1,0,291,9294.942525745622,12.11971651283272,0,0,0,0,1,1
23507.928563,0,27,0,2350,7,0,3,3,255,10,20,1,12,14,0,1,291,288.5498964444583,283.0678374439452,0,0,0,0,1,1
23517.928563,0,36,0,2351,7,0,7,7,255,0,20,1,12,14,0,1,291,267.0222879322756,141.50122465810222,0,0,0,0,1,1
23564.928562999998,0,38,0,2356,4,0,6,6,255,10,20,1,12,14,1,0,291,2690.421136113022,1184.9486357104795,0,0,0,0,1,1
23584.928562999998,0,27,0,2358,4,0,3,3,255,30,20,1,12,14,1,0,291,7.880685314473141,6.1192399056334565,0.9913462,1,0,0,1,1
23598.928563,0,4,0,2359,8,0,2,2,255,20,20,1,12,14,1,0,291,260745.64836731003,232504.125300978,0,0,0,0,1,1
23604.928563,0,45,0,2360,4,0,8,8,255,0,20,1,12,14,1,0,291,693.7267908078759,490.61749163419955,0,0,0,0,1,1
23605.928562999998,0,76,0,2360,5,0,4,4,255,0,20,1,12,14,1,0,291,169.8980566031634,115.21823050303145,0,0,0,0,1,1
23664.928563,0,10,0,2366,4,0,6,6,255,10,20,1,12,14,1,0,291,661.7085165308648,327.04412002343963,0,0,0,0,1,1
23677.928563,0,93,0,2367,7,0,10,10,255,20,20,1,12,14,1,0,291,50.07528323615989,1.3493280440982909,0.0001,0,0,0,1,1
23697.928563,0,76,0,2369,7,0,7,7,255,30,20,1,12,14,1,0,291,490.7770410986316,396.98382781207476,0,0,0,0,1,1
23704.928562999998,0,34,0,2370,4,0,8,8,255,0,20,1,12,14,1,0,291,78.48964940145842,52.84520273489578,0,0,0,0,1,1
23705.928563,0,54,0,2370,5,0,4,4,255,0,20,1,12,14,1,0,291,11538.330109627033,8636.213877229251,0,0,0,0,1,1
23739.928562999998,0,95,0,2373,9,0,5,5,255,0,20,1,12,14,1,0,291,4205.310053473216,923.7568259281704,0,0,0,0,1,1
23777.928563,0,81,0,2377,7,0,10,10,255,20,20,1,12,14,1,0,291,241.64174455033776,182.82192948647017,0,0,0,0,1,1
23797.928562999998,0,64,0,2379,7,0,7,7,255,30,20,1,12,14,1,0,291,76.55953655907223,67.35462329656396,0,0,0,0,1,1
23804.928563,0,27,0,2380,4,0,8,8,255,0,20,1,12,14,1,0,291,95886.69890007217,84555.74956100546,0,0,0,0,1,1
23805.928562999998,0,42,0,2380,5,0,4,4,255,0,20,1,12,14,1,0,291,1246.0556665933505,29.63748160297383,0,0,0,0,1,1
23839.928563,0,70,0,2383,9,0,5,5,255,0,20,1,12,14,1,0,291,825.5939175002577,751.5478894936631,0,0,0,0,1,1
23877.928563,0,56,0,2387,7,0,10,10,255,20,20,1,12,14,1,0,291,2988240.187866672,2529100.486261483,0,0,0,0,1,1
23897.928563,0,41,0,2389,7,0,7,7,255,30,20,1,12,14,1,0,291,67.52677791667942,1.809474701977726,0,0,0,0,1,1
23898.928562999998,0,63,0,2389,8,0,8,8,255,30,20,1,12,14,1,0,291,125131.93036419325,15.282540563407116,0,0,0,0,1,1
23905.928563,0,19,0,2390,5,0,4,4,255,0,20,1,12,14,1,0,291,2181.9440011256315,1212.7943975406374,0,0,0,0,1,1
23908.928563,0,21,0,2390,8,0,2,2,255,20,20,1,12,14,0,1,291,60.662809371298785,0.043705647445206816,0.8690068,1,0,0,1,1
23964.928563,0,15,0,2396,4,0,6,6,255,10,20,1,12,14,1,0,291,79.73856733486582,57.799331213856476,0,0,0,0,1,1
23984.928563,0,2,0,2398,4,0,3,3,255,30,20,1,12,14,1,0,291,91.16189127974685,44.19415065050693,0,0,0,0,1,1
23997.928562999998,0,85,0,2399,7,0,7,7,255,30,20,1,12,14,1,0,291,1029.7703016285805,912.7390849582616,0,0,0,0,1,1
23998.928563,0,85,0,2399,8,0,8,8,255,30,20,1,12,14,1,0,291,2257.5746717985803,4.396746383223834,0.3126543,0,0,0,1,1
24005.928563,0,63,0,2400,5,0,4,4,255,0,20,1,12,14,1,0,291,725.4771647782272,205.63608997771516,0,0,0,0,1,1
24008.928563,0,86,0,2400,8,0,2,2,255,20,20,1,12,14,0,1,291,4002.663150302798,10.67690922951425,0,0,0,0,1,1
24065.928563,0,66,0,2406,5,0,6,6,255,0,20,1,12,14,1,0,291,781.1914005528511,414.5213738427645,0,0,0,0,1,1
24084.928562999998,0,51,0,2408,4,0,3,3,255,30,20,1,12,14,1,0,291,20.029414666838075,8.76484045408896,0,0,0,0,1,1
24097.928563,0,81,0,2409,7,0,7,7,255,30,20,1,12,14,1,0,291,194.46682252096298,57.15831478100838,0,0,0,0,1,1
24104.928563,0,36,0,2410,4,0,2,2,255,0,20,1,12,14,1,0,291,876.4155689774764,417.55711772453225,0,0,0,0,1,1
24105.928562999998,0,61,0,2410,5,0,4,4,255,0,20,1,12,14,1,0,291,282.49615574630286,1.1934822740391735,1,1,0,0,1,1
24139.928563,0,56,0,2413,9,0,5,5,255,0,20,1,12,14,1,0,291,2048.625004201397,1625.2197244338709,0,0,0,0,1,1
24178.928563,0,39,0,2417,8,0,10,10,255,10,20,1,12,14,1,0,291,7.613061178890902,0.0015705215594952286,1,1,0.002,0,1,1
24187.928563,0,34,0,2418,7,0,10,10,255,20,20,1,12,14,0,1,291,36.869199802918146,21.373614668130973,0,0,0,0,1,1
24198.928562999998,0,54,0,2419,8,0,8,8,255,30,20,1,12,14,1,0,291,340.4452086570369,181.30680740658673,0,0,0,0,1,1
24204.928562999998,0,70,0,2420,4,0,2,2,255,0,20,1,12,14,1,0,291,68.50698479260004,63.533761756822884,0,0,0,0,1,1
24224.928562999998,0,30,0,2422,4,0,4,4,255,10,20,1,12,14,0,1,291,741.9682308235667,23.30549206653907,0,0,0,0,1,1
24265.928562999998,0,31,0,2426,5,0,6,6,255,0,20,1,12,14,1,0,291,6480.203731769849,5978.366122107704,0,0,0,0,1,1
24279.928562999998,0,16,0,2427,9,0,3,3,255,10,20,1,12,14,1,0,291,55.599068833390746,38.57729921784752,0,0,0,0,1,1
24297.928562999998,0,44,0,2429,7,0,7,7,255,30,20,1,12,14,1,0,291,1.9833975709235072,1.7227012787746117,1,1,0,0,1,1
24304.928563,0,16,0,2430,4,0,2,2,255,0,20,1,12,14,1,0,291,338.6796455443834,273.1794145081951,0,0,0,0,1,1
24305.928562999998,0,22,0,2430,5,0,4,4,255,0,20,1,12,14,1,0,291,330.10667844514734,0.19356448671071214,1,1,0,0,1,1
24344.928563,0,22,0,2434,4,0,5,5,255,10,20,1,12,14,1,0,291,158.04680598657671,114.30394093542569,0,0,0,0,1,1
24378.928562999998,0,5,0,2437,8,0,10,10,255,10,20,1,12,14,1,0,291,9401.061306896674,1.3803101884653572,1,1,0,0,1,1
24379.928563,0,82,0,2437,9,0,3,3,255,10,20,1,12,14,1,0,291,14506.881102831676,12244.452699175927,0,0,0,0,1,1
24397.928563,0,59,0,2439,7,0,7,7,255,30,20,1,12,14,1,0,291,1382.548951157064,294.7509325112791,0,0,0,0,1,1
24404.928562999998,0,54,0,2440,4,0,2,2,255,0,20,1,12,14,1,0,291,852.3590162656504,756.4218129430278,0,0,0,0,1,1
24405.928563,0,96,0,2440,5,0,4,4,255,0,20,1,12,14,1,0,291,247.11149229498068,0.015811040286143805,1,1,0.002,0,1,1
24444.928563,0,41,0,2444,4,0,5,5,255,10,20,1,12,14,1,0,291,60.10949373805056,51.79951718038946,0,0,0,0,1,1
24478.928563,0,27,0,2447,8,0,10,10,255,10,20,1,12,14,1,0,291,327635.17890047183,143.39028989567973,0,0,0,0,1,1
24487.928563,0,18,0,2448,7,0,10,10,255,20,20,1,12,14,0,1,291,349.63820223669654,296.56999956944674,0,0,0,0,1,1
24497.928562999998,0,70,0,2449,7,0,7,7,255,30,20,1,12,14,1,0,291,21.024407256129145,1.4492431227940865,0.8184713,1,0,0,1,1
24504.928563,0,65,0,2450,4,0,9,9,255,20,20,1,12,14,1,0,291,2309.7761532903105,0.019599577002804614,1,1,0.002,0,1,1
24508.928563,0,35,0,2450,8,0,9,9,255,30,20,1,12,14,0,1,291,2077.1719721736777,1706.9462786492832,0,0,0,0,1,1
24544.928562999998,0,54,0,2454,4,0,5,5,255,10,20,1,12,14,1,0,291,2141.8572457143573,1875.3244371527562,0,0,0,0,1,1
24578.928563,0,38,0,2457,8,0,10,10,255,10,20,1,12,14,1,0,291,403466.27376274235,4133.40287868416,0,0,0,0,1,1
24587.928562999998,0,37,0,2458,7,0,10,10,255,20,20,1,12,14,0,1,291,61.370181667688236,25.814573432678998,0,0,0,0,1,1
24597.928563,0,54,0,2459,7,0,8,8,255,0,20,1,12,14,1,0,291,374.82456296345265,156.14533515102383,0,0,0,0,1,1
24599.928562999998,0,92,0,2459,9,0,3,3,255,0,20,1,12,14,0,1,291,0.24756452279948107,0.15855229814849406,-1,1,1,1,1,1
24604.928563,0,88,0,2460,4,0,2,2,255,0,20,1,12,14,1,0,291,38844.024683260024,29485.932316239443,0,0,0,0,1,1
24644.928563,0,54,0,2464,4,0,5,5,255,10,20,1,12,14,1,0,291,681.6662340709713,1.2607401410626888,0,0,0,0,1,1
24678.928563,0,40,0,2467,8,0,10,10,255,10,20,1,12,14,1,0,291,289.08811932075383,2.766167871587908,0.3126543,0,0,0,1,1
24687.928563,0,44,0,2468,7,0,10,10,255,20,20,1,12,14,0,1,291,1810.4771931297146,1282.7006175000429,0,0,0,0,1,1
24697.928563,0,55,0,2469,7,0,8,8,255,0,20,1,12,14,1,0,291,110.43923754620383,6.5235215167637755,0,0,0,0,1,1
24699.928563,0,93,0,2469,9,0,3,3,255,0,20,1,12,14,0,1,291,0.06489825879318789,0.018208535117686324,-1,1,1,1,1,1
24704.928562999998,0,90,0,2470,4,0,2,2,255,0,20,1,12,14,1,0,291,7147.589477497808,3450.987583916344,0,0,0,0,1,1
24744.928562999998,0,51,0,2474,4,0,5,5,255,10,20,1,12,14,1,0,291,746.4035139280775,620.7942521124825,0,0,0,0,1,1
24778.928563,0,33,0,2477,8,0,10,10,255,10,20,1,12,14,1,0,291,125.24237026650499,0.11007302616592057,1,1,0,0,1,1
24787.928563,0,18,0,2478,7,0,10,10,255,20,20,1,12,14,0,1,291,1238.8875806024535,100.08586555656787,0,0,0,0,1,1
24797.928562999998,0,37,0,2479,7,0,8,8,255,0,20,1,12,14,1,0,291,98.86498117056138,21.49228279741775,0,0,0,0,1,1
24799.928563,0,79,0,2479,9,0,4,4,255,30,20,1,12,14,1,0,291,701.2910947323044,446.6509138209782,0,0,0,0,1,1
24804.928563,0,80,0,2480,4,0,2,2,255,0,20,1,12,14,1,0,291,15006.45264263167,14539.913286080133,0,0,0,0,1,1
24844.928563,0,27,0,2484,4,0,5,5,255,10,20,1,12,14,1,0,291,4008.5288896561224,3492.1109476056517,0,0,0,0,1,1
24877.928563,0,13,0,2487,7,0,10,10,255,30,20,1,12,14,1,0,291,155.35490528244077,10.331273310875876,0,0,0,0,1,1
24879.928563,0,94,0,2487,9,0,3,3,255,10,20,1,12,14,1,0,291,4093.997507361996,3832.76620125527,0,0,0,0,1,1
24897.928563,0,80,0,2489,7,0,8,8,255,0,20,1,12,14,1,0,291,464.0996984022664,361.8039207327656,0,0,0,0,1,1
24904.928562999998,0,15,0,2490,4,0,9,9,255,20,20,1,12,14,1,0,291,14402.834474995147,482.9413905225362,0,0,0,0,1,1
24906.928563,0,36,0,2490,6,0,7,7,255,30,20,1,12,14,0,1,291,0.2944125480538725,0.04407982804874707,-1,1,1,1,1,1
24937.928563,0,79,0,2493,7,0,5,5,255,0,20,1,12,14,1,0,291,668.2620022397042,239.89484257662605,0,0,0,0,1,1
24977.928562999998,0,62,0,2497,7,0,10,10,255,30,20,1,12,14,1,0,291,190.657004303174,156.00860664951307,0,0,0,0,1,1
24989.928562999998,0,46,0,2498,9,0,7,7,255,0,20,1,12,14,1,0,291,31549.55638214299,18728.916258828598,0,0,0,0,1,1
24999.928563,0,24,0,2499,9,0,4,4,255,30,20,1,12,14,1,0,291,598.2019232189795,128.3192229528235,0,0,0,0,1,1
25004.928563,0,40,0,2500,4,0,9,9,255,20,20,1,12,14,1,0,291,126.09705349839435,0.3903743949101673,1,1,0,0,1,1
25008.928563,0,46,0,2500,8,0,9,9,255,30,20,1,12,14,0,1,291,1436.977884031176,1106.8160828865514,0,0,0,0,1,1
25064.928562999998,0,34,0,2506,4,0,6,6,255,20,20,1,12,14,1,0,291,390.2290265276914,332.18303518070894,0,0,0,0,1,1
25079.928562999998,0,21,0,2507,9,0,3,3,255,10,20,1,12,14,1,0,291,352.29898145206846,133.2892736592571,0,0,0,0,1,1
25097.928563,0,1,0,2509,7,0,8,8,255,0,20,1,12,14,1,0,291,1270.3979342345035,617.5569698737952,0,0,0,0,1,1
25098.928563,0,87,0,2509,8,0,9,9,255,30,20,1,12,14,1,0,291,0.0016369755431340557,8.11905868177513e-05,-1,1,1,1,1,1
25104.928563,0,37,0,2510,4,0,2,2,255,0,20,1,12,14,1,0,291,123.47315990478344,89.832724785952,0,0,0,0,1,1
25117.928563,0,94,0,2511,7,0,9,9,255,0,20,1,12,14,0,1,291,389.14150889395336,76.97653982237276,0,0,0,0,1,1
25164.928563,0,68,0,2516,4,0,6,6,255,20,20,1,12,14,1,0,291,4262.417492149847,3565.2585669125565,0,0,0,0,1,1
25179.928563,0,56,0,2517,9,0,3,3,255,10,20,1,12,14,1,0,291,1296.096391210205,480.7986676215507,0,0,0,0,1,1
25197.928563,0,22,0,2519,7,0,8,8,255,0,20,1,12,14,1,0,291,16.533823092320375,12.135848821899154,0,0,0,0,1,1
25198.928562999998,0,31,0,2519,8,0,9,9,255,30,20,1,12,14,1,0,291,0.04227142184731162,0.006851579214544772,-1,1,1,1,1,1
25199.928563,0,80,0,2519,9,0,4,4,255,30,20,1,12,14,1,0,291,27590.874336582863,22018.39793899496,0,0,0,0,1,1
25237.928563,0,93,0,2523,7,0,5,5,255,0,20,1,12,14,1,0,291,5.659728609529163,4.041077617943662,1,1,0,0,1,1
25277.928563,0,78,0,2527,7,0,10,10,255,30,20,1,12,14,1,0,291,143.30470954968987,22.53475006692107,0,0,0,0,1,1
25297.928562999998,0,31,0,2529,7,0,8,8,255,0,20,1,12,14,1,0,291,78.35227735927724,1.3124348577880443,0,0,0,0,1,1
25298.928563,0,49,0,2529,8,0,9,9,255,30,20,1,12,14,1,0,291,187.62817183629403,1.575192266625123,0,0,0,0,1,1
25304.928563,0,34,0,2530,4,0,7,7,255,10,20,1,12,14,1,0,291,526.281619854606,440.14436876319,0,0,0,0,1,1
25364.928562999998,0,11,0,2536,4,0,6,6,255,20,20,1,12,14,1,0,291,137.50787403340607,108.23422267716667,0,0,0,0,1,1
25377.928563,0,91,0,2537,7,0,10,10,255,30,20,1,12,14,1,0,291,1220.3345767812325,1204.416064027552,0,0,0,0,1,1
25397.928563,0,40,0,2539,7,0,8,8,255,0,20,1,12,14,1,0,291,2.914491538351789,0.0266509868025704,1,1,0,0,1,1
25398.928562999998,0,65,0,2539,8,0,9,9,255,30,20,1,12,14,1,0,291,989.0761884939027,538.401183864973,0,0,0,0,1,1
25404.928562999998,0,53,0,2540,4,0,7,7,255,10,20,1,12,14,1,0,291,3128.8832510230177,1905.447320526442,0,0,0,0,1,1
25464.928563,0,26,0,2546,4,0,6,6,255,20,20,1,12,14,1,0,291,2749.630709759116,160.0366147158749,0,0,0,0,1,1
25486.928562999998,0,8,0,2548,6,0,3,3,255,30,20,1,12,14,1,0,291,3094.140220558208,1924.130980219491,0,0,0,0,1,1
25497.928562999998,0,47,0,2549,7,0,8,8,255,0,20,1,12,14,1,0,291,303.9326964819743,273.0617283739416,0,0,0,0,1,1
25498.928563,0,77,0,2549,8,0,9,9,255,30,20,1,12,14,1,0,291,197.06214701449272,26.34298241852184,0,0,0,0,1,1
25504.928563,0,66,0,2550,4,0,7,7,255,10,20,1,12,14,1,0,291,3527.581390278597,3189.318745651588,0,0,0,0,1,1
25564.928562999998,0,39,0,2556,4,0,6,6,255,20,20,1,12,14,1,0,291,5321.867976523776,3170.2695776571964,0,0,0,0,1,1
25586.928563,0,27,0,2558,6,0,3,3,255,30,20,1,12,14,1,0,291,17855.35792088902,15429.519462911669,0,0,0,0,1,1
25597.928563,0,56,0,2559,7,0,8,8,255,0,20,1,12,14,1,0,291,158354.24095345204,135645.43778222188,0,0,0,0,1,1
25598.928563,0,94,0,2559,8,0,9,9,255,30,20,1,12,14,1,0,291,1095.3407539687178,194.67329703683495,0,0,0,0,1,1
25604.928563,0,84,0,2560,4,0,7,7,255,10,20,1,12,14,1,0,291,79.6881578153425,36.8277444162882,0,0,0,0,1,1
25664.928563,0,48,0,2566,4,0,6,6,255,20,20,1,12,14,1,0,291,1366.458611509951,812.8229856172026,0,0,0,0,1,1
25686.928562999998,0,32,0,2568,6,0,3,3,255,30,20,1,12,14,1,0,291,2121.5633339599785,1534.8454784190303,0,0,0,0,1,1
25697.928563,0,59,0,2569,7,0,2,2,255,20,20,1,12,14,1,0,291,945.9323720909533,730.4203281536602,0,0,0,0,1,1
25699.928563,0,2,0,2569,9,0,4,4,255,30,20,1,12,14,1,0,291,41758.81032593827,39754.45994834486,0,0,0,0,1,1
25704.928562999998,0,87,0,2570,4,0,7,7,255,10,20,1,12,14,1,0,291,2328.345205286018,735.7144638889454,0,0,0,0,1,1
25768.928562999998,0,56,0,2576,8,0,6,6,255,20,20,1,12,14,1,0,291,1515.338391126556,1111.0752235588056,0,0,0,0,1,1
25786.928563,0,43,0,2578,6,0,3,3,255,30,20,1,12,14,1,0,291,292.5452051598637,149.3396773015825,0,0,0,0,1,1
25798.928563,0,28,0,2579,8,0,2,2,255,30,20,1,12,14,1,0,291,162.77689901509368,38.096261242427374,0,0,0,0,1,1
25804.928563,0,18,0,2580,4,0,7,7,255,10,20,1,12,14,1,0,291,1075.6162967860466,0.08768795737450515,1,1,0,0,1,1
25817.928562999998,0,32,0,2581,7,0,7,7,255,30,20,1,12,14,0,1,291,1213.6686966118943,378.4599499163483,0,0,0,0,1,1
25868.928563,0,5,0,2586,8,0,6,6,255,20,20,1,12,14,1,0,291,4300.603885551816,3061.8266340802293,0,0,0,0,1,1
25878.928562999998,0,88,0,2587,8,0,10,10,255,0,20,1,12,14,1,0,291,37.27615665841175,0.1512396643408133,0.3126543,0,0,0,1,1
25897.928563,0,76,0,2589,7,0,9,9,255,0,20,1,12,14,1,0,291,8.801264145845156,1.2207348115070118,1,1,0,0,1,1
25899.928563,0,62,0,2589,9,0,4,4,255,30,20,1,12,14,1,0,291,1225.98876257484,473.78409142089765,0,0,0,0,1,1
25905.928563,0,83,0,2590,5,0,8,8,255,0,20,1,12,14,1,0,291,11.369696644093246,5.562019815306009,0.3126543,1,0,0,1,1
25917.928563,0,64,0,2591,7,0,7,7,255,30,20,1,12,14,0,1,291,1.1965736998941583,0.5570417344072336,1,1,0.002,0,1,1
25968.928562999998,0,62,0,2596,8,0,6,6,255,20,20,1,12,14,1,0,291,7.559422458581816,0.2702977831863682,1,1,0,0,1,1
25979.928563,0,50,0,2597,9,0,3,3,255,20,20,1,12,14,1,0,291,212.68324326752258,0.16602204789037375,1,1,0,0,1,1
25997.928562999998,0,79,0,2599,7,0,9,9,255,0,20,1,12,14,1,0,291,21441.600533428944,19694.445159478477,0,0,0,0,1,1
26004.928563,0,65,0,2600,4,0,7,7,255,10,20,1,12,14,1,0,291,1214.0829400687842,2.420658822097854,1,1,0,0,1,1
26006.928562999998,0,55,0,2600,6,0,4,4,255,10,20,1,12,14,1,0,291,13.184582280925076,8.101350674817066,0,0,0,0,1,1
26018.928562999998,0,72,0,2601,8,0,11,11,255,0,20,1,12,14,1,0,291,126.49120494724154,23.71429468634018,0,0,0,0,1,1
26068.928563,0,53,0,2606,8,0,6,6,255,20,20,1,12,14,1,0,291,21734.58662839421,19198.93715773239,0,0,0,0,1,1
26079.928562999998,0,42,0,2607,9,0,3,3,255,20,20,1,12,14,1,0,291,43.88793717516357,0.26413601443776613,1,1,0,0,1,1
26097.928563,0,68,0,2609,7,0,9,9,255,0,20,1,12,14,1,0,291,297.95507858575195,156.23629722675471,0,0,0,0,1,1
26104.928563,0,54,0,2610,4,0,7,7,255,10,20,1,12,14,1,0,291,50.691206862576536,0.41095551261803265,1,1,0,0,1,1
26106.928563,0,44,0,2610,6,0,4,4,255,10,20,1,12,14,1,0,291,27.945967055408182,18.97326547948506,0,0,0,0,1,1
26118.928563,0,66,0,2611,8,0,11,11,255,0,20,1,12,14,1,0,291,173477748.0377407,127466611.42932516,0,0,0,0,1,1
26168.928563,0,46,0,2616,8,0,6,6,255,20,20,1,12,14,1,0,291,1500.0483768338145,1433.0335387512584,0,0,0,0,1,1
26179.928563,0,34,0,2617,9,0,3,3,255,20,20,1,12,14,1,0,291,351.3975056165622,0.5946127309185582,1,1,0,0,1,1
26197.928563,0,54,0,2619,7,0,9,9,255,0,20,1,12,14,1,0,291,136.1992219260002,120.45861442750774,0,0,0,0,1,1
26204.928562999998,0,42,0,2620,4,0,7,7,255,10,20,1,12,14,1,0,291,6713.366446060662,3.7298731949513386,0.9913462,1,0,0,1,1
26206.928563,0,32,0,2620,6,0,4,4,255,10,20,1,12,14,1,0,291,2020.6663601334724,663.0593527933929,0,0,0,0,1,1
26218.928562999998,0,54,0,2621,8,0,11,11,255,0,20,1,12,14,1,0,291,179743660.11599624,127533913.35617396,0,0,0,0,1,1
26268.928562999998,0,37,0,2626,8,0,6,6,255,20,20,1,12,14,1,0,291,32.270259388041936,15.556029411616752,0,0,0,0,1,1
26279.928562999998,0,25,0,2627,9,0,3,3,255,20,20,1,12,14,1,0,291,33.04685032198383,0.42824108844662273,1,1,0,0,1,1
26297.928562999998,0,44,0,2629,7,0,9,9,255,0,20,1,12,14,1,0,291,476.85002789358634,428.39330786822364,0,0,0,0,1,1
26304.928563,0,32,0,2630,4,0,7,7,255,10,20,1,12,14,1,0,291,41.36240056432658,0.6163510961281716,1,1,0,0,1,1
26306.928563,0,22,0,2630,6,0,4,4,255,10,20,1,12,14,1,0,291,27.459860662717716,4.5163831443905025,0,0,0,0,1,1
26318.928563,0,46,0,2631,8,0,11,11,255,0,20,1,12,14,1,0,291,72.64513047119746,64.81290458434202,0,0,0,0,1,1
26368.928563,0,21,0,2636,8,0,6,6,255,20,20,1,12,14,1,0,291,741.3557562832043,559.0505163212769,0,0,0,0,1,1
26379.928563,0,9,0,2637,9,0,3,3,255,20,20,1,12,14,1,0,291,6705.436369936493,15.301376779422815,0,0,0,0,1,1
26397.928563,0,29,0,2639,7,0,9,9,255,0,20,1,12,14,1,0,291,570.996529839886,349.517950198774,0,0,0,0,1,1
26404.928562999998,0,18,0,2640,4,0,7,7,255,10,20,1,12,14,1,0,291,29.91898752546924,0.0003293792167855589,1,1,0.002,0,1,1
26406.928563,0,9,0,2640,6,0,4,4,255,10,20,1,12,14,1,0,291,64.49508196756094,10.145359219907727,0,0,0,0,1,1
26418.928563,0,19,0,2641,8,0,11,11,255,0,20,1,12,14,1,0,291,1315.9457541534166,723.2261699005453,0,0,0,0,1,1
26437.928563,0,96,0,2643,7,0,5,5,255,0,20,1,12,14,1,0,291,788.0722513257223,357.23828766707373,0,0,0,0,1,1
26478.928563,0,82,0,2647,8,0,10,10,255,0,20,1,12,14,1,0,291,317923.09152831254,286903.32130559516,0,0,0,0,1,1
26497.928562999998,0,5,0,2649,7,0,9,9,255,0,20,1,12,14,1,0,291,222.31295636506235,45.36472913034553,0,0,0,0,1,1
26498.928563,0,85,0,2649,8,0,2,2,255,30,20,1,12,14,1,0,291,497.81369926946365,236.15424680802104,0,0,0,0,1,1
26505.928563,0,75,0,2650,5,0,8,8,255,0,20,1,12,14,1,0,291,2331.4555495879854,1468.3034697309163,0,0,0,0,1,1
26517.928563,0,81,0,2651,7,0,7,7,255,30,20,1,12,14,0,1,291,275.69514679031704,152.18702214600447,0,0,0,0,1,1
26537.928563,0,74,0,2653,7,0,5,5,255,0,20,1,12,14,1,0,291,1280.0786637226706,1049.0619381524918,0,0,0,0,1,1
26578.928563,0,56,0,2657,8,0,10,10,255,0,20,1,12,14,1,0,291,127953.15025076417,95802.97327298077,0,0,0,0,1,1
26588.928563,0,60,0,2658,8,0,3,3,255,30,20,1,12,14,0,1,291,2438.7699836843467,1737.0658056534833,0,0,0,0,1,1
26597.928563,0,63,0,2659,7,0,9,9,255,0,20,1,12,14,1,0,291,0.05290134734909404,0.04100952999909832,-1,1,1,1,1,1
26605.928562999998,0,46,0,2660,5,0,8,8,255,0,20,1,12,14,1,0,291,228701.27206661468,181298.4276924673,0,0,0,0,1,1
26609.928563,0,67,0,2660,9,0,7,7,255,20,20,1,12,14,0,1,291,0.7237667202665452,0.6328171793240557,-1,1,0.9361511,1,1,1
26637.928562999998,0,72,0,2663,7,0,5,5,255,0,20,1,12,14,1,0,291,4.273269755515146,0.05329404893362238,1,1,0,0,1,1
26678.928563,0,55,0,2667,8,0,10,10,255,0,20,1,12,14,1,0,291,225.95263105928885,101.45198224463147,0,0,0,0,1,1
26689.928562999998,0,39,0,2668,9,0,7,7,255,20,20,1,12,14,1,0,291,345.68563412784135,114.38390372854144,0,0,0,0,1,1
26698.928562999998,0,28,0,2669,8,0,2,2,255,30,20,1,12,14,1,0,291,2625.550501612617,710.9125183542739,0,0,0,0,1,1
26706.928562999998,0,14,0,2670,6,0,4,4,255,10,20,1,12,14,1,0,291,584.6197695229882,329.0785491830582,0,0,0,0,1,1
26717.928563,0,44,0,2671,7,0,11,11,255,10,20,1,12,14,1,0,291,17.652955950691517,1.6475355754832985,1,1,0,0,1,1
26737.928563,0,61,0,2673,7,0,5,5,255,0,20,1,12,14,1,0,291,1477.5274464382444,64.08878049582562,0,0,0,0,1,1
26778.928563,0,45,0,2677,8,0,10,10,255,0,20,1,12,14,1,0,291,795.7042674091142,140.6041243709925,0,0,0,0,1,1
26789.928563,0,30,0,2678,9,0,7,7,255,20,20,1,12,14,1,0,291,2168.0728511789,1439.0507788293019,0,0,0,0,1,1
26798.928563,0,20,0,2679,8,0,9,9,255,30,20,1,12,14,1,0,291,162.9213795469514,56.88174440308322,0,0,0,0,1,1
26806.928563,0,5,0,2680,6,0,4,4,255,10,20,1,12,14,1,0,291,504357.83882657404,105522.17549782252,0,0,0,0,1,1
26817.928562999998,0,24,0,2681,7,0,11,11,255,10,20,1,12,14,1,0,291,352.66882492602474,0.01570045390536788,1,1,0.002,0,1,1
26828.928563,0,44,0,2682,8,0,11,11,255,10,20,1,12,14,0,1,291,507.3911302290221,362.72170479311393,0,0,0,0,1,1
26866.928562999998,0,46,0,2686,6,0,6,6,255,30,20,1,12,14,1,0,291,88.53041639092162,20.415823341757715,0,0,0,0,1,1
26879.928563,0,63,0,2687,9,0,10,10,255,0,20,1,12,14,1,0,291,51795.89524508479,33553.51255332895,0,0,0,0,1,1
26897.928563,0,19,0,2689,7,0,2,2,255,30,20,1,12,14,1,0,291,0.052584412813530046,0.0430275490995348,-1,1,1,1,1,1
26905.928563,0,6,0,2690,5,0,8,8,255,0,20,1,12,14,1,0,291,2010.7238480034957,914.6650376467366,0,0,0,0,1,1
26906.928563,0,91,0,2690,6,0,4,4,255,10,20,1,12,14,1,0,291,1765.3088593147356,2.8935369011086824,0,0,0,0,1,1
26917.928563,0,66,0,2691,7,0,9,9,255,0,20,1,12,14,0,1,291,0.0073482783455089875,1.2512772544047766e-05,-1,1,1,1,1,1
26937.928563,0,53,0,2693,7,0,5,5,255,0,20,1,12,14,1,0,291,808.3104893242339,629.8511643137424,0,0,0,0,1,1
26979.928563,0,20,0,2697,9,0,3,3,255,20,20,1,12,14,1,0,291,591.6432318501165,406.5830138365463,0,0,0,0,1,1
26989.928562999998,0,20,0,2698,9,0,7,7,255,20,20,1,12,14,1,0,291,1154.448590048231,8.09067085080975,0,0,0,0,1,1
26998.928563,0,8,0,2699,8,0,9,9,255,30,20,1,12,14,1,0,291,2635.3377627892196,223.886974469036,0,0,0,0,1,1
27005.928563,0,93,0,2700,5,0,8,8,255,0,20,1,12,14,1,0,291,103.45817636160623,56.00333083140962,0,0,0,0,1,1
27017.928563,0,23,0,2701,7,0,11,11,255,10,20,1,12,14,1,0,291,27.71668390231874,0.0003852494427264043,1,1,0.002,0,1,1
27028.928563,0,43,0,2702,8,0,11,11,255,10,20,1,12,14,0,1,291,246.670306836568,185.97116887476892,0,0,0,0,1,1
27066.928563,0,47,0,2706,6,0,6,6,255,30,20,1,12,14,1,0,291,609.3589311366002,442.14128610666006,0,0,0,0,1,1
27079.928562999998,0,65,0,2707,9,0,10,10,255,0,20,1,12,14,1,0,291,129401.86417623695,100758.53845535601,0,0,0,0,1,1
27097.928563,0,16,0,2709,7,0,2,2,255,30,20,1,12,14,1,0,291,0.32538298894480044,0.04170045833427222,-1,1,1,1,1,1
27105.928562999998,0,4,0,2710,5,0,8,8,255,0,20,1,12,14,1,0,291,15083.999868196956,12063.754734103732,0,0,0,0,1,1
27106.928563,0,90,0,2710,6,0,4,4,255,10,20,1,12,14,1,0,291,710.6176260865882,389.7101966794723,0,0,0,0,1,1
27117.928563,0,71,0,2711,7,0,2,2,255,30,20,1,12,14,0,1,291,3344.401451014295,3049.6905550310394,0,0,0,0,1,1
27137.928562999998,0,58,0,2713,7,0,5,5,255,0,20,1,12,14,1,0,291,802.6855267715138,302.97005027892055,0,0,0,0,1,1
27179.928563,0,41,0,2717,9,0,10,10,255,0,20,1,12,14,1,0,291,2280.395447215267,1263.1952792818192,0,0,0,0,1,1
27189.928562999998,0,30,0,2718,9,0,7,7,255,20,20,1,12,14,1,0,291,12304.743878757265,9600.876194061513,0,0,0,0,1,1
27198.928562999998,0,20,0,2719,8,0,9,9,255,30,20,1,12,14,1,0,291,20.926943026090623,10.41802949110877,0,0,0,0,1,1
27206.928563,0,32,0,2720,6,0,4,4,255,10,20,1,12,14,1,0,291,2938.6963310990786,991.1213698098705,0,0,0,0,1,1
27217.928563,0,87,0,2721,7,0,11,11,255,10,20,1,12,14,1,0,291,378.6934852387958,0.1477664728881204,1,1,0,0,1,1
27237.928563,0,37,0,2723,7,0,5,5,255,0,20,1,12,14,1,0,291,498.94919875345687,90.15374675983306,0,0,0,0,1,1
27279.928562999998,0,19,0,2727,9,0,10,10,255,0,20,1,12,14,1,0,291,710.9892202261805,372.7314729504742,0,0,0,0,1,1
27297.928562999998,0,7,0,2729,7,0,8,8,255,30,20,1,12,14,1,0,291,2.9483435207565014,1.2065700721483197,1,1,0,0,1,1
27298.928563,0,48,0,2729,8,0,9,9,255,30,20,1,12,14,1,0,291,102.79691422298012,84.51029965129945,0,0,0,0,1,1
27306.928563,0,18,0,2730,6,0,4,4,255,10,20,1,12,14,1,0,291,9002.018757462763,5926.08805268541,0,0,0,0,1,1
27317.928562999998,0,25,0,2731,7,0,11,11,255,10,20,1,12,14,1,0,291,424.013077796412,28.19814372550192,0,0,0,0,1,1
27328.928563,0,47,0,2732,8,0,11,11,255,10,20,1,12,14,0,1,291,98.26228572302651,78.08968755447333,0,0,0,0,1,1
27366.928562999998,0,52,0,2736,6,0,6,6,255,30,20,1,12,14,1,0,291,3443.4657309571203,2657.8124509171794,0,0,0,0,1,1
27386.928563,0,39,0,2738,6,0,3,3,255,30,20,1,12,14,1,0,291,22.894378511074628,0.06519785123640236,1,1,0,0,1,1
27398.928562999998,0,16,0,2739,8,0,9,9,255,30,20,1,12,14,1,0,291,188.2607474869835,57.170716006646856,0,0,0,0,1,1
27399.928563,0,30,0,2739,9,0,3,3,255,30,20,1,12,14,0,1,291,13050.58269026061,9244.239907435227,0,0,0,0,1,1
27417.928563,0,1,0,2741,7,0,2,2,255,30,20,1,12,14,0,1,291,721.620107724842,644.1136984730283,0,0,0,0,1,1
27428.928563,0,18,0,2742,8,0,11,11,255,10,20,1,12,14,0,1,291,1923.1948615809274,1164.6494852174226,0,0,0,0,1,1
27466.928563,0,33,0,2746,6,0,6,6,255,30,20,1,12,14,1,0,291,4599.888412999715,2848.028179702312,0,0,0,0,1,1
27486.928562999998,0,20,0,2748,6,0,3,3,255,30,20,1,12,14,1,0,291,66.30088538263115,0.022054161234749334,1,1,0.002,0,1,1
27497.928562999998,0,52,0,2749,7,0,9,9,255,10,20,1,12,14,1,0,291,4893.377506992338,4700.2760345147435,0,0,0,0,1,1
27498.928563,0,91,0,2749,8,0,7,7,255,0,20,1,12,14,1,0,291,16.46059632097457,8.52022203831738,0,0,0,0,1,1
27507.928563,0,29,0,2750,7,0,7,7,255,10,20,1,12,14,0,1,291,1319.6292828779497,891.9904553265822,0,0,0,0,1,1
27524.928563,0,57,0,2752,4,0,11,11,255,0,20,1,12,14,1,0,291,206664.01032292857,127321.4764475127,0,0,0,0,1,1
27566.928563,0,1,0,2756,6,0,6,6,255,30,20,1,12,14,1,0,291,5252.782393368002,4377.519527582604,0,0,0,0,1,1
27579.928562999998,0,82,0,2757,9,0,10,10,255,0,20,1,12,14,1,0,291,12782.537849814533,62.41238620848148,0,0,0,0,1,1
27597.928563,0,36,0,2759,7,0,9,9,255,10,20,1,12,14,1,0,291,78.61265010943396,54.65256631542791,0,0,0,0,1,1
27598.928563,0,60,0,2759,8,0,7,7,255,0,20,1,12,14,1,0,291,16.032271549171604,7.407790809931061,0,0,0,0,1,1
27604.928563,0,81,0,2760,4,0,4,4,255,0,20,1,12,14,1,0,291,6.921403625673491,1.0975072831711734,1,1,0,0,1,1
27624.928563,0,18,0,2762,4,0,11,11,255,0,20,1,12,14,1,0,291,1122.7570482837675,800.0764630828727,0,0,0,0,1,1
27637.928562999998,0,54,0,2763,7,0,5,5,255,0,20,1,12,14,1,0,291,715.7961571092145,127.89355389220525,0,0,0,0,1,1
27679.928563,0,37,0,2767,9,0,10,10,255,0,20,1,12,14,1,0,291,302.1975243778567,118.56960291041665,0,0,0,0,1,1
27697.928563,0,15,0,2769,7,0,2,2,255,30,20,1,12,14,1,0,291,2.786139452860772,0.8966396694508912,1,1,0,0,1,1
27698.928562999998,0,16,0,2769,8,0,7,7,255,0,20,1,12,14,1,0,291,0.9902896482400075,0.6718673264408352,1,1,0.002,0,1,1
27704.928562999998,0,44,0,2770,4,0,4,4,255,0,20,1,12,14,1,0,291,0.30547590838350996,0.015358893361202428,-1,1,1,1,1,1
27724.928562999998,0,8,0,2772,4,0,11,11,255,0,20,1,12,14,1,0,291,12.473293349564004,7.833465519075144,0,0,0,0,1,1
27739.928562999998,0,51,0,2773,9,0,5,5,255,0,20,1,12,14,1,0,291,814.5404064876107,720.9165420104712,0,0,0,0,1,1
27777.928563,0,35,0,2777,7,0,10,10,255,30,20,1,12,14,1,0,291,144.72166897280434,31.575261788709422,0,0,0,0,1,1
27797.928562999998,0,7,0,2779,7,0,8,8,255,30,20,1,12,14,1,0,291,11.205399533676966,5.807921716072398,0.0256,0,0,0,1,1
27798.928563,0,2,0,2779,8,0,7,7,255,0,20,1,12,14,1,0,291,1.3339837523869833,0.15796018465554715,1,1,0.002,0,1,1
27804.928563,0,90,0,2780,4,0,4,4,255,0,20,1,12,14,1,0,291,6.669733110134905,3.176423642122405,1,1,0,0,1,1
27824.928563,0,44,0,2782,4,0,11,11,255,0,20,1,12,14,1,0,291,371.87317230818724,312.1836780152609,0,0,0,0,1,1
27839.928563,0,86,0,2783,9,0,5,5,255,0,20,1,12,14,1,0,291,331.64135761789754,218.99887929694924,0,0,0,0,1,1
27877.928563,0,73,0,2787,7,0,10,10,255,30,20,1,12,14,1,0,291,126.59958861878306,70.92730008838456,0,0,0,0,1,1
27897.928563,0,29,0,2789,7,0,9,9,255,10,20,1,12,14,1,0,291,1804.6428139990167,902.6531757221873,0,0,0,0,1,1
27898.928562999998,0,46,0,2789,8,0,7,7,255,0,20,1,12,14,1,0,291,0.8947689821345586,0.21369465153723533,1,1,0.2635983,0,1,1
27907.928562999998,0,93,0,2790,7,0,7,7,255,10,20,1,12,14,0,1,291,195.06067824276477,95.60442659121492,0.0001,0,0,0,1,1
27924.928563,0,86,0,2792,4,0,11,11,255,0,20,1,12,14,1,0,291,923186.5102456361,810439.072421469,0,0,0,0,1,1
27966.928563,0,33,0,2796,6,0,6,6,255,30,20,1,12,14,1,0,291,4733.267751164085,2890.43863963976,0,0,0,0,1,1
27979.928563,0,19,0,2797,9,0,3,3,255,30,20,1,12,14,1,0,291,1316.7605993596565,1071.9945115517196,0,0,0,0,1,1
27997.928562999998,0,50,0,2799,7,0,9,9,255,10,20,1,12,14,1,0,291,1175.7036504593611,990.250396517096,0,0,0,0,1,1
27998.928563,0,88,0,2799,8,0,7,7,255,0,20,1,12,14,1,0,291,0.5176677086673691,0.13378205354768144,-1,1,1,1,1,1
28018.928562999998,0,14,0,2801,8,0,8,8,255,20,20,1,12,14,0,1,291,2.523331677067234,0.8551977592385198,1,1,0,0,1,1
28028.928563,0,45,0,2802,8,0,4,4,255,30,20,1,12,14,0,1,291,1148.6345236123286,939.3669983267386,0,0,0,0,1,1
28064.928562999998,0,64,0,2806,4,0,6,6,255,20,20,1,12,14,1,0,291,55.02880114705742,27.572263481279574,0,0,0,0,1,1
28079.928562999998,0,52,0,2807,9,0,3,3,255,30,20,1,12,14,1,0,291,3969.5348818001576,3434.9876893119413,0,0,0,0,1,1
28097.928563,0,66,0,2809,7,0,9,9,255,10,20,1,12,14,1,0,291,330.8577183091484,4.269528133121128,0,0,0,0,1,1
28104.928563,0,27,0,2810,4,0,4,4,255,0,20,1,12,14,1,0,291,9.819040373665963,3.697316650746635,0.8184713,1,0,0,1,1
28118.928563,0,81,0,2811,8,0,8,8,255,20,20,1,12,14,0,1,291,10.068323176108843,2.065104389900431,0.0535,0,0,0,1,1
28139.928563,0,32,0,2813,9,0,5,5,255,0,20,1,12,14,1,0,291,200.94291363486042,24.655607531473244,0,0,0,0,1,1
28177.928562999998,0,17,0,2817,7,0,10,10,255,30,20,1,12,14,1,0,291,107.56129100425744,68.05800543837104,0,0,0,0,1,1
28187.928563,0,67,0,2818,7,0,6,6,255,10,20,1,12,14,0,1,291,1185.5981764231233,652.2241029292882,0,0,0,0,1,1
28198.928562999998,0,79,0,2819,8,0,2,2,255,0,20,1,12,14,1,0,291,80.5830567545128,7.045469385520042,0,0,0,0,1,1
28204.928562999998,0,68,0,2820,4,0,4,4,255,0,20,1,12,14,1,0,291,3196.99550254901,6.800208305483555,0.0001,0,0,0,1,1
28228.928563,0,11,0,2822,8,0,4,4,255,30,20,1,12,14,0,1,291,3719.6255725481897,3474.927389215527,0,0,0,0,1,1
28264.928563,0,22,0,2826,4,0,6,6,255,20,20,1,12,14,1,0,291,1068.751132441729,695.4874976618681,0,0,0,0,1,1
28279.928562999998,0,10,0,2827,9,0,3,3,255,30,20,1,12,14,1,0,291,1916.5745750522703,1582.4621671360069,0,0,0,0,1,1
28297.928562999998,0,87,0,2829,7,0,9,9,255,10,20,1,12,14,1,0,291,616.3849505951736,2.324807950603617,0,0,0,0,1,1
28299.928563,0,76,0,2829,9,0,8,8,255,20,20,1,12,14,1,0,291,150.09766714746758,112.54270642698815,0,0,0,0,1,1
28318.928563,0,26,0,2831,8,0,12,12,255,10,20,1,12,14,1,0,291,52.21783442189102,0.216809171285203,0.3126543,0,0,0,1,1
28328.928563,0,15,0,2832,8,0,4,4,255,30,20,1,12,14,0,1,291,5026.801504660694,4098.108206967555,0,0,0,0,1,1
28364.928562999998,0,24,0,2836,4,0,6,6,255,20,20,1,12,14,1,0,291,2832.061130724118,2554.7084124475373,0,0,0,0,1,1
28385.928563,0,55,0,2838,5,0,3,3,255,30,20,1,12,14,1,0,291,227.71980842716866,162.1874799667247,0,0,0,0,1,1
28397.928563,0,53,0,2839,7,0,9,9,255,10,20,1,12,14,1,0,291,264.84712634107666,42.823468082173875,0,0,0,0,1,1
28399.928563,0,42,0,2839,9,0,8,8,255,20,20,1,12,14,1,0,291,8007.6895371227265,6388.3138710286175,0,0,0,0,1,1
28407.928562999998,0,55,0,2840,7,0,2,2,255,0,20,1,12,14,0,1,291,0.5033133019290961,0.0032437578334230614,-1,1,1,1,1,1
28424.928563,0,54,0,2842,4,0,11,11,255,0,20,1,12,14,1,0,291,450546.99013278726,388077.3412864199,0,0,0,0,1,1
28439.928562999998,0,61,0,2843,9,0,5,5,255,0,20,1,12,14,1,0,291,3054.464857253643,2114.571977157898,0,0,0,0,1,1
28485.928563,0,25,0,2848,5,0,3,3,255,30,20,1,12,14,1,0,291,432.2841486553927,369.09091172235054,0,0,0,0,1,1
28488.928563,0,72,0,2848,8,0,10,10,255,30,20,1,12,14,0,1,291,0.04950480106993767,0.013736881895090041,-1,1,1,1,1,1
28498.928563,0,71,0,2849,8,0,2,2,255,0,20,1,12,14,1,0,291,368.2586913182895,153.6263103161934,0,0,0,0,1,1
28504.928563,0,33,0,2850,4,0,4,4,255,0,20,1,12,14,1,0,291,2902.7111635011065,0.3969948965973612,1,1,0,0,1,1
28518.928562999998,0,27,0,2851,8,0,12,12,255,10,20,1,12,14,1,0,291,29.488920328557317,0.0017274649888165397,1,1,0.002,0,1,1
28526.928562999998,0,75,0,2852,6,0,11,11,255,10,20,1,12,14,0,1,291,69.8004799151732,35.7293238175206,0,0,0,0,1,1
28564.928562999998,0,3,0,2856,4,0,6,6,255,20,20,1,12,14,1,0,291,256.1935214587376,94.67203429433994,0,0,0,0,1,1
28585.928563,0,45,0,2858,5,0,3,3,255,30,20,1,12,14,1,0,291,5040.946395022327,4507.35640756847,0,0,0,0,1,1
28598.928563,0,13,0,2859,8,0,2,2,255,0,20,1,12,14,1,0,291,140.98279170369509,110.58229263752345,0,0,0,0,1,1
28599.928562999998,0,12,0,2859,9,0,8,8,255,20,20,1,12,14,1,0,291,68.69501562046058,42.53221842307519,0,0,0,0,1,1
28604.928563,0,50,0,2860,4,0,4,4,255,0,20,1,12,14,1,0,291,3695.454172663873,3265.4033982720234,0,0,0,0,1,1
28618.928563,0,45,0,2861,8,0,12,12,255,10,20,1,12,14,1,0,291,3.6186179683594384,0.009998532947547661,1,1,0.002,0,1,1
28639.928563,0,34,0,2863,9,0,5,5,255,0,20,1,12,14,1,0,291,201.08303301134066,50.33555489092103,0,0,0,0,1,1
28685.928563,0,11,0,2868,5,0,3,3,255,30,20,1,12,14,1,0,291,2587.8972729639604,2014.4563353208475,0,0,0,0,1,1
28687.928563,0,95,0,2868,7,0,6,6,255,10,20,1,12,14,0,1,291,846.4442720272986,119.57153682320866,0,0,0,0,1,1
28698.928562999998,0,66,0,2869,8,0,9,9,255,30,20,1,12,14,1,0,291,143.5743356949009,85.07499264193821,0,0,0,0,1,1
28704.928562999998,0,14,0,2870,4,0,7,7,255,30,20,1,12,14,1,0,291,0.6388531343844991,0.55912226144869,-1,1,0.9361511,1,1,1
28718.928562999998,0,2,0,2871,8,0,12,12,255,10,20,1,12,14,1,0,291,23.64816634516351,0.0016866450198620181,1,1,0.002,0,1,1
28726.928563,0,13,0,2872,6,0,11,11,255,10,20,1,12,14,0,1,291,7.172434075437197,2.2214792268488113,1,1,0,0,1,1
28764.928563,0,41,0,2876,4,0,6,6,255,20,20,1,12,14,1,0,291,152.76502873651808,46.87910939439918,0,0,0,0,1,1
28785.928562999998,0,63,0,2878,5,0,10,10,255,0,20,1,12,14,1,0,291,33171.420800691594,28230.669629814034,0,0,0,0,1,1
28798.928563,0,34,0,2879,8,0,2,2,255,0,20,1,12,14,1,0,291,898.6791808289014,73.64820374464233,0,0,0,0,1,1
28799.928563,0,54,0,2879,9,0,8,8,255,20,20,1,12,14,1,0,291,72.3112016938471,49.188766120238164,0,0,0,0,1,1
28804.928563,0,71,0,2880,4,0,4,4,255,0,20,1,12,14,1,0,291,652.7185330915318,242.15679232622313,0,0,0,0,1,1
28818.928563,0,68,0,2881,8,0,11,11,255,0,20,1,12,14,1,0,291,11.425462884224865,5.794596435953927,0.0004,0,0,0,1,1
28839.928563,0,81,0,2883,9,0,5,5,255,0,20,1,12,14,1,0,291,42.1892440593965,37.33785803796341,0,0,0,0,1,1
28885.928563,0,34,0,2888,5,0,10,10,255,0,20,1,12,14,1,0,291,721.5000032811787,83.55334745242948,0,0,0,0,1,1
28897.928563,0,13,0,2889,7,0,2,2,255,30,20,1,12,14,1,0,291,21.341062080117588,16.539389361307155,0,0,0,0,1,1
28898.928562999998,0,95,0,2889,8,0,9,9,255,30,20,1,12,14,1,0,291,12.050374340509306,1.056653241475253,0.9913462,1,0,0,1,1
28904.928562999998,0,84,0,2890,4,0,7,7,255,30,20,1,12,14,1,0,291,790.0170912632308,607.1580534145229,0,0,0,0,1,1
28917.928563,0,55,0,2891,7,0,8,8,255,0,20,1,12,14,0,1,291,8.351825521252385,6.79646913239497,0,0,0,0,1,1
28924.928563,0,73,0,2892,4,0,4,4,255,10,20,1,12,14,0,1,291,55.73145135438013,10.434132676000191,0.0001,0,0,0,1,1
28964.928563,0,42,0,2896,4,0,6,6,255,20,20,1,12,14,1,0,291,2981.400236832424,1823.4244697091924,0,0,0,0,1,1
28985.928563,0,64,0,2898,5,0,10,10,255,0,20,1,12,14,1,0,291,59.10576991525208,19.327714487206386,0,0,0,0,1,1
28997.928562999998,0,64,0,2899,7,0,2,2,255,30,20,1,12,14,1,0,291,0.055009231756366364,0.004220943398717092,-1,1,1,1,1,1
28999.928563,0,53,0,2899,9,0,8,8,255,20,20,1,12,14,1,0,291,33.233931952142186,0.5291416886482186,1,1,0,0,1,1
29006.928562999998,0,41,0,2900,6,0,4,4,255,10,20,1,12,14,1,0,291,343.344204311883,259.0861342856586,0,0,0,0,1,1
29018.928562999998,0,13,0,2901,8,0,12,12,255,10,20,1,12,14,1,0,291,161.4132917142775,0.25975618670662115,1,1,0,0,1,1
29026.928562999998,0,94,0,2902,6,0,12,12,255,10,20,1,12,14,0,1,291,2.540059422479586,1.8576960333121748,1,1,0,0,1,1
29064.928562999998,0,79,0,2906,4,0,6,6,255,20,20,1,12,14,1,0,291,393.22240994876586,277.6556218174751,0,0,0,0,1,1
29085.928563,0,82,0,2908,5,0,3,3,255,30,20,1,12,14,1,0,291,3376.4452157924034,2976.04072499284,0,0,0,0,1,1
29098.928563,0,8,0,2909,8,0,9,9,255,30,20,1,12,14,1,0,291,16352.399796192796,10307.84216816166,0,0,0,0,1,1
29099.928562999998,0,93,0,2909,9,0,8,8,255,20,20,1,12,14,1,0,291,317.3376057620298,1.5671683620883252,1,1,0,0,1,1
29106.928563,0,80,0,2910,6,0,4,4,255,10,20,1,12,14,1,0,291,4379.3137931392175,4095.710716417276,0,0,0,0,1,1
29118.928563,0,35,0,2911,8,0,12,12,255,10,20,1,12,14,1,0,291,481.5616004246338,5.6538464818538765,0,0,0,0,1,1
29139.928563,0,31,0,2913,9,0,5,5,255,0,20,1,12,14,1,0,291,220.62046610305296,36.066762744927054,0,0,0,0,1,1
29185.928563,0,8,0,2918,5,0,3,3,255,30,20,1,12,14,1,0,291,2755.5452547906957,1758.7454342358187,0,0,0,0,1,1
29188.928563,0,4,0,2918,8,0,10,10,255,30,20,1,12,14,0,1,291,0.0159472810900405,0.010347619085336457,-1,1,1,1,1,1
29198.928562999998,0,40,0,2919,8,0,9,9,255,30,20,1,12,14,1,0,291,833.5910670482897,609.6331606245833,0,0,0,0,1,1
29204.928562999998,0,29,0,2920,4,0,7,7,255,30,20,1,12,14,1,0,291,9862.275985262497,1120.049862454143,0,0,0,0,1,1
29209.928562999998,0,20,0,2920,9,0,2,2,255,30,20,1,12,14,0,1,291,2457.031851000497,2.359325555051154,0,0,0,0,1,1
29218.928562999998,0,72,0,2921,8,0,12,12,255,10,20,1,12,14,1,0,291,5900814.154609002,60458.55784426619,0,0,0,0,1,1
29226.928563,0,85,0,2922,6,0,12,12,255,10,20,1,12,14,0,1,291,184.86609778685462,142.53481141102657,0,0,0,0,1,1
29267.928563,0,64,0,2926,7,0,6,6,255,10,20,1,12,14,1,0,291,1114.8496289418222,735.2887865419316,0,0,0,0,1,1
29285.928562999998,0,74,0,2928,5,0,10,10,255,0,20,1,12,14,1,0,291,4675.930259488284,1139.9678749323964,0,0,0,0,1,1
29297.928562999998,0,87,0,2929,7,0,2,2,255,30,20,1,12,14,1,0,291,2.500287583828176,0.47472456597201385,1,1,0,0,1,1
29299.928563,0,76,0,2929,9,0,8,8,255,20,20,1,12,14,1,0,291,379.1840049924475,0.9190622715962226,1,1,0,0,1,1
29306.928563,0,63,0,2930,6,0,4,4,255,10,20,1,12,14,1,0,291,1923.6697541729056,1247.0543955948035,0,0,0,0,1,1
29318.928563,0,29,0,2931,8,0,12,12,255,10,20,1,12,14,1,0,291,121.91345284976246,1.2569454158205542,1,1,0,0,1,1
29326.928562999998,0,18,0,2932,6,0,12,12,255,10,20,1,12,14,0,1,291,696.6493332234894,66.34582751336474,0,0,0,0,1,1
29367.928563,0,19,0,2936,7,0,6,6,255,10,20,1,12,14,1,0,291,590.6665046422468,243.41287260446796,0,0,0,0,1,1
29385.928563,0,52,0,2938,5,0,3,3,255,30,20,1,12,14,1,0,291,675.3338969612297,345.8451704232356,0,0,0,0,1,1
29397.928563,0,22,0,2939,7,0,8,8,255,10,20,1,12,14,1,0,291,2138.8544880947825,806.2855522567627,0,0,0,0,1,1
29398.928562999998,0,31,0,2939,8,0,9,9,255,30,20,1,12,14,1,0,291,2916.901873661627,2519.938138683294,0,0,0,0,1,1
29404.928562999998,0,59,0,2940,4,0,4,4,255,10,20,1,12,14,1,0,291,2.32185435041018,1.757526999747937,1,1,0,0,1,1
29418.928563,0,17,0,2941,8,0,12,12,255,10,20,1,12,14,1,0,291,132.90706683553773,0.25431855100481865,1,1,0,0,1,1
29424.928563,0,96,0,2942,4,0,11,11,255,30,20,1,12,14,1,0,291,1.5863282286135698,0.37791704297318945,1,1,0.002,0,1,1
29438.928563,0,69,0,2943,8,0,5,5,255,30,20,1,12,14,1,0,291,3003.6981787499944,2503.8090865050367,0,0,0,0,1,1
29485.928563,0,28,0,2948,5,0,3,3,255,30,20,1,12,14,1,0,291,4999.456884447705,3150.6555569368866,0,0,0,0,1,1
29488.928563,0,84,0,2948,8,0,10,10,255,30,20,1,12,14,0,1,291,0.1416243939233644,0.08094341554802122,-1,1,1,1,1,1
29497.928562999998,0,88,0,2949,7,0,8,8,255,10,20,1,12,14,1,0,291,2062.855845808911,606.2810652504038,0,0,0,0,1,1
29504.928563,0,36,0,2950,4,0,7,7,255,30,20,1,12,14,1,0,291,452.87903968298104,243.66438568256862,0,0,0,0,1,1
29509.928562999998,0,33,0,2950,9,0,2,2,255,30,20,1,12,14,0,1,291,5787.348573756035,5288.322938124423,0,0,0,0,1,1
29524.928563,0,58,0,2952,4,0,11,11,255,30,20,1,12,14,1,0,291,50848.414757933926,35154.73266438119,0,0,0,0,1,1
29538.928562999998,0,36,0,2953,8,0,5,5,255,30,20,1,12,14,1,0,291,78.49279722642129,5.773555651313298,0,0,0,0,1,1
29585.928563,0,11,0,2958,5,0,3,3,255,30,20,1,12,14,1,0,291,2007.9552028067988,1831.1569896952728,0,0,0,0,1,1
29588.928563,0,11,0,2958,8,0,10,10,255,30,20,1,12,14,0,1,291,0.4211235571628456,0.16536718011731302,-1,1,1,1,1,1
29597.928563,0,22,0,2959,7,0,8,8,255,10,20,1,12,14,1,0,291,2448.850950492968,599.7658049201943,0,0,0,0,1,1
29598.928563,0,32,0,2959,8,0,9,9,255,30,20,1,12,14,1,0,291,3630.7505688003866,43.44885557213662,0,0,0,0,1,1
29607.928563,0,34,0,2960,7,0,8,8,255,0,20,1,12,14,0,1,291,0.03346043580346367,0.0008823181954666624,-1,1,1,1,1,1
29618.928563,0,50,0,2961,8,0,12,12,255,10,20,1,12,14,1,0,291,804.5367155594973,525.5343474013852,0,0,0,0,1,1
29628.928562999998,0,86,0,2962,8,0,4,4,255,30,20,1,12,14,0,1,291,1.249898665199959,0.5453745445500052,1,1,0.002,0,1,1
29667.928563,0,71,0,2966,7,0,6,6,255,10,20,1,12,14,1,0,291,1307.53328017447,983.8685079315338,0,0,0,0,1,1
29685.928563,0,78,0,2968,5,0,3,3,255,30,20,1,12,14,1,0,291,4777.384310303016,2173.053797482993,0,0,0,0,1,1
29697.928563,0,2,0,2969,7,0,8,8,255,10,20,1,12,14,1,0,291,76798.51577430195,48860.901715784465,0,0,0,0,1,1
29698.928562999998,0,48,0,2969,8,0,9,9,255,30,20,1,12,14,1,0,291,80.71653373782743,1.7036702984296654,0.0256,0,0,0,1,1
29704.928562999998,0,83,0,2970,4,0,4,4,255,10,20,1,12,14,1,0,291,3.7306495629017333,2.1408802131153055,1,1,0,0,1,1
29709.928562999998,0,53,0,2970,9,0,12,12,255,10,20,1,12,14,1,0,291,31.401775181786196,2.7647312666374964,0,0,0,0,1,1
29717.928563,0,95,0,2971,7,0,11,11,255,20,20,1,12,14,1,0,291,24345.091276275863,574.1469162735156,0,0,0,0,1,1
29744.928562999998,0,76,0,2974,4,0,5,5,255,20,20,1,12,14,1,0,291,1849.923726211577,1766.2009832141339,0,0,0,0,1,1
29777.928563,0,60,0,2977,7,0,10,10,255,10,20,1,12,14,1,0,291,66.6363293551202,36.48158552623319,0,0,0,0,1,1
29789.928563,0,43,0,2978,9,0,7,7,255,30,20,1,12,14,1,0,291,508.61847013922454,75.83736768253898,0,0,0,0,1,1
29798.928563,0,19,0,2979,8,0,2,2,255,0,20,1,12,14,1,0,291,0.007569217776110594,0.0009585785684262335,-1,1,1,1,1,1
29804.928563,0,25,0,2980,4,0,4,4,255,10,20,1,12,14,1,0,291,0.09325778188212011,0.008544533459048057,-1,1,1,1,1,1
29809.928563,0,2,0,2980,9,0,12,12,255,10,20,1,12,14,1,0,291,58.80106778648228,18.797861893281777,0,0,0,0,1,1
29817.928562999998,0,59,0,2981,7,0,11,11,255,20,20,1,12,14,1,0,291,69.99090499685508,0.01886136410351212,1,1,0.002,0,1,1
29844.928563,0,25,0,2984,4,0,5,5,255,20,20,1,12,14,1,0,291,2874.0747062601886,2111.9376592585295,0,0,0,0,1,1
29877.928563,0,11,0,2987,7,0,10,10,255,10,20,1,12,14,1,0,291,296.21066357627234,26.235454423080906,0,0,0,0,1,1
29884.928562999998,0,90,0,2988,4,0,3,3,255,20,20,1,12,14,1,0,291,447.57850134504736,0.36402572751288337,1,1,0,0,1,1
29897.928563,0,77,0,2989,7,0,8,8,255,10,20,1,12,14,1,0,291,1388.4091753697355,217.73532944030333,0,0,0,0,1,1
29898.928562999998,0,84,0,2989,8,0,2,2,255,0,20,1,12,14,1,0,291,0.08680767795841221,0.01054621612343304,-1,1,1,1,1,1
29906.928563,0,84,0,2990,6,0,3,3,255,30,20,1,12,14,0,1,291,1.0621978891827484,0.01901435797091043,1,1,0.2635983,0,1,1
29909.928563,0,57,0,2990,9,0,12,12,255,10,20,1,12,14,1,0,291,136.9323675034604,48.54082725571094,0,0,0,0,1,1
29917.928563,0,92,0,2991,7,0,2,2,255,10,20,1,12,14,0,1,291,1409.5747223866792,8.522102573588908,0,0,0,0,1,1
29944.928563,0,72,0,2994,4,0,5,5,255,20,20,1,12,14,1,0,291,164.0059919266207,37.399649011691544,0,0,0,0,1,1
29977.928562999998,0,56,0,2997,7,0,10,10,255,10,20,1,12,14,1,0,291,7895.925374698755,6606.700996836175,0,0,0,0,1,1
29989.928562999998,0,43,0,2998,9,0,7,7,255,30,20,1,12,14,1,0,291,276.63968950809016,83.69067087041616,0,0,0,0,1,1
29997.928562999998,0,65,0,2999,7,0,9,9,255,30,20,1,12,14,1,0,291,75.76300349515294,52.53967668248012,0,0,0,0,1,1
30004.928563,0,25,0,3000,4,0,4,4,255,10,20,1,12,14,1,0,291,0.03087600598278627,0.012493009355322373,-1,1,1,1,1,1
30006.928562999998,0,82,0,3000,6,0,3,3,255,30,20,1,12,14,0,1,291,0.2922820926607386,0.21079218704397615,-1,1,1,1,1,1
30017.928563,0,20,0,3001,7,0,2,2,255,10,20,1,12,14,0,1,291,8.936697978419568,3.8676114035180786,0,0,0,0,1,1
30028.928563,0,49,0,3002,8,0,11,11,255,0,20,1,12,14,0,1,291,49.94459522417766,1.6515629949771842,0,0,0,0,1,1
30066.928563,0,34,0,3006,6,0,6,6,255,10,20,1,12,14,1,0,291,5933.206524997966,5297.7331469930205,0,0,0,0,1,1
30084.928562999998,0,22,0,3008,4,0,3,3,255,20,20,1,12,14,1,0,291,0.7338114861259737,0.004717801793451718,-1,1,1,1,1,1
30097.928563,0,2,0,3009,7,0,9,9,255,30,20,1,12,14,1,0,291,3261.534150332058,2104.112355984074,0,0,0,0,1,1
30097.928563,0,92,0,3009,7,0,8,8,255,10,20,1,12,14,1,0,291,14782.925859314488,14428.458659359041,0,0,0,0,1,1
30104.928563,0,80,0,3010,4,0,4,4,255,10,20,1,12,14,1,0,291,0.7277859593552094,0.13556257950599407,-1,1,0.9361511,1,1,1
30107.928563,0,78,0,3010,7,0,8,8,255,0,20,1,12,14,0,1,291,0.7633685804001937,0.49937560130665387,-1,1,0.2635983,1,1,1
30117.928563,0,49,0,3011,7,0,11,11,255,20,20,1,12,14,1,0,291,464.9412392382752,0.08658706010835215,1,1,0,0,1,1
30129.928563,0,13,0,3012,9,0,12,12,255,30,20,1,12,14,0,1,291,9.36517605482405,5.7327915801538465,0,0,0,0,1,1
30166.928562999998,0,74,0,3016,6,0,6,6,255,10,20,1,12,14,1,0,291,80.29116939633224,36.51944921642529,0,0,0,0,1,1
30184.928563,0,60,0,3018,4,0,3,3,255,20,20,1,12,14,1,0,291,6263.718360061878,49.47484296242139,0,0,0,0,1,1
30197.928563,0,25,0,3019,7,0,8,8,255,10,20,1,12,14,1,0,291,179.1027123556756,2.5960197017725144,0,0,0,0,1,1
30198.928562999998,0,38,0,3019,8,0,2,2,255,0,20,1,12,14,1,0,291,1.0443158667232773,0.06616409753312227,-1,1,0.9361511,1,1,1
30208.928563,0,2,0,3020,8,0,4,4,255,0,20,1,12,14,1,0,291,162898.18506180245,98626.83018932812,0,0,0,0,1,1
30209.928562999998,0,88,0,3020,9,0,12,12,255,10,20,1,12,14,1,0,291,725.2374802235461,414.6158191277676,0,0,0,0,1,1
30228.928563,0,10,0,3022,8,0,11,11,255,0,20,1,12,14,0,1,291,2926.938154777055,2017.5395515950336,0,0,0,0,1,1
30266.928563,0,22,0,3026,6,0,6,6,255,10,20,1,12,14,1,0,291,7091.0547554605055,2786.2187885819176,0,0,0,0,1,1
30284.928563,0,11,0,3028,4,0,3,3,255,20,20,1,12,14,1,0,291,238.17670625978477,0.014076171942587593,1,1,0.002,0,1,1
30289.928563,0,89,0,3028,9,0,7,7,255,30,20,1,12,14,1,0,291,8954.49377543653,8112.669651698613,0,0,0,0,1,1
30297.928562999998,0,88,0,3029,7,0,8,8,255,10,20,1,12,14,1,0,291,67.27548103740995,25.9160277874564,0,0,0,0,1,1
30306.928563,0,54,0,3030,6,0,3,3,255,30,20,1,12,14,0,1,291,0.2730008300310093,0.20229534042688146,-1,1,1,1,1,1
30317.928562999998,0,21,0,3031,7,0,11,11,255,20,20,1,12,14,1,0,291,26285.64707725246,172.25431010521837,0,0,0,0,1,1
30324.928563,0,55,0,3032,4,0,12,12,255,30,20,1,12,14,1,0,291,1143722.8656016313,1081187.0061037622,0,0,0,0,1,1
30344.928563,0,60,0,3034,4,0,5,5,255,20,20,1,12,14,1,0,291,435.82569832251073,105.89538766492586,0,0,0,0,1,1
30377.928563,0,45,0,3037,7,0,10,10,255,10,20,1,12,14,1,0,291,1186.8764588710264,515.7353338194847,0,0,0,0,1,1
30397.928563,0,14,0,3039,7,0,9,9,255,30,20,1,12,14,1,0,291,75.4850226744751,16.041490899326917,0,0,0,0,1,1
30398.928562999998,0,16,0,3039,8,0,2,2,255,0,20,1,12,14,1,0,291,0.5630676160138949,0.2512091816829198,-1,1,1,1,1,1
30406.928563,0,4,0,3040,6,0,9,9,255,10,20,1,12,14,0,1,291,0.25424922793520677,0.006538635736560893,-1,1,1,1,1,1
30408.928563,0,71,0,3040,8,0,4,4,255,0,20,1,12,14,1,0,291,184.74824789200068,11.141880669754043,0,0,0,0,1,1
30418.928563,0,20,0,3041,8,0,7,7,255,30,20,1,12,14,0,1,291,0.10747442532050848,0.011930259196420967,-1,1,1,1,1,1
30428.928563,0,63,0,3042,8,0,11,11,255,0,20,1,12,14,0,1,291,0.0178673980139531,0.015789069184987337,-1,1,1,1,1,1
30466.928563,0,44,0,3046,6,0,6,6,255,10,20,1,12,14,1,0,291,81.6005490642208,38.142537022652235,0,0,0,0,1,1
30484.928563,0,30,0,3048,4,0,3,3,255,20,20,1,12,14,1,0,291,3763.491874500344,8.08269993064852,0,0,0,0,1,1
30498.928563,0,7,0,3049,8,0,2,2,255,0,20,1,12,14,1,0,291,0.45133732464701887,0.1981164189728808,-1,1,1,1,1,1
30505.928563,0,3,0,3050,5,0,7,7,255,0,20,1,12,14,1,0,291,285243.8203293422,167727.70456062088,0,0,0,0,1,1
30508.928563,0,21,0,3050,8,0,4,4,255,0,20,1,12,14,1,0,291,22.152738059038015,11.8933168935875,0,0,0,0,1,1
30517.928563,0,67,0,3051,7,0,11,11,255,20,20,1,12,14,1,0,291,0.03072162597269646,0.010086231741001778,-1,1,1,1,1,1
30528.928563,0,56,0,3052,8,0,11,11,255,0,20,1,12,14,0,1,291,47.79074127843559,25.524421592580733,0,0,0,0,1,1
30566.928563,0,51,0,3056,6,0,6,6,255,10,20,1,12,14,1,0,291,2021.0761121264993,1790.1248758397064,0,0,0,0,1,1
30584.928562999998,0,41,0,3058,4,0,3,3,255,20,20,1,12,14,1,0,291,21.469991933816654,1.5717248440848262,1,1,0,0,1,1
30598.928563,0,61,0,3059,8,0,2,2,255,0,20,1,12,14,1,0,291,4057.702879520599,2720.3383721852915,0,0,0,0,1,1
30605.928562999998,0,16,0,3060,5,0,7,7,255,0,20,1,12,14,1,0,291,637.6260123741879,437.9244385705712,0,0,0,0,1,1
30608.928562999998,0,38,0,3060,8,0,4,4,255,0,20,1,12,14,1,0,291,501.3596351784643,99.37455049597465,0,0,0,0,1,1
30618.928563,0,63,0,3061,8,0,8,8,255,30,20,1,12,14,0,1,291,1.3081624140538184,0.5385954736133667,0.8690068,1,0,0,1,1
30644.928563,0,4,0,3064,4,0,5,5,255,20,20,1,12,14,1,0,291,112215.67830560144,25702.902017092812,0,0,0,0,1,1
30666.928562999998,0,84,0,3066,6,0,6,6,255,10,20,1,12,14,1,0,291,8.65589143290696,8.061459686177392,0.3126543,0,0,0,1,1
30684.928563,0,67,0,3068,4,0,3,3,255,20,20,1,12,14,1,0,291,1669.8657994578418,3.956996912521546,0,0,0,0,1,1
30698.928562999998,0,76,0,3069,8,0,9,9,255,20,20,1,12,14,1,0,291,111.39444856259365,40.83102360997601,0,0,0,0,1,1
30699.928563,0,72,0,3069,9,0,4,4,255,30,20,1,12,14,1,0,291,217.3903711415888,23.53853999263059,0,0,0,0,1,1
30706.928562999998,0,58,0,3070,6,0,3,3,255,30,20,1,12,14,0,1,291,570.3631706202895,103.51403472283576,0,0,0,0,1,1
30724.928562999998,0,10,0,3072,4,0,12,12,255,30,20,1,12,14,1,0,291,464.8953770107746,243.562965394898,0,0,0,0,1,1
30748.928563,0,41,0,3074,8,0,5,5,255,10,20,1,12,14,1,0,291,1276.354329542445,913.9185975595509,0,0,0,0,1,1
30777.928563,0,25,0,3077,7,0,10,10,255,10,20,1,12,14,1,0,291,14167.344471350752,11777.118193798284,0,0,0,0,1,1
30798.928563,0,6,0,3079,8,0,2,2,255,0,20,1,12,14,1,0,291,11767.100242604423,9367.766171182388,0,0,0,0,1,1
30798.928563,0,96,0,3079,8,0,2,2,255,0,20,1,12,14,1,0,291,1119.3061134146476,539.5555189450055,0,0,0,0,1,1
30799.928563,0,92,0,3079,9,0,4,4,255,30,20,1,12,14,1,0,291,1547.3640907211982,1368.5774733660114,0,0,0,0,1,1
30818.928563,0,13,0,3081,8,0,8,8,255,30,20,1,12,14,0,1,291,7.250225353989367,5.255669876729233,0.0001,0,0,0,1,1
30824.928563,0,65,0,3082,4,0,12,12,255,30,20,1,12,14,1,0,291,2480.6106288929723,1827.4619459155426,0,0,0,0,1,1
30864.928562999998,0,38,0,3086,4,0,5,5,255,10,20,1,12,14,0,1,291,179.2115291371146,0.11759317503107422,0,0,0,0,1,1
30877.928563,0,81,0,3087,7,0,10,10,255,10,20,1,12,14,1,0,291,3932.513376165332,2318.210566628128,0,0,0,0,1,1
30898.928562999998,0,32,0,3089,8,0,9,9,255,20,20,1,12,14,1,0,291,195.9679012599807,1.7389650451508953,0,0,0,0,1,1
30899.928563,0,28,0,3089,9,0,4,4,255,30,20,1,12,14,1,0,291,18.334619673394602,2.9131822806825998,0.0004,0,0,0,1,1
30905.928563,0,43,0,3090,5,0,7,7,255,0,20,1,12,14,1,0,291,102.22480128320763,3.803648218906232,0,0,0,0,1,1
30918.928563,0,44,0,3091,8,0,11,11,255,0,20,1,12,14,1,0,291,178.5341047447516,128.9330618331638,0,0,0,0,1,1
30929.928563,0,10,0,3092,9,0,11,11,255,10,20,1,12,14,0,1,291,0.06955401904359942,0.0440283616853178,-1,1,1,1,1,1
30966.928563,0,37,0,3096,6,0,6,6,255,10,20,1,12,14,1,0,291,136.03762822289312,38.85774027525422,0,0,0,0,1,1
30985.928563,0,21,0,3098,5,0,10,10,255,20,20,1,12,14,1,0,291,62.37325311404476,10.830297515542224,0,0,0,0,1,1
30998.928563,0,52,0,3099,8,0,2,2,255,0,20,1,12,14,1,0,291,432.6268995603893,323.80655080653463,0,0,0,0,1,1
30999.928563,0,48,0,3099,9,0,4,4,255,30,20,1,12,14,1,0,291,135.02362365106168,14.37739486654861,0,0,0,0,1,1
31005.928563,0,83,0,3100,5,0,7,7,255,0,20,1,12,14,1,0,291,142.86909217964347,45.959050637649156,0,0,0,0,1,1
31018.928562999998,0,12,0,3101,8,0,11,11,255,0,20,1,12,14,1,0,291,114.51652638313715,0.4111857963903358,0,0,0,0,1,1
31029.928562999998,0,94,0,3102,9,0,11,11,255,10,20,1,12,14,0,1,291,0.05844907047074036,0.012670664023416668,-1,1,1,1,1,1
31066.928563,0,77,0,3106,6,0,6,6,255,10,20,1,12,14,1,0,291,474.15115045180437,325.9497438489202,0,0,0,0,1,1
31085.928563,0,62,0,3108,5,0,10,10,255,20,20,1,12,14,1,0,291,1305.5052650562768,558.7259089135007,0,0,0,0,1,1
31098.928563,0,57,0,3109,8,0,2,2,255,0,20,1,12,14,1,0,291,238.96464160320073,195.07061775192653,0,0,0,0,1,1
31099.928562999998,0,51,0,3109,9,0,4,4,255,30,20,1,12,14,1,0,291,14640.897806748162,13041.289983392704,0,0,0,0,1,1
31105.928562999998,0,91,0,3110,5,0,7,7,255,0,20,1,12,14,1,0,291,0.23767702322186487,0.0019100477194155614,-1,1,1,1,1,1
31118.928563,0,50,0,3111,8,0,11,11,255,0,20,1,12,14,1,0,291,4589.929382199676,1714.7918560233982,0,0,0,0,1,1
31148.928562999998,0,61,0,3114,8,0,5,5,255,10,20,1,12,14,1,0,291,417.9238386412897,269.6957470290289,0,0,0,0,1,1
31179.928563,0,49,0,3117,9,0,3,3,255,20,20,1,12,14,1,0,291,0.635934936029987,0.4584265297814618,-1,1,0.9361511,1,1,1
31189.928562999998,0,84,0,3118,9,0,3,3,255,30,20,1,12,14,0,1,291,7870.020351243157,6971.504277136451,0.0001,0,0,0,1,1
31199.928563,0,30,0,3119,9,0,8,8,255,10,20,1,12,14,1,0,291,3895.278171898584,1.3861506332301448,1,1,0,0,1,1
31199.928563,0,89,0,3119,9,0,8,8,255,10,20,1,12,14,1,0,291,89.56646602489212,0.49151616262056974,1,1,0,0,1,1
31208.928563,0,65,0,3120,8,0,12,12,255,0,20,1,12,14,1,0,291,2.39894698771771,0.005936553380064819,1,1,0.2635983,0,1,1
31218.928562999998,0,67,0,3121,8,0,11,11,255,0,20,1,12,14,1,0,291,0.13014434550468984,0.12171517122652764,-1,1,1,1,1,1
31228.928563,0,89,0,3122,8,0,4,4,255,30,20,1,12,14,0,1,291,958.5239243802823,817.5036929199865,0,0,0,0,1,1
31266.928563,0,17,0,3126,6,0,6,6,255,10,20,1,12,14,1,0,291,1139.9260783850218,1068.3990663582133,0,0,0,0,1,1
31284.928563,0,77,0,3128,4,0,6,6,255,30,20,1,12,14,0,1,291,443.7130458993549,187.586222171297,0,0,0,0,1,1
31298.928563,0,47,0,3129,8,0,9,9,255,20,20,1,12,14,1,0,291,1382.3220785996768,855.2498202611044,0,0,0,0,1,1
31299.928563,0,46,0,3129,9,0,4,4,255,30,20,1,12,14,1,0,291,3636.1394377313663,3.2513704087129534,0.9913462,1,0,0,1,1
31305.928562999998,0,31,0,3130,5,0,7,7,255,0,20,1,12,14,1,0,291,2.3811359449879084,0.1430784558903277,1,1,0,0,1,1
31309.928563,0,40,0,3130,9,0,2,2,255,20,20,1,12,14,0,1,291,15.693556390626219,0.0006028900673775157,1,1,0.002,0,1,1
31318.928563,0,96,0,3131,8,0,8,8,255,30,20,1,12,14,0,1,291,52.23993117585728,7.977834403135122,0,0,0,0,1,1
31329.928562999998,0,94,0,3132,9,0,11,11,255,10,20,1,12,14,0,1,291,0.06500567886873503,0.0005148533809431422,-1,1,1,1,1,1
31365.928563,0,81,0,3136,5,0,6,6,255,30,20,1,12,14,1,0,291,36.96049187093788,34.37229162937304,0,0,0,0,1,1
31385.928563,0,64,0,3138,5,0,10,10,255,20,20,1,12,14,1,0,291,19.382127607658415,13.425363112168744,0,0,0,0,1,1
31399.928563,0,19,0,3139,9,0,2,2,255,20,20,1,12,14,1,0,291,0.8848583185326074,0.00913012603182394,-1,1,1,1,1,1
31399.928563,0,78,0,3139,9,0,4,4,255,30,20,1,12,14,1,0,291,101.18225583741132,0.622953203375501,1,1,0,0,1,1
31408.928563,0,34,0,3140,8,0,12,12,255,0,20,1,12,14,1,0,291,69.17765590104355,0.08830953128775233,1,1,0,0,1,1
31418.928563,0,34,0,3141,8,0,8,8,255,30,20,1,12,14,0,1,291,6.440047939767831,4.671959021555422,0,0,0,0,1,1
31428.928563,0,17,0,3142,8,0,4,4,255,30,20,1,12,14,0,1,291,763.9984221996973,547.4724426560678,0,0,0,0,1,1
31448.928562999998,0,55,0,3144,8,0,5,5,255,10,20,1,12,14,1,0,291,553.2113599966209,13.623077437377113,0,0,0,0,1,1
31477.928562999998,0,37,0,3147,7,0,6,6,255,10,20,1,12,14,0,1,291,653.5420323877677,5.217841360140534,0,0,0,0,1,1
31497.928562999998,0,16,0,3149,7,0,8,8,255,30,20,1,12,14,1,0,291,143.18483835375451,90.6614301467549,0,0,0,0,1,1
31505.928563,0,2,0,3150,5,0,7,7,255,0,20,1,12,14,1,0,291,0.12102164006259712,0.048630133194024705,-1,1,1,1,1,1
31506.928562999998,0,51,0,3150,6,0,8,8,255,10,20,1,12,14,0,1,291,455.0747899973706,0.5583594370886678,1,1,0,0,1,1
31509.928562999998,0,76,0,3150,9,0,2,2,255,20,20,1,12,14,0,1,291,3.411378528917063,0.019273572087103605,1,1,0.002,0,1,1
31519.928563,0,34,0,3151,9,0,9,9,255,10,20,1,12,14,0,1,291,0.22876869900569985,0.07889720861859831,-1,1,1,1,1,1
31529.928562999998,0,42,0,3152,9,0,11,11,255,10,20,1,12,14,0,1,291,39.381094184342054,26.516075282675345,1,1,0,0,1,1
31565.928563,0,58,0,3156,5,0,6,6,255,30,20,1,12,14,1,0,291,1466.0283458992742,437.717329217465,0,0,0,0,1,1
31579.928562999998,0,45,0,3157,9,0,3,3,255,20,20,1,12,14,1,0,291,2790.1723403283186,2151.3754047318967,0,0,0,0,1,1
31597.928563,0,65,0,3159,7,0,9,9,255,30,20,1,12,14,1,0,291,4.311661751254531,0.43994685782394466,1,1,0.002,0,1,1
31606.928563,0,14,0,3160,6,0,4,4,255,20,20,1,12,14,1,0,291,0.016307760740763615,0.0010882842293000203,-1,1,1,1,1,1
31608.928562999998,0,48,0,3160,8,0,12,12,255,0,20,1,12,14,1,0,291,3247.2687183548815,17.63964797255562,0,0,0,0,1,1
31619.928562999998,0,1,0,3161,9,0,9,9,255,10,20,1,12,14,0,1,291,41.38034187523208,6.030580268711028,0,0,0,0,1,1
31629.928563,0,10,0,3162,9,0,11,11,255,10,20,1,12,14,0,1,291,12630.90596377316,7274.1106664078625,0.0001,0,0,0,1,1
31665.928563,0,50,0,3166,5,0,6,6,255,30,20,1,12,14,1,0,291,953.3423804157674,2.1863951244316757,0,0,0,0,1,1
31679.928563,0,35,0,3167,9,0,3,3,255,20,20,1,12,14,1,0,291,1059.029480588934,654.2892937002401,0,0,0,0,1,1
31697.928563,0,58,0,3169,7,0,9,9,255,30,20,1,12,14,1,0,291,2.0700965968612834,0.36355568766879354,1,1,0,0,1,1
31706.928562999998,0,5,0,3170,6,0,8,8,255,10,20,1,12,14,0,1,291,327.5703211288168,0.0005538323837358395,0.8690068,1,0.002,0,1,1
31708.928563,0,50,0,3170,8,0,12,12,255,0,20,1,12,14,1,0,291,330.9786226422008,0.021363301636270246,1,1,0.002,0,1,1
31719.928563,0,23,0,3171,9,0,9,9,255,10,20,1,12,14,0,1,291,11184.555699534718,1279.8613736848852,0,0,0,0,1,1
31729.928563,0,69,0,3172,9,0,11,11,255,10,20,1,12,14,0,1,291,7101.421088132154,2842.5278058970443,0.0001,0,0,0,1,1
31765.928562999998,0,76,0,3176,5,0,6,6,255,30,20,1,12,14,1,0,291,564.4188318439042,518.6193862267621,0,0,0,0,1,1
31779.928562999998,0,63,0,3177,9,0,3,3,255,20,20,1,12,14,1,0,291,59.364697434070045,0.29134692163032666,0.3126543,0,0,0,1,1
31797.928562999998,0,73,0,3179,7,0,9,9,255,30,20,1,12,14,1,0,291,8.040713320154365,0.3741164728030411,1,1,0,0,1,1
31806.928563,0,24,0,3180,6,0,4,4,255,20,20,1,12,14,1,0,291,5.791754644717055,1.0328321367646016,1,1,0,0,1,1
31808.928562999998,0,87,0,3180,8,0,12,12,255,0,20,1,12,14,1,0,291,68.097006784409,0.04577810240646513,1,1,0.002,0,1,1
31825.928563,0,14,0,3182,5,0,4,4,255,10,20,1,12,14,0,1,291,2398.246010308229,1938.2434153155532,0,0,0,0,1,1
31848.928563,0,67,0,3184,8,0,5,5,255,10,20,1,12,14,1,0,291,15876.077311539684,15429.652982743351,0,0,0,0,1,1
31877.928563,0,54,0,3187,7,0,10,10,255,30,20,1,12,14,1,0,291,2914.848955940739,1921.147465503386,0,0,0,0,1,1
31897.928563,0,23,0,3189,7,0,8,8,255,30,20,1,12,14,1,0,291,0.6625101571620688,0.5428126299156432,-1,1,0.9361511,1,1,1
31904.928562999998,0,47,0,3190,4,0,7,7,255,0,20,1,12,14,0,1,291,0.03423947125708324,0.009755425409526975,-1,1,1,1,1,1
31906.928563,0,84,0,3190,6,0,8,8,255,10,20,1,12,14,0,1,291,109.00889613223391,0.1111054483353187,1,1,0,0,1,1
31917.928563,0,72,0,3191,7,0,11,11,255,10,20,1,12,14,1,0,291,0.12905464840381942,0.0677602365921037,-1,1,1,1,1,1
31927.928563,0,92,0,3192,7,0,12,12,255,30,20,1,12,14,0,1,291,20.61143884103457,1.3254622700618237,0,0,0,0,1,1
31965.928562999998,0,47,0,3196,5,0,6,6,255,30,20,1,12,14,1,0,291,141.64649893810463,33.86016677863163,0,0,0,0,1,1
31979.928563,0,34,0,3197,9,0,3,3,255,20,20,1,12,14,1,0,291,5260.9107521675705,5152.863884793037,0,0,0,0,1,1
31997.928562999998,0,58,0,3199,7,0,8,8,255,30,20,1,12,14,1,0,291,143.79416955373446,69.40108166252033,0,0,0,0,1,1
32006.928563,0,14,0,3200,6,0,4,4,255,20,20,1,12,14,1,0,291,0.09840978890295494,0.00851855225383631,-1,1,1,1,1,1
32008.928562999998,0,65,0,3200,8,0,12,12,255,0,20,1,12,14,1,0,291,69.71429199823393,0.011946619651623348,1,1,0.002,0,1,1
32025.928563,0,46,0,3202,5,0,4,4,255,10,20,1,12,14,0,1,291,698.9018407179144,8.138400713921564,0.0535,0,0,0,1,1
32044.928562999998,0,65,0,3204,4,0,13,13,255,0,20,1,12,14,1,0,291,1510.026957804976,876.4311822856512,0,0,0,0,1,1
32065.928563,0,50,0,3206,5,0,6,6,255,30,20,1,12,14,1,0,291,1573.3334991822437,1312.2246315459613,0,0,0,0,1,1
32079.928563,0,37,0,3207,9,0,3,3,255,20,20,1,12,14,1,0,291,29.64632489481039,5.977662755850974,0,0,0,0,1,1
32097.928563000005,0,61,0,3209,7,0,2,2,255,0,20,1,12,14,1,0,291,4.677679023347715,1.7183800888866485,1,1,0,0,1,1
32106.928562999998,0,16,0,3210,6,0,8,8,255,10,20,1,12,14,0,1,291,162.76042100271698,1.3209776836071494,1,1,0,0,1,1
32108.928562999998,0,63,0,3210,8,0,12,12,255,0,20,1,12,14,1,0,291,406.8468182497513,0.4219357791494049,1,1,0,0,1,1
32125.928563,0,46,0,3212,5,0,4,4,255,10,20,1,12,14,0,1,291,3884.5800844339674,3247.159128147989,0.0001,0,0,0,1,1
32144.928563,0,68,0,3214,4,0,13,13,255,0,20,1,12,14,1,0,291,517.1723700514102,278.64405502579194,0,0,0,0,1,1
32165.928563,0,52,0,3216,5,0,6,6,255,30,20,1,12,14,1,0,291,14160.406327805826,13279.822255364243,0,0,0,0,1,1
32185.928562999998,0,37,0,3218,5,0,10,10,255,30,20,1,12,14,1,0,291,542.0984171883081,325.4926009195552,0,0,0,0,1,1
32197.928562999998,0,62,0,3219,7,0,9,9,255,30,20,1,12,14,1,0,291,1.2287068519155664,0.7934959546142325,1,1,0,0,1,1
32206.928562999998,0,16,0,3220,6,0,8,8,255,10,20,1,12,14,0,1,291,0.1836187943380916,0.0006302730968970888,-1,1,1,1,1,1
32208.928563,0,57,0,3220,8,0,12,12,255,0,20,1,12,14,1,0,291,987.8973463539509,0.2939560719788347,1,1,0,0,1,1
32225.928562999998,0,40,0,3222,5,0,4,4,255,10,20,1,12,14,0,1,291,168.86925217050765,43.83301063495852,0,0,0,0,1,1
32239.928562999998,0,50,0,3223,9,0,5,5,255,0,20,1,12,14,1,0,291,77.83775606652499,66.34136665459035,0,0,0,0,1,1
32264.928562999998,0,35,0,3226,4,0,14,14,255,30,20,1,12,14,1,0,291,47.90905135355993,1.3245503155355012,0,0,0,0,1,1
32284.928563,0,20,0,3228,4,0,3,3,255,30,20,1,12,14,1,0,291,603.2102942210029,263.7229656814999,0,0,0,0,1,1
32286.928563000005,0,87,0,3228,6,0,14,14,255,30,20,1,12,14,0,1,291,331.41564451949426,273.998569148381,0,0,0,0,1,1
32297.928562999998,0,90,0,3229,7,0,8,8,255,30,20,1,12,14,1,0,291,3.3869406078699327,0.008449274137121023,1,1,0,0,1,1
32306.928563,0,60,0,3230,6,0,4,4,255,20,20,1,12,14,1,0,291,0.7276204680394533,0.06635774807710029,-1,1,1,1,1,1
32317.928563,0,31,0,3231,7,0,11,11,255,10,20,1,12,14,1,0,291,0.5112703750877393,0.2560741324447214,-1,1,1,1,1,1
32327.928563,0,56,0,3232,7,0,12,12,255,30,20,1,12,14,0,1,291,269.92122110465755,85.72161865754396,0,0,0,0,1,1
32344.928563000005,0,25,0,3234,4,0,13,13,255,0,20,1,12,14,1,0,291,534.3408328403236,204.75318279713952,0,0,0,0,1,1
32364.928562999998,0,52,0,3236,4,0,14,14,255,30,20,1,12,14,1,0,291,158.55184682919588,132.21332453490214,0,0,0,0,1,1
32384.928563,0,90,0,3238,4,0,3,3,255,30,20,1,12,14,1,0,291,771.5790676363415,600.3244884956948,0,0,0,0,1,1
32397.928563,0,72,0,3239,7,0,7,7,255,0,20,1,12,14,1,0,291,0.3663230194824939,0.24211061064901168,-1,1,1,1,1,1
32404.928562999998,0,89,0,3240,4,0,7,7,255,0,20,1,12,14,0,1,291,0.02590594123676463,0.009888294072687553,-1,1,1,1,1,1
32417.928562999998,0,37,0,3241,7,0,9,9,255,30,20,1,12,14,0,1,291,217.39485615627922,82.91934288840689,0,0,0,0,1,1
32418.928563,0,38,0,3241,8,0,8,8,255,10,20,1,12,14,0,1,291,7.225862523244506,0.0010329882822240877,1,1,0.002,0,1,1
32438.928562999998,0,57,0,3243,8,0,12,12,255,20,20,1,12,14,0,1,291,5686.547589741576,3281.470145676175,0,0,0,0,1,1
32444.928562999998,0,56,0,3244,4,0,13,13,255,0,20,1,12,14,1,0,291,6.054933467744966,0.6955924546473963,1,1,0,0,1,1
32464.928563,0,67,0,3246,4,0,6,6,255,10,20,1,12,14,1,0,291,3.802040034035276,0.3841934859462801,1,1,0,0,1,1
32485.928563,0,27,0,3248,5,0,10,10,255,30,20,1,12,14,1,0,291,258.6864564892007,86.05269886657962,0,0,0,0,1,1
32497.928563,0,4,0,3249,7,0,2,2,255,0,20,1,12,14,1,0,291,32975.28725645679,26388.981800334303,0,0,0,0,1,1
32499.928562999998,0,84,0,3249,9,0,9,9,255,0,20,1,12,14,1,0,291,6.257721868284593,2.6335752244628807,1,1,0,0,1,1
32517.928562999998,0,61,0,3251,7,0,11,11,255,10,20,1,12,14,1,0,291,3.2271883493721694,1.8528609612531448,1,1,0,0,1,1
32518.928563,0,90,0,3251,8,0,12,12,255,0,20,1,12,14,1,0,291,131.39931011280564,0.044654523511984914,1,1,0.002,0,1,1
32539.928562999998,0,70,0,3253,9,0,5,5,255,0,20,1,12,14,1,0,291,17103.10449533469,15939.624854904008,0,0,0,0,1,1
32564.928563,0,29,0,3256,4,0,14,14,255,30,20,1,12,14,1,0,291,63270244.74020455,56208685.76654708,0,0,0,0,1,1
32584.928562999998,0,46,0,3258,4,0,3,3,255,30,20,1,12,14,1,0,291,5116.045380674887,4976.82883967657,0,0,0,0,1,1
32589.928563,0,30,0,3258,9,0,7,7,255,30,20,1,12,14,1,0,291,97.5946529132784,77.51148984667748,0,0,0,0,1,1
32599.928562999998,0,18,0,3259,9,0,9,9,255,0,20,1,12,14,1,0,291,375.53403480911436,41.95300453365571,0,0,0,0,1,1
32607.928563,0,62,0,3260,7,0,7,7,255,30,20,1,12,14,0,1,291,37.74679044736912,5.4098883037244745,0,0,0,0,1,1
32618.928562999998,0,70,0,3261,8,0,11,11,255,30,20,1,12,14,1,0,291,1.0041455786574272,0.6022449576271773,1,1,0.002,0,1,1
32638.928563,0,52,0,3263,8,0,12,12,255,20,20,1,12,14,0,1,291,411.869433888685,64.37840940823511,0,0,0,0,1,1
32646.928563,0,54,0,3264,6,0,13,13,255,10,20,1,12,14,1,0,291,188.60667895143206,158.45446334616148,0,0,0,0,1,1
32664.928562999998,0,69,0,3266,4,0,14,14,255,30,20,1,12,14,1,0,291,94520359.44507274,40997729.08332785,0,0,0,0,1,1
32685.928562999998,0,23,0,3268,5,0,10,10,255,30,20,1,12,14,1,0,291,943.2256053586221,514.6893494080814,0,0,0,0,1,1
32697.928562999998,0,6,0,3269,7,0,2,2,255,0,20,1,12,14,1,0,291,8374.153514682388,3957.2623522769145,0,0,0,0,1,1
32699.928563,0,89,0,3269,9,0,8,8,255,0,20,1,12,14,1,0,291,0.4325596566098843,0.21344037564313426,-1,1,1,1,1,1
32718.928562999998,0,25,0,3271,8,0,11,11,255,30,20,1,12,14,1,0,291,0.006110582897858444,0.005368468880357285,-1,1,1,1,1,1
32727.928562999998,0,38,0,3272,7,0,11,11,255,30,20,1,12,14,0,1,291,5990.851745566679,3870.8261169353877,0,0,0,0,1,1
32746.928562999998,0,5,0,3274,6,0,13,13,255,10,20,1,12,14,1,0,291,2237.252752085802,1596.4766668322247,0,0,0,0,1,1
32764.928562999998,0,44,0,3276,4,0,6,6,255,10,20,1,12,14,1,0,291,9179.166296594165,6141.464851620823,0,0,0,0,1,1
32784.928563,0,73,0,3278,4,0,3,3,255,30,20,1,12,14,1,0,291,26.669487060601387,5.205669937632974,0,0,0,0,1,1
32789.928562999994,0,53,0,3278,9,0,7,7,255,30,20,1,12,14,1,0,291,380.6227441031137,370.21132343835035,0,0,0,0,1,1
32804.928562999994,0,38,0,3280,4,0,4,4,255,30,20,1,12,14,1,0,291,8614.82080634259,6279.1423714431585,0,0,0,0,1,1
32807.928562999994,0,52,0,3280,7,0,7,7,255,30,20,1,12,14,0,1,291,0.058957864462016375,0.033152935313602326,-1,1,1,1,1,1
32818.928563,0,36,0,3281,8,0,11,11,255,30,20,1,12,14,1,0,291,58.289879384081495,43.483140589980195,0,0,0,0,1,1
32827.928563,0,83,0,3282,7,0,11,11,255,30,20,1,12,14,0,1,291,4177.683523721659,3861.878502520682,0.8690068,1,0,0,1,1
32846.928563,0,11,0,3284,6,0,13,13,255,10,20,1,12,14,1,0,291,46.98164736699647,2.5082346944613434,0,0,0,0,1,1
32864.928563,0,48,0,3286,4,0,6,6,255,10,20,1,12,14,1,0,291,1134.143387871965,904.8285467255249,0,0,0,0,1,1
32884.928563,0,82,0,3288,4,0,3,3,255,30,20,1,12,14,1,0,291,4026.725316709558,3812.7704170187812,0,0,0,0,1,1
32889.928563,0,63,0,3288,9,0,7,7,255,30,20,1,12,14,1,0,291,1082.6622246837774,970.4669426854608,0,0,0,0,1,1
32899.928563,0,46,0,3289,9,0,8,8,255,0,20,1,12,14,1,0,291,2842.2826698317394,1982.5560582689557,0,0,0,0,1,1
32906.928563,0,32,0,3290,6,0,2,2,255,0,20,1,12,14,1,0,291,0.08152095108224353,0.0007975189848130321,-1,1,1,1,1,1
32909.928563,0,91,0,3290,9,0,2,2,255,0,20,1,12,14,0,1,291,0.33012435117057504,0.10570328780042312,-1,1,1,1,1,1
32918.928563,0,90,0,3291,8,0,11,11,255,30,20,1,12,14,1,0,291,879.9510036853392,14.345322540934633,0,0,0,0,1,1
32939.928563,0,96,0,3293,9,0,5,5,255,0,20,1,12,14,1,0,291,220.464014025832,29.465761031652953,0,0,0,0,1,1
32964.928563,0,42,0,3296,4,0,6,6,255,10,20,1,12,14,1,0,291,296.49039722088395,166.030833052284,0,0,0,0,1,1
32977.928563,0,61,0,3297,7,0,10,10,255,10,20,1,12,14,1,0,291,129.05518340524844,33.14615431458314,0,0,0,0,1,1
32989.928563,0,39,0,3298,9,0,7,7,255,30,20,1,12,14,1,0,291,168.26239839727955,71.24381192128075,0,0,0,0,1,1
32999.928562999994,0,27,0,3299,9,0,8,8,255,0,20,1,12,14,1,0,291,607.1883797759322,571.7776044564732,0,0,0,0,1,1
33006.928563,0,13,0,3300,6,0,2,2,255,0,20,1,12,14,1,0,291,0.21056564622702031,0.011905071864438609,-1,1,1,1,1,1
33009.928563,0,53,0,3300,9,0,2,2,255,0,20,1,12,14,0,1,291,0.0892783213684805,0.05694730094171673,-1,1,1,1,1,1
33018.928563,0,75,0,3301,8,0,12,12,255,0,20,1,12,14,1,0,291,43.649347657591996,0.020305070178369848,1,1,0.002,0,1,1
33039.928562999994,0,64,0,3303,9,0,5,5,255,0,20,1,12,14,1,0,291,0.21919683724500555,0.1752193200666915,-1,1,1,1,1,1
33064.928563,0,27,0,3306,4,0,6,6,255,10,20,1,12,14,1,0,291,572.871957579204,94.45816842302109,0,0,0,0,1,1
33077.928563,0,33,0,3307,7,0,10,10,255,10,20,1,12,14,1,0,291,1368.183706228227,1053.201197725899,0,0,0,0,1,1
33089.928563,0,16,0,3308,9,0,7,7,255,30,20,1,12,14,1,0,291,489.82958386624387,340.3635703927022,0,0,0,0,1,1
33097.928563,0,96,0,3309,7,0,9,9,255,30,20,1,12,14,1,0,291,187.4685474877994,13.882233166989714,0,0,0,0,1,1
33104.928563,0,84,0,3310,4,0,4,4,255,30,20,1,12,14,1,0,291,174.660746588969,128.22118514509577,0,0,0,0,1,1
33109.928562999994,0,22,0,3310,9,0,2,2,255,0,20,1,12,14,0,1,291,0.4617585588584606,0.1839461893153787,-1,1,1,1,1,1
33118.928562999994,0,64,0,3311,8,0,12,12,255,0,20,1,12,14,1,0,291,7120.547879134114,718.2843625064507,0,0,0,0,1,1
33138.928563,0,6,0,3313,8,0,12,12,255,20,20,1,12,14,0,1,291,309.1319819604313,201.295977683096,0,0,0,0,1,1
33164.928562999994,0,11,0,3316,4,0,14,14,255,30,20,1,12,14,1,0,291,1461.4685006922878,128.7041341554724,0,0,0,0,1,1
33177.928563,0,8,0,3317,7,0,10,10,255,10,20,1,12,14,1,0,291,20675.245893920677,17345.30657918545,0,0,0,0,1,1
33184.928563,0,92,0,3318,4,0,3,3,255,30,20,1,12,14,1,0,291,76.41642031380715,24.86079792311363,0,0,0,0,1,1
33197.928563,0,72,0,3319,7,0,9,9,255,30,20,1,12,14,1,0,291,2866.6078606731944,2490.2928387856405,0,0,0,0,1,1
33204.928563,0,58,0,3320,4,0,4,4,255,30,20,1,12,14,1,0,291,2182.76384570806,1257.3774300175544,0,0,0,0,1,1
33207.928563,0,74,0,3320,7,0,7,7,255,30,20,1,12,14,0,1,291,0.3447183271694263,0.009232431516823592,-1,1,1,1,1,1
33218.928563,0,47,0,3321,8,0,11,11,255,30,20,1,12,14,1,0,291,78.99068168457131,0.7285300850717192,0,0,0,0,1,1
33237.928562999994,0,37,0,3323,7,0,5,5,255,10,20,1,12,14,1,0,291,231.68835319684098,23.472220874857737,0,0,0,0,1,1
33238.928563,0,91,0,3323,8,0,12,12,255,20,20,1,12,14,0,1,291,1.6743053136900596,0.655947765358164,1,1,0,0,1,1
33264.928563,0,83,0,3326,4,0,14,14,255,30,20,1,12,14,1,0,291,108.1793890148446,91.1155454411513,0,0,0,0,1,1
33279.928563,0,59,0,3327,9,0,3,3,255,10,20,1,12,14,1,0,291,0.7335351605731472,0.19067195903078385,-1,1,1,1,1,1
33297.928563,0,40,0,3329,7,0,9,9,255,30,20,1,12,14,1,0,291,349.1729779040289,309.7859978496612,0,0,0,0,1,1
33298.928562999994,0,86,0,3329,8,0,4,4,255,20,20,1,12,14,1,0,291,846.4519112167545,0.10523694920045162,1,1,0,0,1,1
33306.928563,0,69,0,3330,6,0,2,2,255,0,20,1,12,14,1,0,291,0.5474678679586525,0.2804752079128858,-1,1,1,1,1,1
33318.928563,0,30,0,3331,8,0,11,11,255,30,20,1,12,14,1,0,291,3249.3549313570375,3166.056466428964,0,0,0,0,1,1
33326.928563,0,67,0,3332,6,0,4,4,255,10,20,1,12,14,0,1,291,462.7881400832765,179.1723004787653,0,0,0,0,1,1
33337.928563,0,80,0,3333,7,0,13,13,255,30,20,1,12,14,1,0,291,1779369.7735028057,1519584.7369865687,0,0,0,0,1,1
33364.928563,0,37,0,3336,4,0,14,14,255,30,20,1,12,14,1,0,291,74.57337259091813,22.700926866851567,0,0,0,0,1,1
33377.928562999994,0,60,0,3337,7,0,10,10,255,10,20,1,12,14,1,0,291,4383.510705572174,3980.6013912560647,0,0,0,0,1,1
33389.928563,0,40,0,3338,9,0,7,7,255,30,20,1,12,14,1,0,291,1848.1586019733927,58.54639165825516,0,0,0,0,1,1
33398.928563,0,22,0,3339,8,0,4,4,255,20,20,1,12,14,1,0,291,194.88657629657393,9.999230078331804,0,0,0,0,1,1
33399.928563,0,71,0,3339,9,0,8,8,255,0,20,1,12,14,1,0,291,218.73009825720342,91.54505527457339,0,0,0,0,1,1
33409.928563,0,53,0,3340,9,0,2,2,255,0,20,1,12,14,0,1,291,9109.55226346556,6874.9476396907,0,0,0,0,1,1
33418.928563,0,83,0,3341,8,0,12,12,255,0,20,1,12,14,1,0,291,63.77472201420899,0.5128121490988071,1,1,0,0,1,1
33437.928563,0,43,0,3343,7,0,5,5,255,10,20,1,12,14,1,0,291,25.6229560964342,12.999571314552496,0,0,0,0,1,1
33458.928563,0,47,0,3345,8,0,13,13,255,20,20,1,12,14,0,1,291,247.68729965233427,140.73808624266,0,0,0,0,1,1
33465.928563,0,81,0,3346,5,0,14,14,255,30,20,1,12,14,1,0,291,58.85736137537809,35.24682999917719,0,0,0,0,1,1
33479.928563,0,66,0,3347,9,0,3,3,255,10,20,1,12,14,1,0,291,2.1399871451500276,0.577122000376718,1,1,0,0,1,1
33498.928563,0,37,0,3349,8,0,3,3,255,30,20,1,12,14,0,1,291,327.05245116181516,1.9384684868716215,0.8690068,1,0,0,1,1
33499.928562999994,0,91,0,3349,9,0,8,8,255,0,20,1,12,14,1,0,291,636.2391695816489,4.3214164896520195,0,0,0,0,1,1
33507.928563,0,20,0,3350,7,0,9,9,255,0,20,1,12,14,0,1,291,3701.0148762072386,2393.0271788517866,0,0,0,0,1,1
33518.928563,0,84,0,3351,8,0,11,11,255,30,20,1,12,14,1,0,291,8.23715723905384,0.18016646511112344,1,1,0,0,1,1
33537.928563,0,48,0,3353,7,0,5,5,255,10,20,1,12,14,1,0,291,99.10916980265779,4.0451979675954695,0,0,0,0,1,1
33558.928563,0,64,0,3355,8,0,13,13,255,20,20,1,12,14,0,1,291,385.5790337467073,247.72556007723222,0,0,0,0,1,1
33565.928563,0,82,0,3356,5,0,14,14,255,30,20,1,12,14,1,0,291,650.9996644180713,540.3678896824574,0,0,0,0,1,1
33579.928563,0,68,0,3357,9,0,3,3,255,10,20,1,12,14,1,0,291,30.246175057886045,3.681719432552669,0,0,0,0,1,1
33598.928563,0,39,0,3359,8,0,4,4,255,20,20,1,12,14,1,0,291,3.9156231176975758,0.8853851313128198,1,1,0,0,1,1
33606.928562999994,0,44,0,3360,6,0,8,8,255,20,20,1,12,14,0,1,291,23.349364106012693,0.0974009563603898,1,1,0,0,1,1
33618.928562999994,0,20,0,3361,8,0,12,12,255,0,20,1,12,14,1,0,291,35.65847988504493,27.998407272375786,0,0,0,0,1,1
33626.928563,0,19,0,3362,6,0,4,4,255,10,20,1,12,14,0,1,291,1006.3390719568464,302.92748212168397,0,0,0,0,1,1
33637.928563,0,93,0,3363,7,0,5,5,255,10,20,1,12,14,1,0,291,619.4095973897353,463.66507915299263,0,0,0,0,1,1
33665.928563,0,81,0,3366,5,0,6,6,255,0,20,1,12,14,1,0,291,63.28004605617848,5.912463670809914,0,0,0,0,1,1
33679.928562999994,0,53,0,3367,9,0,3,3,255,10,20,1,12,14,1,0,291,1187.0722281215599,1127.9689294098714,0,0,0,0,1,1
33698.928563,0,39,0,3369,8,0,4,4,255,20,20,1,12,14,1,0,291,92.91305383308489,0.2735772900920853,1,1,0,0,1,1
33706.928563,0,73,0,3370,6,0,8,8,255,20,20,1,12,14,0,1,291,1.6959683841495914,0.008364124526355807,1,1,0.2635983,0,1,1
33718.928563,0,78,0,3371,8,0,12,12,255,0,20,1,12,14,1,0,291,148.62392809463276,44.52726811110997,0,0,0,0,1,1
33724.928563,0,67,0,3372,4,0,15,15,255,0,20,1,12,14,1,0,291,1666166158.792034,1599220577.2197187,0,0,0,0,1,1
33737.928562999994,0,58,0,3373,7,0,5,5,255,10,20,1,12,14,1,0,291,1983.1823336656785,1822.6713241252419,0,0,0,0,1,1
33765.928563,0,47,0,3376,5,0,6,6,255,0,20,1,12,14,1,0,291,424.249382265613,387.83506324662824,0,0,0,0,1,1
33777.928563,0,77,0,3377,7,0,10,10,255,10,20,1,12,14,1,0,291,49301.806170717406,46382.11664506125,0,0,0,0,1,1
33797.928563,0,67,0,3379,7,0,9,9,255,30,20,1,12,14,1,0,291,17.906722285725916,7.999400663092218,0,0,0,0,1,1
33806.928563,0,40,0,3380,6,0,2,2,255,0,20,1,12,14,1,0,291,197.89487248828033,37.76693171827783,0,0,0,0,1,1
33819.928563,0,14,0,3381,9,0,11,11,255,20,20,1,12,14,1,0,291,23923.706894320487,20254.78505405005,0,0,0,0,1,1
33824.928563,0,96,0,3382,4,0,15,15,255,0,20,1,12,14,1,0,291,34.142704697078514,16.964670939244723,0,0,0,0,1,1
33837.928563,0,24,0,3383,7,0,13,13,255,30,20,1,12,14,1,0,291,77.8330097821085,49.35112928008449,0,0,0,0,1,1
33865.928562999994,0,23,0,3386,5,0,6,6,255,0,20,1,12,14,1,0,291,14.044828153896649,11.300212186314546,0,0,0,0,1,1
33877.928562999994,0,28,0,3387,7,0,10,10,255,10,20,1,12,14,1,0,291,72.32424794879896,44.772637719737276,0,0,0,0,1,1
33897.928563,0,17,0,3389,7,0,8,8,255,30,20,1,12,14,1,0,291,7.556808610704327,4.062004386259756,1,1,0,0,1,1
33899.928563,0,93,0,3389,9,0,2,2,255,0,20,1,12,14,1,0,291,185.45198678365037,57.00791445350418,0,0,0,0,1,1
33907.928563,0,57,0,3390,7,0,9,9,255,0,20,1,12,14,0,1,291,0.0034009832946329164,0.0004351008264917999,-1,1,1,1,1,1
33919.928563,0,36,0,3391,9,0,11,11,255,20,20,1,12,14,1,0,291,1025.7064956349263,533.3134640849083,0,0,0,0,1,1
33924.928563,0,88,0,3392,4,0,4,4,255,20,20,1,12,14,0,1,291,2580.937673292815,1528.3165865542003,0,0,0,0,1,1
33937.928563,0,51,0,3393,7,0,5,5,255,10,20,1,12,14,1,0,291,324.0167605439848,292.76295619104405,0,0,0,0,1,1
33965.928563,0,32,0,3396,5,0,14,14,255,30,20,1,12,14,1,0,291,6675.53520792819,2546.266198087698,0,0,0,0,1,1
33977.928563,0,46,0,3397,7,0,10,10,255,10,20,1,12,14,1,0,291,386.3809015488147,300.31941961789687,0,0,0,0,1,1
33997.928563,0,33,0,3399,7,0,8,8,255,30,20,1,12,14,1,0,291,20508.485334444034,13029.174874479779,0,0,0,0,1,1
33999.928562999994,0,56,0,3399,9,0,2,2,255,0,20,1,12,14,1,0,291,20469.862686236076,17835.216661978917,0,0,0,0,1,1
34009.928563,0,2,0,3400,9,0,12,12,255,0,20,1,12,14,1,0,291,68.60319257595714,3.1415241356235795,0.0001,0,0,0,1,1
34019.928563,0,52,0,3401,9,0,11,11,255,20,20,1,12,14,1,0,291,755.3851972995706,5.055847107806208,0.0001,0,0,0,1,1
34025.928563,0,7,0,3402,5,0,16,16,255,0,20,1,12,14,1,0,291,100.61639994037431,75.0447892456852,0,0,0,0,1,1
34037.928563,0,54,0,3403,7,0,11,11,255,30,20,1,12,14,0,1,291,61.5014693969682,15.564915292919096,0,0,0,0,1,1
34065.928563,0,38,0,3406,5,0,6,6,255,0,20,1,12,14,1,0,291,22.161960616966038,20.43699788201169,0,0,0,0,1,1
34079.928563,0,59,0,3407,9,0,3,3,255,10,20,1,12,14,1,0,291,784.111204219865,62.70667582700945,0,0,0,0,1,1
34097.928563,0,42,0,3409,7,0,8,8,255,30,20,1,12,14,1,0,291,165.98989822577587,56.854891591422444,0,0,0,0,1,1
34099.928563,0,63,0,3409,9,0,2,2,255,0,20,1,12,14,1,0,291,10273.462903412812,8509.365288007713,0,0,0,0,1,1
34109.928562999994,0,20,0,3410,9,0,12,12,255,0,20,1,12,14,1,0,291,135.49033249350765,11.71922904128673,0,0,0,0,1,1
34124.928562999994,0,50,0,3412,4,0,4,4,255,20,20,1,12,14,0,1,291,7050.878114067718,6386.08331408893,0,0,0,0,1,1
34125.928563,0,59,0,3412,5,0,11,11,255,30,20,1,12,14,1,0,291,13087.298491477039,10330.854390038545,0,0,0,0,1,1
34137.928563,0,50,0,3413,7,0,13,13,255,30,20,1,12,14,1,0,291,205.17009061845184,166.20396583804023,0,0,0,0,1,1
34165.928563,0,33,0,3416,5,0,14,14,255,30,20,1,12,14,1,0,291,881048.745580143,744002.3756408886,0,0,0,0,1,1
34179.928562999994,0,50,0,3417,9,0,3,3,255,10,20,1,12,14,1,0,291,2416.398228723121,1812.3600960076537,0,0,0,0,1,1
34197.928563,0,33,0,3419,7,0,8,8,255,30,20,1,12,14,1,0,291,84774.93260769475,80139.1991469897,0,0,0,0,1,1
34199.928563,0,58,0,3419,9,0,2,2,255,0,20,1,12,14,1,0,291,3374.2684517992275,3096.7167114791564,0,0,0,0,1,1
34209.928563,0,8,0,3420,9,0,12,12,255,0,20,1,12,14,1,0,291,254.4905025035203,195.8478560665734,0,0,0,0,1,1
34224.928563,0,41,0,3422,4,0,15,15,255,0,20,1,12,14,1,0,291,298.00186644140393,140.13340233060592,0,0,0,0,1,1
34225.928562999994,0,53,0,3422,5,0,16,16,255,0,20,1,12,14,1,0,291,266.122589638711,211.9968502041157,0,0,0,0,1,1
34237.928562999994,0,46,0,3423,7,0,13,13,255,30,20,1,12,14,1,0,291,1633.6247163568119,1531.9963912192266,0,0,0,0,1,1
34264.928563,0,50,0,3426,4,0,6,6,255,20,20,1,12,14,1,0,291,1136.9760587530584,476.7447932858471,0,0,0,0,1,1
34279.928563,0,28,0,3427,9,0,3,3,255,10,20,1,12,14,1,0,291,137.22291076863613,73.23666778927547,0,0,0,0,1,1
34297.928563,0,12,0,3429,7,0,8,8,255,30,20,1,12,14,1,0,291,21.804542709088892,9.537472773393906,0,0,0,0,1,1
34299.928563,0,48,0,3429,9,0,2,2,255,0,20,1,12,14,1,0,291,787.3094966445494,482.4556185743618,0,0,0,0,1,1
34304.928562999994,0,85,0,3430,4,0,4,4,255,10,20,1,12,14,1,0,291,77.35681449278925,0.5774560252390689,1,1,0,0,1,1
34324.928563,0,28,0,3432,4,0,4,4,255,20,20,1,12,14,0,1,291,12.57988099898704,1.2194240028016359,1,1,0,0,1,1
34325.928563,0,45,0,3432,5,0,11,11,255,30,20,1,12,14,1,0,291,116.15310242312981,37.88187144094229,0,0,0,0,1,1
34337.928563,0,40,0,3433,7,0,5,5,255,10,20,1,12,14,1,0,291,2334.8642835444452,19.195973089882,0,0,0,0,1,1
34364.928563,0,50,0,3436,4,0,6,6,255,20,20,1,12,14,1,0,291,927.8906912861646,378.32993754326645,0,0,0,0,1,1
34379.928563,0,36,0,3437,9,0,3,3,255,10,20,1,12,14,1,0,291,94.134001287958,34.71986191806258,0,0,0,0,1,1
34397.928563,0,22,0,3439,7,0,8,8,255,30,20,1,12,14,1,0,291,42.31557101088306,11.115111961846678,0,0,0,0,1,1
34399.928563,0,52,0,3439,9,0,9,9,255,30,20,1,12,14,1,0,291,738.0902392110354,78.06998242468984,0,0,0,0,1,1
34404.928563,0,93,0,3440,4,0,4,4,255,10,20,1,12,14,1,0,291,0.36234804554541483,0.01759944235752453,-1,1,1,1,1,1
34425.928563,0,24,0,3442,5,0,16,16,255,0,20,1,12,14,1,0,291,133.40122802959073,108.8270853804052,0,0,0,0,1,1
34426.928562999994,0,34,0,3442,6,0,15,15,255,10,20,1,12,14,1,0,291,711200.6485595701,512959.1122059542,0,0,0,0,1,1
34437.928563,0,35,0,3443,7,0,5,5,255,10,20,1,12,14,1,0,291,39.04661685108881,21.597501491808867,0,0,0,0,1,1
34464.928563,0,29,0,3446,4,0,6,6,255,20,20,1,12,14,1,0,291,487.99004787426657,181.84318963392084,0,0,0,0,1,1
34479.928563,0,9,0,3447,9,0,3,3,255,10,20,1,12,14,1,0,291,23333.854825743983,20305.626496314748,0,0,0,0,1,1
34484.928562999994,0,92,0,3448,4,0,10,10,255,20,20,1,12,14,1,0,291,44.281133793967655,32.33659638634639,0,0,0,0,1,1
34499.928562999994,0,38,0,3449,9,0,2,2,255,0,20,1,12,14,1,0,291,6.584904815352964,1.954708728500177,1,1,0,0,1,1
34504.928563,0,64,0,3450,4,0,4,4,255,10,20,1,12,14,1,0,291,3.4823414574382126,0.06514170465354871,1,1,0,0,1,1
34524.928563,0,86,0,3452,4,0,4,4,255,20,20,1,12,14,0,1,291,3396.911888710297,14.631681498015894,0,0,0,0,1,1
34525.928563,0,89,0,3452,5,0,16,16,255,0,20,1,12,14,1,0,291,237.51040437654154,188.31696699569773,0,0,0,0,1,1
34537.928563,0,20,0,3453,7,0,13,13,255,30,20,1,12,14,1,0,291,105.81586720924977,49.22419429655225,0,0,0,0,1,1
34545.928562999994,0,1,0,3454,5,0,16,16,255,10,20,1,12,14,0,1,291,2.4944495320280784,0.0028630291692633195,-1,1,0.2635983,1,1,1
34565.928563,0,34,0,3456,5,0,14,14,255,30,20,1,12,14,1,0,291,82.08488410089878,17.778773645281763,0,0,0,0,1,1
34584.928563,0,16,0,3458,4,0,10,10,255,20,20,1,12,14,1,0,291,857.7111999009561,714.9000171995482,0,0,0,0,1,1
34598.928563,0,36,0,3459,8,0,3,3,255,30,20,1,12,14,0,1,291,16.92111794630788,2.994897774703692,0,0,0,0,1,1
34606.928562999994,0,66,0,3460,6,0,8,8,255,20,20,1,12,14,0,1,291,1286.3706579872132,969.4864610989619,0,0,0,0,1,1
34608.928563,0,68,0,3460,8,0,12,12,255,20,20,1,12,14,1,0,291,13.935307901893992,0.05285576077108286,1,1,0,0,1,1
34625.928563,0,45,0,3462,5,0,16,16,255,0,20,1,12,14,1,0,291,40.640111698102814,17.584254827332614,0,0,0,0,1,1
34626.928563,0,78,0,3462,6,0,15,15,255,10,20,1,12,14,1,0,291,292224.7165313037,226161.28281544495,0,0,0,0,1,1
34639.928563,0,84,0,3463,9,0,5,5,255,0,20,1,12,14,1,0,291,107.13988625490713,18.63521905353135,0,0,0,0,1,1
34664.928562999994,0,49,0,3466,4,0,6,6,255,20,20,1,12,14,1,0,291,345.3154731666549,201.51240075164884,0,0,0,0,1,1
34679.928562999994,0,32,0,3467,9,0,3,3,255,10,20,1,12,14,1,0,291,10481.92182947658,9808.03341587976,0,0,0,0,1,1
34697.928563,0,17,0,3469,7,0,8,8,255,30,20,1,12,14,1,0,291,33.51065222989811,4.274151243600368,0.0256,0,0,0,1,1
34706.928563,0,1,0,3470,6,0,2,2,255,0,20,1,12,14,1,0,291,18030.58042051812,15723.190232032257,0,0,0,0,1,1
34708.928563,0,9,0,3470,8,0,12,12,255,20,20,1,12,14,1,0,291,995.1681310682883,0.054817150452148126,1,1,0.002,0,1,1
34725.928562999994,0,46,0,3472,5,0,11,11,255,30,20,1,12,14,1,0,291,5472.112584104669,3644.941035247265,0,0,0,0,1,1
34726.928563,0,79,0,3472,6,0,15,15,255,10,20,1,12,14,1,0,291,378168.341629558,276872.6893124538,0,0,0,0,1,1
34739.928563,0,83,0,3473,9,0,5,5,255,0,20,1,12,14,1,0,291,29388.242285514938,11265.179085606811,0,0,0,0,1,1
34764.928563,0,47,0,3476,4,0,6,6,255,20,20,1,12,14,1,0,291,19489.240488375035,17508.36637219815,0,0,0,0,1,1
34777.928563,0,32,0,3477,7,0,10,10,255,0,20,1,12,14,1,0,291,4613.957486538366,4175.051034303283,0,0,0,0,1,1
34787.928563,0,44,0,3478,7,0,10,10,255,10,20,1,12,14,0,1,291,1.3086302838342405,0.08985552806428199,-1,1,0.9361511,1,1,1
34799.928563,0,53,0,3479,9,0,4,4,255,0,20,1,12,14,1,0,291,18157.614893649923,15100.892423114838,0,0,0,0,1,1
34807.928562999994,0,28,0,3480,7,0,9,9,255,20,20,1,12,14,0,1,291,0.09095375012473174,0.07735224843900083,-1,1,1,1,1,1
34825.928563,0,18,0,3482,5,0,11,11,255,30,20,1,12,14,1,0,291,2655.9304892380324,2497.5577508905917,0,0,0,0,1,1
34826.928563,0,23,0,3482,6,0,15,15,255,10,20,1,12,14,1,0,291,287382.6965184717,217291.4940021752,0,0,0,0,1,1
34839.928563,0,24,0,3483,9,0,5,5,255,0,20,1,12,14,1,0,291,67.83468099208004,27.792745626812653,0,0,0,0,1,1
34845.928563,0,92,0,3484,5,0,13,13,255,30,20,1,12,14,1,0,291,102.41486931247644,28.016857612403715,0,0,0,0,1,1
34869.928563,0,73,0,3486,9,0,14,14,255,20,20,1,12,14,1,0,291,559.5495116873111,337.10658758253703,0,0,0,0,1,1
34884.928563,0,61,0,3488,4,0,3,3,255,0,20,1,12,14,1,0,291,6665.317879417264,2247.259806619302,0,0,0,0,1,1
34899.928563,0,6,0,3489,9,0,4,4,255,0,20,1,12,14,1,0,291,611.6670739010731,81.0765093537377,0,0,0,0,1,1
34906.928563,0,86,0,3490,6,0,2,2,255,0,20,1,12,14,1,0,291,8753.844640399286,7726.501881054896,0,0,0,0,1,1
34925.928563,0,13,0,3492,5,0,11,11,255,30,20,1,12,14,1,0,291,2485.6241789880037,1737.9910450859584,0,0,0,0,1,1
34926.928562999994,0,14,0,3492,6,0,15,15,255,10,20,1,12,14,1,0,291,269.7927723818292,40.129071001256115,0,0,0,0,1,1
34939.928563,0,15,0,3493,9,0,5,5,255,0,20,1,12,14,1,0,291,1387.427106926412,136.63954759195013,0,0,0,0,1,1
34945.928563,0,86,0,3494,5,0,13,13,255,30,20,1,12,14,1,0,291,55.807690635231324,34.50855936584189,0,0,0,0,1,1
34969.928563,0,64,0,3496,9,0,14,14,255,20,20,1,12,14,1,0,291,104.14798425751687,43.820694878252226,0,0,0,0,1,1
34984.928562999994,0,51,0,3498,4,0,3,3,255,0,20,1,12,14,1,0,291,573.8149087656948,45.99737444205195,0,0,0,0,1,1
34997.928563,0,84,0,3499,7,0,9,9,255,30,20,1,12,14,1,0,291,2817.425623926146,1017.196094974309,0,0,0,0,1,1
35006.928563,0,70,0,3500,6,0,2,2,255,0,20,1,12,14,1,0,291,256.9712251308541,31.957508230758844,0,0,0,0,1,1
35025.928563,0,4,0,3502,5,0,16,16,255,0,20,1,12,14,1,0,291,97.74793489825268,66.29135091532171,0,0,0,0,1,1
35025.928563,0,94,0,3502,5,0,11,11,255,30,20,1,12,14,1,0,291,1380.4879506824736,1158.62926227989,0,0,0,0,1,1
35039.928562999994,0,4,0,3503,9,0,5,5,255,0,20,1,12,14,1,0,291,31427.76581184122,25420.500744365017,0,0,0,0,1,1
35045.928562999994,0,72,0,3504,5,0,13,13,255,30,20,1,12,14,1,0,291,862.2443988379242,787.6771272554429,0,0,0,0,1,1
35069.928563,0,47,0,3506,9,0,14,14,255,20,20,1,12,14,1,0,291,416.0159134748866,173.9536307657153,0,0,0,0,1,1
35084.928563,0,34,0,3508,4,0,3,3,255,0,20,1,12,14,1,0,291,539.4014219798986,455.670403373381,0,0,0,0,1,1
35097.928563,0,68,0,3509,7,0,9,9,255,30,20,1,12,14,1,0,291,88.33821014708863,55.15116787088007,0,0,0,0,1,1
35106.928562999994,0,55,0,3510,6,0,2,2,255,0,20,1,12,14,1,0,291,346.01429662562714,225.27150870242693,0,0,0,0,1,1
35108.928563,0,95,0,3510,8,0,12,12,255,20,20,1,12,14,1,0,291,33.08433134603113,0.02277987128190643,1,1,0.002,0,1,1
35126.928563,0,79,0,3512,6,0,15,15,255,10,20,1,12,14,1,0,291,249041.38635049295,189807.25874317455,0,0,0,0,1,1
35128.928563,0,90,0,3512,8,0,12,12,255,20,20,1,12,14,0,1,291,0.3735787438265777,0.16445457103477878,-1,1,1,1,1,1
35145.928563,0,37,0,3514,5,0,13,13,255,30,20,1,12,14,1,0,291,23.560588608359986,3.341146242842608,0,0,0,0,1,1
35168.928563,0,23,0,3516,8,0,6,6,255,10,20,1,12,14,0,1,291,244.42447209179426,105.37346287652306,0.0001,0,0,0,1,1
35177.928563,0,82,0,3517,7,0,10,10,255,0,20,1,12,14,1,0,291,623.8218959328059,469.1875596415581,0,0,0,0,1,1
35197.928563,0,21,0,3519,7,0,9,9,255,30,20,1,12,14,1,0,291,2023.5437151595802,907.8336859634884,0,0,0,0,1,1
35206.928563,0,9,0,3520,6,0,2,2,255,0,20,1,12,14,1,0,291,38053.781145568675,31702.881165074283,0,0,0,0,1,1
35208.928563,0,46,0,3520,8,0,12,12,255,20,20,1,12,14,1,0,291,322.83794254937055,2.6985630256871613,0.0256,0,0,0,1,1
35226.928563,0,29,0,3522,6,0,15,15,255,10,20,1,12,14,1,0,291,580.9600196242179,420.6049534738307,0,0,0,0,1,1
35228.928562999994,0,62,0,3522,8,0,12,12,255,20,20,1,12,14,0,1,291,0.030564083559518628,0.005737872721220648,-1,1,1,1,1,1
35239.928563,0,89,0,3523,9,0,5,5,255,0,20,1,12,14,1,0,291,8216.628478483757,5723.921411189244,0,0,0,0,1,1
35264.928563,0,65,0,3526,4,0,6,6,255,20,20,1,12,14,1,0,291,161.580392023079,71.05584747848654,0,0,0,0,1,1
35277.928563,0,48,0,3527,7,0,10,10,255,0,20,1,12,14,1,0,291,788.0083403083281,411.6671922707456,0,0,0,0,1,1
35287.928563,0,71,0,3528,7,0,10,10,255,10,20,1,12,14,0,1,291,0.0663264304268408,0.00044139914519486663,-1,1,1,1,1,1
35299.928563,0,78,0,3529,9,0,4,4,255,0,20,1,12,14,1,0,291,44.243335273711,13.477009081362356,0,0,0,0,1,1
35308.928563,0,8,0,3530,8,0,12,12,255,20,20,1,12,14,1,0,291,3.7432221599191893,0.021790662276825027,1,1,0.002,0,1,1
35317.928563,0,89,0,3531,7,0,11,11,255,0,20,1,12,14,1,0,291,172.41709058041857,145.2193812947408,0,0,0,0,1,1
35328.928563,0,42,0,3532,8,0,12,12,255,20,20,1,12,14,0,1,291,16.501810541648073,13.575500530507492,0,0,0,0,1,1
35339.928563,0,65,0,3533,9,0,5,5,255,0,20,1,12,14,1,0,291,3926.6217521313424,2210.801957985984,0,0,0,0,1,1
35364.928563,0,35,0,3536,4,0,6,6,255,20,20,1,12,14,1,0,291,664.2337852069521,465.31599026411004,0,0,0,0,1,1
35377.928562999994,0,14,0,3537,7,0,10,10,255,0,20,1,12,14,1,0,291,18417.683786475412,13551.433947056365,0,0,0,0,1,1
35384.928563,0,96,0,3538,4,0,3,3,255,0,20,1,12,14,1,0,291,1973.5215003463236,1819.275283501151,0,0,0,0,1,1
35397.928563,0,73,0,3539,7,0,2,2,255,10,20,1,12,14,1,0,291,23.407437445232578,12.177729862038309,0,0,0,0,1,1
35404.928563,0,92,0,3540,4,0,3,3,255,20,20,1,12,14,0,1,291,0.3029339721894357,0.2738179645926141,-1,1,1,1,1,1
35417.928562999994,0,79,0,3541,7,0,11,11,255,0,20,1,12,14,1,0,291,743.0174612654239,361.82948782213253,0,0,0,0,1,1
35428.928563,0,30,0,3542,8,0,16,16,255,0,20,1,12,14,1,0,291,51.70129224635549,28.724390008274952,0,0,0,0,1,1
35439.928563,0,73,0,3543,9,0,5,5,255,0,20,1,12,14,1,0,291,18.962475704867057,13.797049893100883,0,0,0,0,1,1
35465.928563,0,43,0,3546,5,0,6,6,255,10,20,1,12,14,1,0,291,2.7179584396777767,0.23553412419601993,1,1,0,0,1,1
35477.928563,0,32,0,3547,7,0,10,10,255,0,20,1,12,14,1,0,291,1838.9740260586095,842.9976525679804,0,0,0,0,1,1
35485.928563,0,46,0,3548,5,0,6,6,255,10,20,1,12,14,0,1,291,239.6568300794758,70.83573169896793,0,0,0,0,1,1
35497.928563,0,61,0,3549,7,0,2,2,255,10,20,1,12,14,1,0,291,208.2828841618903,45.040485688030984,0,0,0,0,1,1
35504.928563,0,38,0,3550,4,0,3,3,255,20,20,1,12,14,0,1,291,0.11676120071041998,0.08926720022031055,-1,1,1,1,1,1
35517.928563,0,48,0,3551,7,0,11,11,255,0,20,1,12,14,1,0,291,432.2035919142906,320.53805384474504,0,0,0,0,1,1
35525.928563,0,96,0,3552,5,0,15,15,255,30,20,1,12,14,1,0,291,52.21752910882947,34.11911501830418,0,0,0,0,1,1
35538.928563,0,54,0,3553,8,0,5,5,255,30,20,1,12,14,1,0,291,87.70504512449708,6.672080897099879,0,0,0,0,1,1
35565.928563,0,17,0,3556,5,0,6,6,255,10,20,1,12,14,1,0,291,3180.4427901913464,3038.4487058789427,0,0,0,0,1,1
35577.928563,0,4,0,3557,7,0,10,10,255,0,20,1,12,14,1,0,291,634.6178258612947,491.7242012932481,0,0,0,0,1,1
35584.928563,0,88,0,3558,4,0,3,3,255,0,20,1,12,14,1,0,291,5645.199270263242,4785.815285224551,0,0,0,0,1,1
35597.928562999994,0,57,0,3559,7,0,9,9,255,30,20,1,12,14,1,0,291,4717.483253230977,282.6913986505253,0,0,0,0,1,1
35604.928563,0,13,0,3560,4,0,3,3,255,20,20,1,12,14,0,1,291,0.02968941520462275,0.019917594591434898,-1,1,1,1,1,1
35617.928563,0,44,0,3561,7,0,11,11,255,0,20,1,12,14,1,0,291,2371.2421133560374,1964.6796300303918,0,0,0,0,1,1
35628.928563,0,6,0,3562,8,0,16,16,255,0,20,1,12,14,1,0,291,4636.911023769118,4279.1546633828175,0,0,0,0,1,1
35638.928563,0,59,0,3563,8,0,5,5,255,30,20,1,12,14,1,0,291,3595.247916294406,2406.8660968190593,0,0,0,0,1,1
35665.928563,0,29,0,3566,5,0,6,6,255,10,20,1,12,14,1,0,291,282.69390143348784,61.57599467260038,0,0,0,0,1,1
35677.928563,0,19,0,3567,7,0,10,10,255,0,20,1,12,14,1,0,291,1867.9102023028431,362.3513189259306,0,0,0,0,1,1
35687.928563,0,4,0,3568,7,0,10,10,255,10,20,1,12,14,0,1,291,0.0729353168082316,0.003465901098733125,-1,1,1,1,1,1
35697.928563,0,67,0,3569,7,0,9,9,255,30,20,1,12,14,1,0,291,26840.60761623634,23128.09142894083,0,0,0,0,1,1
35704.928563,0,58,0,3570,4,0,3,3,255,20,20,1,12,14,0,1,291,0.028100474607940663,0.007220807999670305,-1,1,1,1,1,1
35717.928563,0,68,0,3571,7,0,11,11,255,0,20,1,12,14,1,0,291,1746.0245497134342,1221.3227064330763,0,0,0,0,1,1
35728.928562999994,0,22,0,3572,8,0,16,16,255,0,20,1,12,14,1,0,291,4470833.771317443,4152092.291625352,0,0,0,0,1,1
35738.928563,0,61,0,3573,8,0,5,5,255,30,20,1,12,14,1,0,291,1512.0758898180125,882.5093015048133,0,0,0,0,1,1
35765.928563,0,32,0,3576,5,0,6,6,255,10,20,1,12,14,1,0,291,1953.4896445466372,715.7224603996575,0,0,0,0,1,1
35779.928563,0,22,0,3577,9,0,3,3,255,30,20,1,12,14,1,0,291,0.4010007017599636,0.3007636622782566,-1,1,1,1,1,1
35797.928563,0,5,0,3579,7,0,2,2,255,10,20,1,12,14,1,0,291,79635.59603354882,71969.09910464741,0,0,0,0,1,1
35797.928563,0,95,0,3579,7,0,2,2,255,10,20,1,12,14,1,0,291,122.90572704537078,88.71266608867302,0,0,0,0,1,1
35809.928563,0,58,0,3580,9,0,12,12,255,30,20,1,12,14,1,0,291,257.1415878004387,135.74653203425535,0,0,0,0,1,1
35825.928563,0,39,0,3582,5,0,15,15,255,30,20,1,12,14,1,0,291,207.79441378166183,162.07105657692478,0,0,0,0,1,1
35837.928563,0,23,0,3583,7,0,11,11,255,20,20,1,12,14,0,1,291,0.6734877082317274,0.32868901233280723,-1,1,0.9361511,1,1,1
35844.928563,0,48,0,3584,4,0,13,13,255,0,20,1,12,14,1,0,291,446.83956769623455,288.6181664370828,0,0,0,0,1,1
35869.928563,0,17,0,3586,9,0,14,14,255,20,20,1,12,14,1,0,291,433202.4668604337,382640.01164705807,0,0,0,0,1,1
35887.928563,0,72,0,3588,7,0,14,14,255,20,20,1,12,14,0,1,291,56.08887617093975,24.877544244476756,0,0,0,0,1,1
35897.928563,0,52,0,3589,7,0,2,2,255,10,20,1,12,14,1,0,291,501.68590322941543,98.55078270639882,0,0,0,0,1,1
35898.928563,0,91,0,3589,8,0,4,4,255,20,20,1,12,14,1,0,291,3.1966543153819242,0.3582857558697037,1,1,0,0,1,1
35917.928562999994,0,56,0,3591,7,0,11,11,255,0,20,1,12,14,1,0,291,11231.195924334192,8090.349484213769,0,0,0,0,1,1
35928.928563,0,6,0,3592,8,0,16,16,255,0,20,1,12,14,1,0,291,10819.438656420189,9331.78035914088,0,0,0,0,1,1
35938.928562999994,0,51,0,3593,8,0,5,5,255,30,20,1,12,14,1,0,291,11561.047037388398,6868.244345162751,0,0,0,0,1,1
35965.928563,0,14,0,3596,5,0,6,6,255,10,20,1,12,14,1,0,291,12126.269921484454,6634.352731011347,0,0,0,0,1,1
35979.928563,0,1,0,3597,9,0,10,10,255,30,20,1,12,14,1,0,291,721.67205369451,339.74077451611174,0,0,0,0,1,1
35997.928563,0,7,0,3599,7,0,2,2,255,10,20,1,12,14,1,0,291,164.51231365297812,99.64207559751134,0,0,0,0,1,1
35998.928563,0,90,0,3599,8,0,4,4,255,20,20,1,12,14,1,0,291,1.5187498324084003,0.44990837560636976,1,1,0.002,0,1,1
36009.928563,0,55,0,3600,9,0,12,12,255,30,20,1,12,14,1,0,291,1345.6070171350934,449.42123400033574,0,0,0,0,1,1
36025.928563,0,29,0,3602,5,0,15,15,255,30,20,1,12,14,1,0,291,137.04398236365677,80.06490203365236,0,0,0,0,1,1
36028.928563,0,73,0,3602,8,0,16,16,255,0,20,1,12,14,1,0,291,203946.6123877074,185717.45668074893,0,0,0,0,1,1
36044.928563,0,15,0,3604,4,0,13,13,255,0,20,1,12,14,1,0,291,91400.2926230886,74868.51804292641,0,0,0,0,1,1
36065.928563,0,77,0,3606,5,0,6,6,255,10,20,1,12,14,1,0,291,258.7107446602519,178.22166305936594,0,0,0,0,1,1
36079.928563,0,66,0,3607,9,0,10,10,255,30,20,1,12,14,1,0,291,2.1940149900348214,1.3519151189233936,1,1,0,0,1,1
36097.928563,0,74,0,3609,7,0,2,2,255,10,20,1,12,14,1,0,291,1883.0799473674695,1083.198759587515,0,0,0,0,1,1
36099.928563,0,62,0,3609,9,0,9,9,255,30,20,1,12,14,1,0,291,16937.981761587096,6935.318359034119,0,0,0,0,1,1
36117.928563,0,27,0,3611,7,0,11,11,255,0,20,1,12,14,1,0,291,66.31632085936927,18.33429499350601,0,0,0,0,1,1
36125.928563,0,54,0,3612,5,0,4,4,255,0,20,1,12,14,0,1,291,7203.525097451627,4535.521366563561,0,0,0,0,1,1
36137.928563,0,64,0,3613,7,0,15,15,255,0,20,1,12,14,0,1,291,46.53577247894091,23.927012958637782,0,0,0,0,1,1
36144.928563,0,44,0,3614,4,0,13,13,255,0,20,1,12,14,1,0,291,2293.8421420872405,1804.7898083613545,0,0,0,0,1,1
36169.928563,0,19,0,3616,9,0,14,14,255,20,20,1,12,14,1,0,291,55.63991336506666,2.2642937378595196,0,0,0,0,1,1
36189.928563,0,5,0,3618,9,0,10,10,255,0,20,1,12,14,0,1,291,0.7858419384234903,0.20923125115204702,-1,1,0.2635983,1,1,1
36198.928563,0,25,0,3619,8,0,4,4,255,20,20,1,12,14,1,0,291,0.09689406051810773,0.04867245717625202,-1,1,1,1,1,1
36206.928563,0,43,0,3620,6,0,3,3,255,20,20,1,12,14,0,1,291,828.5808030148349,494.0833984485366,0,0,0,0,1,1
36217.928563,0,64,0,3621,7,0,11,11,255,0,20,1,12,14,1,0,291,487.95049109438594,267.86819607314965,0,0,0,0,1,1
36228.928562999994,0,8,0,3622,8,0,16,16,255,0,20,1,12,14,1,0,291,334.0443675122591,242.89818265469705,0,0,0,0,1,1
36238.928563,0,19,0,3623,8,0,5,5,255,30,20,1,12,14,1,0,291,2055.24761350541,1438.8171080676916,0,0,0,0,1,1
36264.928563,0,63,0,3626,4,0,13,13,255,30,20,1,12,14,0,1,291,510.2916048848435,110.17923067907768,0,0,0,0,1,1
36265.928563,0,89,0,3626,5,0,6,6,255,10,20,1,12,14,1,0,291,1505.3190869359537,12.547396945913194,0,0,0,0,1,1
36285.928563,0,22,0,3628,5,0,6,6,255,10,20,1,12,14,0,1,291,1356.0285509543037,676.5310419490625,0,0,0,0,1,1
36297.928563,0,86,0,3629,7,0,2,2,255,10,20,1,12,14,1,0,291,36980.02750347137,25446.534560966767,0,0,0,0,1,1
36299.928563,0,74,0,3629,9,0,9,9,255,30,20,1,12,14,1,0,291,6844.635353667569,5357.445874836501,0,0,0,0,1,1
36317.928563,0,36,0,3631,7,0,11,11,255,0,20,1,12,14,1,0,291,432.1607377374955,323.62131896617336,0,0,0,0,1,1
36325.928563,0,20,0,3632,5,0,16,16,255,20,20,1,12,14,1,0,291,238.49918744642582,119.20944451719895,0,0,0,0,1,1
36338.928563,0,12,0,3633,8,0,5,5,255,30,20,1,12,14,1,0,291,189.58581842776888,167.30018219424213,0,0,0,0,1,1
36365.928562999994,0,15,0,3636,5,0,14,14,255,20,20,1,12,14,1,0,291,104.30241085995434,73.36625157192728,0,0,0,0,1,1
36379.928563,0,2,0,3637,9,0,10,10,255,30,20,1,12,14,1,0,291,1646.869691915474,1097.1609505589552,0,0,0,0,1,1
36384.928563,0,68,0,3638,4,0,3,3,255,30,20,1,12,14,1,0,291,0.002022858472544427,0.001856577882521953,-1,1,1,1,1,1
36398.928563,0,8,0,3639,8,0,4,4,255,20,20,1,12,14,1,0,291,53.07404615184377,18.235365080220422,0,0,0,0,1,1
36399.928563,0,90,0,3639,9,0,9,9,255,30,20,1,12,14,1,0,291,465.2346058264764,189.3531394691144,0,0,0,0,1,1
36417.928562999994,0,75,0,3641,7,0,11,11,255,0,20,1,12,14,1,0,291,650.5012576885887,423.4285496853332,0,0,0,0,1,1
36425.928563,0,45,0,3642,5,0,16,16,255,20,20,1,12,14,1,0,291,185.67971519654415,136.05510432056644,0,0,0,0,1,1
36438.928562999994,0,57,0,3643,8,0,5,5,255,30,20,1,12,14,1,0,291,138.59992499310363,110.50064462048934,0,0,0,0,1,1
36465.928563,0,57,0,3646,5,0,14,14,255,20,20,1,12,14,1,0,291,386269.67073930433,369892.2722212454,0,0,0,0,1,1
36484.928562999994,0,33,0,3648,4,0,6,6,255,20,20,1,12,14,0,1,291,6550.18739677392,2.7708197364556884,1,1,0,0,1,1
36497.928563,0,54,0,3649,7,0,3,3,255,30,20,1,12,14,0,1,291,461.065425305662,109.06122719849134,0,0,0,0,1,1
36505.928562999994,0,15,0,3650,5,0,4,4,255,0,20,1,12,14,1,0,291,3.942594416852683,3.020843196402179,1,1,0,0,1,1
36509.928563,0,93,0,3650,9,0,12,12,255,30,20,1,12,14,1,0,291,57842.850228853116,37007.94768445145,0,0,0,0,1,1
36524.928563,0,83,0,3652,4,0,15,15,255,30,20,1,12,14,1,0,291,0.03852204788325522,0.01748665304052479,-1,1,1,1,1,1
36537.928563,0,30,0,3653,7,0,15,15,255,0,20,1,12,14,0,1,291,535.3557398807725,489.1090950815219,0,0,0,0,1,1
36544.928563,0,61,0,3654,4,0,13,13,255,0,20,1,12,14,1,0,291,0.4879077987364145,0.10673737877840317,-1,1,1,1,1,1
36566.928562999994,0,39,0,3656,6,0,6,6,255,30,20,1,12,14,1,0,291,2.589130137614037,1.5922856038583548,1,1,0,0,1,1
36584.928563,0,86,0,3658,4,0,3,3,255,30,20,1,12,14,1,0,291,481.67223971519735,14.739700160724311,0,0,0,0,1,1
36599.928563,0,7,0,3659,9,0,9,9,255,30,20,1,12,14,1,0,291,7751.660704530017,7136.853147601081,0,0,0,0,1,1
36605.928563,0,87,0,3660,5,0,4,4,255,0,20,1,12,14,1,0,291,2477.349601656443,1002.4728074608882,0,0,0,0,1,1
36619.928563,0,73,0,3661,9,0,11,11,255,30,20,1,12,14,1,0,291,151.30168960883438,63.9523122054205,0,0,0,0,1,1
36625.928563,0,62,0,3662,5,0,16,16,255,20,20,1,12,14,1,0,291,98.19646758528157,90.21832844775717,0,0,0,0,1,1
36638.928563,0,76,0,3663,8,0,5,5,255,30,20,1,12,14,1,0,291,266.4772327956552,128.35632193729475,0,0,0,0,1,1
36665.928563,0,64,0,3666,5,0,14,14,255,20,20,1,12,14,1,0,291,68.6119929191879,33.80148614196567,0,0,0,0,1,1
36684.928563,0,35,0,3668,4,0,3,3,255,30,20,1,12,14,1,0,291,16.201739338090356,0.003388488443189771,1,1,0.002,0,1,1
36699.928563,0,36,0,3669,9,0,9,9,255,30,20,1,12,14,1,0,291,95.24223722852516,63.84154176176743,0,0,0,0,1,1
36706.928563,0,24,0,3670,6,0,2,2,255,30,20,1,12,14,1,0,291,3026.7074423272043,1831.5700826576985,0,0,0,0,1,1
36719.928563,0,9,0,3671,9,0,11,11,255,30,20,1,12,14,1,0,291,4950.740820380078,3684.4414512316275,0,0,0,0,1,1
36724.928563,0,93,0,3672,4,0,15,15,255,30,20,1,12,14,1,0,291,85.8754406730678,43.36603746808883,0,0,0,0,1,1
36738.928563,0,17,0,3673,8,0,5,5,255,30,20,1,12,14,1,0,291,42.435024121011004,5.874225328415212,0,0,0,0,1,1
36748.928563,0,92,0,3674,8,0,13,13,255,20,20,1,12,14,1,0,291,583.1799061477543,535.885989474957,0,0,0,0,1,1
36769.928563,0,70,0,3676,9,0,14,14,255,10,20,1,12,14,1,0,291,18.285375244002772,7.819147154253187,0,0,0,0,1,1
36797.928563,0,82,0,3679,7,0,3,3,255,30,20,1,12,14,0,1,291,250.8852707112353,183.5497487179552,0,0,0,0,1,1
36805.928563,0,73,0,3680,5,0,4,4,255,0,20,1,12,14,1,0,291,119.26459651542211,4.8083958984367525,0,0,0,0,1,1
36809.928563,0,58,0,3680,9,0,12,12,255,30,20,1,12,14,1,0,291,295.23132490856256,249.28423255743357,0,0,0,0,1,1
36824.928563,0,47,0,3682,4,0,15,15,255,30,20,1,12,14,1,0,291,355.8723954735177,246.53721726721287,0,0,0,0,1,1
36827.928563,0,66,0,3682,7,0,12,12,255,20,20,1,12,14,0,1,291,0.0956603759996085,0.06732213616623821,-1,1,1,1,1,1
36848.928563,0,53,0,3684,8,0,13,13,255,20,20,1,12,14,1,0,291,1552.5887997057123,1400.1371032808163,0,0,0,0,1,1
36869.928563,0,32,0,3686,9,0,14,14,255,10,20,1,12,14,1,0,291,2333.69797766359,1596.3508224509758,0,0,0,0,1,1
36897.928563,0,29,0,3689,7,0,3,3,255,30,20,1,12,14,0,1,291,4818.905659491866,3589.344220322617,0,0,0,0,1,1
36905.928563,0,37,0,3690,5,0,4,4,255,0,20,1,12,14,1,0,291,260.760839869661,115.20514206492615,0,0,0,0,1,1
36909.928563,0,23,0,3690,9,0,12,12,255,30,20,1,12,14,1,0,291,13.091506639426779,9.0639571439326,0,0,0,0,1,1
36924.928563,0,10,0,3692,4,0,15,15,255,30,20,1,12,14,1,0,291,111.28078274851718,81.30367800133101,0,0,0,0,1,1
36926.928562999994,0,94,0,3692,6,0,16,16,255,20,20,1,12,14,1,0,291,42.21560998131301,28.519373734530994,0,0,0,0,1,1
36939.928563,0,81,0,3693,9,0,5,5,255,20,20,1,12,14,1,0,291,17.52366916288787,5.1926161014811,0.0001,0,0,0,1,1
36964.928563,0,58,0,3696,4,0,6,6,255,10,20,1,12,14,1,0,291,57.21959706383562,7.880810175693458,0,0,0,0,1,1
36969.928563,0,90,0,3696,9,0,14,14,255,10,20,1,12,14,1,0,291,7319.603442934397,1748.0095298966712,0,0,0,0,1,1
36999.928562999994,0,47,0,3699,9,0,9,9,255,30,20,1,12,14,1,0,291,20.66100955811328,4.94040459123518,0,0,0,0,1,1
37005.928562999994,0,93,0,3700,5,0,4,4,255,0,20,1,12,14,1,0,291,159.33456168241298,51.519691534247514,0,0,0,0,1,1
37009.928563,0,81,0,3700,9,0,12,12,255,30,20,1,12,14,1,0,291,2979.45688656152,2713.3418862970175,0,0,0,0,1,1
37024.928563,0,70,0,3702,4,0,15,15,255,30,20,1,12,14,1,0,291,33021.55264895218,24170.163309086496,0,0,0,0,1,1
37037.928563,0,22,0,3703,7,0,15,15,255,0,20,1,12,14,0,1,291,0.0004001747138254291,0.00010364775270789171,-1,1,1,1,1,1
37048.928562999994,0,42,0,3704,8,0,13,13,255,20,20,1,12,14,1,0,291,2718.232562972386,6.624376982985781,0.0001,0,0,0,1,1
37065.928563,0,56,0,3706,5,0,13,13,255,0,20,1,12,14,0,1,291,373.93163865955285,228.82910857657382,0,0,0,0,1,1
37086.928563,0,65,0,3708,6,0,3,3,255,20,20,1,12,14,1,0,291,1840.999489989677,0.13372272133829735,1,1,0,0,1,1
37099.928563,0,85,0,3709,9,0,9,9,255,30,20,1,12,14,1,0,291,792.8022898313327,690.2230479124402,0,0,0,0,1,1
37106.928562999994,0,68,0,3710,6,0,2,2,255,30,20,1,12,14,1,0,291,680.4877591053537,648.6967328807339,0,0,0,0,1,1
37119.928563,0,55,0,3711,9,0,11,11,255,30,20,1,12,14,1,0,291,442.3831155387922,254.59106393056967,0,0,0,0,1,1
37126.928563,0,43,0,3712,6,0,16,16,255,20,20,1,12,14,1,0,291,39375.118794078495,35460.174586702924,0,0,0,0,1,1
37139.928563,0,41,0,3713,9,0,5,5,255,20,20,1,12,14,1,0,291,14.979468864230403,6.416135073801614,0.0001,0,0,0,1,1
37164.928562999994,0,20,0,3716,4,0,6,6,255,10,20,1,12,14,1,0,291,76.48019220297984,1.2068090341937725,0.0004,0,0,0,1,1
37169.928563,0,49,0,3716,9,0,14,14,255,10,20,1,12,14,1,0,291,974.5596200674936,499.3184156585576,0,0,0,0,1,1
37197.928563,0,34,0,3719,7,0,9,9,255,30,20,1,12,14,1,0,291,1302.56434248054,689.3623322599169,0,0,0,0,1,1
37205.928563,0,59,0,3720,5,0,4,4,255,0,20,1,12,14,1,0,291,531.0548796747332,288.61597956502055,0,0,0,0,1,1
37208.928563,0,43,0,3720,8,0,12,12,255,30,20,1,12,14,1,0,291,612.9577339356542,376.2385926465327,0,0,0,0,1,1
37225.928562999994,0,32,0,3722,5,0,15,15,255,20,20,1,12,14,1,0,291,14053.38626147591,10003.816574615681,0,0,0,0,1,1
37229.928563,0,30,0,3722,9,0,12,12,255,30,20,1,12,14,0,1,291,0.12172377342278154,0.03439801946249881,-1,1,1,1,1,1
37248.928563,0,40,0,3724,8,0,13,13,255,20,20,1,12,14,1,0,291,106.35210913734738,0.030736580220910765,1,1,0.002,0,1,1
37265.928563,0,40,0,3726,5,0,13,13,255,0,20,1,12,14,0,1,291,6.954451381947412,0.09101997448742616,0.0535,0,0,0,1,1
37286.928563,0,52,0,3728,6,0,3,3,255,20,20,1,12,14,1,0,291,1474.61068595085,1.7898810132137102,1,1,0,0,1,1
37299.928563,0,63,0,3729,9,0,3,3,255,0,20,1,12,14,0,1,291,646.3768435809557,615.6307392453706,0,0,0,0,1,1
37306.928563,0,65,0,3730,6,0,2,2,255,30,20,1,12,14,1,0,291,82.11038759422884,31.34634349898785,0,0,0,0,1,1
37319.928563,0,48,0,3731,9,0,11,11,255,30,20,1,12,14,1,0,291,857.1611231986053,685.5457677428911,0,0,0,0,1,1
37326.928563,0,36,0,3732,6,0,16,16,255,20,20,1,12,14,1,0,291,308948.1638818135,263719.860452178,0,0,0,0,1,1
37339.928563,0,63,0,3733,9,0,5,5,255,20,20,1,12,14,1,0,291,20.83750265020937,1.860774358944408,0.0001,0,0,0,1,1
37364.928563,0,49,0,3736,4,0,6,6,255,10,20,1,12,14,1,0,291,405.706950491885,219.5180120806466,0,0,0,0,1,1
37369.928563,0,77,0,3736,9,0,14,14,255,10,20,1,12,14,1,0,291,10698.921999846963,5844.750587354114,0,0,0,0,1,1
37397.928563,0,61,0,3739,7,0,9,9,255,30,20,1,12,14,1,0,291,84.23305606463285,46.588543305844944,0,0,0,0,1,1
37399.928563,0,88,0,3739,9,0,4,4,255,30,20,1,12,14,1,0,291,14506.640006363232,13025.907366691403,0,0,0,0,1,1
37408.928563,0,72,0,3740,8,0,12,12,255,30,20,1,12,14,1,0,291,32735.525848376594,29387.14041524759,0,0,0,0,1,1
37425.928563,0,57,0,3742,5,0,15,15,255,20,20,1,12,14,1,0,291,597.3650494828723,332.21093077352384,0,0,0,0,1,1
37429.928562999994,0,80,0,3742,9,0,12,12,255,30,20,1,12,14,0,1,291,0.14070467010240434,0.0861127499621935,-1,1,1,1,1,1
37448.928563,0,69,0,3744,8,0,13,13,255,20,20,1,12,14,1,0,291,147.16143054662223,0.2449789997511609,1,1,0,0,1,1
37469.928563,0,6,0,3746,9,0,14,14,255,10,20,1,12,14,1,0,291,3178.0763282396074,1777.000363123447,0,0,0,0,1,1
37486.928563,0,88,0,3748,6,0,3,3,255,20,20,1,12,14,1,0,291,314.02956510378294,0.40136252689596097,1,1,0,0,1,1
37499.928562999994,0,45,0,3749,9,0,4,4,255,30,20,1,12,14,1,0,291,2039.399818659169,1744.2788967629003,0,0,0,0,1,1
37506.928563,0,91,0,3750,6,0,2,2,255,30,20,1,12,14,1,0,291,74.41771132468058,15.754796953347652,0,0,0,0,1,1
37519.928563,0,73,0,3751,9,0,11,11,255,30,20,1,12,14,1,0,291,94.68579652605622,9.464014988992203,0,0,0,0,1,1
37526.928563,0,61,0,3752,6,0,16,16,255,20,20,1,12,14,1,0,291,2319.3855786088884,523.5844318554515,0,0,0,0,1,1
37539.928562999994,0,95,0,3753,9,0,5,5,255,20,20,1,12,14,1,0,291,130.05568037542702,67.15313305212578,0,0,0,0,1,1
37565.928563,0,50,0,3756,5,0,6,6,255,30,20,1,12,14,1,0,291,242.85371394211165,68.28146168794812,0,0,0,0,1,1
37586.928563,0,6,0,3758,6,0,3,3,255,20,20,1,12,14,1,0,291,10316.25020381465,8508.627801195007,0,0,0,0,1,1
37597.928562999994,0,80,0,3759,7,0,9,9,255,30,20,1,12,14,1,0,291,12780.696319776043,10614.733372809465,0,0,0,0,1,1
37606.928562999994,0,68,0,3760,6,0,2,2,255,30,20,1,12,14,1,0,291,306.59789911693304,130.98635635758168,0,0,0,0,1,1
37619.928563,0,52,0,3761,9,0,11,11,255,30,20,1,12,14,1,0,291,57168.331389861894,50802.4173051132,0,0,0,0,1,1
37626.928563,0,40,0,3762,6,0,16,16,255,20,20,1,12,14,1,0,291,279.05561880611674,220.0432116653766,0,0,0,0,1,1
37639.928563,0,75,0,3763,9,0,5,5,255,20,20,1,12,14,1,0,291,326.0193657797728,126.0507913407558,0,0,0,0,1,1
37665.928563,0,31,0,3766,5,0,6,6,255,30,20,1,12,14,1,0,291,5944.420809946551,4437.174194858607,0,0,0,0,1,1
37669.928563,0,76,0,3766,9,0,14,14,255,10,20,1,12,14,1,0,291,452.62473812724863,311.216346342246,0,0,0,0,1,1
37697.928563,0,59,0,3769,7,0,9,9,255,30,20,1,12,14,1,0,291,20239.78175176219,2293.877304884894,0,0,0,0,1,1
37706.928563,0,47,0,3770,6,0,2,2,255,30,20,1,12,14,1,0,291,634.3046928219678,336.1469573615557,0,0,0,0,1,1
37724.928563,0,29,0,3772,4,0,11,11,255,0,20,1,12,14,1,0,291,1350.0529702657936,11.029982935254472,0,0,0,0,1,1
37726.928563,0,18,0,3772,6,0,16,16,255,20,20,1,12,14,1,0,291,51.18714109760249,0.03279800487768401,1,1,0.002,0,1,1
37737.928562999994,0,77,0,3773,7,0,11,11,255,20,20,1,12,14,0,1,291,2818.6173636521717,2467.201204133106,0,0,0,0,1,1
37748.928563,0,3,0,3774,8,0,13,13,255,20,20,1,12,14,1,0,291,37.60082745299802,0.1111548689824335,1,1,0,0,1,1
37765.928563,0,55,0,3776,5,0,13,13,255,0,20,1,12,14,0,1,291,17.845110193467157,15.623286847135219,0,0,0,0,1,1
37786.928563,0,16,0,3778,6,0,3,3,255,20,20,1,12,14,1,0,291,1329.7870988538793,849.6171492154493,0,0,0,0,1,1
37797.928563,0,95,0,3779,7,0,9,9,255,30,20,1,12,14,1,0,291,239.79079800942014,33.34782649177399,0,0,0,0,1,1
37806.928563,0,79,0,3780,6,0,2,2,255,30,20,1,12,14,1,0,291,2088.8867659189987,484.844257902133,0,0,0,0,1,1
37824.928563,0,65,0,3782,4,0,11,11,255,0,20,1,12,14,1,0,291,0.2391159754629891,0.12532690903192883,-1,1,1,1,1,1
37826.928563,0,53,0,3782,6,0,16,16,255,20,20,1,12,14,1,0,291,1230.9564092720534,0.05605711232020434,1,1,0.002,0,1,1
37839.928563,0,50,0,3783,9,0,5,5,255,20,20,1,12,14,1,0,291,663.2138600556641,42.77692183104613,0,0,0,0,1,1
37848.928563,0,61,0,3784,8,0,13,13,255,20,20,1,12,14,1,0,291,1153.3308719619106,3.098129777675059,1,1,0,0,1,1
37865.928562999994,0,95,0,3786,5,0,13,13,255,0,20,1,12,14,0,1,291,289.9983930065047,156.97662450614607,0,0,0,0,1,1
37886.928563,0,73,0,3788,6,0,3,3,255,20,20,1,12,14,1,0,291,153.7233149198189,88.71478014917741,0,0,0,0,1,1
37899.928563,0,60,0,3789,9,0,4,4,255,30,20,1,12,14,1,0,291,1987.6090950630114,1644.1057047061793,0,0,0,0,1,1
37908.928563,0,47,0,3790,8,0,12,12,255,30,20,1,12,14,1,0,291,10501.128855319965,8457.660427943993,0,0,0,0,1,1
37925.928563,0,35,0,3792,5,0,15,15,255,20,20,1,12,14,1,0,291,2891.537418550478,2320.294248554406,0,0,0,0,1,1
37929.928562999994,0,52,0,3792,9,0,12,12,255,30,20,1,12,14,0,1,291,0.46339048286733736,0.3160308703419228,-1,1,1,1,1,1
37944.928563,0,21,0,3794,4,0,13,13,255,10,20,1,12,14,1,0,291,912.6500017319164,764.1409338047059,0,0,0,0,1,1
37965.928563,0,18,0,3796,5,0,6,6,255,30,20,1,12,14,1,0,291,138.93928100851855,67.92080519939918,0,0,0,0,1,1
37986.928563,0,1,0,3798,6,0,3,3,255,20,20,1,12,14,1,0,291,1457.986341225672,1306.1182176095163,0,0,0,0,1,1
37997.928563,0,44,0,3799,7,0,2,2,255,10,20,1,12,14,1,0,291,151.0856437707486,123.07255846836783,0,0,0,0,1,1
37999.928562999994,0,72,0,3799,9,0,4,4,255,30,20,1,12,14,1,0,291,16.311032150522017,5.388686159495016,0,0,0,0,1,1
38024.928563,0,47,0,3802,4,0,11,11,255,0,20,1,12,14,1,0,291,14.650003228857276,0.5366658590384739,1,1,0,0,1,1
38028.928563,0,34,0,3802,8,0,16,16,255,0,20,1,12,14,1,0,291,10.429771571283641,2.51967185891302,0.9913462,1,0,0,1,1
38039.928562999994,0,34,0,3803,9,0,5,5,255,20,20,1,12,14,1,0,291,33.73419955318833,8.864009043017315,0,0,0,0,1,1
38049.928563,0,56,0,3804,9,0,5,5,255,0,20,1,12,14,0,1,291,188.52461596226132,81.76883960761717,0.0001,0,0,0,1,1
38067.928563,0,66,0,3806,7,0,14,14,255,10,20,1,12,14,1,0,291,54420.42539878164,49819.04225030953,0,0,0,0,1,1
38097.928563,0,26,0,3809,7,0,9,9,255,30,20,1,12,14,1,0,291,4129.943558959142,3286.285887423701,0,0,0,0,1,1
38099.928563,0,40,0,3809,9,0,4,4,255,30,20,1,12,14,1,0,291,168.16290981547382,4.67417681612298,0,0,0,0,1,1
38124.928562999994,0,21,0,3812,4,0,11,11,255,0,20,1,12,14,1,0,291,331.3277234729018,163.01122160452837,0,0,0,0,1,1
38128.928563,0,6,0,3812,8,0,16,16,255,0,20,1,12,14,1,0,291,1724.495354264601,657.9424894130143,0,0,0,0,1,1
38139.928563,0,79,0,3813,9,0,5,5,255,20,20,1,12,14,1,0,291,1610.2861145615611,1080.1012112100568,0,0,0,0,1,1
38165.928563,0,28,0,3816,5,0,6,6,255,30,20,1,12,14,1,0,291,34.98494387634311,23.7444624099405,0,0,0,0,1,1
38186.928563,0,10,0,3818,6,0,3,3,255,20,20,1,12,14,1,0,291,190.0909886902461,31.30447951234791,0,0,0,0,1,1
38197.928563,0,48,0,3819,7,0,2,2,255,10,20,1,12,14,1,0,291,7.5404748987220485,4.500149316421156,1,1,0,0,1,1
38199.928563,0,80,0,3819,9,0,4,4,255,30,20,1,12,14,1,0,291,1321.1001515932646,903.9703202506204,0,0,0,0,1,1
38224.928563,0,62,0,3822,4,0,11,11,255,0,20,1,12,14,1,0,291,2914.2419624217973,1784.6252561677315,0,0,0,0,1,1
38228.928562999994,0,46,0,3822,8,0,16,16,255,0,20,1,12,14,1,0,291,1635.1063632886458,569.6137148373354,0,0,0,0,1,1
38244.928563,0,31,0,3824,4,0,13,13,255,10,20,1,12,14,1,0,291,2699.6215183328377,548.0258515830698,0,0,0,0,1,1
38265.928563,0,68,0,3826,5,0,6,6,255,30,20,1,12,14,1,0,291,532.4398555545891,468.32947751291573,0,0,0,0,1,1
38286.928563,0,48,0,3828,6,0,3,3,255,20,20,1,12,14,1,0,291,120.86746103114248,46.22503270700168,0,0,0,0,1,1
38297.928563,0,67,0,3829,7,0,9,9,255,30,20,1,12,14,1,0,291,1960.385986675378,1808.0190661526115,0,0,0,0,1,1
38324.928563,0,8,0,3832,4,0,11,11,255,0,20,1,12,14,1,0,291,638.2951776983602,343.6593280389843,0,0,0,0,1,1
38326.928563,0,13,0,3832,6,0,4,4,255,10,20,1,12,14,0,1,291,0.004615215706136047,0.0014033918934684,-1,1,1,1,1,1
38338.928563,0,13,0,3833,8,0,5,5,255,30,20,1,12,14,1,0,291,39566.29689974872,24266.990727194618,0,0,0,0,1,1
38344.928563,0,58,0,3834,4,0,13,13,255,10,20,1,12,14,1,0,291,778.9725513809392,155.10331513376354,0,0,0,0,1,1
38367.928563,0,12,0,3836,7,0,14,14,255,10,20,1,12,14,1,0,291,1609.8023657003573,1389.6020947547502,0,0,0,0,1,1
38389.928563,0,94,0,3838,9,0,3,3,255,20,20,1,12,14,1,0,291,21519.47123497556,19458.58815319262,0,0,0,0,1,1
38397.928563,0,90,0,3839,7,0,9,9,255,30,20,1,12,14,1,0,291,64.17383516998031,48.09415787914348,0,0,0,0,1,1
38424.928563,0,33,0,3842,4,0,15,15,255,20,20,1,12,14,1,0,291,1435.1350628793027,937.9355763531207,0,0,0,0,1,1
38426.928562999994,0,83,0,3842,6,0,4,4,255,10,20,1,12,14,0,1,291,141.53399952363594,0.6055351595804273,1,1,0,0,1,1
38438.928562999994,0,57,0,3843,8,0,5,5,255,30,20,1,12,14,1,0,291,2860.900348947437,2363.6422318797563,0,0,0,0,1,1
38444.928563,0,85,0,3844,4,0,16,16,255,30,20,1,12,14,0,1,291,197.99745527287067,124.47625576123004,0,0,0,0,1,1
38467.928563,0,55,0,3846,7,0,14,14,255,10,20,1,12,14,1,0,291,219.93996275511668,148.83535673077623,0,0,0,0,1,1
38497.928563,0,21,0,3849,7,0,2,2,255,10,20,1,12,14,1,0,291,946.8905266371239,772.5878042223983,0,0,0,0,1,1
38509.928563,0,22,0,3850,9,0,12,12,255,20,20,1,12,14,1,0,291,69.81114477658176,26.1141351909232,0,0,0,0,1,1
38524.928563,0,52,0,3852,4,0,15,15,255,20,20,1,12,14,1,0,291,525.5458056980772,463.12456864913185,0,0,0,0,1,1
38525.928563,0,92,0,3852,5,0,16,16,255,10,20,1,12,14,1,0,291,643.998629283628,2.797012055098954,0.0004,0,0,0,1,1
38538.928563,0,93,0,3853,8,0,5,5,255,30,20,1,12,14,1,0,291,161.55977348671703,129.71340673470868,0,0,0,0,1,1
38565.928563,0,7,0,3856,5,0,6,6,255,30,20,1,12,14,1,0,291,532.8618454044754,48.393411024120894,0,0,0,0,1,1
38567.928563,0,88,0,3856,7,0,14,14,255,10,20,1,12,14,1,0,291,1344.5834143198076,977.396570054349,0,0,0,0,1,1
38599.928563,0,39,0,3859,9,0,9,9,255,10,20,1,12,14,1,0,291,281.833708689173,0.4629767452412535,1,1,0,0,1,1
38608.928563,0,44,0,3860,8,0,2,2,255,30,20,1,12,14,0,1,291,198.83723549417545,0.35851398037883825,0.8690068,1,0,0,1,1
38609.928562999994,0,93,0,3860,9,0,4,4,255,20,20,1,12,14,1,0,291,717.4099723265618,664.0406219250959,0,0,0,0,1,1
38624.928562999994,0,90,0,3862,4,0,15,15,255,20,20,1,12,14,1,0,291,324.71134011496395,6.508884956273766,0,0,0,0,1,1
38627.928562999994,0,41,0,3862,7,0,12,12,255,0,20,1,12,14,0,1,291,161.5702966094932,27.910789187382058,0,0,0,0,1,1
38639.928563,0,21,0,3863,9,0,13,13,255,0,20,1,12,14,1,0,291,0.03669411835299857,0.026597112350205312,-1,1,1,1,1,1
38659.928563,0,45,0,3865,9,0,13,13,255,0,20,1,12,14,0,1,291,39246.97640299469,32674.520133589333,0,0,0,0,1,1
38667.928562999994,0,44,0,3866,7,0,14,14,255,10,20,1,12,14,1,0,291,56.07166106097831,48.616910582836134,0,0,0,0,1,1
38699.928563,0,14,0,3869,9,0,2,2,255,0,20,1,12,14,1,0,291,195.8155008303388,0.6766008009185158,1,1,0,0,1,1
38708.928563,0,11,0,3870,8,0,2,2,255,30,20,1,12,14,0,1,291,3401.2520116258556,3.1262682998112874,0,0,0,0,1,1
38709.928563,0,45,0,3870,9,0,4,4,255,20,20,1,12,14,1,0,291,288.3417645608414,68.45074547164965,0,0,0,0,1,1
38724.928563,0,65,0,3872,4,0,15,15,255,20,20,1,12,14,1,0,291,16811.967934839835,16296.685925040696,0,0,0,0,1,1
38726.928563,0,65,0,3872,6,0,4,4,255,10,20,1,12,14,0,1,291,0.010115742737886292,0.0008738043629681328,-1,1,1,1,1,1
38739.928563,0,47,0,3873,9,0,13,13,255,0,20,1,12,14,1,0,291,0.37731824042941875,0.23736701297382867,-1,1,1,1,1,1
38764.928563,0,31,0,3876,4,0,6,6,255,30,20,1,12,14,1,0,291,172.87662469490456,81.25426020849223,0,0,0,0,1,1
38789.928562999994,0,16,0,3878,9,0,3,3,255,20,20,1,12,14,1,0,291,990.552960711632,483.28627956476663,0,0,0,0,1,1
38799.928563,0,1,0,3879,9,0,2,2,255,0,20,1,12,14,1,0,291,12439.219947902151,300.5842072376465,0,0,0,0,1,1
38799.928563,0,92,0,3879,9,0,9,9,255,10,20,1,12,14,1,0,291,39.982730980734146,0.004627607522465793,1,1,0.002,0,1,1
38817.928563,0,31,0,3881,7,0,11,11,255,20,20,1,12,14,1,0,291,0.12255496517198756,0.061780986676719184,-1,1,1,1,1,1
38825.928563,0,18,0,3882,5,0,16,16,255,10,20,1,12,14,1,0,291,23.45840475479367,0.16980807336165454,1,1,0,0,1,1
38838.928563,0,4,0,3883,8,0,5,5,255,30,20,1,12,14,1,0,291,26508.458510771696,21071.701528032052,0,0,0,0,1,1
38839.928563,0,89,0,3883,9,0,13,13,255,0,20,1,12,14,1,0,291,54.91955613242958,32.16006285641407,0,0,0,0,1,1
38867.928563,0,66,0,3886,7,0,14,14,255,10,20,1,12,14,1,0,291,15204.123235483192,15060.476745958738,0,0,0,0,1,1
38898.928563,0,46,0,3889,8,0,4,4,255,10,20,1,12,14,1,0,291,230.74216350538876,66.05961836470506,0,0,0,0,1,1
38899.928563,0,66,0,3889,9,0,9,9,255,10,20,1,12,14,1,0,291,547.4274909870916,1.590533455988419,1,1,0,0,1,1
38908.928563,0,77,0,3890,8,0,9,9,255,20,20,1,12,14,0,1,291,0.9156265151991627,0.023521216355414102,-1,1,0.9361511,1,1,1
38924.928563,0,57,0,3892,4,0,15,15,255,20,20,1,12,14,1,0,291,67.09010710042836,30.787322656372165,0,0,0,0,1,1
38929.928562999994,0,37,0,3892,9,0,11,11,255,20,20,1,12,14,0,1,291,9.675102352301494,0.04750500578822144,0,0,0,0,1,1
38939.928563,0,54,0,3893,9,0,13,13,255,0,20,1,12,14,1,0,291,207.4544845571837,133.88375243678786,0,0,0,0,1,1
38967.928563,0,28,0,3896,7,0,14,14,255,10,20,1,12,14,1,0,291,370.303308819999,109.01494867667571,0,0,0,0,1,1
38998.928563,0,8,0,3899,8,0,4,4,255,10,20,1,12,14,1,0,291,606.6472537519945,313.7551285835273,0,0,0,0,1,1
38999.928562999994,0,47,0,3899,9,0,2,2,255,0,20,1,12,14,1,0,291,0.6020202991627046,2.7145688793125182e-05,-1,1,1,1,1,1
39008.928563,0,55,0,3900,8,0,3,3,255,0,20,1,12,14,0,1,291,21.56074796800768,4.343527899293759,0.0001,0,0,0,1,1
39024.928563,0,18,0,3902,4,0,15,15,255,20,20,1,12,14,1,0,291,18190.976086604227,17680.281564297456,0,0,0,0,1,1
39027.928563,0,23,0,3902,7,0,12,12,255,0,20,1,12,14,0,1,291,67.1047273561949,26.67582791835425,0,0,0,0,1,1
39039.928562999994,0,14,0,3903,9,0,13,13,255,0,20,1,12,14,1,0,291,5378.865248720316,3718.617743495616,0,0,0,0,1,1
39064.928563,0,86,0,3906,4,0,6,6,255,30,20,1,12,14,1,0,291,670.2599951272914,95.75308188044202,0,0,0,0,1,1
39089.928563,0,72,0,3908,9,0,3,3,255,20,20,1,12,14,1,0,291,755.7220436298844,676.0195203925206,0,0,0,0,1,1
39099.928563,0,32,0,3909,9,0,2,2,255,0,20,1,12,14,1,0,291,555.1527118470929,6.583110382548511,0,0,0,0,1,1
39108.928563,0,37,0,3910,8,0,2,2,255,30,20,1,12,14,0,1,291,60.567609193396905,0.061404900791406127,1,1,0,0,1,1
39117.928563,0,91,0,3911,7,0,11,11,255,20,20,1,12,14,1,0,291,1.1026024582484524,0.5905603380397324,1,1,0.002,0,1,1
39125.928563,0,71,0,3912,5,0,16,16,255,10,20,1,12,14,1,0,291,11620.238795176456,1261.6910759258499,0,0,0,0,1,1
39138.928563,0,94,0,3913,8,0,5,5,255,30,20,1,12,14,1,0,291,7836.0417779048075,3753.968942212785,0,0,0,0,1,1
39164.928562999994,0,70,0,3916,4,0,6,6,255,30,20,1,12,14,1,0,291,419.2264856863253,250.87082824146307,0,0,0,0,1,1
39189.928563,0,51,0,3918,9,0,3,3,255,20,20,1,12,14,1,0,291,313.47811020371466,28.450860323390256,0,0,0,0,1,1
39199.928563,0,21,0,3919,9,0,9,9,255,10,20,1,12,14,1,0,291,19.57017484870877,0.0028694423921409697,1,1,0.002,0,1,1
39208.928563,0,23,0,3920,8,0,9,9,255,20,20,1,12,14,0,1,291,28.497503878360483,1.2437642603786794,0.0001,0,0,0,1,1
39217.928563,0,64,0,3921,7,0,11,11,255,20,20,1,12,14,1,0,291,33.81854067282236,2.258297842987691,1,1,0,0,1,1
39229.928563,0,22,0,3922,9,0,11,11,255,20,20,1,12,14,0,1,291,8924.828696811495,8530.318651877842,0,0,0,0,1,1
39239.928563,0,69,0,3923,9,0,13,13,255,0,20,1,12,14,1,0,291,5.259155988824654,1.2061759596782107,1,1,0,0,1,1
39264.928563,0,23,0,3926,4,0,14,14,255,0,20,1,12,14,1,0,291,352.4701910143532,225.75969461555067,0,0,0,0,1,1
39289.928562999994,0,24,0,3928,9,0,3,3,255,20,20,1,12,14,1,0,291,7095.050507313472,6902.460397527572,0,0,0,0,1,1
39299.928563,0,6,0,3929,9,0,2,2,255,0,20,1,12,14,1,0,291,4253.897612578498,17.263591134688046,0,0,0,0,1,1
39299.928563,0,96,0,3929,9,0,2,2,255,0,20,1,12,14,1,0,291,1277.0569274815634,0.2949778867785585,1,1,0,0,1,1
39317.928563,0,31,0,3931,7,0,11,11,255,20,20,1,12,14,1,0,291,0.6291960103430323,0.031573953017067384,-1,1,1,1,1,1
39327.928563,0,64,0,3932,7,0,12,12,255,0,20,1,12,14,0,1,291,4356.899468234763,3107.828516602848,0,0,0,0,1,1
39339.928563,0,28,0,3933,9,0,13,13,255,0,20,1,12,14,1,0,291,24570.486312351684,20554.11501486856,0,0,0,0,1,1
39357.928563,0,52,0,3935,7,0,5,5,255,20,20,1,12,14,0,1,291,40.609227051246606,10.634263074143298,0,0,0,0,1,1
39368.928562999994,0,82,0,3936,8,0,6,6,255,10,20,1,12,14,1,0,291,445.37207854251153,146.11131245553983,0,0,0,0,1,1
39397.928563,0,62,0,3939,7,0,9,9,255,10,20,1,12,14,1,0,291,3364.6433364709037,2901.463456782968,0,0,0,0,1,1
39399.928563,0,51,0,3939,9,0,2,2,255,0,20,1,12,14,1,0,291,15801.727853303251,14535.347765611257,0,0,0,0,1,1
39409.928563,0,71,0,3940,9,0,9,9,255,0,20,1,12,14,0,1,291,0.05605282611206286,0.0063453986024450135,-1,1,1,1,1,1
39426.928562999994,0,71,0,3942,6,0,16,16,255,0,20,1,12,14,1,0,291,39642.58678160838,34009.7200603848,0,0,0,0,1,1
39429.928562999994,0,55,0,3942,9,0,15,15,255,0,20,1,12,14,1,0,291,57.49113061786686,34.71429834484022,0,0,0,0,1,1
39444.928563,0,17,0,3944,4,0,5,5,255,10,20,1,12,14,1,0,291,111.94692480766791,25.995047554146105,0,0,0,0,1,1
39464.928563,0,80,0,3946,4,0,14,14,255,0,20,1,12,14,1,0,291,330.0559602685039,11.058863338130344,0,0,0,0,1,1
39489.928563,0,66,0,3948,9,0,3,3,255,20,20,1,12,14,1,0,291,8555.193299379807,5102.33558205154,0,0,0,0,1,1
39498.928563,0,53,0,3949,8,0,4,4,255,10,20,1,12,14,1,0,291,951.1030878001309,575.4246433976052,0,0,0,0,1,1
39508.928563,0,42,0,3950,8,0,12,12,255,20,20,1,12,14,1,0,291,139.44860984723442,0.04977459007986868,1,1,0.002,0,1,1
39517.928563,0,73,0,3951,7,0,11,11,255,20,20,1,12,14,1,0,291,14.921483598032012,0.0046592496624728,1,1,0.002,0,1,1
39527.928563,0,68,0,3952,7,0,12,12,255,0,20,1,12,14,0,1,291,326.18092223635654,27.783113135977057,0.0001,0,0,0,1,1
39529.928563,0,96,0,3952,9,0,11,11,255,20,20,1,12,14,0,1,291,3719.7017872211372,2214.732378056257,0,0,0,0,1,1
39544.928563,0,85,0,3954,4,0,5,5,255,10,20,1,12,14,1,0,291,30086.56570144028,18484.914466258295,0,0,0,0,1,1
39568.928563,0,56,0,3956,8,0,6,6,255,10,20,1,12,14,1,0,291,867.81945119305,404.3327708371234,0,0,0,0,1,1
39597.928562999994,0,20,0,3959,7,0,9,9,255,10,20,1,12,14,1,0,291,246.7161540986866,112.18786655938916,0,0,0,0,1,1
39598.928563,0,26,0,3959,8,0,4,4,255,10,20,1,12,14,1,0,291,188.34399071841472,63.242875825677544,0,0,0,0,1,1
39609.928562999994,0,31,0,3960,9,0,9,9,255,0,20,1,12,14,0,1,291,0.04097019063191693,0.014305047815575133,-1,1,1,1,1,1
39626.928563,0,49,0,3962,6,0,16,16,255,0,20,1,12,14,1,0,291,3512.7918365347273,2989.260958195933,0,0,0,0,1,1
39629.928563,0,77,0,3962,9,0,11,11,255,20,20,1,12,14,0,1,291,31.972466478307098,11.565667952479783,0,0,0,0,1,1
39644.928563,0,54,0,3964,4,0,5,5,255,10,20,1,12,14,1,0,291,5239.57178121228,4816.926256054842,0,0,0,0,1,1
39668.928563,0,29,0,3966,8,0,6,6,255,10,20,1,12,14,1,0,291,5767.816590449665,3973.1234806389207,0,0,0,0,1,1
39697.928563,0,6,0,3969,7,0,9,9,255,10,20,1,12,14,1,0,291,10227.943461347626,10010.545623586573,0,0,0,0,1,1
39697.928563,0,96,0,3969,7,0,9,9,255,10,20,1,12,14,1,0,291,11895.748702984189,11594.932043327219,0,0,0,0,1,1
39708.928563,0,83,0,3970,8,0,12,12,255,20,20,1,12,14,1,0,291,1612.0196233357412,632.4385449296138,0,0,0,0,1,1
39726.928563,0,10,0,3972,6,0,16,16,255,0,20,1,12,14,1,0,291,551.3965504658321,219.04725998399687,0,0,0,0,1,1
39729.928563,0,61,0,3972,9,0,15,15,255,0,20,1,12,14,1,0,291,1332.5048158854156,1014.174095971507,0,0,0,0,1,1
39744.928563,0,24,0,3974,4,0,5,5,255,10,20,1,12,14,1,0,291,4309.7705750154255,3782.4746655127656,0,0,0,0,1,1
39764.928563,0,88,0,3976,4,0,14,14,255,0,20,1,12,14,1,0,291,98.37185094936322,67.71059002112221,0,0,0,0,1,1
39789.928562999994,0,71,0,3978,9,0,3,3,255,20,20,1,12,14,1,0,291,56.389930157674755,21.585467727465232,0,0,0,0,1,1
39797.928563,0,79,0,3979,7,0,9,9,255,10,20,1,12,14,1,0,291,1019.2291007493322,572.5368847705686,0,0,0,0,1,1
39808.928563,0,50,0,3980,8,0,12,12,255,20,20,1,12,14,1,0,291,526.7941337049729,427.1523370562025,0,0,0,0,1,1
39817.928563,0,77,0,3981,7,0,11,11,255,20,20,1,12,14,1,0,291,1611.2390009435069,7.478206756553672,0,0,0,0,1,1
39826.928563,0,59,0,3982,6,0,16,16,255,0,20,1,12,14,1,0,291,52.45622381116472,11.499625912611481,0,0,0,0,1,1
39839.928563,0,80,0,3983,9,0,13,13,255,0,20,1,12,14,1,0,291,236.39719574224173,85.96886593641885,0,0,0,0,1,1
39867.928563,0,15,0,3986,7,0,14,14,255,30,20,1,12,14,1,0,291,0.14421507795341618,0.03353607975199935,-1,1,1,1,1,1
39879.928563,0,1,0,3987,9,0,3,3,255,30,20,1,12,14,1,0,291,728.6915459468544,360.6855047401998,0,0,0,0,1,1
39886.928563,0,7,0,3988,6,0,3,3,255,20,20,1,12,14,0,1,291,0.41675362965251467,0.34448716881371527,-1,1,1,1,1,1
39897.928563,0,72,0,3989,7,0,9,9,255,10,20,1,12,14,1,0,291,100.56314873022568,64.85882936931817,0,0,0,0,1,1
39919.928563,0,32,0,3991,9,0,11,11,255,20,20,1,12,14,1,0,291,0.5972470216169976,0.19997120269235738,-1,1,1,1,1,1
39926.928562999994,0,13,0,3992,6,0,11,11,255,30,20,1,12,14,0,1,291,0.061283147311897726,0.0019821651385859185,-1,1,1,1,1,1
39929.928562999994,0,42,0,3992,9,0,12,12,255,0,20,1,12,14,0,1,291,303.0795946650703,258.0384859599364,0.0001,0,0,0,1,1
39945.928563,0,42,0,3994,5,0,5,5,255,10,20,1,12,14,1,0,291,443.1321690874221,209.452384328779,0,0,0,0,1,1
39967.928563,0,63,0,3996,7,0,14,14,255,30,20,1,12,14,1,0,291,2.851908130956899,2.455161107809034,1,1,0,0,1,1
39979.928563,0,51,0,3997,9,0,3,3,255,30,20,1,12,14,1,0,291,497.1597448034478,196.87695682615706,0,0,0,0,1,1
39997.928563,0,10,0,3999,7,0,2,2,255,30,20,1,12,14,1,0,291,5972.683899276686,5528.090869076742,0,0,0,0,1,1
39998.928563,0,7,0,3999,8,0,4,4,255,10,20,1,12,14,1,0,291,1669.989211083404,1437.3726352485644,0,0,0,0,1,1
40019.928563,0,79,0,4001,9,0,11,11,255,20,20,1,12,14,1,0,291,1.939258456501299,0.1594766954062859,1,1,0.002,0,1,1
40026.928563,0,41,0,4002,6,0,16,16,255,0,20,1,12,14,1,0,291,1704.7067840703735,724.8549197267456,0,0,0,0,1,1
40039.928562999994,0,56,0,4003,9,0,13,13,255,0,20,1,12,14,1,0,291,4015.705239280515,2841.265317325053,0,0,0,0,1,1
40046.928563,0,92,0,4004,6,0,16,16,255,0,20,1,12,14,0,1,291,0.14857060179800882,0.08009221512325869,-1,1,1,1,1,1
40068.928563,0,75,0,4006,8,0,6,6,255,10,20,1,12,14,1,0,291,149.56945288518705,48.3466233713586,0,0,0,0,1,1
40084.928563,0,76,0,4008,4,0,14,14,255,20,20,1,12,14,0,1,291,4.240793417410951,2.6228841020823785,0.8690068,1,0,0,1,1
40099.928563,0,9,0,4009,9,0,4,4,255,20,20,1,12,14,1,0,291,94554.86443717251,75380.4880791814,0,0,0,0,1,1
40109.928562999994,0,77,0,4010,9,0,9,9,255,0,20,1,12,14,0,1,291,661.1473202162899,554.4604989828032,0,0,0,0,1,1
40125.928563,0,83,0,4012,5,0,15,15,255,20,20,1,12,14,1,0,291,336.10425134354966,6.068299330393636,0,0,0,0,1,1
40129.928563,0,74,0,4012,9,0,12,12,255,0,20,1,12,14,0,1,291,462.99445340972017,322.6844248482483,0.0001,0,0,0,1,1
40145.928563,0,75,0,4014,5,0,5,5,255,10,20,1,12,14,1,0,291,5175.046698984257,4020.286353693165,0,0,0,0,1,1
40167.928562999994,0,96,0,4016,7,0,14,14,255,30,20,1,12,14,1,0,291,7602.914554324183,5633.917712507458,0,0,0,0,1,1
40179.928562999994,0,85,0,4017,9,0,3,3,255,30,20,1,12,14,1,0,291,83.95994974241503,49.9094648237002,0,0,0,0,1,1
40198.928563,0,74,0,4019,8,0,9,9,255,30,20,1,12,14,1,0,291,83.42217608861516,76.05997399765509,0,0,0,0,1,1
40199.928563,0,80,0,4019,9,0,2,2,255,0,20,1,12,14,1,0,291,2379.5922469338934,2108.719416659998,0,0,0,0,1,1
40225.928562999994,0,39,0,4022,5,0,15,15,255,20,20,1,12,14,1,0,291,118.85172200856962,79.28178743038308,0,0,0,0,1,1
40226.928563,0,74,0,4022,6,0,16,16,255,0,20,1,12,14,1,0,291,563.6672058636145,413.90073636449887,0,0,0,0,1,1
40245.928563,0,23,0,4024,5,0,5,5,255,10,20,1,12,14,1,0,291,2439.79496432748,2382.8598300147196,0,0,0,0,1,1
40267.928563,0,41,0,4026,7,0,14,14,255,30,20,1,12,14,1,0,291,2608.7896189036005,2145.513050041361,0,0,0,0,1,1
40279.928563,0,29,0,4027,9,0,3,3,255,30,20,1,12,14,1,0,291,109.02323805092881,89.55033808733157,0,0,0,0,1,1
40298.928562999994,0,15,0,4029,8,0,9,9,255,30,20,1,12,14,1,0,291,13509.0664526854,11382.00234460056,0,0,0,0,1,1
40299.928563,0,51,0,4029,9,0,4,4,255,20,20,1,12,14,1,0,291,3367.6414800571997,2754.107566949233,0,0,0,0,1,1
40319.928563,0,81,0,4031,9,0,12,12,255,20,20,1,12,14,1,0,291,6.435659909666372,4.576177681333796,1,1,0,0,1,1
40326.928563,0,42,0,4032,6,0,16,16,255,0,20,1,12,14,1,0,291,150.43516980422956,103.20438511388171,0,0,0,0,1,1
40338.928563,0,60,0,4033,8,0,13,13,255,0,20,1,12,14,1,0,291,63.74198997432289,4.572137432529667,0,0,0,0,1,1
40346.928563,0,84,0,4034,6,0,16,16,255,0,20,1,12,14,0,1,291,6.386851813899678,0.021494759629042095,-1,1,0.9361511,1,1,1
40368.928562999994,0,75,0,4036,8,0,6,6,255,10,20,1,12,14,1,0,291,117.2728790704331,74.62948940281179,0,0,0,0,1,1
40386.928563,0,31,0,4038,6,0,3,3,255,20,20,1,12,14,0,1,291,0.475251531469434,0.2348324659570811,-1,1,1,1,1,1
40399.928563,0,31,0,4039,9,0,2,2,255,0,20,1,12,14,1,0,291,2766.739763829747,2028.5040193213604,0,0,0,0,1,1
40419.928563,0,39,0,4041,9,0,12,12,255,20,20,1,12,14,1,0,291,2.85475376293313,0.00698100129561469,1,1,0.002,0,1,1
40425.928563,0,63,0,4042,5,0,16,16,255,0,20,1,12,14,1,0,291,0.5052160848268243,0.18255092304811996,-1,1,1,1,1,1
40438.928562999994,0,16,0,4043,8,0,13,13,255,0,20,1,12,14,1,0,291,1161.0338716454503,17.224227562093045,0,0,0,0,1,1
40445.928563,0,15,0,4044,5,0,5,5,255,10,20,1,12,14,1,0,291,888.4563812250324,421.99904673041254,0,0,0,0,1,1
40467.928563,0,95,0,4046,7,0,14,14,255,30,20,1,12,14,1,0,291,243.23068698781475,112.49926764379559,0,0,0,0,1,1
40479.928563,0,83,0,4047,9,0,3,3,255,30,20,1,12,14,1,0,291,398.30689785869816,278.9545289915652,0,0,0,0,1,1
40498.928563,0,78,0,4049,8,0,9,9,255,30,20,1,12,14,1,0,291,10422.46705540036,6750.228741651082,0,0,0,0,1,1
40499.928562999994,0,82,0,4049,9,0,4,4,255,20,20,1,12,14,1,0,291,103.19699819654731,37.91442308949167,0,0,0,0,1,1
40519.928563,0,50,0,4051,9,0,11,11,255,20,20,1,12,14,1,0,291,250.24075722427642,108.56763556767976,0,0,0,0,1,1
40525.928563,0,68,0,4052,5,0,15,15,255,20,20,1,12,14,1,0,291,15.495810358846295,10.89377080354449,0,0,0,0,1,1
40544.928563,0,77,0,4054,4,0,16,16,255,10,20,1,12,14,0,1,291,533.5613790419917,273.5540274298231,0,0,0,0,1,1
40567.928563,0,74,0,4056,7,0,14,14,255,30,20,1,12,14,1,0,291,1272.4275818831834,888.3615731197598,0,0,0,0,1,1
40579.928563,0,62,0,4057,9,0,3,3,255,30,20,1,12,14,1,0,291,7102.753683642792,6781.459194644546,0,0,0,0,1,1
40598.928563,0,53,0,4059,8,0,9,9,255,30,20,1,12,14,1,0,291,2678.565035118127,1570.100300130966,0,0,0,0,1,1
40599.928563,0,70,0,4059,9,0,2,2,255,0,20,1,12,14,1,0,291,945.5992920438669,634.1702240526561,0,0,0,0,1,1
40619.928563,0,25,0,4061,9,0,11,11,255,20,20,1,12,14,1,0,291,21061.462030077775,7404.577394310017,0,0,0,0,1,1
40625.928563,0,56,0,4062,5,0,15,15,255,20,20,1,12,14,1,0,291,3408.3452132757834,3164.611415928689,0,0,0,0,1,1
40638.928563,0,91,0,4063,8,0,13,13,255,0,20,1,12,14,1,0,291,1502.3984312455036,1144.7543189188168,0,0,0,0,1,1
40665.928563,0,61,0,4066,5,0,6,6,255,10,20,1,12,14,1,0,291,2830.9267791291427,2570.8836158096924,0,0,0,0,1,1
40679.928562999994,0,47,0,4067,9,0,3,3,255,30,20,1,12,14,1,0,291,12.460541249748267,8.373557738162502,0,0,0,0,1,1
40698.928563,0,46,0,4069,8,0,9,9,255,30,20,1,12,14,1,0,291,4560.851987935042,3491.847052852539,0,0,0,0,1,1
40699.928563,0,66,0,4069,9,0,4,4,255,20,20,1,12,14,1,0,291,497.4572746734675,105.88796089403776,0,0,0,0,1,1
40719.928563,0,19,0,4071,9,0,11,11,255,20,20,1,12,14,1,0,291,142.55305534960195,66.7533195061925,0,0,0,0,1,1
40725.928562999994,0,52,0,4072,5,0,15,15,255,20,20,1,12,14,1,0,291,8268.0818291258,3598.394992711244,0,0,0,0,1,1
40738.928563,0,86,0,4073,8,0,13,13,255,0,20,1,12,14,1,0,291,427.7787778106773,102.60296857859066,0,0,0,0,1,1
40765.928563,0,45,0,4076,5,0,6,6,255,10,20,1,12,14,1,0,291,201.9626706592228,141.62524457357907,0,0,0,0,1,1
40779.928563,0,35,0,4077,9,0,3,3,255,30,20,1,12,14,1,0,291,5666.391155323312,2888.1906258022036,0,0,0,0,1,1
40798.928562999994,0,12,0,4079,8,0,9,9,255,30,20,1,12,14,1,0,291,33237.84738336494,29430.23856227062,0,0,0,0,1,1
40799.928563,0,10,0,4079,9,0,2,2,255,0,20,1,12,14,1,0,291,1037.9225838248287,697.6839821977208,0,0,0,0,1,1
40809.928563,0,93,0,4080,9,0,12,12,255,0,20,1,12,14,1,0,291,140.64141683666597,0.5329837413068761,0,0,0,0,1,1
40825.928563,0,39,0,4082,5,0,16,16,255,0,20,1,12,14,1,0,291,222.01502592682158,56.93831354320903,0,0,0,0,1,1
40838.928563,0,62,0,4083,8,0,13,13,255,0,20,1,12,14,1,0,291,24080.88455614378,16514.02557927046,0,0,0,0,1,1
40865.928562999994,0,22,0,4086,5,0,6,6,255,10,20,1,12,14,1,0,291,287.4737156259395,189.17759986657978,0,0,0,0,1,1
40879.928563,0,10,0,4087,9,0,3,3,255,30,20,1,12,14,1,0,291,1017.3447203965306,508.79864756614523,0,0,0,0,1,1
40897.928563,0,4,0,4089,7,0,9,9,255,30,20,1,12,14,1,0,291,8334.640002769072,4364.893756114338,0,0,0,0,1,1
40898.928563,0,87,0,4089,8,0,4,4,255,0,20,1,12,14,1,0,291,55.520119319355295,0.2251493326083249,0.0004,0,0,0,1,1
40909.928563,0,39,0,4090,9,0,12,12,255,0,20,1,12,14,1,0,291,2133.156084795733,827.3672975218169,0,0,0,0,1,1
40925.928563,0,12,0,4092,5,0,15,15,255,20,20,1,12,14,1,0,291,151.20328821444878,105.98872764029954,0,0,0,0,1,1
40938.928562999994,0,7,0,4093,8,0,13,13,255,0,20,1,12,14,1,0,291,121.7719975420425,1.8536042935682833,0,0,0,0,1,1
40944.928563,0,74,0,4094,4,0,5,5,255,30,20,1,12,14,1,0,291,568.4335426365367,456.8625559595592,0,0,0,0,1,1
40967.928563,0,45,0,4096,7,0,14,14,255,30,20,1,12,14,1,0,291,82.38411755520903,62.429992659643254,0,0,0,0,1,1
40984.928562999994,0,67,0,4098,4,0,14,14,255,20,20,1,12,14,0,1,291,0.1474704917158957,0.01478327700154855,-1,1,1,1,1,1
40997.928563,0,63,0,4099,7,0,2,2,255,10,20,1,12,14,1,0,291,160.63881618598322,24.447945230073667,0,0,0,0,1,1
41005.928562999994,0,26,0,4100,5,0,9,9,255,20,20,1,12,14,0,1,291,0.07942633932789196,0.01916141423841777,-1,1,1,1,1,1
41019.928563,0,57,0,4101,9,0,11,11,255,20,20,1,12,14,1,0,291,0.05527334487814226,0.014870739918619159,-1,1,1,1,1,1
41025.928563,0,73,0,4102,5,0,15,15,255,20,20,1,12,14,1,0,291,12.591498893790442,0.07319416835908052,1,1,0,0,1,1
41038.928563,0,96,0,4103,8,0,13,13,255,0,20,1,12,14,1,0,291,1203.9693264065822,408.24431531576545,0,0,0,0,1,1
41065.928563,0,58,0,4106,5,0,6,6,255,10,20,1,12,14,1,0,291,81.15393057290382,42.956924561629634,0,0,0,0,1,1
41087.928563,0,42,0,4108,7,0,3,3,255,0,20,1,12,14,1,0,291,150.93544557234594,91.89941364921127,0,0,0,0,1,1
41097.928563,0,63,0,4109,7,0,2,2,255,10,20,1,12,14,1,0,291,37.594391346475504,5.13462746008808,0,0,0,0,1,1
41105.928563,0,36,0,4110,5,0,9,9,255,20,20,1,12,14,0,1,291,1.1952743636588379,0.0686952534144009,1,1,0.002,0,1,1
41119.928563,0,56,0,4111,9,0,11,11,255,20,20,1,12,14,1,0,291,3.6270951204685935,1.6708194635328744,1,1,0,0,1,1
41126.928563,0,73,0,4112,6,0,16,16,255,30,20,1,12,14,1,0,291,1707.0952555260033,1006.267200002015,0,0,0,0,1,1
41144.928563,0,61,0,4114,4,0,5,5,255,30,20,1,12,14,1,0,291,493.64188404185705,305.89002599832526,0,0,0,0,1,1
41165.928563,0,62,0,4116,5,0,6,6,255,10,20,1,12,14,1,0,291,363.8650604769828,238.39017695490034,0,0,0,0,1,1
41187.928563,0,46,0,4118,7,0,3,3,255,0,20,1,12,14,1,0,291,451.5930513487248,71.63757767377392,0,0,0,0,1,1
41197.928563,0,65,0,4119,7,0,2,2,255,10,20,1,12,14,1,0,291,29604.354424111654,27327.599951023287,0,0,0,0,1,1
41205.928563,0,33,0,4120,5,0,9,9,255,20,20,1,12,14,0,1,291,0.06748398068258868,0.043840310148913916,-1,1,1,1,1,1
41219.928563,0,41,0,4121,9,0,11,11,255,20,20,1,12,14,1,0,291,0.07026981480190483,0.041956769613775126,-1,1,1,1,1,1
41226.928563,0,41,0,4122,6,0,16,16,255,30,20,1,12,14,1,0,291,904.9782276876024,445.25028274735524,0,0,0,0,1,1
41244.928563,0,35,0,4124,4,0,5,5,255,30,20,1,12,14,1,0,291,130.54402745221344,42.671919214502815,0,0,0,0,1,1
41264.928563,0,88,0,4126,4,0,14,14,255,0,20,1,12,14,1,0,291,3892.929670182724,2250.7035595730854,0,0,0,0,1,1
41287.928563,0,74,0,4128,7,0,3,3,255,0,20,1,12,14,1,0,291,5389.200548982138,4553.933341839491,0,0,0,0,1,1
41297.928563,0,79,0,4129,7,0,2,2,255,10,20,1,12,14,1,0,291,780.3600604515577,4.445916049644126,0,0,0,0,1,1
41305.928563,0,93,0,4130,5,0,9,9,255,20,20,1,12,14,0,1,291,0.6544213232374714,0.009864460960971879,-1,1,1,1,1,1
41317.928563,0,73,0,4131,7,0,11,11,255,30,20,1,12,14,1,0,291,38.1748025274144,17.06028291109879,0,0,0,0,1,1
41326.928563,0,59,0,4132,6,0,16,16,255,30,20,1,12,14,1,0,291,168.08092732540365,66.58387924739688,0,0,0,0,1,1
41344.928563,0,44,0,4134,4,0,5,5,255,30,20,1,12,14,1,0,291,841.4036799838404,682.7269846992185,0,0,0,0,1,1
41365.928562999994,0,22,0,4136,5,0,6,6,255,10,20,1,12,14,1,0,291,1744.169128595723,1286.3554803296988,0,0,0,0,1,1
41397.928563,0,4,0,4139,7,0,2,2,255,10,20,1,12,14,1,0,291,15129.675285895271,6272.251685501479,0,0,0,0,1,1
41397.928563,0,93,0,4139,7,0,9,9,255,30,20,1,12,14,1,0,291,182.124631824932,10.995570928095793,0,0,0,0,1,1
41409.928563,0,38,0,4140,9,0,12,12,255,0,20,1,12,14,1,0,291,1323.2178166829615,166.00392818511,0,0,0,0,1,1
41424.928563,0,21,0,4142,4,0,15,15,255,10,20,1,12,14,1,0,291,319.47525465789334,235.52806748828712,0,0,0,0,1,1
41438.928562999994,0,9,0,4143,8,0,13,13,255,0,20,1,12,14,1,0,291,34525.149055133676,32499.462716079306,0,0,0,0,1,1
41444.928563,0,92,0,4144,4,0,5,5,255,30,20,1,12,14,1,0,291,1158.174220119507,595.0919229297832,0,0,0,0,1,1
41464.928563,0,69,0,4146,4,0,14,14,255,0,20,1,12,14,1,0,291,339.8488539242974,120.58868762536368,0,0,0,0,1,1
41487.928562999994,0,46,0,4148,7,0,3,3,255,0,20,1,12,14,1,0,291,166.60472009306847,157.1808181820871,0,0,0,0,1,1
41497.928563,0,65,0,4149,7,0,2,2,255,10,20,1,12,14,1,0,291,2082.9967986949355,1241.703834756247,0,0,0,0,1,1
41505.928562999994,0,35,0,4150,5,0,9,9,255,20,20,1,12,14,0,1,291,0.40427106269217294,0.2516929991937086,-1,1,1,1,1,1
41517.928563,0,24,0,4151,7,0,18,18,255,0,20,1,12,14,1,0,291,1833965430.7959557,632232350.8036668,0,0,0,0,1,1
41524.928563,0,33,0,4152,4,0,15,15,255,10,20,1,12,14,1,0,291,267.188523512149,222.49385461508888,0,0,0,0,1,1
41538.928563,0,58,0,4153,8,0,13,13,255,0,20,1,12,14,1,0,291,2588.423319726205,1807.6384901781787,0,0,0,0,1,1
41559.928563,0,27,0,4155,9,0,17,17,255,10,20,1,12,14,1,0,291,762.4008167866724,516.0883669396187,0,0,0,0,1,1
41565.928563,0,15,0,4156,5,0,6,6,255,10,20,1,12,14,1,0,291,1030.5504971996274,698.0646891067748,0,0,0,0,1,1
41587.928563,0,92,0,4158,7,0,3,3,255,0,20,1,12,14,1,0,291,1944.7664323841,28.66055820352712,0,0,0,0,1,1
41598.928563,0,80,0,4159,8,0,4,4,255,0,20,1,12,14,1,0,291,1922.877630523096,906.4480663299256,0,0,0,0,1,1
41609.928562999994,0,64,0,4160,9,0,12,12,255,0,20,1,12,14,1,0,291,1066.5804141323265,30.2910851761756,0,0,0,0,1,1
41617.928563,0,74,0,4161,7,0,18,18,255,0,20,1,12,14,1,0,291,387875139.82090396,356065869.2669395,0,0,0,0,1,1
41626.928563,0,66,0,4162,6,0,16,16,255,30,20,1,12,14,1,0,291,290.54722815340733,56.24425225462433,0,0,0,0,1,1
41638.928563,0,15,0,4163,8,0,12,12,255,20,20,1,12,14,0,1,291,2850.6898752782845,2328.6918946650944,0,0,0,0,1,1
41657.928563,0,39,0,4165,7,0,5,5,255,20,20,1,12,14,0,1,291,0.11930456959826514,0.002092529427465388,-1,1,1,1,1,1
41664.928562999994,0,84,0,4166,4,0,14,14,255,0,20,1,12,14,1,0,291,289.9423126794346,56.647462281627455,0,0,0,0,1,1
41687.928563,0,64,0,4168,7,0,3,3,255,0,20,1,12,14,1,0,291,209.628749617952,161.00537111183624,0,0,0,0,1,1
41698.928563,0,52,0,4169,8,0,4,4,255,0,20,1,12,14,1,0,291,466.0887927251397,218.64333500210452,0,0,0,0,1,1
41708.928563,0,38,0,4170,8,0,12,12,255,30,20,1,12,14,1,0,291,0.030987991806419885,0.020718639594591803,-1,1,1,1,1,1
41717.928563,0,61,0,4171,7,0,18,18,255,0,20,1,12,14,1,0,291,313.17596451279377,257.2178384762322,0,0,0,0,1,1
41726.928563,0,8,0,4172,6,0,12,12,255,10,20,1,12,14,0,1,291,0.07074098850933652,0.022059386191827943,-1,1,1,1,1,1
41728.928562999994,0,79,0,4172,8,0,11,11,255,30,20,1,12,14,0,1,291,1493.363014913075,1038.22702295371,0,0,0,0,1,1
41744.928563,0,77,0,4174,4,0,5,5,255,30,20,1,12,14,1,0,291,111.78397511629339,46.13016411666342,0,0,0,0,1,1
41765.928563,0,74,0,4176,5,0,13,13,255,30,20,1,12,14,0,1,291,421.71735531407177,137.83840977464953,0,0,0,0,1,1
41769.928563,0,65,0,4176,9,0,6,6,255,20,20,1,12,14,1,0,291,2631.0801469550092,2152.635396220974,0,0,0,0,1,1
41787.928563,0,81,0,4178,7,0,3,3,255,0,20,1,12,14,1,0,291,41.964779184504195,3.9139951476269896,0,0,0,0,1,1
41798.928562999994,0,70,0,4179,8,0,4,4,255,0,20,1,12,14,1,0,291,3493.745407251423,3120.216230481074,0,0,0,0,1,1
41808.928563,0,54,0,4180,8,0,12,12,255,30,20,1,12,14,1,0,291,23.605923464310365,2.8736094662652425,0.8184713,1,0,0,1,1
41817.928563,0,70,0,4181,7,0,18,18,255,0,20,1,12,14,1,0,291,73078678.76199596,57921012.374464974,0,0,0,0,1,1
41826.928563,0,29,0,4182,6,0,16,16,255,30,20,1,12,14,1,0,291,16.642786858884115,6.107347897750666,0,0,0,0,1,1
41837.928563,0,26,0,4183,7,0,13,13,255,20,20,1,12,14,1,0,291,22.434708557558512,0.07081186340892578,1,1,0,0,1,1
41847.928562999994,0,44,0,4184,7,0,16,16,255,0,20,1,12,14,0,1,291,7438.149859370955,6650.967357301479,0,0,0,0,1,1
41866.928563,0,12,0,4186,6,0,14,14,255,20,20,1,12,14,1,0,291,14175.740598292363,9.214976658887297,0,0,0,0,1,1
41869.928563,0,88,0,4186,9,0,6,6,255,20,20,1,12,14,1,0,291,11970.3505520773,9541.709252232187,0,0,0,0,1,1
41898.928563,0,17,0,4189,8,0,4,4,255,0,20,1,12,14,1,0,291,90.27314513867934,66.75085571456584,0,0,0,0,1,1
41906.928563,0,6,0,4190,6,0,9,9,255,30,20,1,12,14,1,0,291,0.002196600665391986,0.00017081610759210245,-1,1,1,1,1,1
41908.928563,0,90,0,4190,8,0,12,12,255,30,20,1,12,14,1,0,291,0.04947167338610841,0.007298454996897685,-1,1,1,1,1,1
41917.928562999994,0,76,0,4191,7,0,11,11,255,30,20,1,12,14,1,0,291,548.6350340045767,0.38485132456408144,1,1,0,0,1,1
41926.928562999994,0,30,0,4192,6,0,16,16,255,30,20,1,12,14,1,0,291,4.82137879525471,0.5649835717786099,1,1,0,0,1,1
41937.928563,0,4,0,4193,7,0,13,13,255,20,20,1,12,14,1,0,291,5604.077825103852,160.48872646859996,0,0,0,0,1,1
41938.928562999994,0,90,0,4193,8,0,5,5,255,10,20,1,12,14,1,0,291,2907.624370712307,2267.921616586789,0,0,0,0,1,1
41966.928563,0,2,0,4196,6,0,14,14,255,20,20,1,12,14,1,0,291,6283.806784586089,0.6097968918391269,1,1,0,0,1,1
41969.928563,0,82,0,4196,9,0,6,6,255,20,20,1,12,14,1,0,291,6956.327293718101,6545.381622451388,0,0,0,0,1,1
41987.928562999994,0,92,0,4198,7,0,3,3,255,0,20,1,12,14,1,0,291,7405.364467456825,5040.2764737842035,0,0,0,0,1,1
41999.928562999994,0,81,0,4199,9,0,2,2,255,30,20,1,12,14,1,0,291,401.52071713515363,267.32153388430555,0,0,0,0,1,1
42008.928563,0,70,0,4200,8,0,12,12,255,30,20,1,12,14,1,0,291,0.1634872606758863,0.10314295510169995,-1,1,1,1,1,1
42017.928563,0,67,0,4201,7,0,11,11,255,30,20,1,12,14,1,0,291,60.38694610583491,0.00346827883545448,1,1,0.002,0,1,1
42027.928563,0,25,0,4202,7,0,15,15,255,0,20,1,12,14,1,0,291,1.0478978870194073,0.8962983799289128,1,1,0.002,0,1,1
42037.928563,0,28,0,4203,7,0,13,13,255,20,20,1,12,14,1,0,291,8947.850927578944,32.4600808786552,0,0,0,0,1,1
42044.928563,0,19,0,4204,4,0,16,16,255,0,20,1,12,14,0,1,291,94.73590738419368,75.35755224325983,0,0,0,0,1,1
42059.928563,0,51,0,4205,9,0,17,17,255,10,20,1,12,14,1,0,291,10.91636334670022,4.591006217521725,0.0256,0,0,0,1,1
42066.928562999994,0,78,0,4206,6,0,14,14,255,20,20,1,12,14,1,0,291,415.70599909267185,1.4682391585377697,1,1,0,0,1,1
42086.928563,0,86,0,4208,6,0,14,14,255,0,20,1,12,14,0,1,291,5.380961853788803,2.969907916784988,0.0535,0,0,0,1,1
42099.928563,0,80,0,4209,9,0,2,2,255,30,20,1,12,14,1,0,291,23.174041912327247,5.1420947783557045,0,0,0,0,1,1
42106.928562999994,0,68,0,4210,6,0,9,9,255,30,20,1,12,14,1,0,291,91.02277810212084,22.412423627276397,0,0,0,0,1,1
42117.928563,0,27,0,4211,7,0,18,18,255,0,20,1,12,14,1,0,291,460.95788163231236,262.0036714858584,0,0,0,0,1,1
42117.928563,0,96,0,4211,7,0,9,9,255,20,20,1,12,14,0,1,291,0.005336470223052209,0.00391447498280277,-1,1,1,1,1,1
42128.928563,0,10,0,4212,8,0,11,11,255,30,20,1,12,14,0,1,291,1119.0999631792206,391.26157718114894,0,0,0,0,1,1
42138.928563,0,12,0,4213,8,0,5,5,255,10,20,1,12,14,1,0,291,92.43940596524213,31.119496510204545,0,0,0,0,1,1
42159.928563,0,54,0,4215,9,0,17,17,255,10,20,1,12,14,1,0,291,16474026.142685011,12292636.354715655,0,0,0,0,1,1
42166.928563,0,81,0,4216,6,0,14,14,255,20,20,1,12,14,1,0,291,154.69189522348776,1.1517971011676933,1,1,0,0,1,1
42187.928563,0,9,0,4218,7,0,3,3,255,0,20,1,12,14,1,0,291,32111.563839002203,30769.210297902337,0,0,0,0,1,1
42199.928563,0,93,0,4219,9,0,2,2,255,30,20,1,12,14,1,0,291,290.1196860047839,221.81250651777395,0,0,0,0,1,1
42206.928563,0,81,0,4220,6,0,9,9,255,30,20,1,12,14,1,0,291,1.4580383141467044,0.824002981832192,1,1,0,0,1,1
42217.928563,0,32,0,4221,7,0,18,18,255,0,20,1,12,14,1,0,291,164772.80356268372,140990.11155158596,0,0,0,0,1,1
42226.928563,0,40,0,4222,6,0,12,12,255,10,20,1,12,14,0,1,291,173.4132174243161,38.11578292774693,0,0,0,0,1,1
42228.928562999994,0,67,0,4222,8,0,11,11,255,30,20,1,12,14,0,1,291,473.5448502450481,338.759009485466,0,0,0,0,1,1
42238.928563,0,63,0,4223,8,0,5,5,255,10,20,1,12,14,1,0,291,7495.001807186495,6793.099487952367,0,0,0,0,1,1
42259.928563,0,4,0,4225,9,0,17,17,255,10,20,1,12,14,1,0,291,3638.363510482318,2576.560169331445,0,0,0,0,1,1
42266.928563,0,31,0,4226,6,0,14,14,255,20,20,1,12,14,1,0,291,3273.358040620456,0.00042057210594424207,1,1,0.002,0,1,1
42286.928563,0,22,0,4228,6,0,14,14,255,0,20,1,12,14,0,1,291,641.8045190361788,375.6168241014019,0,0,0,0,1,1
42299.928563,0,36,0,4229,9,0,2,2,255,30,20,1,12,14,1,0,291,1851.352131122448,1507.5322106890726,0,0,0,0,1,1
42306.928563,0,25,0,4230,6,0,9,9,255,30,20,1,12,14,1,0,291,0.04430989069320236,0.003867173859706268,-1,1,1,1,1,1
42317.928563,0,7,0,4231,7,0,18,18,255,0,20,1,12,14,1,0,291,106.15580867043033,19.41645342020771,0,0,0,0,1,1
42317.928563,0,84,0,4231,7,0,11,11,255,30,20,1,12,14,1,0,291,43.463090012399576,0.04740571073346821,1,1,0.002,0,1,1
42328.928563,0,34,0,4232,8,0,11,11,255,30,20,1,12,14,0,1,291,455.3497463663558,345.25790031807884,0,0,0,0,1,1
42338.928563,0,35,0,4233,8,0,5,5,255,10,20,1,12,14,1,0,291,3796.5533709400015,2941.32612170889,0,0,0,0,1,1
42347.928563,0,52,0,4234,7,0,15,15,255,30,20,1,12,14,0,1,291,153.60444356861393,57.05467411398489,0,0,0,0,1,1
42366.928563,0,3,0,4236,6,0,14,14,255,20,20,1,12,14,1,0,291,3060.9556242639915,1.1039575586462775,1,1,0,0,1,1
42369.928563,0,85,0,4236,9,0,6,6,255,20,20,1,12,14,1,0,291,314.8716086952815,130.3815402588213,0,0,0,0,1,1
42399.928563,0,7,0,4239,9,0,2,2,255,30,20,1,12,14,1,0,291,6699.901578209673,5228.4143093753455,0,0,0,0,1,1
42404.928563,0,89,0,4240,4,0,4,4,255,30,20,1,12,14,1,0,291,649.0263623660334,234.1276094711781,0,0,0,0,1,1
42408.928563,0,80,0,4240,8,0,12,12,255,30,20,1,12,14,1,0,291,0.019515352090813138,0.014922198528497198,-1,1,1,1,1,1
42417.928562999994,0,72,0,4241,7,0,11,11,255,30,20,1,12,14,1,0,291,13.63969775893958,0.2970841135479531,1,1,0,0,1,1
42428.928563,0,4,0,4242,8,0,11,11,255,30,20,1,12,14,0,1,291,250.51036737919625,147.36429883151771,0,0,0,0,1,1
42438.928562999994,0,54,0,4243,8,0,5,5,255,10,20,1,12,14,1,0,291,719.928733523995,84.54452066422981,0,0,0,0,1,1
42444.928563,0,84,0,4244,4,0,19,19,255,30,20,1,12,14,1,0,291,13505327.356788168,7245917.966480009,0,0,0,0,1,1
42466.928563,0,16,0,4246,6,0,14,14,255,20,20,1,12,14,1,0,291,4.317293419298356,0.02451520799252661,1,1,0.002,0,1,1
42484.928562999994,0,26,0,4248,4,0,6,6,255,30,20,1,12,14,0,1,291,348.8118613521199,0.3955882887576381,0,0,0,0,1,1
42497.928563,0,17,0,4249,7,0,9,9,255,0,20,1,12,14,1,0,291,3695.2224195995623,3655.5219344912266,0,0,0,0,1,1
42504.928563,0,6,0,4250,4,0,4,4,255,30,20,1,12,14,1,0,291,5802.953780033078,1306.515592613748,0,0,0,0,1,1
42508.928563,0,82,0,4250,8,0,12,12,255,30,20,1,12,14,1,0,291,0.024524414745309708,0.011367727812996392,-1,1,1,1,1,1
42517.928563,0,85,0,4251,7,0,11,11,255,30,20,1,12,14,1,0,291,171.5048830807762,5.943824780947893,0,0,0,0,1,1
42528.928563,0,28,0,4252,8,0,11,11,255,30,20,1,12,14,0,1,291,2969.4019273045733,1500.3152361569134,0,0,0,0,1,1
42538.928563,0,69,0,4253,8,0,5,5,255,10,20,1,12,14,1,0,291,331.40394442343523,76.05956181963714,0,0,0,0,1,1
42547.928563,0,50,0,4254,7,0,15,15,255,30,20,1,12,14,0,1,291,29.202062107370903,16.197121001619564,0.0001,0,0,0,1,1
42566.928562999994,0,28,0,4256,6,0,14,14,255,20,20,1,12,14,1,0,291,296.749647227265,0.984053608331023,1,1,0,0,1,1
42585.928563,0,10,0,4258,5,0,3,3,255,20,20,1,12,14,1,0,291,6714.886154214211,5441.233653319727,0,0,0,0,1,1
42597.928562999994,0,32,0,4259,7,0,9,9,255,0,20,1,12,14,1,0,291,16970.37803954177,12740.313789164558,0,0,0,0,1,1
42604.928563,0,21,0,4260,4,0,4,4,255,30,20,1,12,14,1,0,291,400.46318996712904,301.12070134678777,0,0,0,0,1,1
42617.928563,0,3,0,4261,7,0,18,18,255,0,20,1,12,14,1,0,291,4234.481079261483,4041.1741170024075,0,0,0,0,1,1
42617.928563,0,91,0,4261,7,0,18,18,255,0,20,1,12,14,1,0,291,6106.415868171679,4233.246892439746,0,0,0,0,1,1
42628.928563,0,69,0,4262,8,0,11,11,255,30,20,1,12,14,0,1,291,1757.4331782463262,1515.4120287699382,0,0,0,0,1,1
42638.928563,0,82,0,4263,8,0,5,5,255,10,20,1,12,14,1,0,291,124.92215491412824,7.1862173469725095,0,0,0,0,1,1
42657.928563,0,50,0,4265,7,0,13,13,255,0,20,1,12,14,0,1,291,160.72342302849012,98.63953081903469,0.0001,0,0,0,1,1
42666.928563,0,66,0,4266,6,0,14,14,255,20,20,1,12,14,1,0,291,336.3007405613094,1.2712479076771502e-05,1,1,0.002,0,1,1
42685.928562999994,0,45,0,4268,5,0,3,3,255,20,20,1,12,14,1,0,291,10138.408811631443,8752.009530727557,0,0,0,0,1,1
42697.928563,0,71,0,4269,7,0,9,9,255,0,20,1,12,14,1,0,291,617.3533370879753,427.31368649163045,0,0,0,0,1,1
42704.928563,0,60,0,4270,4,0,4,4,255,30,20,1,12,14,1,0,291,766.1723592960865,436.1547157188,0,0,0,0,1,1
42717.928563,0,44,0,4271,7,0,11,11,255,30,20,1,12,14,1,0,291,117.91190075120339,1.6389864450470835,1,1,0,0,1,1
42726.928563,0,89,0,4272,6,0,12,12,255,10,20,1,12,14,0,1,291,7.86427115128443,1.6813327196100738,1,1,0,0,1,1
42729.928563,0,37,0,4272,9,0,18,18,255,10,20,1,12,14,0,1,291,0.17916893989111204,0.05387409298414211,-1,1,1,1,1,1
42738.928563,0,76,0,4273,8,0,5,5,255,10,20,1,12,14,1,0,291,114.63666476862127,6.598511066468976,0,0,0,0,1,1
42747.928563,0,88,0,4274,7,0,15,15,255,30,20,1,12,14,0,1,291,7314.245678998183,7048.761357849829,0,0,0,0,1,1
42766.928563,0,46,0,4276,6,0,14,14,255,20,20,1,12,14,1,0,291,132.02165085028312,0.19847648182923686,1,1,0,0,1,1
42785.928563,0,27,0,4278,5,0,3,3,255,20,20,1,12,14,1,0,291,850.1499296817503,443.9862081866904,0,0,0,0,1,1
42797.928563,0,45,0,4279,7,0,9,9,255,0,20,1,12,14,1,0,291,19067.65673296131,17766.598416720608,0,0,0,0,1,1
42804.928562999994,0,34,0,4280,4,0,4,4,255,30,20,1,12,14,1,0,291,1358.4239303986133,676.6853781295941,0,0,0,0,1,1
42819.928563,0,14,0,4281,9,0,18,18,255,0,20,1,12,14,1,0,291,60.8285235603327,2.602176236425471,0,0,0,0,1,1
42826.928563,0,8,0,4282,6,0,12,12,255,10,20,1,12,14,0,1,291,32166.67256606121,12957.276958902876,0,0,0,0,1,1
42838.928563,0,28,0,4283,8,0,13,13,255,30,20,1,12,14,1,0,291,12.865729764810416,10.477285820282512,0,0,0,0,1,1
42844.928563,0,36,0,4284,4,0,16,16,255,0,20,1,12,14,0,1,291,1790.5271261756266,52.615968769927385,0,0,0,0,1,1
42859.928562999994,0,40,0,4285,9,0,17,17,255,10,20,1,12,14,1,0,291,91349649.56885034,73046695.94854183,0,0,0,0,1,1
42869.928563,0,22,0,4286,9,0,6,6,255,20,20,1,12,14,1,0,291,510.16060343630227,400.11847059943716,0,0,0,0,1,1
42886.928563,0,7,0,4288,6,0,14,14,255,0,20,1,12,14,0,1,291,1189.0386414915915,646.8953368123024,0,0,0,0,1,1
42899.928563,0,26,0,4289,9,0,2,2,255,30,20,1,12,14,1,0,291,2156.4649986485347,1161.3970970778275,0,0,0,0,1,1
42908.928563,0,9,0,4290,8,0,12,12,255,30,20,1,12,14,1,0,291,0.35019193947211535,0.1323660201474326,-1,1,1,1,1,1
42919.928563,0,88,0,4291,9,0,18,18,255,0,20,1,12,14,1,0,291,76555.57298800294,37792.64895139302,0,0,0,0,1,1
42927.928563,0,43,0,4292,7,0,16,16,255,0,20,1,12,14,1,0,291,11.665978988163056,10.12255182928662,0,0,0,0,1,1
42938.928562999994,0,42,0,4293,8,0,5,5,255,10,20,1,12,14,1,0,291,12809.436366409096,12506.575481633965,0,0,0,0,1,1
42944.928563,0,57,0,4294,4,0,16,16,255,0,20,1,12,14,0,1,291,214.3573907622253,1.4753068935177265,0.8690068,1,0,0,1,1
42957.928563,0,78,0,4295,7,0,17,17,255,30,20,1,12,14,1,0,291,39.370746913277934,0.5964384421876152,0.0004,0,0,0,1,1
42969.928563,0,52,0,4296,9,0,6,6,255,20,20,1,12,14,1,0,291,446.5508431463947,330.07231851631747,0,0,0,0,1,1
42999.928562999994,0,34,0,4299,9,0,2,2,255,30,20,1,12,14,1,0,291,583.3866759896154,306.51921828371775,0,0,0,0,1,1
43006.928563,0,20,0,4300,6,0,4,4,255,0,20,1,12,14,1,0,291,507.33167077083726,232.78271374850127,0,0,0,0,1,1
43009.928563,0,11,0,4300,9,0,9,9,255,10,20,1,12,14,0,1,291,0.35912860290149834,0.12383262436502604,-1,1,1,1,1,1
43024.928563,0,48,0,4302,4,0,11,11,255,0,20,1,12,14,1,0,291,55.07096620734353,1.3393319665554315,0,0,0,0,1,1
43027.928563,0,77,0,4302,7,0,15,15,255,0,20,1,12,14,1,0,291,4575.654287482111,3466.244954111727,0,0,0,0,1,1
43038.928563,0,14,0,4303,8,0,5,5,255,10,20,1,12,14,1,0,291,960.8332795670606,698.1595276392275,0,0,0,0,1,1
43044.928563,0,14,0,4304,4,0,19,19,255,30,20,1,12,14,1,0,291,154.6188687601828,106.20158473314116,0,0,0,0,1,1
43057.928562999994,0,29,0,4305,7,0,17,17,255,30,20,1,12,14,1,0,291,73869675.36925398,62667924.218820706,0,0,0,0,1,1
43067.928563,0,72,0,4306,7,0,17,17,255,20,20,1,12,14,0,1,291,4.330015589299859,1.2241065209878577,0.0535,0,0,0,1,1
43086.928563,0,80,0,4308,6,0,3,3,255,30,20,1,12,14,1,0,291,385.83726966610004,62.31880211911213,0,0,0,0,1,1
43104.928563,0,23,0,4310,4,0,9,9,255,30,20,1,12,14,1,0,291,32.8570558884328,3.763895140768348,0.0001,0,0,0,1,1
43109.928562999994,0,23,0,4310,9,0,12,12,255,10,20,1,12,14,1,0,291,2.4726987913916374,0.6626973122807567,1,1,0,0,1,1
43124.928562999994,0,23,0,4312,4,0,15,15,255,30,20,1,12,14,1,0,291,5443.504142773274,4601.290159490467,0,0,0,0,1,1
43127.928562999994,0,92,0,4312,7,0,4,4,255,20,20,1,12,14,0,1,291,0.40199685531017365,0.0015829819208919552,-1,1,1,1,1,1
43138.928563,0,17,0,4313,8,0,13,13,255,30,20,1,12,14,1,0,291,5628.112989513691,2540.03350675,0,0,0,0,1,1
43144.928563,0,29,0,4314,4,0,5,5,255,0,20,1,12,14,1,0,291,63.05903439819048,0.2572072876470917,1,1,0,0,1,1
43157.928563,0,1,0,4315,7,0,19,19,255,0,20,1,12,14,0,1,291,0.9256185306038903,0.014973037885347516,-1,1,0.9361511,1,1,1
43164.928562999994,0,39,0,4316,4,0,14,14,255,20,20,1,12,14,1,0,291,9092.672621075317,6463.738399853334,0,0,0,0,1,1
43186.928563,0,44,0,4318,6,0,3,3,255,30,20,1,12,14,1,0,291,288.9396514003596,243.08153049576825,0,0,0,0,1,1
43199.928563,0,78,0,4319,9,0,2,2,255,30,20,1,12,14,1,0,291,1969.8888941540913,1781.559510473098,0,0,0,0,1,1
43206.928563,0,66,0,4320,6,0,4,4,255,0,20,1,12,14,1,0,291,656.2924384230387,277.0538342144688,0,0,0,0,1,1
43224.928563,0,1,0,4322,4,0,11,11,255,0,20,1,12,14,1,0,291,4.326638176446563,0.1627002998760397,1,1,0,0,1,1
43224.928563,0,91,0,4322,4,0,15,15,255,30,20,1,12,14,1,0,291,4138.230474588144,1798.12351422677,0,0,0,0,1,1
43229.928563,0,87,0,4322,9,0,16,16,255,20,20,1,12,14,1,0,291,202.42153924372874,3.883842951712614,0.3126543,0,0,0,1,1
43244.928563,0,34,0,4324,4,0,19,19,255,30,20,1,12,14,1,0,291,80499.31020951594,53400.695113091,0,0,0,0,1,1
43257.928563,0,18,0,4325,7,0,17,17,255,30,20,1,12,14,1,0,291,903.0186047459331,225.51906386721035,0,0,0,0,1,1
43264.928563,0,49,0,4326,4,0,14,14,255,20,20,1,12,14,1,0,291,354.57443214199077,228.59438472758657,0,0,0,0,1,1
43286.928563,0,77,0,4328,6,0,3,3,255,30,20,1,12,14,1,0,291,3346.3539614956935,2897.1445846390425,0,0,0,0,1,1
43304.928562999994,0,20,0,4330,4,0,9,9,255,30,20,1,12,14,1,0,291,369.0625389296014,69.1824486821867,0,0,0,0,1,1
43309.928563,0,16,0,4330,9,0,12,12,255,10,20,1,12,14,1,0,291,294.44501205791727,86.17175318789803,0,0,0,0,1,1
43319.928563,0,49,0,4331,9,0,18,18,255,0,20,1,12,14,1,0,291,0.890056010857206,0.4581642214108229,1,1,0.2635983,0,1,1
43327.928563,0,88,0,4332,7,0,4,4,255,20,20,1,12,14,0,1,291,1.7143384717965098,0.15205558182854204,-1,1,0.2635983,1,1,1
43338.928563,0,23,0,4333,8,0,13,13,255,30,20,1,12,14,1,0,291,18017.814781363173,7391.581290649044,0,0,0,0,1,1
43344.928563,0,69,0,4334,4,0,5,5,255,0,20,1,12,14,1,0,291,539.8122001723895,30.585148560549122,0,0,0,0,1,1
43357.928563,0,60,0,4335,7,0,17,17,255,30,20,1,12,14,1,0,291,14.931252803351583,0.4258339533292048,1,1,0,0,1,1
43364.928563,0,78,0,4336,4,0,5,5,255,0,20,1,12,14,0,1,291,10.843041695069092,9.210611726919518,0,0,0,0,1,1
43388.928563,0,70,0,4338,8,0,14,14,255,0,20,1,12,14,0,1,291,0.08292670425792084,0.04349901443908872,-1,1,1,1,1,1
43404.928563,0,70,0,4340,4,0,9,9,255,30,20,1,12,14,1,0,291,3443.7568359162906,2515.5117507981663,0,0,0,0,1,1
43417.928562999994,0,6,0,4341,7,0,11,11,255,20,20,1,12,14,1,0,291,746.4888016796551,180.52313993801943,0,0,0,0,1,1
43419.928563,0,94,0,4341,9,0,18,18,255,0,20,1,12,14,1,0,291,12.638001462601004,3.264337355745146,0.0256,0,0,0,1,1
43429.928562999994,0,23,0,4342,9,0,18,18,255,10,20,1,12,14,0,1,291,231072.36603592878,1827.6854311262925,0,0,0,0,1,1
43438.928562999994,0,40,0,4343,8,0,13,13,255,30,20,1,12,14,1,0,291,1091.4166088346121,873.0305107355416,0,0,0,0,1,1
43444.928563,0,78,0,4344,4,0,19,19,255,30,20,1,12,14,1,0,291,294.0110187270375,266.5315790117601,0,0,0,0,1,1
43457.928563,0,73,0,4345,7,0,17,17,255,30,20,1,12,14,1,0,291,3.0171836189542067,2.665107089704719,1,1,0,0,1,1
43464.928563,0,88,0,4346,4,0,5,5,255,0,20,1,12,14,0,1,291,47.62481492206752,27.686892669659297,0,0,0,0,1,1
43497.928563,0,73,0,4349,7,0,3,3,255,0,20,1,12,14,0,1,291,567.2915355544135,404.21611628280107,0,0,0,0,1,1
43504.928563,0,84,0,4350,4,0,9,9,255,30,20,1,12,14,1,0,291,715.8550289431968,7.362260311401778,0,0,0,0,1,1
43517.928563,0,24,0,4351,7,0,11,11,255,20,20,1,12,14,1,0,291,1348.8607065668202,1172.2007481058592,0,0,0,0,1,1
43524.928563,0,13,0,4352,4,0,15,15,255,30,20,1,12,14,1,0,291,27455.2015735963,15205.72354387066,0,0,0,0,1,1
43529.928563,0,38,0,4352,9,0,18,18,255,10,20,1,12,14,0,1,291,0.41481633441054305,0.31275339257844165,-1,1,1,1,1,1
43538.928563,0,64,0,4353,8,0,13,13,255,30,20,1,12,14,1,0,291,5.918250106260637,4.2229676590262315,1,1,0,0,1,1
43544.928563,0,94,0,4354,4,0,19,19,255,30,20,1,12,14,1,0,291,2.6925722085724817,1.3200412728082953,1,1,0,0,1,1
43557.928562999994,0,85,0,4355,7,0,17,17,255,30,20,1,12,14,1,0,291,1639152.0659821196,1156443.7869090487,0,0,0,0,1,1
43564.928563,0,94,0,4356,4,0,5,5,255,0,20,1,12,14,0,1,291,0.9401277334169258,0.2719525864577768,-1,1,0.2635983,1,1,1
43598.928563,0,14,0,4359,8,0,2,2,255,0,20,1,12,14,1,0,291,6033.9772515375535,208.6458779744306,0,0,0,0,1,1
43606.928562999994,0,1,0,4360,6,0,4,4,255,0,20,1,12,14,1,0,291,16246.456396720334,13439.486555101994,0,0,0,0,1,1
43617.928563,0,36,0,4361,7,0,11,11,255,20,20,1,12,14,1,0,291,1099.4729778327246,790.2006403533484,0,0,0,0,1,1
43624.928562999994,0,25,0,4362,4,0,15,15,255,30,20,1,12,14,1,0,291,946.9092980708334,596.5418838629865,0,0,0,0,1,1
43627.928562999994,0,31,0,4362,7,0,11,11,255,0,20,1,12,14,0,1,291,50.52807157606794,37.04477903291768,0,0,0,0,1,1
43638.928563,0,77,0,4363,8,0,12,12,255,10,20,1,12,14,0,1,291,10767.369075144532,9347.914516135641,0.0001,0,0,0,1,1
43657.928563,0,40,0,4365,7,0,13,13,255,0,20,1,12,14,0,1,291,0.6961003491894705,0.5592727180857419,-1,1,0.9361511,1,1,1
43664.928562999994,0,45,0,4366,4,0,5,5,255,0,20,1,12,14,0,1,291,408.80641983584576,183.95746390918612,0,0,0,0,1,1
43686.928563,0,59,0,4368,6,0,3,3,255,30,20,1,12,14,1,0,291,313.8179681159382,242.63210011706707,0,0,0,0,1,1
43698.928563,0,96,0,4369,8,0,2,2,255,0,20,1,12,14,1,0,291,13162.512837595204,12505.799587706664,0,0,0,0,1,1
43706.928563,0,84,0,4370,6,0,4,4,255,0,20,1,12,14,1,0,291,9765.326613241627,8100.9704255139495,0,0,0,0,1,1
43724.928563,0,16,0,4372,4,0,15,15,255,30,20,1,12,14,1,0,291,149.06529600251235,60.52961246780411,0,0,0,0,1,1
43727.928563,0,19,0,4372,7,0,4,4,255,20,20,1,12,14,0,1,291,0.00038751189930519596,0.00025098206218178583,-1,1,1,1,1,1
43738.928563,0,87,0,4373,8,0,13,13,255,30,20,1,12,14,1,0,291,648.9405788134129,430.1111699536509,0,0,0,0,1,1
43745.928563,0,74,0,4374,5,0,19,19,255,20,20,1,12,14,1,0,291,365628.31487281446,111.96224989308095,0,0,0,0,1,1
43759.928563,0,90,0,4375,9,0,19,19,255,10,20,1,12,14,0,1,291,60.15592357315281,1.710432889759904,0,0,0,0,1,1
43764.928563,0,96,0,4376,4,0,5,5,255,0,20,1,12,14,0,1,291,0.4754082830389194,0.3761499492374712,-1,1,1,1,1,1
43788.928563,0,86,0,4378,8,0,14,14,255,0,20,1,12,14,0,1,291,0.43600795093408884,0.2825450343936078,-1,1,1,1,1,1
43804.928562999994,0,81,0,4380,4,0,9,9,255,30,20,1,12,14,1,0,291,128.59483494060103,22.015713109277115,0,0,0,0,1,1
43819.928563,0,25,0,4381,9,0,18,18,255,0,20,1,12,14,1,0,291,0.15625868614499877,0.11240239820369063,-1,1,1,1,1,1
43825.928563,0,11,0,4382,5,0,16,16,255,0,20,1,12,14,1,0,291,746.8226609968826,651.4998102560403,0,0,0,0,1,1
43838.928563,0,2,0,4383,8,0,13,13,255,30,20,1,12,14,1,0,291,28416.849805817048,12329.283753375568,0,0,0,0,1,1
43844.928563,0,60,0,4384,4,0,5,5,255,0,20,1,12,14,1,0,291,341.27386602359235,0.03823387016041768,1,1,0.002,0,1,1
43859.928562999994,0,25,0,4385,9,0,19,19,255,10,20,1,12,14,0,1,291,192.76332106918633,170.51607369031754,0,0,0,0,1,1
43864.928563,0,39,0,4386,4,0,6,6,255,0,20,1,12,14,1,0,291,23.047246017526362,12.787978064940985,0,0,0,0,1,1
43886.928563,0,52,0,4388,6,0,3,3,255,30,20,1,12,14,1,0,291,107.81655550674922,48.37798916370428,0,0,0,0,1,1
43898.928563,0,84,0,4389,8,0,2,2,255,0,20,1,12,14,1,0,291,5258.720341095624,2983.4752757984047,0,0,0,0,1,1
43906.928563,0,72,0,4390,6,0,4,4,255,0,20,1,12,14,1,0,291,287.05167710618815,30.596966069765895,0,0,0,0,1,1
43924.928563,0,3,0,4392,4,0,15,15,255,30,20,1,12,14,1,0,291,2847.676089763519,1175.9138193933807,0,0,0,0,1,1
43925.928563,0,87,0,4392,5,0,16,16,255,0,20,1,12,14,1,0,291,110.41494489316187,75.14047631738808,0,0,0,0,1,1
43939.928563,0,72,0,4393,9,0,13,13,255,0,20,1,12,14,1,0,291,128.56213786979328,0.053247356956092846,1,1,0.002,0,1,1
43945.928563,0,80,0,4394,5,0,5,5,255,0,20,1,12,14,1,0,291,1508.6039874758521,940.4285623447686,0,0,0,0,1,1
43959.928563,0,87,0,4395,9,0,19,19,255,10,20,1,12,14,0,1,291,1552.269274405208,1215.2318378971624,0,0,0,0,1,1
43964.928563,0,84,0,4396,4,0,6,6,255,0,20,1,12,14,1,0,291,825.2266746394423,641.8529146694195,0,0,0,0,1,1
43986.928563,0,75,0,4398,6,0,3,3,255,30,20,1,12,14,1,0,291,296.8248240060624,42.70802935070403,0,0,0,0,1,1
43999.928562999994,0,3,0,4399,9,0,4,4,255,10,20,1,12,14,1,0,291,594198.478890104,166873.84916387594,0,0,0,0,1,1
44004.928563,0,87,0,4400,4,0,9,9,255,30,20,1,12,14,1,0,291,3244.359462280084,2935.0089134225436,0,0,0,0,1,1
44024.928563,0,25,0,4402,4,0,15,15,255,30,20,1,12,14,1,0,291,9357.56019072476,6662.2218993405095,0,0,0,0,1,1
44038.928563,0,41,0,4403,8,0,12,12,255,10,20,1,12,14,0,1,291,680.0627541934278,397.82566096951473,0,0,0,0,1,1
44045.928562999994,0,35,0,4404,5,0,19,19,255,20,20,1,12,14,1,0,291,1432.7158433066254,0.28970907941357177,1,1,0,0,1,1
44046.928563,0,86,0,4404,6,0,16,16,255,30,20,1,12,14,0,1,291,63.01497899384017,4.32529829932219,0,0,0,0,1,1
44064.928563,0,7,0,4406,4,0,14,14,255,20,20,1,12,14,1,0,291,81.82174721911875,41.81824701127531,0,0,0,0,1,1
44064.928563,0,96,0,4406,4,0,6,6,255,0,20,1,12,14,1,0,291,13431.42820675557,10721.167483444358,0,0,0,0,1,1
44086.928563,0,94,0,4408,6,0,3,3,255,30,20,1,12,14,1,0,291,5146.2094579703535,2733.0432439299498,0,0,0,0,1,1
44099.928563,0,31,0,4409,9,0,4,4,255,10,20,1,12,14,1,0,291,7341.796864843413,4218.623112859959,0,0,0,0,1,1
44109.928562999994,0,39,0,4410,9,0,9,9,255,10,20,1,12,14,0,1,291,0.047891284637919376,0.01820829599715424,-1,1,1,1,1,1
44125.928563,0,51,0,4412,5,0,16,16,255,0,20,1,12,14,1,0,291,3.711996963936032,0.0033703270719227527,1,1,0.002,0,1,1
44139.928563,0,11,0,4413,9,0,13,13,255,0,20,1,12,14,1,0,291,89.58905765860217,0.6951854663700111,1,1,0,0,1,1
44145.928563,0,50,0,4414,5,0,19,19,255,20,20,1,12,14,1,0,291,24.439396565298388,16.83914653253702,0,0,0,0,1,1
44159.928563,0,15,0,4415,9,0,17,17,255,30,20,1,12,14,1,0,291,61.84862138292637,28.17826675956369,0,0,0,0,1,1
44164.928562999994,0,49,0,4416,4,0,6,6,255,0,20,1,12,14,1,0,291,5066.675988070909,4773.253548288556,0,0,0,0,1,1
44179.928562999994,0,6,0,4417,9,0,3,3,255,20,20,1,12,14,1,0,291,1187.2031270638206,870.4516156073603,0,0,0,0,1,1
44198.928563,0,82,0,4419,8,0,2,2,255,0,20,1,12,14,1,0,291,106.09369479445179,93.35392077492172,0,0,0,0,1,1
44204.928563,0,71,0,4420,4,0,9,9,255,30,20,1,12,14,1,0,291,1216.0064597154226,1006.9880627881176,0,0,0,0,1,1
44218.928563,0,53,0,4421,8,0,12,12,255,20,20,1,12,14,1,0,291,0.14739094622382692,0.11669473351813042,-1,1,1,1,1,1
44227.928563,0,20,0,4422,7,0,15,15,255,0,20,1,12,14,1,0,291,25.468913813117297,0.6080000959463756,0.0256,0,0,0,1,1
44239.928563,0,37,0,4423,9,0,13,13,255,0,20,1,12,14,1,0,291,9.612691517224892,4.814080962606915,0.3126543,0,0,0,1,1
44245.928563,0,62,0,4424,5,0,19,19,255,20,20,1,12,14,1,0,291,3279477.526493064,2281240.043359396,0,0,0,0,1,1
44259.928563,0,37,0,4425,9,0,17,17,255,30,20,1,12,14,1,0,291,185.1623834563235,63.4265564802216,0,0,0,0,1,1
44265.928563,0,33,0,4426,5,0,13,13,255,30,20,1,12,14,0,1,291,0.002941711119350337,0.0009183813408107126,-1,1,1,1,1,1
44279.928563,0,55,0,4427,9,0,3,3,255,20,20,1,12,14,1,0,291,403.553417361078,211.05257346455213,0,0,0,0,1,1
44299.928563,0,39,0,4429,9,0,4,4,255,10,20,1,12,14,1,0,291,154.5943923846817,92.67103997255388,0,0,0,0,1,1
44317.928563,0,24,0,4431,7,0,18,18,255,20,20,1,12,14,1,0,291,75574.59954381424,18334.435416459666,0,0,0,0,1,1
44325.928563,0,8,0,4432,5,0,16,16,255,0,20,1,12,14,1,0,291,145.17100917815975,0.41163784102338463,1,1,0,0,1,1
44327.928563,0,63,0,4432,7,0,12,12,255,20,20,1,12,14,0,1,291,5000.551534486238,4206.237539517979,0,0,0,0,1,1
44345.928563,0,16,0,4434,5,0,19,19,255,20,20,1,12,14,1,0,291,576.3627845175988,492.29033896729675,0,0,0,0,1,1
44346.928563,0,28,0,4434,6,0,16,16,255,30,20,1,12,14,0,1,291,50.68283063516951,1.31869365533573,0,0,0,0,1,1
44365.928562999994,0,43,0,4436,5,0,13,13,255,30,20,1,12,14,0,1,291,0.40264032088458074,0.14192174960324175,-1,1,1,1,1,1
44369.928563,0,54,0,4436,9,0,14,14,255,30,20,1,12,14,1,0,291,428.1615697383897,0.0006495481072402477,1,1,0.002,0,1,1
44385.928563,0,68,0,4438,5,0,14,14,255,0,20,1,12,14,0,1,291,958.7945721794352,840.0122311637256,0,0,0,0,1,1
44397.928563,0,76,0,4439,7,0,9,9,255,20,20,1,12,14,1,0,291,386.9282853118208,193.3894164908864,0,0,0,0,1,1
44399.928563,0,45,0,4439,9,0,4,4,255,10,20,1,12,14,1,0,291,175.26322446402474,109.95025083495116,0,0,0,0,1,1
44417.928562999994,0,24,0,4441,7,0,18,18,255,20,20,1,12,14,1,0,291,144371.86454287954,79470.13081514981,0,0,0,0,1,1
44425.928563,0,8,0,4442,5,0,16,16,255,0,20,1,12,14,1,0,291,156.34532029401973,0.19849420272177642,1,1,0,0,1,1
44426.928562999994,0,84,0,4442,6,0,21,21,255,0,20,1,12,14,1,0,291,405.1772800236816,337.3998701263244,0,0,0,0,1,1
44437.928563,0,63,0,4443,7,0,19,19,255,0,20,1,12,14,1,0,291,16.68727661168109,8.915044869815416,0,0,0,0,1,1
44445.928563,0,66,0,4444,5,0,5,5,255,0,20,1,12,14,1,0,291,4155.4121161663525,4045.5828421531173,0,0,0,0,1,1
44457.928563,0,32,0,4445,7,0,5,5,255,20,20,1,12,14,0,1,291,0.0032807359415211517,0.0024175681933092845,-1,1,1,1,1,1
44467.928563,0,5,0,4446,7,0,6,6,255,30,20,1,12,14,1,0,291,5141.091357271975,4203.261883323276,0,0,0,0,1,1
44469.928563,0,90,0,4446,9,0,14,14,255,30,20,1,12,14,1,0,291,1222.8103075803688,0.011035692128165844,1,1,0.002,0,1,1
44497.928563,0,6,0,4449,7,0,2,2,255,0,20,1,12,14,1,0,291,652.4852647778575,40.46510368210374,0,0,0,0,1,1
44497.928563,0,96,0,4449,7,0,2,2,255,0,20,1,12,14,1,0,291,9216.060893555787,7072.658120811831,0,0,0,0,1,1
44499.928562999994,0,85,0,4449,9,0,4,4,255,10,20,1,12,14,1,0,291,22652.982740065883,22025.98613676029,0,0,0,0,1,1
44517.928563,0,62,0,4451,7,0,18,18,255,20,20,1,12,14,1,0,291,291279.59919631877,155757.99158585505,0,0,0,0,1,1
44525.928563,0,50,0,4452,5,0,16,16,255,0,20,1,12,14,1,0,291,10.956204646036854,0.008919948469296056,1,1,0.002,0,1,1
44527.928563,0,27,0,4452,7,0,15,15,255,0,20,1,12,14,1,0,291,441.543819761278,99.03172545901448,0,0,0,0,1,1
44539.928562999994,0,26,0,4453,9,0,13,13,255,0,20,1,12,14,1,0,291,8.997863044989378,7.807548323811717,0.3126543,1,0,0,1,1
44546.928563,0,14,0,4454,6,0,16,16,255,30,20,1,12,14,0,1,291,1159.1503853229804,922.4126314965287,0,0,0,0,1,1
44558.928563,0,15,0,4455,8,0,17,17,255,30,20,1,12,14,1,0,291,1068.214070141939,975.5996899390806,0,0,0,0,1,1
44567.928563,0,50,0,4456,7,0,6,6,255,30,20,1,12,14,1,0,291,1782.1398027023613,1093.6941283601038,0,0,0,0,1,1
44579.928563,0,38,0,4457,9,0,3,3,255,20,20,1,12,14,1,0,291,18179.517057844212,17152.845720022182,0,0,0,0,1,1
44597.928562999994,0,56,0,4459,7,0,2,2,255,0,20,1,12,14,1,0,291,1621.0274114138595,1290.840272427121,0,0,0,0,1,1
44599.928563,0,6,0,4459,9,0,4,4,255,10,20,1,12,14,1,0,291,1732.391133609719,737.0220804290732,0,0,0,0,1,1
44607.928563,0,75,0,4460,7,0,20,20,255,10,20,1,12,14,0,1,291,71.87596478017649,54.50743872273143,0,0,0,0,1,1
44618.928562999994,0,65,0,4461,8,0,12,12,255,20,20,1,12,14,1,0,291,97.4043496165627,71.41453882367107,0,0,0,0,1,1
44626.928563,0,53,0,4462,6,0,21,21,255,0,20,1,12,14,1,0,291,306.8721933417204,233.0179829502313,0,0,0,0,1,1
44627.928562999994,0,90,0,4462,7,0,15,15,255,0,20,1,12,14,1,0,291,241.4271158277921,9.150453388193174,0,0,0,0,1,1
44645.928563,0,25,0,4464,5,0,5,5,255,0,20,1,12,14,1,0,291,8922.761936238723,8147.307961376899,0,0,0,0,1,1
44648.928563,0,77,0,4464,8,0,19,19,255,0,20,1,12,14,0,1,291,211.2081923261979,1.16532165554021,0.0535,0,0,0,1,1
44665.928563,0,69,0,4466,5,0,13,13,255,30,20,1,12,14,0,1,291,0.07325737044029772,0.010341622300446851,-1,1,1,1,1,1
44669.928563,0,64,0,4466,9,0,14,14,255,30,20,1,12,14,1,0,291,187.78278842188283,172.3024393023071,0,0,0,0,1,1
44697.928563,0,24,0,4469,7,0,2,2,255,0,20,1,12,14,1,0,291,496.0102443361135,327.14469489303445,0,0,0,0,1,1
44698.928563,0,34,0,4469,8,0,20,20,255,10,20,1,12,14,1,0,291,86.90648487076942,0.008637636744508372,1,1,0.002,0,1,1
44706.928563,0,51,0,4470,6,0,9,9,255,10,20,1,12,14,0,1,291,0.12147461662833799,0.020048061317337378,-1,1,1,1,1,1
44717.928563,0,89,0,4471,7,0,18,18,255,20,20,1,12,14,1,0,291,56.22477109516541,48.53786066366012,0,0,0,0,1,1
44726.928563,0,72,0,4472,6,0,21,21,255,0,20,1,12,14,1,0,291,296.23227193174466,174.86718463964277,0,0,0,0,1,1
44737.928562999994,0,6,0,4473,7,0,5,5,255,20,20,1,12,14,1,0,291,6195.1930985550025,4047.9840882166964,0,0,0,0,1,1
44744.928563,0,10,0,4474,4,0,16,16,255,0,20,1,12,14,0,1,291,0.03147792064356781,0.00959889732555402,-1,1,1,1,1,1
44748.928563,0,56,0,4474,8,0,19,19,255,0,20,1,12,14,0,1,291,79.14721139738946,73.33906504078281,0,0,0,0,1,1
44758.928563,0,89,0,4475,8,0,17,17,255,30,20,1,12,14,1,0,291,185.0460485928865,3.9707541239890856,0,0,0,0,1,1
44769.928563,0,28,0,4476,9,0,14,14,255,30,20,1,12,14,1,0,291,4337.092278072743,4140.681075402296,0,0,0,0,1,1
44797.928563,0,7,0,4479,7,0,9,9,255,20,20,1,12,14,1,0,291,2077.737594711436,1591.9700342140643,0,0,0,0,1,1
44797.928563,0,96,0,4479,7,0,2,2,255,0,20,1,12,14,1,0,291,640.3065479225913,418.41349281410675,0,0,0,0,1,1
44799.928563,0,86,0,4479,9,0,4,4,255,10,20,1,12,14,1,0,291,1550.4944269467283,711.5721316819414,0,0,0,0,1,1
44818.928563,0,11,0,4481,8,0,12,12,255,20,20,1,12,14,1,0,291,53.58387980242178,31.5568321964011,0,0,0,0,1,1
44826.928563,0,86,0,4482,6,0,21,21,255,0,20,1,12,14,1,0,291,242334063.31408852,161264446.3385077,0,0,0,0,1,1
44837.928563,0,17,0,4483,7,0,5,5,255,20,20,1,12,14,1,0,291,107.991652981753,46.916884666414106,0,0,0,0,1,1
44844.928563,0,25,0,4484,4,0,13,13,255,10,20,1,12,14,1,0,291,2035.5639603052484,6.29428888658584,0,0,0,0,1,1
44858.928563,0,20,0,4485,8,0,17,17,255,30,20,1,12,14,1,0,291,338.41176661211466,122.74226860665915,0,0,0,0,1,1
44859.928562999994,0,89,0,4485,9,0,5,5,255,10,20,1,12,14,0,1,291,0.12069469638924231,0.09599777087051625,-1,1,1,1,1,1
44869.928563,0,80,0,4486,9,0,14,14,255,30,20,1,12,14,1,0,291,269.76739228203417,218.496781143387,0,0,0,0,1,1
44897.928563,0,34,0,4489,7,0,9,9,255,20,20,1,12,14,1,0,291,2019.1527279507804,1013.7564646424929,0,0,0,0,1,1
44898.928563,0,56,0,4489,8,0,20,20,255,10,20,1,12,14,1,0,291,63552609.54127096,14568.579190184997,0,0,0,0,1,1
44907.928563,0,71,0,4490,7,0,20,20,255,10,20,1,12,14,0,1,291,64.17620858900335,37.84135098507985,0,0,0,0,1,1
44918.928563,0,60,0,4491,8,0,12,12,255,20,20,1,12,14,1,0,291,67.01721274986441,22.08034563164457,0,0,0,0,1,1
44927.928563,0,31,0,4492,7,0,16,16,255,0,20,1,12,14,1,0,291,10.749814232374339,4.051829075930594,0.3126543,1,0,0,1,1
44937.928563,0,52,0,4493,7,0,5,5,255,20,20,1,12,14,1,0,291,1886.0897115165767,1499.8014392354098,0,0,0,0,1,1
44944.928563,0,57,0,4494,4,0,13,13,255,10,20,1,12,14,1,0,291,168.1020875810686,2.0920813161810825,1,1,0,0,1,1
44958.928563,0,56,0,4495,8,0,17,17,255,30,20,1,12,14,1,0,291,1282.6198370426562,749.8763911915433,0,0,0,0,1,1
44967.928563,0,61,0,4496,7,0,6,6,255,30,20,1,12,14,1,0,291,11594.611591756317,10550.642699566735,0,0,0,0,1,1
44986.928563,0,46,0,4498,6,0,3,3,255,0,20,1,12,14,1,0,291,11.251416603355347,2.8267251395428965,0.3126543,0,0,0,1,1
44997.928563,0,64,0,4499,7,0,9,9,255,20,20,1,12,14,1,0,291,11.876890100020352,0.9353405721960693,0.9913462,1,0,0,1,1
45007.928563,0,18,0,4500,7,0,20,20,255,10,20,1,12,14,0,1,291,784.3891000187074,492.42479036715076,0,0,0,0,1,1
45017.928563,0,39,0,4501,7,0,18,18,255,20,20,1,12,14,1,0,291,181.3695717080711,172.54336391928607,0,0,0,0,1,1
45026.928563,0,28,0,4502,6,0,21,21,255,0,20,1,12,14,1,0,291,112.40026351489894,88.1368925648461,0,0,0,0,1,1
45027.928563,0,77,0,4502,7,0,15,15,255,0,20,1,12,14,1,0,291,14.495062918473328,10.692474240484232,0,0,0,0,1,1
45037.928563,0,62,0,4503,7,0,5,5,255,20,20,1,12,14,1,0,291,2787.0222268900766,1893.3368905765276,0,0,0,0,1,1
45044.928563,0,68,0,4504,4,0,16,16,255,0,20,1,12,14,0,1,291,1.206474365303917,0.36833406438670363,1,1,0.002,0,1,1
45058.928563,0,63,0,4505,8,0,13,13,255,0,20,1,12,14,0,1,291,394.38632452525707,364.062475703109,0,0,0,0,1,1
45067.928563,0,74,0,4506,7,0,6,6,255,30,20,1,12,14,1,0,291,632.551922624168,367.67141291224425,0,0,0,0,1,1
45086.928563,0,57,0,4508,6,0,3,3,255,0,20,1,12,14,1,0,291,4976.010369520902,1533.8774501161197,0,0,0,0,1,1
45097.928563,0,70,0,4509,7,0,9,9,255,20,20,1,12,14,1,0,291,3173.686592381898,1232.370782979166,0,0,0,0,1,1
45107.928563,0,39,0,4510,7,0,20,20,255,10,20,1,12,14,0,1,291,61.12570559830378,21.861548411587844,0,0,0,0,1,1
45118.928562999994,0,47,0,4511,8,0,12,12,255,20,20,1,12,14,1,0,291,530.322824763312,71.98280656743692,0,0,0,0,1,1
45126.928563,0,38,0,4512,6,0,21,21,255,0,20,1,12,14,1,0,291,135.85994759136094,0.224554422647931,1,1,0,0,1,1
45127.928562999994,0,72,0,4512,7,0,12,12,255,20,20,1,12,14,0,1,291,0.21533027483172784,0.05710977234427679,-1,1,1,1,1,1
45137.928563,0,52,0,4513,7,0,5,5,255,20,20,1,12,14,1,0,291,519.8394653869537,156.54500266595738,0,0,0,0,1,1
45144.928563,0,7,0,4514,4,0,13,13,255,10,20,1,12,14,1,0,291,1501.3897180452464,10.235540813949456,0,0,0,0,1,1
45158.928563,0,9,0,4515,8,0,13,13,255,0,20,1,12,14,0,1,291,19377.965876034497,13558.50152192172,0,0,0,0,1,1
45159.928563,0,76,0,4515,9,0,5,5,255,10,20,1,12,14,0,1,291,0.4164672954688218,0.18210481704662046,-1,1,1,1,1,1
45167.928562999994,0,48,0,4516,7,0,6,6,255,30,20,1,12,14,1,0,291,3985.3750198055777,2762.4226136365437,0,0,0,0,1,1
45197.928563,0,15,0,4519,7,0,2,2,255,0,20,1,12,14,1,0,291,37284.12663452221,24478.02189305602,0,0,0,0,1,1
45198.928563,0,15,0,4519,8,0,20,20,255,10,20,1,12,14,1,0,291,30.059201697547657,0.00046413996629318004,1,1,0.002,0,1,1
45209.928563,0,36,0,4520,9,0,4,4,255,30,20,1,12,14,1,0,291,0.15571529622526964,0.02732506736339056,-1,1,1,1,1,1
45219.928563,0,22,0,4521,9,0,18,18,255,10,20,1,12,14,1,0,291,6.603637295639222,0.8800759800992399,1,1,0,0,1,1
45227.928563,0,7,0,4522,7,0,12,12,255,20,20,1,12,14,0,1,291,0.00023589048638141067,3.954338852482764e-05,-1,1,1,1,1,1
45228.928562999994,0,50,0,4522,8,0,4,4,255,10,20,1,12,14,0,1,291,15.071375792128412,11.26646944171463,0,0,0,0,1,1
45237.928562999994,0,90,0,4523,7,0,5,5,255,20,20,1,12,14,1,0,291,1806.7180542802125,1523.9018714205893,0,0,0,0,1,1
45244.928563,0,72,0,4524,4,0,13,13,255,10,20,1,12,14,1,0,291,237.35610460493035,0.16911513075620915,1,1,0,0,1,1
45259.928563,0,34,0,4525,9,0,17,17,255,30,20,1,12,14,1,0,291,79.60037567632135,9.205340289949417,0,0,0,0,1,1
45264.928563,0,84,0,4526,4,0,14,14,255,20,20,1,12,14,1,0,291,373.6494883477336,317.6231169938506,0,0,0,0,1,1
45286.928563,0,72,0,4528,6,0,3,3,255,0,20,1,12,14,1,0,291,71.76173214551194,9.712068515989143,0,0,0,0,1,1
45298.928562999994,0,58,0,4529,8,0,20,20,255,10,20,1,12,14,1,0,291,923.7567009350232,768.2628976594862,0,0,0,0,1,1
45309.928563,0,45,0,4530,9,0,4,4,255,30,20,1,12,14,1,0,291,0.47249596465727695,0.31246092121515745,-1,1,1,1,1,1
45318.928563,0,95,0,4531,8,0,12,12,255,20,20,1,12,14,1,0,291,7337.796760726616,7293.164243895764,0,0,0,0,1,1
45324.928563,0,85,0,4532,4,0,15,15,255,20,20,1,12,14,1,0,291,68.64850486314253,0.055220800846319924,1,1,0.002,0,1,1
45327.928563,0,49,0,4532,7,0,16,16,255,0,20,1,12,14,1,0,291,341.5211608328383,75.22777725939146,0,0,0,0,1,1
45337.928563,0,26,0,4533,7,0,5,5,255,20,20,1,12,14,1,0,291,692.9859812903272,203.79740092535033,0,0,0,0,1,1
45344.928563,0,21,0,4534,4,0,16,16,255,0,20,1,12,14,0,1,291,0.015975709081123692,0.0006765605488397343,-1,1,1,1,1,1
45346.928563,0,90,0,4534,6,0,15,15,255,30,20,1,12,14,0,1,291,1988.3486601058255,656.6251833064532,0,0,0,0,1,1
45359.928562999994,0,62,0,4535,9,0,5,5,255,10,20,1,12,14,0,1,291,0.06746770687407573,0.01431047233592913,-1,1,1,1,1,1
45367.928563,0,34,0,4536,7,0,6,6,255,30,20,1,12,14,1,0,291,368.6110201528701,116.63468258492517,0,0,0,0,1,1
45397.928563,0,13,0,4539,7,0,2,2,255,0,20,1,12,14,1,0,291,20569.306787501464,14976.067803989268,0,0,0,0,1,1
45398.928563,0,95,0,4539,8,0,20,20,255,10,20,1,12,14,1,0,291,979.614711887915,669.806227774523,0,0,0,0,1,1
45409.928563,0,83,0,4540,9,0,4,4,255,30,20,1,12,14,1,0,291,0.0019757282925737182,0.0006316226129761972,-1,1,1,1,1,1
45419.928563,0,45,0,4541,9,0,18,18,255,10,20,1,12,14,1,0,291,11.422970473208736,4.189285732123258,0.3126543,1,0,0,1,1
45426.928562999994,0,35,0,4542,6,0,21,21,255,0,20,1,12,14,1,0,291,1000.9641408805653,0.3541760387483369,1,1,0,0,1,1
45427.928563,0,70,0,4542,7,0,16,16,255,0,20,1,12,14,1,0,291,28.56733306740761,7.541653343369501,0,0,0,0,1,1
45437.928563,0,47,0,4543,7,0,19,19,255,0,20,1,12,14,1,0,291,4.058669833611176,0.9536042897703524,1,1,0,0,1,1
45438.928562999994,0,96,0,4543,8,0,13,13,255,10,20,1,12,14,1,0,291,322.79157559616846,219.68680117398992,0,0,0,0,1,1
45459.928563,0,31,0,4545,9,0,17,17,255,30,20,1,12,14,1,0,291,95202.078137389,76132.18890435867,0,0,0,0,1,1
45468.928563,0,14,0,4546,8,0,6,6,255,30,20,1,12,14,1,0,291,1992.6500673949424,791.1882526952248,0,0,0,0,1,1
45486.928563,0,87,0,4548,6,0,3,3,255,0,20,1,12,14,1,0,291,1923.569623798666,1597.8095891706885,0,0,0,0,1,1
45498.928563,0,74,0,4549,8,0,20,20,255,10,20,1,12,14,1,0,291,774.1935890418562,0.03634572607816477,0,0,0,0,1,1
45509.928563,0,57,0,4550,9,0,4,4,255,30,20,1,12,14,1,0,291,84.59517534386569,0.8989075082138007,1,1,0,0,1,1
45519.928563,0,69,0,4551,9,0,18,18,255,10,20,1,12,14,1,0,291,0.37012613007691353,0.12437925635015057,-1,1,1,1,1,1
45526.928563,0,59,0,4552,6,0,21,21,255,0,20,1,12,14,1,0,291,3.197456606172184,0.010195465216389298,1,1,0.002,0,1,1
45537.928563,0,14,0,4553,7,0,5,5,255,20,20,1,12,14,1,0,291,1207.4237802743435,943.9999088513268,0,0,0,0,1,1
45538.928563,0,53,0,4553,8,0,13,13,255,10,20,1,12,14,1,0,291,6087.519819223113,62.81360890368057,0,0,0,0,1,1
45559.928563,0,41,0,4555,9,0,5,5,255,10,20,1,12,14,0,1,291,2.023684983027584,0.02380085236695192,1,1,0,0,1,1
45564.928563,0,78,0,4556,4,0,14,14,255,20,20,1,12,14,1,0,291,44.49221164369655,33.623239167694756,0,0,0,0,1,1
45586.928563,0,48,0,4558,6,0,3,3,255,0,20,1,12,14,1,0,291,30.193553763418272,4.493605955043333,0,0,0,0,1,1
45598.928563,0,35,0,4559,8,0,20,20,255,10,20,1,12,14,1,0,291,12027569.091144757,9736250.906089237,0,0,0,0,1,1
45609.928562999994,0,22,0,4560,9,0,4,4,255,30,20,1,12,14,1,0,291,4.640522726766737,0.5991791615053415,1,1,0,0,1,1
45618.928562999994,0,17,0,4561,8,0,21,21,255,20,20,1,12,14,1,0,291,48507.28291607676,39906.62942718014,0,0,0,0,1,1
45624.928562999994,0,7,0,4562,4,0,15,15,255,20,20,1,12,14,1,0,291,421.0393608564201,210.95690494609875,0,0,0,0,1,1
45627.928562999994,0,90,0,4562,7,0,16,16,255,0,20,1,12,14,1,0,291,685.3024493941408,655.6477527602111,0,0,0,0,1,1
45637.928563,0,86,0,4563,7,0,19,19,255,0,20,1,12,14,1,0,291,2.3323145900277327,0.95034587599228,1,1,0,0,1,1
45644.928563,0,59,0,4564,4,0,16,16,255,0,20,1,12,14,0,1,291,0.3807681616248969,0.147902426812558,-1,1,1,1,1,1
45664.928562999994,0,70,0,4566,4,0,13,13,255,0,20,1,12,14,0,1,291,1356.0220501222557,490.01762239496566,0,0,0,0,1,1
45668.928563,0,74,0,4566,8,0,6,6,255,30,20,1,12,14,1,0,291,124.66509011172482,27.740084949267782,0,0,0,0,1,1
45686.928563,0,77,0,4568,6,0,3,3,255,0,20,1,12,14,1,0,291,6030.842400137995,5491.607323700837,0,0,0,0,1,1
45698.928563,0,64,0,4569,8,0,20,20,255,10,20,1,12,14,1,0,291,126.95878502651749,49.8038692330953,0,0,0,0,1,1
45709.928563,0,46,0,4570,9,0,4,4,255,30,20,1,12,14,1,0,291,0.004374399537612805,0.0025105789664961876,-1,1,1,1,1,1
45718.928563,0,46,0,4571,8,0,21,21,255,20,20,1,12,14,1,0,291,342.1863986602376,267.81735280521127,0,0,0,0,1,1
45724.928563,0,36,0,4572,4,0,15,15,255,20,20,1,12,14,1,0,291,528.7450766053782,418.92879306960805,0,0,0,0,1,1
45728.928562999994,0,61,0,4572,8,0,4,4,255,10,20,1,12,14,0,1,291,13902.134476307965,6409.978103137852,0,0,0,0,1,1
45738.928563,0,6,0,4573,8,0,13,13,255,10,20,1,12,14,1,0,291,79.23563332740643,0.007399879411523064,1,1,0.002,0,1,1
45748.928563,0,30,0,4574,8,0,19,19,255,0,20,1,12,14,0,1,291,660.4892847034592,11.232999131960911,0,0,0,0,1,1
45766.928563,0,19,0,4576,6,0,14,14,255,0,20,1,12,14,1,0,291,0.2777478992416598,0.10235862927197456,-1,1,1,1,1,1
45777.928563,0,27,0,4577,7,0,14,14,255,20,20,1,12,14,0,1,291,2148.2174499152793,1822.2911574854961,0,0,0,0,1,1
45797.928563,0,32,0,4579,7,0,20,20,255,30,20,1,12,14,1,0,291,130.5818713353829,0.037546995671292605,1,1,0.002,0,1,1
45798.928562999994,0,50,0,4579,8,0,2,2,255,0,20,1,12,14,1,0,291,556.4534307085498,0.37010467049982987,1,1,0,0,1,1
45809.928563,0,9,0,4580,9,0,4,4,255,30,20,1,12,14,1,0,291,86317.3237673008,77442.7843709227,0,0,0,0,1,1
45817.928563,0,92,0,4581,7,0,12,12,255,0,20,1,12,14,1,0,291,142.97072748458828,64.68634019341354,0,0,0,0,1,1
45819.928563,0,23,0,4581,9,0,18,18,255,10,20,1,12,14,1,0,291,68.7660958888491,54.96649428102012,0,0,0,0,1,1
45825.928563,0,60,0,4582,5,0,21,21,255,20,20,1,12,14,0,1,291,506.42351557152506,437.7436786225641,0,0,0,0,1,1
45838.928563,0,40,0,4583,8,0,16,16,255,0,20,1,12,14,1,0,291,352.12745247557007,0.22609598584471086,1,1,0,0,1,1
45845.928563,0,39,0,4584,5,0,19,19,255,0,20,1,12,14,1,0,291,0.02701671380611137,0.017936984138226527,-1,1,1,1,1,1
45849.928563,0,51,0,4584,9,0,19,19,255,0,20,1,12,14,0,1,291,54.051133649631446,37.77258444182039,0,0,0,0,1,1
45866.928563,0,9,0,4586,6,0,14,14,255,0,20,1,12,14,1,0,291,0.09742194350871125,0.08852245722111406,-1,1,1,1,1,1
45868.928562999994,0,95,0,4586,8,0,6,6,255,30,20,1,12,14,1,0,291,38899.65567105728,33794.14383955532,0,0,0,0,1,1
45897.928563,0,22,0,4589,7,0,9,9,255,20,20,1,12,14,1,0,291,156.3008123648076,18.754613918087767,0,0,0,0,1,1
45898.928563,0,31,0,4589,8,0,2,2,255,0,20,1,12,14,1,0,291,829.3658748137417,8.38548705165853,0,0,0,0,1,1
45908.928563,0,86,0,4590,8,0,2,2,255,30,20,1,12,14,0,1,291,1255.5284489745368,871.2181051242488,0,0,0,0,1,1
45917.928562999994,0,76,0,4591,7,0,12,12,255,0,20,1,12,14,1,0,291,780.8534273926878,581.9945125169162,0,0,0,0,1,1
45919.928563,0,4,0,4591,9,0,18,18,255,10,20,1,12,14,1,0,291,13.676455509557039,3.396477677298773,0.9913462,1,0,0,1,1
45924.928563,0,91,0,4592,4,0,15,15,255,20,20,1,12,14,1,0,291,77.76261037011548,13.87618690165435,0,0,0,0,1,1
45938.928562999994,0,32,0,4593,8,0,13,13,255,10,20,1,12,14,1,0,291,0.22691213868343954,0.1533392847103067,-1,1,1,1,1,1
45945.928563,0,23,0,4594,5,0,19,19,255,0,20,1,12,14,1,0,291,5852.781036443079,4705.176959822004,0,0,0,0,1,1
45949.928563,0,87,0,4594,9,0,19,19,255,0,20,1,12,14,0,1,291,4549.560132761959,2183.38349717748,0,0,0,0,1,1
45966.928563,0,42,0,4596,6,0,14,14,255,0,20,1,12,14,1,0,291,228.0240875003661,5.194121821163003,0,0,0,0,1,1
45978.928562999994,0,55,0,4597,8,0,17,17,255,20,20,1,12,14,0,1,291,54.432167245693904,12.768087661093482,0.0001,0,0,0,1,1
45997.928563,0,41,0,4599,7,0,20,20,255,30,20,1,12,14,1,0,291,614.6410013462212,6.769979102958716,0.0001,0,0,0,1,1
45998.928563,0,70,0,4599,8,0,2,2,255,0,20,1,12,14,1,0,291,163.59007234490397,0.0673195922250391,1,1,0.002,0,1,1
46009.928563,0,31,0,4600,9,0,4,4,255,30,20,1,12,14,1,0,291,5130.013423703111,4229.771939752359,0,0,0,0,1,1
46018.928563,0,10,0,4601,8,0,20,20,255,30,20,1,12,14,0,1,291,218.1053073437597,0.0014644779952476647,0.8690068,1,0.002,0,1,1
46019.928563,0,50,0,4601,9,0,18,18,255,10,20,1,12,14,1,0,291,1.044463979021828e-05,6.482701296354735e-06,-1,1,1,1,1,1
46037.928563,0,15,0,4603,7,0,12,12,255,0,20,1,12,14,0,1,291,4508.98372003924,2804.065822212431,0,0,0,0,1,1
46038.928563,0,51,0,4603,8,0,16,16,255,0,20,1,12,14,1,0,291,133.72204171010304,0.5258162317785783,1,1,0,0,1,1
46045.928562999994,0,65,0,4604,5,0,19,19,255,0,20,1,12,14,1,0,291,392.362133688948,37.440992972819025,0,0,0,0,1,1
46058.928563,0,48,0,4605,8,0,17,17,255,10,20,1,12,14,1,0,291,143.23645956693065,113.502139233208,0,0,0,0,1,1
46066.928562999994,0,85,0,4606,6,0,14,14,255,0,20,1,12,14,1,0,291,0.0184478229950824,0.005207488373242555,-1,1,1,1,1,1
46085.928563,0,48,0,4608,5,0,3,3,255,0,20,1,12,14,1,0,291,74.89817678710192,63.911666643029996,0,0,0,0,1,1
46097.928563,0,66,0,4609,7,0,20,20,255,30,20,1,12,14,1,0,291,473.535485411664,0.3852064957839651,1,1,0,0,1,1
46106.928562999994,0,41,0,4610,6,0,9,9,255,10,20,1,12,14,0,1,291,0.0032435088847740942,0.0012015031139610693,-1,1,1,1,1,1
46109.928562999994,0,66,0,4610,9,0,4,4,255,30,20,1,12,14,1,0,291,4664.46461296872,2691.840862066928,0,0,0,0,1,1
46118.928562999994,0,33,0,4611,8,0,20,20,255,30,20,1,12,14,0,1,291,18.45144785708817,9.970104271259629e-07,1,1,0.002,0,1,1
46119.928563,0,78,0,4611,9,0,18,18,255,10,20,1,12,14,1,0,291,1.254831160943983,1.048220459888518,1,1,0,0,1,1
46138.928563,0,20,0,4613,8,0,16,16,255,0,20,1,12,14,1,0,291,456.2316315983874,24.825293480027746,0,0,0,0,1,1
46139.928563,0,27,0,4613,9,0,13,13,255,30,20,1,12,14,1,0,291,85.59202814252727,0.052431118775357055,1,1,0.002,0,1,1
46145.928563,0,96,0,4614,5,0,19,19,255,0,20,1,12,14,1,0,291,284.4310874052504,4.797397562933805,0,0,0,0,1,1
46158.928563,0,54,0,4615,8,0,17,17,255,10,20,1,12,14,1,0,291,2240818.1696589002,1950089.4681141167,0,0,0,0,1,1
46166.928563,0,53,0,4616,6,0,14,14,255,0,20,1,12,14,1,0,291,1707.4047498867403,365.1610124534519,0,0,0,0,1,1
46185.928562999994,0,35,0,4618,5,0,3,3,255,0,20,1,12,14,1,0,291,7562.127344768119,6460.162649491641,0,0,0,0,1,1
46197.928563,0,59,0,4619,7,0,20,20,255,30,20,1,12,14,1,0,291,14.883729389483856,0.000360522720433673,1,1,0.002,0,1,1
46206.928563,0,17,0,4620,6,0,9,9,255,10,20,1,12,14,0,1,291,0.22889857844769912,0.0673133329998459,-1,1,1,1,1,1
46208.928563,0,72,0,4620,8,0,2,2,255,30,20,1,12,14,0,1,291,270.25846820828554,209.0120862593779,0,0,0,0,1,1
46217.928563,0,47,0,4621,7,0,18,18,255,20,20,1,12,14,1,0,291,277.22097115237364,243.90414963227212,0,0,0,0,1,1
46218.928563,0,79,0,4621,8,0,20,20,255,30,20,1,12,14,0,1,291,219.22391986970152,0.07666899049125607,0.8690068,1,0,0,1,1
46228.928562999994,0,65,0,4622,8,0,4,4,255,10,20,1,12,14,0,1,291,1795.9657261562274,110.38367972204756,0,0,0,0,1,1
46238.928563,0,78,0,4623,8,0,5,5,255,10,20,1,12,14,1,0,291,251.36806778337464,3.123798359790235,0.0256,0,0,0,1,1
46245.928563,0,54,0,4624,5,0,19,19,255,0,20,1,12,14,1,0,291,10.86456829273541,2.149005190799659,1,1,0,0,1,1
46249.928562999994,0,72,0,4624,9,0,5,5,255,20,20,1,12,14,0,1,291,31.796658560485344,0.7478056179749413,0.0535,0,0,0,1,1
46265.928563,0,82,0,4626,5,0,13,13,255,0,20,1,12,14,0,1,291,2333.127500911457,1273.2979809305675,0,0,0,0,1,1
46268.928563,0,74,0,4626,8,0,6,6,255,30,20,1,12,14,1,0,291,343.9367495130083,230.5064358458839,0,0,0,0,1,1
46297.928563,0,29,0,4629,7,0,9,9,255,20,20,1,12,14,1,0,291,147.3306012332468,1.7620000040147523,1,1,0,0,1,1
46298.928562999994,0,43,0,4629,8,0,2,2,255,0,20,1,12,14,1,0,291,1805.61350961438,2.62102810679781,1,1,0,0,1,1
46306.928563,0,51,0,4630,6,0,9,9,255,10,20,1,12,14,0,1,291,0.006000765028205549,0.00437743185920518,-1,1,1,1,1,1
46308.928563,0,87,0,4630,8,0,12,12,255,0,20,1,12,14,1,0,291,918.6104277104008,600.0181902659893,0,0,0,0,1,1
46318.928563,0,39,0,4631,8,0,21,21,255,20,20,1,12,14,1,0,291,1.6090192443987732,0.4132305836313597,1,1,0,0,1,1
46324.928563,0,71,0,4632,4,0,15,15,255,20,20,1,12,14,1,0,291,56.34710805017512,55.13470574997993,0,0,0,0,1,1
46338.928563,0,2,0,4633,8,0,5,5,255,10,20,1,12,14,1,0,291,32820.96321603709,40.3063291423847,0,0,0,0,1,1
46338.928563,0,94,0,4633,8,0,16,16,255,0,20,1,12,14,1,0,291,10.39851376814929,0.03426414667287422,1,1,0,0,1,1
46349.928563,0,7,0,4634,9,0,5,5,255,20,20,1,12,14,0,1,291,14609.263563071148,18.163582635757127,0,0,0,0,1,1
46365.928562999994,0,31,0,4636,5,0,13,13,255,0,20,1,12,14,0,1,291,748.3330007491992,447.9876835752642,0,0,0,0,1,1
46368.928562999994,0,27,0,4636,8,0,6,6,255,30,20,1,12,14,1,0,291,2481.3822735274775,1995.3273320302578,0,0,0,0,1,1
46397.928563,0,2,0,4639,7,0,9,9,255,20,20,1,12,14,1,0,291,27582.029873549578,82.12575113921385,0,0,0,0,1,1
46397.928563,0,93,0,4639,7,0,9,9,255,20,20,1,12,14,1,0,291,205.21122869623773,10.40657670327437,0,0,0,0,1,1
46404.928563,0,77,0,4640,4,0,4,4,255,30,20,1,12,14,1,0,291,7918.834305757888,5772.851951485509,0,0,0,0,1,1
46408.928563,0,52,0,4640,8,0,12,12,255,0,20,1,12,14,1,0,291,7289.514313859916,6054.301011938572,0,0,0,0,1,1
46418.928563,0,9,0,4641,8,0,20,20,255,30,20,1,12,14,0,1,291,902.2712138496887,0.06545976461068258,0.8690068,1,0.002,0,1,1
46424.928563,0,11,0,4642,4,0,15,15,255,20,20,1,12,14,1,0,291,1069.6075843570736,918.2026120365895,0,0,0,0,1,1
46437.928563,0,25,0,4643,7,0,19,19,255,10,20,1,12,14,1,0,291,744.7363157259952,623.3157768053659,0,0,0,0,1,1
46438.928562999994,0,56,0,4643,8,0,5,5,255,10,20,1,12,14,1,0,291,2749.506023546173,2.6043713391638055,1,1,0,0,1,1
46446.928563,0,91,0,4644,6,0,15,15,255,30,20,1,12,14,0,1,291,3.5094793596212868,3.248888211010593,1,1,0,0,1,1
46458.928563,0,46,0,4645,8,0,17,17,255,10,20,1,12,14,1,0,291,33.64971083761398,6.902403677410203,0,0,0,0,1,1
46466.928563,0,53,0,4646,6,0,14,14,255,0,20,1,12,14,1,0,291,4078.7417181195233,3588.6590559024935,0,0,0,0,1,1
46485.928563,0,37,0,4648,5,0,3,3,255,0,20,1,12,14,1,0,291,2934.886585361457,970.590275359057,0,0,0,0,1,1
46498.928563,0,23,0,4649,8,0,20,20,255,0,20,1,12,14,1,0,291,3.0558166011785723,0.4267908103114674,1,1,0,0,1,1
46508.928563,0,5,0,4650,8,0,2,2,255,30,20,1,12,14,0,1,291,24644.91141864352,12791.754829383022,0.0001,0,0,0,1,1
46509.928563,0,86,0,4650,9,0,20,20,255,0,20,1,12,14,0,1,291,277.2865645214207,228.72744380058674,0,0,0,0,1,1
46518.928563,0,64,0,4651,8,0,21,21,255,20,20,1,12,14,1,0,291,6.2811704556688825,5.235259653249796,1,1,0,0,1,1
46529.928563,0,27,0,4652,9,0,18,18,255,0,20,1,12,14,0,1,291,604.8555496105658,592.2295758895089,0,0,0,0,1,1
46538.928563,0,36,0,4653,8,0,5,5,255,10,20,1,12,14,1,0,291,19.854391329830154,0.0003852903391649907,1,1,0.002,0,1,1
46539.928562999994,0,60,0,4653,9,0,13,13,255,30,20,1,12,14,1,0,291,419.2086138482993,0.6641250514504189,1,1,0,0,1,1
46558.928563,0,11,0,4655,8,0,17,17,255,10,20,1,12,14,1,0,291,375.4920359779647,192.45885177591512,0,0,0,0,1,1
46566.928562999994,0,15,0,4656,6,0,14,14,255,0,20,1,12,14,1,0,291,64.81233114019973,34.69773894971544,0,0,0,0,1,1
46577.928563,0,29,0,4657,7,0,14,14,255,20,20,1,12,14,0,1,291,2788.9593483195213,2069.887251459735,0,0,0,0,1,1
46597.928562999994,0,75,0,4659,7,0,9,9,255,20,20,1,12,14,1,0,291,12053.953586580184,10342.17497627845,0,0,0,0,1,1
46604.928563,0,64,0,4660,4,0,4,4,255,30,20,1,12,14,1,0,291,922.996164461558,796.9332040705272,0,0,0,0,1,1
46609.928562999994,0,84,0,4660,9,0,20,20,255,0,20,1,12,14,0,1,291,0.3682844517195402,0.024413859606160014,-1,1,1,1,1,1
46618.928562999994,0,59,0,4661,8,0,21,21,255,20,20,1,12,14,1,0,291,4.511275154007324,0.1386550610644264,1,1,0,0,1,1
46626.928563,0,89,0,4662,6,0,15,15,255,30,20,1,12,14,1,0,291,1930.3156088016608,1509.1144919742271,0,0,0,0,1,1
46638.928563,0,27,0,4663,8,0,5,5,255,10,20,1,12,14,1,0,291,122.52302400555634,0.023241183235270763,1,1,0.002,0,1,1
46639.928563,0,43,0,4663,9,0,13,13,255,30,20,1,12,14,1,0,291,153.56284455722934,0.18131106096656438,1,1,0,0,1,1
46649.928563,0,87,0,4664,9,0,5,5,255,20,20,1,12,14,0,1,291,524.6989951783523,0.13298848020491963,0.8690068,1,0,0,1,1
46665.928563,0,82,0,4666,5,0,13,13,255,0,20,1,12,14,0,1,291,705.0561606653855,373.7509464644699,0,0,0,0,1,1
46668.928563,0,69,0,4666,8,0,6,6,255,30,20,1,12,14,1,0,291,8036.186746547142,3912.7711343346205,0,0,0,0,1,1
46697.928563,0,51,0,4669,7,0,9,9,255,20,20,1,12,14,1,0,291,4535.050678584238,4167.45844552295,0,0,0,0,1,1
46704.928563,0,40,0,4670,4,0,4,4,255,30,20,1,12,14,1,0,291,35.81354749975722,17.054203859228263,0,0,0,0,1,1
46709.928563,0,21,0,4670,9,0,20,20,255,0,20,1,12,14,0,1,291,197.37870812331798,170.42510977745292,0.0001,0,0,0,1,1
46717.928563,0,88,0,4671,7,0,21,21,255,30,20,1,12,14,1,0,291,1111.5552220129478,0.025874966425177108,1,1,0.002,0,1,1
46729.928563,0,26,0,4672,9,0,21,21,255,10,20,1,12,14,0,1,291,114.78841037991606,0.002225965124151735,0.8690068,1,0.002,0,1,1
46738.928563,0,6,0,4673,8,0,16,16,255,0,20,1,12,14,1,0,291,6235.90449323407,54.15977813519482,0,0,0,0,1,1
46738.928563,0,96,0,4673,8,0,16,16,255,0,20,1,12,14,1,0,291,166.264043971148,0.047181292325485694,1,1,0,0,1,1
46749.928562999994,0,14,0,4674,9,0,5,5,255,20,20,1,12,14,0,1,291,327.29754514510677,12.329954477027135,0,0,0,0,1,1
46765.928563,0,45,0,4676,5,0,13,13,255,0,20,1,12,14,0,1,291,7001.331612071956,6105.664586466744,0,0,0,0,1,1
46768.928563,0,41,0,4676,8,0,6,6,255,30,20,1,12,14,1,0,291,329.39151533637266,245.93374729438676,0,0,0,0,1,1
46798.928562999994,0,12,0,4679,8,0,2,2,255,0,20,1,12,14,1,0,291,0.09096230472234616,0.06570906496002035,-1,1,1,1,1,1
46799.928563,0,12,0,4679,9,0,9,9,255,0,20,1,12,14,1,0,291,3.8186383962540646,0.14417802305139865,1,1,0.2635983,0,1,1
46817.928563,0,9,0,4681,7,0,21,21,255,30,20,1,12,14,1,0,291,545.2100254973775,0.10985286060900669,1,1,0,0,1,1
46817.928563,0,72,0,4681,7,0,18,18,255,20,20,1,12,14,1,0,291,12.016892147791644,0.10381052542136385,1,1,0,0,1,1
46825.928563,0,79,0,4682,5,0,16,16,255,20,20,1,12,14,1,0,291,31.26960949358922,15.447106504544172,0,0,0,0,1,1
46829.928563,0,46,0,4682,9,0,18,18,255,0,20,1,12,14,0,1,291,226.34820696077705,0.024254563948639642,0.0001,0,0.002,0,1,1
46838.928563,0,54,0,4683,8,0,5,5,255,10,20,1,12,14,1,0,291,1605.6159088988109,1533.6863837067738,0,0,0,0,1,1
46839.928563,0,95,0,4683,9,0,13,13,255,30,20,1,12,14,1,0,291,72.81825127727387,0.05861935334779235,1,1,0.002,0,1,1
46866.928563,0,64,0,4686,6,0,14,14,255,0,20,1,12,14,1,0,291,81.81928751500121,0.5387639154925238,0.0001,0,0,0,1,1
46868.928562999994,0,54,0,4686,8,0,6,6,255,30,20,1,12,14,1,0,291,203.35078203087542,82.01940830608439,0,0,0,0,1,1
46898.928563,0,16,0,4689,8,0,20,20,255,0,20,1,12,14,1,0,291,94.53263311623053,82.83955248095242,0,0,0,0,1,1
46899.928563,0,20,0,4689,9,0,9,9,255,0,20,1,12,14,1,0,291,0.02469069439792882,0.01701567480023393,-1,1,1,1,1,1
46917.928562999994,0,11,0,4691,7,0,18,18,255,20,20,1,12,14,1,0,291,1585.2591065001745,1.4357483968667988,1,1,0,0,1,1
46917.928562999994,0,74,0,4691,7,0,18,18,255,20,20,1,12,14,1,0,291,44147.11821929792,127.55816422103861,0,0,0,0,1,1
46925.928563,0,87,0,4692,5,0,16,16,255,20,20,1,12,14,1,0,291,200.8016537927421,155.7111038368519,0,0,0,0,1,1
46929.928562999994,0,55,0,4692,9,0,18,18,255,0,20,1,12,14,0,1,291,285.3322284047455,0.9039060777412077,0,0,0,0,1,1
46938.928562999994,0,61,0,4693,8,0,5,5,255,10,20,1,12,14,1,0,291,363.8812845324875,86.41526931287724,0,0,0,0,1,1
46949.928563,0,17,0,4694,9,0,19,19,255,0,20,1,12,14,0,1,291,0.5156814223644818,0.33326607949887477,-1,1,1,1,1,1
46965.928563,0,84,0,4696,5,0,6,6,255,20,20,1,12,14,1,0,291,121.20442134399987,7.109449164069678,0,0,0,0,1,1
46967.928563,0,61,0,4696,7,0,17,17,255,30,20,1,12,14,1,0,291,101350.54621677552,89434.67547412858,0,0,0,0,1,1
46998.928563,0,21,0,4699,8,0,2,2,255,0,20,1,12,14,1,0,291,0.5897435196997068,0.39409213649740754,-1,1,1,1,1,1
46999.928562999994,0,28,0,4699,9,0,9,9,255,0,20,1,12,14,1,0,291,0.07359216224635311,0.017814697662970714,-1,1,1,1,1,1
47017.928563,0,16,0,4701,7,0,18,18,255,20,20,1,12,14,1,0,291,1521.5015984778222,0.08213519102640217,1,1,0.002,0,1,1
47017.928563,0,78,0,4701,7,0,21,21,255,30,20,1,12,14,1,0,291,115.39680340638816,0.0009469981103114434,1,1,0.002,0,1,1
47025.928563,0,90,0,4702,5,0,16,16,255,20,20,1,12,14,1,0,291,574.9695110605404,265.8271401586032,0,0,0,0,1,1
47029.928563,0,60,0,4702,9,0,21,21,255,10,20,1,12,14,0,1,291,0.04651533928746552,7.246933231689986e-05,-1,1,1,1,1,1
47038.928563,0,66,0,4703,8,0,5,5,255,10,20,1,12,14,1,0,291,5069.402171922024,3016.645111913241,0,0,0,0,1,1
47049.928563,0,46,0,4704,9,0,19,19,255,0,20,1,12,14,0,1,291,0.01934077171635908,0.014627164111241708,-1,1,1,1,1,1
47065.928563,0,95,0,4706,5,0,13,13,255,0,20,1,12,14,0,1,291,5.074941938886364,0.616387071857974,0.8690068,1,0,0,1,1
47067.928563,0,82,0,4706,7,0,17,17,255,30,20,1,12,14,1,0,291,11080.781248907399,9670.600955761674,0,0,0,0,1,1
47098.928563,0,30,0,4709,8,0,20,20,255,0,20,1,12,14,1,0,291,25.30865203766225,22.093521571363485,0,0,0,0,1,1
47099.928563,0,46,0,4709,9,0,9,9,255,0,20,1,12,14,1,0,291,0.021530037456331093,0.006563077980022193,-1,1,1,1,1,1
47117.928563,0,24,0,4711,7,0,21,21,255,30,20,1,12,14,1,0,291,38.85988981177015,0.1419511065425984,1,1,0,0,1,1
47117.928563,0,83,0,4711,7,0,21,21,255,30,20,1,12,14,1,0,291,49.03816018954931,0.2699713509969541,1,1,0,0,1,1
47126.928563,0,19,0,4712,6,0,15,15,255,30,20,1,12,14,1,0,291,9237.201653403445,3725.3008023092752,0,0,0,0,1,1
47129.928563,0,80,0,4712,9,0,21,21,255,10,20,1,12,14,0,1,291,0.01931194528106536,0.007372130232114094,-1,1,1,1,1,1
47138.928563,0,35,0,4713,8,0,19,19,255,30,20,1,12,14,1,0,291,7817.902973355043,7429.919987076569,0,0,0,0,1,1
47149.928563,0,91,0,4714,9,0,19,19,255,0,20,1,12,14,0,1,291,0.014346605916362342,0.0015960998009091898,-1,1,1,1,1,1
47165.928563,0,72,0,4716,5,0,6,6,255,20,20,1,12,14,1,0,291,57.086155562844354,37.35891287879887,0,0,0,0,1,1
47185.928562999994,0,57,0,4718,5,0,3,3,255,0,20,1,12,14,1,0,291,2376.5402279492523,1483.5314272395772,0,0,0,0,1,1
47198.928563,0,17,0,4719,8,0,4,4,255,30,20,1,12,14,1,0,291,1411.2660617152035,1073.7400072379169,0,0,0,0,1,1
47199.928563,0,24,0,4719,9,0,9,9,255,0,20,1,12,14,1,0,291,140.0808947368953,86.17545164845498,0,0,0,0,1,1
47217.928563,0,23,0,4721,7,0,18,18,255,20,20,1,12,14,1,0,291,1505.6402875739732,5.915898538125063,0.0001,0,0,0,1,1
47217.928563,0,82,0,4721,7,0,21,21,255,30,20,1,12,14,1,0,291,868.5085625565404,3.053594680363288,0.8184713,0,0,0,1,1
47226.928563,0,13,0,4722,6,0,15,15,255,30,20,1,12,14,1,0,291,1161057.0878625247,835088.7402072262,0,0,0,0,1,1
47229.928563,0,75,0,4722,9,0,21,21,255,10,20,1,12,14,0,1,291,0.7175292561056421,0.004488694557940365,-1,1,1,1,1,1
47238.928563,0,31,0,4723,8,0,5,5,255,10,20,1,12,14,1,0,291,2538.3437372122103,1297.5243584777256,0,0,0,0,1,1
47249.928562999994,0,92,0,4724,9,0,19,19,255,0,20,1,12,14,0,1,291,0.12043186412896308,0.09570087347076908,-1,1,1,1,1,1
47265.928563,0,78,0,4726,5,0,6,6,255,20,20,1,12,14,1,0,291,42.29960393715536,21.079052083771142,0,0,0,0,1,1
47285.928563,0,62,0,4728,5,0,3,3,255,0,20,1,12,14,1,0,291,9908.41018679901,9620.211661207557,0,0,0,0,1,1
47298.928562999994,0,23,0,4729,8,0,20,20,255,0,20,1,12,14,1,0,291,3040.502108975962,2243.3335906467833,0,0,0,0,1,1
47299.928563,0,33,0,4729,9,0,9,9,255,0,20,1,12,14,1,0,291,0.46929028965911296,0.12284266899356655,-1,1,1,1,1,1
47317.928563,0,43,0,4731,7,0,21,21,255,30,20,1,12,14,1,0,291,63.14828721757618,57.50022196705365,0,0,0,0,1,1
47319.928563,0,70,0,4731,9,0,18,18,255,0,20,1,12,14,1,0,291,449.39964937973144,6.507526980039942,0,0,0,0,1,1
47327.928563,0,53,0,4732,7,0,18,18,255,0,20,1,12,14,0,1,291,12.333402256774297,2.7379163053174658,0,0,0,0,1,1
47338.928563,0,1,0,4733,8,0,16,16,255,10,20,1,12,14,1,0,291,8.357430584867299,3.8917947296571755,0.9913462,1,0,0,1,1
47338.928563,0,93,0,4733,8,0,19,19,255,30,20,1,12,14,1,0,291,101.46423420714338,78.12416009397833,0,0,0,0,1,1
47364.928563,0,66,0,4736,4,0,14,14,255,0,20,1,12,14,1,0,291,1676.2287469206756,1291.2963236959656,0,0,0,0,1,1
47367.928563,0,53,0,4736,7,0,17,17,255,30,20,1,12,14,1,0,291,54.781899795977914,4.52921096803663,0,0,0,0,1,1
47397.928563,0,31,0,4739,7,0,2,2,255,20,20,1,12,14,1,0,291,1002.3109942779735,345.640793924931,0,0,0,0,1,1
47398.928563,0,58,0,4739,8,0,4,4,255,30,20,1,12,14,1,0,291,29.977787711015672,2.1495438229761192,0,0,0,0,1,1
47409.928563,0,24,0,4740,9,0,9,9,255,30,20,1,12,14,0,1,291,14967.521128868295,11231.290635945454,0,0,0,0,1,1
47418.928563,0,55,0,4741,8,0,21,21,255,0,20,1,12,14,1,0,291,19.895719161619162,16.424331368153435,0,0,0,0,1,1
47424.928563,0,34,0,4742,4,0,12,12,255,30,20,1,12,14,0,1,291,19.414203265691953,0.0599925316420406,0.8690068,1,0,0,1,1
47437.928563,0,49,0,4743,7,0,13,13,255,10,20,1,12,14,1,0,291,26.01937476732781,0.0628606781386324,1,1,0.002,0,1,1
47438.928562999994,0,69,0,4743,8,0,5,5,255,10,20,1,12,14,1,0,291,10.908116863090376,1.10054863085361,1,1,0,0,1,1
47464.928563,0,8,0,4746,4,0,14,14,255,0,20,1,12,14,1,0,291,5766.343410873258,3181.5356951011076,0,0,0,0,1,1
47465.928563,0,30,0,4746,5,0,6,6,255,20,20,1,12,14,1,0,291,56.612238906838414,33.8616747548959,0,0,0,0,1,1
47486.928563,0,12,0,4748,6,0,3,3,255,0,20,1,12,14,1,0,291,32.25035560768636,19.239295398835957,0,0,0,0,1,1
47497.928563,0,89,0,4749,7,0,2,2,255,20,20,1,12,14,1,0,291,2567.2095898064617,2468.1230102800655,0,0,0,0,1,1
47498.928563,0,88,0,4749,8,0,4,4,255,30,20,1,12,14,1,0,291,12536.620551090378,2196.64281674352,0,0,0,0,1,1
47509.928563,0,49,0,4750,9,0,9,9,255,30,20,1,12,14,0,1,291,5406.548227795061,4906.702201268838,0.0001,0,0,0,1,1
47518.928563,0,60,0,4751,8,0,21,21,255,0,20,1,12,14,1,0,291,56.26726013800352,16.32726968831499,0,0,0,0,1,1
47524.928563,0,38,0,4752,4,0,15,15,255,20,20,1,12,14,1,0,291,1395.0452105436798,0.976634584953788,1,1,0,0,1,1
47537.928563,0,47,0,4753,7,0,13,13,255,10,20,1,12,14,1,0,291,33.16564968245965,0.25428183638855384,1,1,0,0,1,1
47538.928563,0,67,0,4753,8,0,19,19,255,30,20,1,12,14,1,0,291,4846.575203121959,1174.308548056942,0,0,0,0,1,1
47564.928563,0,3,0,4756,4,0,13,13,255,30,20,1,12,14,0,1,291,33548.13849949062,26602.167427921268,0,0,0,0,1,1
47565.928563,0,24,0,4756,5,0,6,6,255,20,20,1,12,14,1,0,291,59.53570849338773,37.23234925849068,0,0,0,0,1,1
47586.928563,0,7,0,4758,6,0,3,3,255,0,20,1,12,14,1,0,291,229.79672320824278,118.5534362935768,0,0,0,0,1,1
47597.928562999994,0,86,0,4759,7,0,2,2,255,20,20,1,12,14,1,0,291,2895.8614204049036,2848.567980556196,0,0,0,0,1,1
47598.928563,0,87,0,4759,8,0,4,4,255,30,20,1,12,14,1,0,291,155.65117522403173,81.61042081356509,0,0,0,0,1,1
47609.928562999994,0,35,0,4760,9,0,9,9,255,30,20,1,12,14,0,1,291,8862.91737673146,7592.61165247073,0,0,0,0,1,1
47618.928562999994,0,45,0,4761,8,0,21,21,255,0,20,1,12,14,1,0,291,75.34314847608049,31.7826465768176,0,0,0,0,1,1
47624.928562999994,0,23,0,4762,4,0,15,15,255,20,20,1,12,14,1,0,291,982.1802041084632,8.13490254196617,0,0,0,0,1,1
47637.928563,0,24,0,4763,7,0,13,13,255,10,20,1,12,14,1,0,291,10.086644354832838,0.03798792931589887,1,1,0,0,1,1
47638.928563,0,55,0,4763,8,0,19,19,255,30,20,1,12,14,1,0,291,12.246204098488837,3.428675137102918,0.3126543,0,0,0,1,1
47646.928563,0,36,0,4764,6,0,5,5,255,20,20,1,12,14,1,0,291,48.548235270098886,24.147758354642914,0,0,0,0,1,1
47664.928562999994,0,67,0,4766,4,0,13,13,255,30,20,1,12,14,0,1,291,326.1058188477544,69.88054958054582,0,0,0,0,1,1
47667.928562999994,0,53,0,4766,7,0,6,6,255,0,20,1,12,14,1,0,291,1302.2439840722368,703.7870922584242,0,0,0,0,1,1
47686.928563,0,86,0,4768,6,0,3,3,255,0,20,1,12,14,1,0,291,3270.421518147169,1038.6283399821434,0,0,0,0,1,1
47698.928563,0,38,0,4769,8,0,4,4,255,30,20,1,12,14,1,0,291,468.88769659175944,362.62149578509747,0,0,0,0,1,1
47699.928563,0,64,0,4769,9,0,9,9,255,0,20,1,12,14,1,0,291,0.20433848031750096,0.06533938293092009,-1,1,1,1,1,1
47717.928563,0,39,0,4771,7,0,12,12,255,0,20,1,12,14,1,0,291,6.580906790193874,5.260192325536487,1,1,0,0,1,1
47719.928563,0,29,0,4771,9,0,18,18,255,0,20,1,12,14,1,0,291,10.40732939936659,0.03641001955487584,1,1,0.002,0,1,1
47724.928563,0,79,0,4772,4,0,15,15,255,20,20,1,12,14,1,0,291,636.6564429340498,18.7912889049174,0,0,0,0,1,1
47738.928563,0,1,0,4773,8,0,19,19,255,30,20,1,12,14,1,0,291,181.42647677031377,45.378420674129714,0,0,0,0,1,1
47738.928563,0,91,0,4773,8,0,16,16,255,10,20,1,12,14,1,0,291,2877.420654845999,1470.3196002030988,0,0,0,0,1,1
47764.928563,0,1,0,4776,4,0,13,13,255,30,20,1,12,14,0,1,291,352.1114617956215,244.4434488968375,0,0,0,0,1,1
47765.928563,0,79,0,4776,5,0,14,14,255,20,20,1,12,14,1,0,291,166.85535516424952,51.92454938881786,0,0,0,0,1,1
47767.928563,0,79,0,4776,7,0,6,6,255,0,20,1,12,14,1,0,291,140.53137786772973,92.0809351591589,0,0,0,0,1,1
47797.928563,0,42,0,4779,7,0,2,2,255,20,20,1,12,14,1,0,291,165.76311968790804,137.1938310382506,0,0,0,0,1,1
47799.928563,0,32,0,4779,9,0,9,9,255,0,20,1,12,14,1,0,291,785.7736112393976,603.0696148925838,0,0,0,0,1,1
47808.928563,0,58,0,4780,8,0,4,4,255,30,20,1,12,14,1,0,291,153.951362385016,89.76259623620086,0,0,0,0,1,1
47818.928563,0,16,0,4781,8,0,21,21,255,0,20,1,12,14,1,0,291,2424.8279451737662,2232.5663637729726,0,0,0,0,1,1
47824.928563,0,3,0,4782,4,0,15,15,255,20,20,1,12,14,1,0,291,14663.121052837198,1098.9330139813383,0,0,0,0,1,1
47827.928563,0,81,0,4782,7,0,18,18,255,0,20,1,12,14,0,1,291,179.76339719306344,89.40102230856779,0,0,0,0,1,1
47838.928563,0,86,0,4783,8,0,19,19,255,30,20,1,12,14,1,0,291,31.202248201581817,1.0178813502414454,0.0256,0,0,0,1,1
47847.928562999994,0,7,0,4784,7,0,13,13,255,20,20,1,12,14,1,0,291,1057.4225327705076,804.7713621742478,0,0,0,0,1,1
47865.928562999994,0,59,0,4786,5,0,14,14,255,20,20,1,12,14,1,0,291,23.89459253050301,3.9130620732048564,0.0256,0,0,0,1,1
47867.928563,0,66,0,4786,7,0,6,6,255,0,20,1,12,14,1,0,291,2179.378931581918,637.8505506933709,0,0,0,0,1,1
47897.928563,0,20,0,4789,7,0,2,2,255,20,20,1,12,14,1,0,291,441.1080793464647,295.431541053777,0,0,0,0,1,1
47899.928563,0,11,0,4789,9,0,9,9,255,0,20,1,12,14,1,0,291,1093.3698818543203,774.7374624120501,0,0,0,0,1,1
47908.928563,0,49,0,4790,8,0,4,4,255,30,20,1,12,14,1,0,291,184.30740005772776,113.0634594960088,0,0,0,0,1,1
47918.928563,0,7,0,4791,8,0,21,21,255,0,20,1,12,14,1,0,291,206.56775359723966,167.90750007590114,0,0,0,0,1,1
47919.928563,0,92,0,4791,9,0,18,18,255,0,20,1,12,14,1,0,291,245.77623019641595,0.5293233634910197,1,1,0,0,1,1
47927.928563,0,69,0,4792,7,0,18,18,255,0,20,1,12,14,0,1,291,288.81881602546497,182.5452491076941,0,0,0,0,1,1
47938.928562999994,0,68,0,4793,8,0,16,16,255,10,20,1,12,14,1,0,291,211.6217442971443,23.89431027665488,0,0,0,0,1,1
47946.928563,0,86,0,4794,6,0,5,5,255,20,20,1,12,14,1,0,291,199.71726834396506,162.63415415712763,0,0,0,0,1,1
47965.928563,0,59,0,4796,5,0,14,14,255,20,20,1,12,14,1,0,291,16.768243736924667,0.2733101033693442,0.9913462,1,0,0,1,1
47967.928563,0,73,0,4796,7,0,6,6,255,0,20,1,12,14,1,0,291,25.601671503342878,5.704837540356957,0,0,0,0,1,1
47997.928563,0,28,0,4799,7,0,20,20,255,20,20,1,12,14,1,0,291,945.8789384251313,635.0939296902221,0,0,0,0,1,1
48006.928563,0,39,0,4800,6,0,2,2,255,20,20,1,12,14,0,1,291,217.35549841973074,71.13166723046162,0,0,0,0,1,1
48019.928563,0,1,0,4801,9,0,18,18,255,0,20,1,12,14,1,0,291,4810.324434284195,4444.762086742545,0,0,0,0,1,1
48024.928563,0,87,0,4802,4,0,15,15,255,20,20,1,12,14,1,0,291,316.2820909421238,114.05869889893751,0,0,0,0,1,1
48029.928563,0,85,0,4802,9,0,12,12,255,30,20,1,12,14,0,1,291,101.98362500213833,10.19076164470044,0,0,0,0,1,1
48038.928563,0,84,0,4803,8,0,16,16,255,10,20,1,12,14,1,0,291,371.9940661429959,324.09012859333023,0,0,0,0,1,1
48047.928563,0,64,0,4804,7,0,13,13,255,20,20,1,12,14,1,0,291,803.0578927839682,299.837060477526,0,0,0,0,1,1
48067.928563,0,14,0,4806,7,0,17,17,255,30,20,1,12,14,1,0,291,120.68887585519076,47.59950353682949,0,0,0,0,1,1
48086.928563,0,9,0,4808,6,0,3,3,255,0,20,1,12,14,1,0,291,18559.992272836134,17851.470702484403,0,0,0,0,1,1
48097.928563,0,92,0,4809,7,0,2,2,255,20,20,1,12,14,1,0,291,0.02498239298659407,0.0036088105616277006,-1,1,1,1,1,1
48108.928563,0,79,0,4810,8,0,4,4,255,30,20,1,12,14,1,0,291,25.357436199900665,9.28678599181178,0,0,0,0,1,1
48119.928563,0,71,0,4811,9,0,18,18,255,0,20,1,12,14,1,0,291,26.592560547600023,15.867835784960466,0,0,0,0,1,1
48125.928563,0,63,0,4812,5,0,12,12,255,0,20,1,12,14,1,0,291,3.9998139199623077,2.7023690284450756,1,1,0,0,1,1
48137.928563,0,83,0,4813,7,0,19,19,255,20,20,1,12,14,1,0,291,0.7232510402947643,0.24840182109712602,-1,1,0.9361511,1,1,1
48146.928563,0,68,0,4814,6,0,5,5,255,20,20,1,12,14,1,0,291,96.35084346227075,69.80682496526227,0,0,0,0,1,1
48158.928563,0,33,0,4815,8,0,17,17,255,0,20,1,12,14,1,0,291,58183.053751173175,49015.591310846496,0,0,0,0,1,1
48167.928562999994,0,19,0,4816,7,0,6,6,255,0,20,1,12,14,1,0,291,48.7782452785981,28.859680179483448,0,0,0,0,1,1
48186.928563,0,68,0,4818,6,0,3,3,255,0,20,1,12,14,1,0,291,3696.284508913285,2047.50359764626,0,0,0,0,1,1
48199.928563,0,59,0,4819,9,0,9,9,255,0,20,1,12,14,1,0,291,4894.383996964797,1970.0213430549504,0,0,0,0,1,1
48218.928563,0,44,0,4821,8,0,21,21,255,0,20,1,12,14,1,0,291,458.96532772871797,328.7173633863306,0,0,0,0,1,1
48224.928563,0,34,0,4822,4,0,15,15,255,20,20,1,12,14,1,0,291,3823.370745896916,543.1451373568668,0,0,0,0,1,1
48227.928563,0,57,0,4822,7,0,4,4,255,20,20,1,12,14,0,1,291,0.8577794187586816,0.04081683435961823,-1,1,0.9361511,1,1,1
48238.928563,0,33,0,4823,8,0,16,16,255,10,20,1,12,14,1,0,291,210.80344440909008,129.07521816851445,0,0,0,0,1,1
48247.928563,0,10,0,4824,7,0,13,13,255,20,20,1,12,14,1,0,291,57.04777040792936,41.14687348721442,0,0,0,0,1,1
48258.928563,0,58,0,4825,8,0,17,17,255,0,20,1,12,14,1,0,291,19834.525186313535,7275.426894961548,0,0,0,0,1,1
48267.928563,0,43,0,4826,7,0,6,6,255,0,20,1,12,14,1,0,291,160.6255250059798,64.57802940051717,0,0,0,0,1,1
48286.928563,0,84,0,4828,6,0,3,3,255,0,20,1,12,14,1,0,291,43.41134404951366,21.074528484507187,0,0,0,0,1,1
48297.928563,0,86,0,4829,7,0,2,2,255,20,20,1,12,14,1,0,291,3.1564179282103493,0.6290360601208729,1,1,0,0,1,1
48318.928563,0,64,0,4831,8,0,9,9,255,20,20,1,12,14,0,1,291,36.49595334100293,22.527319451334176,0,0,0,0,1,1
48324.928563,0,52,0,4832,4,0,15,15,255,20,20,1,12,14,1,0,291,8962.277286563185,8427.184820917371,0,0,0,0,1,1
48327.928563,0,70,0,4832,7,0,4,4,255,20,20,1,12,14,0,1,291,0.43412508709367714,0.140434057951753,-1,1,1,1,1,1
48338.928563,0,47,0,4833,8,0,16,16,255,10,20,1,12,14,1,0,291,18591.240560293125,15377.111256285381,0,0,0,0,1,1
48347.928563,0,24,0,4834,7,0,13,13,255,20,20,1,12,14,1,0,291,1878.1779872042848,1542.6957780677994,0,0,0,0,1,1
48358.928563,0,79,0,4835,8,0,17,17,255,0,20,1,12,14,1,0,291,6061.058146397279,5923.903988887102,0,0,0,0,1,1
48367.928563,0,66,0,4836,7,0,6,6,255,0,20,1,12,14,1,0,291,2337.469678023345,2306.4172353574063,0,0,0,0,1,1
48397.928563,0,3,0,4839,7,0,9,9,255,0,20,1,12,14,1,0,291,6333.382587346996,4294.488233401607,0,0,0,0,1,1
48397.928563,0,94,0,4839,7,0,9,9,255,0,20,1,12,14,1,0,291,1781.469827747708,1599.4886280926548,0,0,0,0,1,1
48408.928563,0,63,0,4840,8,0,2,2,255,0,20,1,12,14,0,1,291,11139.294684191442,6596.186820904322,0,0,0,0,1,1
48419.928563,0,41,0,4841,9,0,18,18,255,0,20,1,12,14,1,0,291,79.76767422863449,12.087502948444868,0,0,0,0,1,1
48425.928563,0,18,0,4842,5,0,16,16,255,30,20,1,12,14,1,0,291,1883.373808023778,1476.7992655291953,0,0,0,0,1,1
48426.928562999994,0,44,0,4842,6,0,21,21,255,20,20,1,12,14,0,1,291,0.01930835329584292,0.003034811840157155,-1,1,1,1,1,1
48437.928563,0,77,0,4843,7,0,19,19,255,20,20,1,12,14,1,0,291,16.579177865443313,4.548286191525009,0,0,0,0,1,1
48447.928563,0,37,0,4844,7,0,13,13,255,20,20,1,12,14,1,0,291,821.7162048256068,609.1110892384108,0,0,0,0,1,1
48458.928563,0,87,0,4845,8,0,17,17,255,0,20,1,12,14,1,0,291,1985.08546521603,1603.1075205130473,0,0,0,0,1,1
48467.928563,0,85,0,4846,7,0,6,6,255,0,20,1,12,14,1,0,291,36.39445820258912,11.0474518924472,0,0,0,0,1,1
48497.928563,0,4,0,4849,7,0,9,9,255,0,20,1,12,14,1,0,291,40209.257459267596,12459.015820896419,0,0,0,0,1,1
48497.928563,0,95,0,4849,7,0,9,9,255,0,20,1,12,14,1,0,291,2113.927744505065,1349.8805760677776,0,0,0,0,1,1
48508.928563,0,64,0,4850,8,0,4,4,255,30,20,1,12,14,1,0,291,0.786600748583926,0.32176127832986795,1,1,0.2635983,0,1,1
48519.928563,0,38,0,4851,9,0,18,18,255,0,20,1,12,14,1,0,291,1516.995865246005,1359.440559392792,0,0,0,0,1,1
48525.928563,0,18,0,4852,5,0,12,12,255,0,20,1,12,14,1,0,291,0.0013089398683202363,0.00043686191731964253,-1,1,1,1,1,1
48526.928563,0,55,0,4852,6,0,21,21,255,20,20,1,12,14,0,1,291,0.0022708875051139273,0.001728996657038954,-1,1,1,1,1,1
48537.928563,0,84,0,4853,7,0,19,19,255,20,20,1,12,14,1,0,291,435.9476493421156,36.23230545803985,0,0,0,0,1,1
48547.928563,0,37,0,4854,7,0,13,13,255,20,20,1,12,14,1,0,291,84.20775013206149,52.818598920712525,0,0,0,0,1,1
48558.928563,0,88,0,4855,8,0,17,17,255,0,20,1,12,14,1,0,291,232.39932206900758,177.0812016463362,0,0,0,0,1,1
48567.928563,0,86,0,4856,7,0,6,6,255,0,20,1,12,14,1,0,291,561.5960001786623,267.7426937360214,0,0,0,0,1,1
48597.928562999994,0,5,0,4859,7,0,20,20,255,20,20,1,12,14,1,0,291,29390.3943836299,21308.003489212246,0,0,0,0,1,1
48597.928562999994,0,96,0,4859,7,0,9,9,255,0,20,1,12,14,1,0,291,1316.9341482242935,1207.4923424188753,0,0,0,0,1,1
48608.928563,0,68,0,4860,8,0,2,2,255,0,20,1,12,14,0,1,291,65.51098172220446,13.68147952957429,0,0,0,0,1,1
48619.928563,0,47,0,4861,9,0,18,18,255,0,20,1,12,14,1,0,291,24.667114827456786,22.326137825036415,0,0,0,0,1,1
48625.928563,0,67,0,4862,5,0,12,12,255,0,20,1,12,14,1,0,291,2.084262047195854,1.0520964651157134,1,1,0,0,1,1
48628.928563,0,32,0,4862,8,0,15,15,255,30,20,1,12,14,1,0,291,1990.8204602713122,1687.1477655863507,0,0,0,0,1,1
48646.928563,0,1,0,4864,6,0,5,5,255,20,20,1,12,14,1,0,291,31.188974285805518,1.7857424310576413,0.0256,0,0,0,1,1
48647.928563,0,84,0,4864,7,0,13,13,255,20,20,1,12,14,1,0,291,111.70985352842874,58.098092909546004,0,0,0,0,1,1
48667.928562999994,0,24,0,4866,7,0,6,6,255,0,20,1,12,14,1,0,291,338.3711997910126,160.78706781608258,0,0,0,0,1,1
48677.928563,0,79,0,4867,7,0,17,17,255,10,20,1,12,14,0,1,291,1.6436529113235416,0.015330319957325205,1,1,0.002,0,1,1
48697.928563,0,36,0,4869,7,0,20,20,255,20,20,1,12,14,1,0,291,2105.249630584286,1702.0956990996067,0,0,0,0,1,1
48698.928563,0,62,0,4869,8,0,2,2,255,20,20,1,12,14,1,0,291,538.7145484041557,2.963920820167646,0.8184713,1,0,0,1,1
48717.928563,0,36,0,4871,7,0,21,21,255,0,20,1,12,14,1,0,291,182.329703035533,66.1549258889169,0,0,0,0,1,1
48725.928562999994,0,10,0,4872,5,0,12,12,255,0,20,1,12,14,1,0,291,46.18751440552936,25.125068375425425,0,0,0,0,1,1
48726.928563,0,22,0,4872,6,0,21,21,255,20,20,1,12,14,0,1,291,0.0504696671518922,0.03401527560964875,-1,1,1,1,1,1
48728.928562999994,0,86,0,4872,8,0,15,15,255,30,20,1,12,14,1,0,291,431.37478878222817,325.6209518682811,0,0,0,0,1,1
48737.928562999994,0,86,0,4873,7,0,19,19,255,20,20,1,12,14,1,0,291,0.01587668628128805,0.0010805053094527517,-1,1,1,1,1,1
48747.928563,0,55,0,4874,7,0,5,5,255,0,20,1,12,14,0,1,291,220.24630686554556,139.26083630502816,0,0,0,0,1,1
48758.928563,0,68,0,4875,8,0,17,17,255,0,20,1,12,14,1,0,291,136942.05776192877,106927.36919367929,0,0,0,0,1,1
48767.928563,0,56,0,4876,7,0,14,14,255,30,20,1,12,14,1,0,291,9895.031282630682,4247.828008826217,0,0,0,0,1,1
48797.928563,0,19,0,4879,7,0,20,20,255,20,20,1,12,14,1,0,291,255.82562883043383,151.35936618347756,0,0,0,0,1,1
48798.928562999994,0,29,0,4879,8,0,2,2,255,20,20,1,12,14,1,0,291,1768.7279133023378,2.8020328574763895,1,1,0,0,1,1
48808.928563,0,85,0,4880,8,0,4,4,255,30,20,1,12,14,1,0,291,5.190139013901795,5.040863784240406,1,1,0,0,1,1
48817.928563,0,85,0,4881,7,0,21,21,255,0,20,1,12,14,1,0,291,544922.9224895183,482660.00485582056,0,0,0,0,1,1
48825.928563,0,79,0,4882,5,0,16,16,255,30,20,1,12,14,1,0,291,556.1842199356335,439.3671950978217,0,0,0,0,1,1
48828.928563,0,29,0,4882,8,0,18,18,255,10,20,1,12,14,0,1,291,0.17375493744036055,0.06753421778025234,-1,1,1,1,1,1
48837.928563,0,14,0,4883,7,0,5,5,255,30,20,1,12,14,1,0,291,1580.0445986667073,8.495348269520699,0,0,0,0,1,1
48845.928563,0,9,0,4884,5,0,15,15,255,30,20,1,12,14,0,1,291,0.7058362128602572,0.4488396335107396,-1,1,0.9361511,1,1,1
48847.928562999994,0,80,0,4884,7,0,13,13,255,20,20,1,12,14,1,0,291,15194.718035548643,14331.401110101511,0,0,0,0,1,1
48865.928562999994,0,24,0,4886,5,0,6,6,255,30,20,1,12,14,1,0,291,1588.4584800531488,1438.0663503783953,0,0,0,0,1,1
48886.928563,0,2,0,4888,6,0,3,3,255,0,20,1,12,14,1,0,291,10566.258152122658,9091.84524002284,0,0,0,0,1,1
48897.928563,0,42,0,4889,7,0,20,20,255,20,20,1,12,14,1,0,291,119520.90364032143,114349.23589531404,0,0,0,0,1,1
48898.928563,0,72,0,4889,8,0,2,2,255,20,20,1,12,14,1,0,291,86.57829489056634,0.2485249142662298,1,1,0,0,1,1
48917.928562999994,0,22,0,4891,7,0,18,18,255,30,20,1,12,14,1,0,291,10.04476899174884,0.055822894684443326,1,1,0.002,0,1,1
48925.928563,0,15,0,4892,5,0,12,12,255,0,20,1,12,14,1,0,291,0.016222235398278204,0.01296329206906548,-1,1,1,1,1,1
48926.928562999994,0,49,0,4892,6,0,21,21,255,20,20,1,12,14,0,1,291,0.011031520382138917,0.002938500978023434,-1,1,1,1,1,1
48928.928563,0,60,0,4892,8,0,18,18,255,10,20,1,12,14,0,1,291,0.7669491570612534,0.44667098167925096,-1,1,0.9361511,1,1,1
48937.928563,0,49,0,4893,7,0,19,19,255,20,20,1,12,14,1,0,291,1.3507088447865525,1.152170185092081,1,1,0,0,1,1
48944.928563,0,58,0,4894,4,0,16,16,255,10,20,1,12,14,0,1,291,0.027874653375525388,0.009469646215686816,-1,1,1,1,1,1
48947.928563,0,88,0,4894,7,0,5,5,255,0,20,1,12,14,0,1,291,602.1910604439802,508.5909191463487,0,0,0,0,1,1
48965.928563,0,40,0,4896,5,0,6,6,255,30,20,1,12,14,1,0,291,963.6993095743821,901.1379431936443,0,0,0,0,1,1
48985.928563,0,61,0,4898,5,0,3,3,255,30,20,1,12,14,1,0,291,2415.679292112876,1499.3365595253385,0,0,0,0,1,1
48998.928563,0,27,0,4899,8,0,2,2,255,20,20,1,12,14,1,0,291,3261.9668538619017,79.05282146388494,0,0,0,0,1,1
48999.928562999994,0,40,0,4899,9,0,4,4,255,0,20,1,12,14,1,0,291,54.534676390592914,39.14139967426399,0,0,0,0,1,1
49008.928563,0,91,0,4900,8,0,2,2,255,0,20,1,12,14,0,1,291,814.3287893848703,602.7766780192454,0,0,0,0,1,1
49017.928563,0,89,0,4901,7,0,21,21,255,0,20,1,12,14,1,0,291,95.74836913689961,45.764011003114646,0,0,0,0,1,1
49025.928563,0,61,0,4902,5,0,12,12,255,0,20,1,12,14,1,0,291,0.10638399129587443,0.026325439662177954,-1,1,1,1,1,1
49028.928563,0,45,0,4902,8,0,15,15,255,30,20,1,12,14,1,0,291,562.8412864754612,210.3557400168951,0,0,0,0,1,1
49037.928563,0,38,0,4903,7,0,19,19,255,20,20,1,12,14,1,0,291,0.004381114594375426,0.0033546935958737928,-1,1,1,1,1,1
49044.928563,0,41,0,4904,4,0,13,13,255,20,20,1,12,14,1,0,291,328.01523665011007,0.3582867611555816,1,1,0,0,1,1
49047.928563,0,57,0,4904,7,0,5,5,255,0,20,1,12,14,0,1,291,1400.297553129658,1049.6579713559552,0,0,0,0,1,1
49065.928563,0,18,0,4906,5,0,6,6,255,30,20,1,12,14,1,0,291,1093.8948711404369,705.5362404495489,0,0,0,0,1,1
49085.928563,0,39,0,4908,5,0,3,3,255,30,20,1,12,14,1,0,291,41.64578837728676,4.24447490352038,0,0,0,0,1,1
49097.928563,0,63,0,4909,7,0,2,2,255,20,20,1,12,14,1,0,291,2797.368267294463,185.4042652677098,0,0,0,0,1,1
49099.928563,0,18,0,4909,9,0,4,4,255,0,20,1,12,14,1,0,291,1092.7830918627114,920.2935991660949,0,0,0,0,1,1
49117.928563,0,39,0,4911,7,0,21,21,255,0,20,1,12,14,1,0,291,0.5925830476996827,0.24341301312749095,-1,1,1,1,1,1
49125.928563,0,40,0,4912,5,0,12,12,255,0,20,1,12,14,1,0,291,0.6146129034027946,0.5085255840469681,-1,1,0.9361511,1,1,1
49128.928563,0,11,0,4912,8,0,15,15,255,30,20,1,12,14,1,0,291,1716.1766345360425,1594.833312982896,0,0,0,0,1,1
49137.928563,0,39,0,4913,7,0,5,5,255,30,20,1,12,14,1,0,291,37.72326037813462,0.029738009254389648,1,1,0.002,0,1,1
49144.928563,0,28,0,4914,4,0,13,13,255,20,20,1,12,14,1,0,291,5.994620191463058,0.12275194655298928,1,1,0,0,1,1
49146.928563,0,61,0,4914,6,0,19,19,255,20,20,1,12,14,0,1,291,33.16159118259732,27.98865215987435,0.0001,0,0,0,1,1
49158.928563,0,89,0,4915,8,0,17,17,255,0,20,1,12,14,1,0,291,184.4506045621846,69.38417976677997,0,0,0,0,1,1
49185.928562999994,0,15,0,4918,5,0,3,3,255,30,20,1,12,14,1,0,291,87.88827912549633,17.83245872176011,0,0,0,0,1,1
49198.928563,0,1,0,4919,8,0,20,20,255,0,20,1,12,14,1,0,291,192.50847010561353,84.91828095670344,0,0,0,0,1,1
49199.928563,0,45,0,4919,9,0,9,9,255,20,20,1,12,14,1,0,291,34.98983699650107,16.71686898027684,0,0,0,0,1,1
49208.928563,0,56,0,4920,8,0,9,9,255,0,20,1,12,14,0,1,291,1757.6163432015048,1542.878774015827,0,0,0,0,1,1
49225.928562999994,0,30,0,4922,5,0,16,16,255,30,20,1,12,14,1,0,291,49.09549494722821,11.158304804758084,0,0,0,0,1,1
49226.928563,0,93,0,4922,6,0,21,21,255,20,20,1,12,14,0,1,291,0.005930387335566908,0.005379315307048325,-1,1,1,1,1,1
49237.928562999994,0,21,0,4923,7,0,5,5,255,30,20,1,12,14,1,0,291,109.5105360382134,0.2006292730923866,1,1,0,0,1,1
49244.928563,0,8,0,4924,4,0,13,13,255,20,20,1,12,14,1,0,291,8.449349134788488,0.5434885403181008,1,1,0,0,1,1
49246.928562999994,0,83,0,4924,6,0,19,19,255,20,20,1,12,14,0,1,291,135.72704357151673,21.360202063161577,0,0,0,0,1,1
49265.928563,0,26,0,4926,5,0,6,6,255,30,20,1,12,14,1,0,291,136.84136572231063,29.269638172394878,0,0,0,0,1,1
49285.928563,0,53,0,4928,5,0,3,3,255,30,20,1,12,14,1,0,291,1442.458992057944,647.2182669750447,0,0,0,0,1,1
49298.928562999994,0,40,0,4929,8,0,20,20,255,0,20,1,12,14,1,0,291,430.1031534447451,189.95612463875116,0,0,0,0,1,1
49299.928563,0,64,0,4929,9,0,9,9,255,20,20,1,12,14,1,0,291,0.6404315271570555,0.18544290201454325,-1,1,0.9361511,1,1,1
49317.928563,0,9,0,4931,7,0,18,18,255,30,20,1,12,14,1,0,291,26.93585830617626,9.448552402201457,0,0,0,0,1,1
49325.928563,0,72,0,4932,5,0,16,16,255,30,20,1,12,14,1,0,291,7662.210111154118,6416.040977799267,0,0,0,0,1,1
49328.928563,0,71,0,4932,8,0,18,18,255,10,20,1,12,14,0,1,291,19.298276680150387,8.078711283778988,0.0535,0,0,0,1,1
49338.928563,0,49,0,4933,8,0,19,19,255,20,20,1,12,14,1,0,291,78.78855088784711,9.620826090459175,0,0,0,0,1,1
49345.928563,0,64,0,4934,5,0,15,15,255,30,20,1,12,14,0,1,291,0.0066819107376870825,0.001337756276860619,-1,1,1,1,1,1
49365.928562999994,0,31,0,4936,5,0,6,6,255,30,20,1,12,14,1,0,291,27.037457575978227,1.401115442170329,0.9913462,1,0,0,1,1
49385.928563,0,57,0,4938,5,0,3,3,255,30,20,1,12,14,1,0,291,1451.8069136160527,838.4318277625208,0,0,0,0,1,1
49398.928563,0,44,0,4939,8,0,20,20,255,0,20,1,12,14,1,0,291,52.895956683146835,7.106456060277789,0,0,0,0,1,1
49399.928563,0,66,0,4939,9,0,9,9,255,20,20,1,12,14,1,0,291,0.017072979001860073,0.002714027611499197,-1,1,1,1,1,1
49417.928562999994,0,24,0,4941,7,0,18,18,255,30,20,1,12,14,1,0,291,0.32547291731696953,0.26026304192633376,-1,1,1,1,1,1
49425.928563,0,44,0,4942,5,0,16,16,255,30,20,1,12,14,1,0,291,49.709991287655704,12.324035963736577,0,0,0,0,1,1
49428.928563,0,91,0,4942,8,0,15,15,255,30,20,1,12,14,1,0,291,447.64525426251976,165.5906520954381,0,0,0,0,1,1
49438.928562999994,0,13,0,4943,8,0,19,19,255,20,20,1,12,14,1,0,291,10.042129859989547,0.00895234666494059,1,1,0.002,0,1,1
49444.928563,0,95,0,4944,4,0,13,13,255,20,20,1,12,14,1,0,291,333.455284148033,0.9483188604464358,1,1,0,0,1,1
49457.928563,0,86,0,4945,7,0,17,17,255,0,20,1,12,14,1,0,291,5218.212825607624,3918.341993274521,0,0,0,0,1,1
49485.928563,0,13,0,4948,5,0,3,3,255,30,20,1,12,14,1,0,291,31413.478204705916,20781.53647961231,0,0,0,0,1,1
49497.928563,0,49,0,4949,7,0,20,20,255,0,20,1,12,14,1,0,291,45338.633517462345,42420.837398560194,0,0,0,0,1,1
49499.928562999994,0,46,0,4949,9,0,4,4,255,0,20,1,12,14,1,0,291,1649.488325946834,1319.6501164602178,0,0,0,0,1,1
49517.928563,0,6,0,4951,7,0,12,12,255,30,20,1,12,14,1,0,291,149.20807085589425,32.49769351875437,0,0,0,0,1,1
49518.928563,0,89,0,4951,8,0,21,21,255,30,20,1,12,14,1,0,291,654.5153079737903,484.6529589577162,0,0,0,0,1,1
49528.928563,0,43,0,4952,8,0,18,18,255,10,20,1,12,14,0,1,291,136.16115705996452,34.840211582992865,0,0,0,0,1,1
49538.928563,0,18,0,4953,8,0,19,19,255,20,20,1,12,14,1,0,291,5.099365907096202,1.6303752341571305,1,1,0,0,1,1
49545.928562999994,0,6,0,4954,5,0,15,15,255,30,20,1,12,14,0,1,291,0.4818147916310835,0.24918614112470466,-1,1,1,1,1,1
49557.928562999994,0,80,0,4955,7,0,17,17,255,0,20,1,12,14,1,0,291,4.87908058405359,2.255255921885979,1,1,0,0,1,1
49584.928563,0,15,0,4958,4,0,6,6,255,10,20,1,12,14,0,1,291,886.381223356291,316.80545001924577,0,0,0,0,1,1
49597.928562999994,0,41,0,4959,7,0,20,20,255,0,20,1,12,14,1,0,291,1471.896063349965,955.6129734939902,0,0,0,0,1,1
49599.928563,0,37,0,4959,9,0,9,9,255,20,20,1,12,14,1,0,291,0.044134229090414,0.024290341235651963,-1,1,1,1,1,1
49608.928563,0,39,0,4960,8,0,9,9,255,0,20,1,12,14,0,1,291,1138.7802487043505,233.08391596868557,0,0,0,0,1,1
49618.928562999994,0,60,0,4961,8,0,21,21,255,30,20,1,12,14,1,0,291,4346.966600196571,2978.823648988251,0,0,0,0,1,1
49628.928563,0,27,0,4962,8,0,15,15,255,30,20,1,12,14,1,0,291,251.04046630957797,47.99706719489856,0,0,0,0,1,1
49638.928563,0,93,0,4963,8,0,19,19,255,20,20,1,12,14,1,0,291,26.972970425632337,0.19386713902911706,1,1,0,0,1,1
49646.928563,0,44,0,4964,6,0,5,5,255,0,20,1,12,14,1,0,291,95.33953437363387,15.69947475694188,0,0,0,0,1,1
49657.928563,0,90,0,4965,7,0,17,17,255,0,20,1,12,14,1,0,291,4399.700502219413,1363.9051775526193,0,0,0,0,1,1
49685.928562999994,0,16,0,4968,5,0,3,3,255,30,20,1,12,14,1,0,291,378.36344802867205,54.22550794680523,0,0,0,0,1,1
49697.928563,0,51,0,4969,7,0,20,20,255,0,20,1,12,14,1,0,291,21035.511397132876,14231.454315730338,0,0,0,0,1,1
49698.928563,0,87,0,4969,8,0,4,4,255,30,20,1,12,14,1,0,291,4949.575447600639,3863.360010153877,0,0,0,0,1,1
49717.928563,0,36,0,4971,7,0,12,12,255,30,20,1,12,14,1,0,291,12.431728518456838,5.253086670781311,0.3126543,0,0,0,1,1
49727.928563,0,7,0,4972,7,0,16,16,255,0,20,1,12,14,1,0,291,1.992364977882104,0.3469566424434907,1,1,0,0,1,1
49738.928563,0,18,0,4973,8,0,19,19,255,20,20,1,12,14,1,0,291,449806.2558866739,19.324345823855587,0,0,0,0,1,1
49746.928562999994,0,2,0,4974,6,0,5,5,255,0,20,1,12,14,1,0,291,41198.80135301626,32429.033528669836,0,0,0,0,1,1
49757.928563,0,2,0,4975,7,0,17,17,255,0,20,1,12,14,1,0,291,1192.4675080949055,410.91791571336,0,0,0,0,1,1
49765.928563,0,81,0,4976,5,0,6,6,255,30,20,1,12,14,1,0,291,1341.5951497651604,1245.595743697167,0,0,0,0,1,1
49797.928563,0,31,0,4979,7,0,2,2,255,20,20,1,12,14,1,0,291,1839.5358699997323,1516.2261449433954,0,0,0,0,1,1
49798.928562999994,0,48,0,4979,8,0,4,4,255,30,20,1,12,14,1,0,291,125.06456589666695,102.30694291693968,0,0,0,0,1,1
49808.928563,0,73,0,4980,8,0,9,9,255,0,20,1,12,14,0,1,291,22.54995359964004,9.906426371683988,0,0,0,0,1,1
49818.928563,0,77,0,4981,8,0,21,21,255,30,20,1,12,14,1,0,291,114593.77474260586,111803.45869037905,0,0,0,0,1,1
49828.928563,0,72,0,4982,8,0,15,15,255,30,20,1,12,14,1,0,291,2633.341433428151,2264.1794356849427,0,0,0,0,1,1
49844.928563,0,56,0,4984,4,0,13,13,255,20,20,1,12,14,1,0,291,475.98052069371954,314.35729950028934,0,0,0,0,1,1
49846.928563,0,81,0,4984,6,0,5,5,255,0,20,1,12,14,1,0,291,1.0044861068647615,0.7049278671429192,1,1,0.002,0,1,1
49865.928562999994,0,34,0,4986,5,0,6,6,255,30,20,1,12,14,1,0,291,66.66811249536548,46.733941834814765,0,0,0,0,1,1
49897.928563,0,7,0,4989,7,0,2,2,255,20,20,1,12,14,1,0,291,512.115937548711,194.13576428255325,0,0,0,0,1,1
49897.928563,0,96,0,4989,7,0,20,20,255,0,20,1,12,14,1,0,291,162649.63266533252,121204.80147183777,0,0,0,0,1,1
49899.928563,0,84,0,4989,9,0,9,9,255,20,20,1,12,14,1,0,291,0.5231837874005315,0.42352868139904964,-1,1,1,1,1,1
49918.928563,0,36,0,4991,8,0,21,21,255,30,20,1,12,14,1,0,291,27.979567668605977,16.959949994291883,0,0,0,0,1,1
49927.928563,0,26,0,4992,7,0,18,18,255,20,20,1,12,14,0,1,291,5.4322896983922435,3.7782162204006835,1,1,0,0,1,1
49928.928563,0,77,0,4992,8,0,15,15,255,30,20,1,12,14,1,0,291,511.5476089840573,224.61580235390716,0,0,0,0,1,1
49946.928563,0,4,0,4994,6,0,5,5,255,0,20,1,12,14,1,0,291,3197743.2675589486,2595324.0236054794,0,0,0,0,1,1
49947.928563,0,29,0,4994,7,0,16,16,255,10,20,1,12,14,0,1,291,0.1439730975037414,0.08512886534522203,-1,1,1,1,1,1
49965.928563,0,12,0,4996,5,0,6,6,255,30,20,1,12,14,1,0,291,97281.46092217465,54448.12505250524,0,0,0,0,1,1
49985.928563,0,85,0,4998,5,0,3,3,255,30,20,1,12,14,1,0,291,13.111464593017626,5.925243471269097,0,0,0,0,1,1
49997.928563,0,85,0,4999,7,0,2,2,255,20,20,1,12,14,1,0,291,709.0232615480965,614.1217232055393,0,0,0,0,1,1
49999.928562999994,0,62,0,4999,9,0,9,9,255,20,20,1,12,14,1,0,291,0.7967795846062009,0.3486393294335172,-1,1,0.9361511,1,1,1
50019.928563,0,6,0,5001,9,0,18,18,255,0,20,1,12,14,1,0,291,0.0003268511777221251,8.29426313029231e-05,-1,1,1,1,1,1
50027.928563,0,72,0,5002,7,0,16,16,255,0,20,1,12,14,1,0,291,5.387419215055422,0.22591978559947004,1,1,0,0,1,1
50028.928563,0,95,0,5002,8,0,15,15,255,30,20,1,12,14,1,0,291,35.730300659444815,0.001988719679628221,1,1,0.002,0,1,1
50038.928563,0,85,0,5003,8,0,19,19,255,20,20,1,12,14,1,0,291,29.089065074851977,0.04950452586008233,1,1,0,0,1,1
50046.928563,0,63,0,5004,6,0,5,5,255,0,20,1,12,14,1,0,291,2389.567617837284,208.8815831561585,0,0,0,0,1,1
50057.928562999994,0,60,0,5005,7,0,17,17,255,0,20,1,12,14,1,0,291,2369.9465524505854,619.8483243298981,0,0,0,0,1,1
50085.928563,0,39,0,5008,5,0,3,3,255,30,20,1,12,14,1,0,291,2120.580748587293,1668.6534593376687,0,0,0,0,1,1
50097.928563,0,63,0,5009,7,0,2,2,255,20,20,1,12,14,1,0,291,1449.1671068214266,518.5378107496971,0,0,0,0,1,1
50099.928563,0,17,0,5009,9,0,9,9,255,20,20,1,12,14,1,0,291,387.4527050152323,187.28784280424128,0,0,0,0,1,1
50117.928563,0,63,0,5011,7,0,21,21,255,30,20,1,12,14,1,0,291,0.07814044179100907,0.016575862058179673,-1,1,1,1,1,1
50125.928563,0,52,0,5012,5,0,15,15,255,20,20,1,12,14,1,0,291,58.19758524203877,32.67026028463877,0,0,0,0,1,1
50128.928563,0,76,0,5012,8,0,21,21,255,20,20,1,12,14,0,1,291,80.46283123337707,50.61693612386787,0,0,0,0,1,1
50138.928563,0,78,0,5013,8,0,19,19,255,20,20,1,12,14,1,0,291,25669.952492828543,8520.184729728853,0,0,0,0,1,1
50147.928563,0,77,0,5014,7,0,16,16,255,10,20,1,12,14,0,1,291,0.35106421855684083,0.33194683730842517,-1,1,1,1,1,1
50164.928562999994,0,64,0,5016,4,0,6,6,255,30,20,1,12,14,1,0,291,6.446937600671175,2.9543402586225165,1,1,0,0,1,1
50197.928563,0,27,0,5019,7,0,20,20,255,0,20,1,12,14,1,0,291,9687.705722139548,4766.81946130914,0,0,0,0,1,1
50198.928563,0,39,0,5019,8,0,4,4,255,30,20,1,12,14,1,0,291,24.392940770076493,11.033796922260052,0,0,0,0,1,1
50208.928563,0,71,0,5020,8,0,9,9,255,0,20,1,12,14,0,1,291,2119.1826461539363,1531.9950580345958,0.0001,0,0,0,1,1
50219.928563,0,78,0,5021,9,0,18,18,255,0,20,1,12,14,1,0,291,7.948852810547746,3.058527039089095,1,1,0,0,1,1
50227.928563,0,57,0,5022,7,0,16,16,255,0,20,1,12,14,1,0,291,5.215436289576188,4.984445170221328,1,1,0,0,1,1
50244.928563,0,42,0,5024,4,0,19,19,255,30,20,1,12,14,1,0,291,352.9349423222401,169.471683292676,0,0,0,0,1,1
50247.928563,0,46,0,5024,7,0,16,16,255,10,20,1,12,14,0,1,291,15.043571757027227,4.608202402699879,0.0001,0,0,0,1,1
50264.928563,0,1,0,5026,4,0,6,6,255,30,20,1,12,14,1,0,291,4148.913948391725,4074.2025881954846,0,0,0,0,1,1
50285.928563,0,22,0,5028,5,0,3,3,255,30,20,1,12,14,1,0,291,134.61821373895762,8.342319046368235,0,0,0,0,1,1
50297.928563,0,53,0,5029,7,0,2,2,255,20,20,1,12,14,1,0,291,24517.866887788037,23188.171193552622,0,0,0,0,1,1
50299.928563,0,93,0,5029,9,0,9,9,255,20,20,1,12,14,1,0,291,1.7605377960161372,0.2318381387102856,1,1,0,0,1,1
50317.928563,0,50,0,5031,7,0,21,21,255,30,20,1,12,14,1,0,291,152.23337177218235,22.229433083806,0,0,0,0,1,1
50319.928563,0,77,0,5031,9,0,18,18,255,0,20,1,12,14,1,0,291,0.4509109747121191,0.28074536932388583,-1,1,1,1,1,1
50327.928563,0,90,0,5032,7,0,18,18,255,20,20,1,12,14,0,1,291,3043.087575564628,2720.8301078478853,0.0001,0,0,0,1,1
50338.928563,0,59,0,5033,8,0,16,16,255,30,20,1,12,14,1,0,291,99.39424711305588,4.825610641845442,0,0,0,0,1,1
50346.928563,0,48,0,5034,6,0,5,5,255,0,20,1,12,14,1,0,291,54.21804291870425,3.984150574174963,0,0,0,0,1,1
50359.928562999994,0,58,0,5035,9,0,19,19,255,10,20,1,12,14,0,1,291,11.479412901111282,2.944409852669289,0,0,0,0,1,1
50385.928563,0,7,0,5038,5,0,3,3,255,30,20,1,12,14,1,0,291,255.028127341161,108.77637464209245,0,0,0,0,1,1
50397.928563,0,85,0,5039,7,0,20,20,255,0,20,1,12,14,1,0,291,857.0812415229497,744.475560327366,0,0,0,0,1,1
50399.928563,0,72,0,5039,9,0,9,9,255,20,20,1,12,14,1,0,291,613.1700213218761,108.21979878450186,0,0,0,0,1,1
50417.928562999994,0,56,0,5041,7,0,12,12,255,30,20,1,12,14,1,0,291,11.284540029077803,9.35376193128058,0.0001,0,0,0,1,1
50425.928563,0,13,0,5042,5,0,15,15,255,20,20,1,12,14,1,0,291,514419.28974382754,294196.7544034078,0,0,0,0,1,1
50437.928563,0,40,0,5043,7,0,13,13,255,0,20,1,12,14,1,0,291,6341.889231212064,5320.942638073004,0,0,0,0,1,1
50444.928563,0,29,0,5044,4,0,19,19,255,30,20,1,12,14,1,0,291,49.254657770056795,28.30605177411181,0,0,0,0,1,1
50457.928563,0,10,0,5045,7,0,17,17,255,0,20,1,12,14,1,0,291,61.6565293753059,0.18668382737701578,1,1,0,0,1,1
50464.928563,0,39,0,5046,4,0,6,6,255,30,20,1,12,14,1,0,291,173.76359771728775,23.98883131248708,0,0,0,0,1,1
50484.928562999994,0,49,0,5048,4,0,3,3,255,0,20,1,12,14,1,0,291,4154.7180397565135,2725.254855900921,0,0,0,0,1,1
50498.928563,0,66,0,5049,8,0,20,20,255,30,20,1,12,14,1,0,291,2086.288109760818,1869.6299419369648,0,0,0,0,1,1
50508.928563,0,26,0,5050,8,0,4,4,255,30,20,1,12,14,1,0,291,8352.551085309144,6535.300277983423,0,0,0,0,1,1
50519.928563,0,8,0,5051,9,0,18,18,255,0,20,1,12,14,1,0,291,0.0651698530324502,0.05391977151060412,-1,1,1,1,1,1
50526.928563,0,93,0,5052,6,0,12,12,255,10,20,1,12,14,0,1,291,1364.145947702857,961.9377855186139,0,0,0,0,1,1
50538.928563,0,51,0,5053,8,0,16,16,255,30,20,1,12,14,1,0,291,516.8624699084387,184.26779110794325,0,0,0,0,1,1
50546.928563,0,38,0,5054,6,0,5,5,255,0,20,1,12,14,1,0,291,1465.6171610597428,649.24076980535,0,0,0,0,1,1
50559.928563,0,55,0,5055,9,0,19,19,255,10,20,1,12,14,0,1,291,0.00134315027465889,0.00011655798845633634,-1,1,1,1,1,1
50569.928563,0,86,0,5056,9,0,17,17,255,30,20,1,12,14,0,1,291,903.5195935439162,616.8593818997979,0,0,0,0,1,1
50597.928562999994,0,67,0,5059,7,0,9,9,255,0,20,1,12,14,1,0,291,652.1937148407651,372.9747324108838,0,0,0,0,1,1
50598.928563,0,76,0,5059,8,0,20,20,255,30,20,1,12,14,1,0,291,247.9154408060524,108.15556834595904,0,0,0,0,1,1
50617.928563,0,39,0,5061,7,0,12,12,255,30,20,1,12,14,1,0,291,1.514927751269325,0.3932241511918766,1,1,0,0,1,1
50625.928563,0,44,0,5062,5,0,15,15,255,20,20,1,12,14,1,0,291,16.873500199522447,9.943240612149596,0,0,0,0,1,1
50638.928563,0,6,0,5063,8,0,18,18,255,30,20,1,12,14,0,1,291,0.27274180348658067,0.13356392574407666,-1,1,1,1,1,1
50645.928563,0,6,0,5064,5,0,13,13,255,0,20,1,12,14,1,0,291,455.9253716106885,244.7401265903572,0,0,0,0,1,1
50646.928563,0,82,0,5064,6,0,5,5,255,0,20,1,12,14,1,0,291,382.655111993816,193.81105827529083,0,0,0,0,1,1
50664.928562999994,0,57,0,5066,4,0,6,6,255,30,20,1,12,14,1,0,291,5103.62260021833,3329.933451489599,0,0,0,0,1,1
50667.928562999994,0,92,0,5066,7,0,17,17,255,10,20,1,12,14,1,0,291,3.933693136714551,0.6564278702782075,1,1,0,0,1,1
50697.928563,0,4,0,5069,7,0,9,9,255,0,20,1,12,14,1,0,291,203379.25646427396,193248.3897533512,0,0,0,0,1,1
50698.928563,0,46,0,5069,8,0,2,2,255,10,20,1,12,14,1,0,291,859.9496790939845,702.1383217298655,0,0,0,0,1,1
50708.928563,0,40,0,5070,8,0,4,4,255,30,20,1,12,14,1,0,291,4602.390583053835,2897.922995856882,0,0,0,0,1,1
50718.928563,0,58,0,5071,8,0,21,21,255,0,20,1,12,14,1,0,291,10523.970645356592,700.2805593863791,0,0,0,0,1,1
50725.928562999994,0,42,0,5072,5,0,18,18,255,0,20,1,12,14,1,0,291,0.0020746269695250284,0.0016027083361653009,-1,1,1,1,1,1
50744.928563,0,42,0,5074,4,0,19,19,255,30,20,1,12,14,1,0,291,85.80722932256091,39.96309143521793,0,0,0,0,1,1
50746.928562999994,0,30,0,5074,6,0,5,5,255,0,20,1,12,14,1,0,291,4131.861268633105,3865.169443638254,0,0,0,0,1,1
50759.928563,0,22,0,5075,9,0,19,19,255,10,20,1,12,14,0,1,291,2214.613053381723,1417.8143629033282,0,0,0,0,1,1
50767.928563,0,25,0,5076,7,0,17,17,255,10,20,1,12,14,1,0,291,7.578076269247475,2.189124664077261,1,1,0,0,1,1
50784.928563,0,79,0,5078,4,0,3,3,255,0,20,1,12,14,1,0,291,728.6450951587068,395.2282581391094,0,0,0,0,1,1
50798.928562999994,0,29,0,5079,8,0,20,20,255,30,20,1,12,14,1,0,291,573.1516936046191,375.6510781936895,0,0,0,0,1,1
50808.928563,0,24,0,5080,8,0,12,12,255,0,20,1,12,14,1,0,291,11.990797665817457,1.2058895971166184,1,1,0,0,1,1
50818.928563,0,29,0,5081,8,0,21,21,255,0,20,1,12,14,1,0,291,15899.06208707498,9526.737262558714,0,0,0,0,1,1
50825.928563,0,13,0,5082,5,0,18,18,255,0,20,1,12,14,1,0,291,16.44885598236001,6.764090965294531,0,0,0,0,1,1
50838.928563,0,53,0,5083,8,0,16,16,255,30,20,1,12,14,1,0,291,5.954198627578197,1.3781814557852148,1,1,0,0,1,1
50845.928563,0,2,0,5084,5,0,13,13,255,0,20,1,12,14,1,0,291,8228.657345962503,5550.059144577155,0,0,0,0,1,1
50847.928562999994,0,71,0,5084,7,0,22,22,255,10,20,1,12,14,1,0,291,136069555.70776933,52856376.36014801,0,0,0,0,1,1
50867.928563,0,4,0,5086,7,0,17,17,255,10,20,1,12,14,1,0,291,0.04978063438310532,0.0011264433717805484,-1,1,1,1,1,1
50868.928562999994,0,82,0,5086,8,0,23,23,255,30,20,1,12,14,1,0,291,203.2884565823693,36.71695390839176,0,0,0,0,1,1
50897.928563,0,36,0,5089,7,0,9,9,255,0,20,1,12,14,1,0,291,1.3869694472358858,0.46202303893617896,1,1,0,0,1,1
50898.928563,0,59,0,5089,8,0,2,2,255,10,20,1,12,14,1,0,291,192.00359205806276,53.69547150292648,0,0,0,0,1,1
50908.928563,0,54,0,5090,8,0,12,12,255,0,20,1,12,14,1,0,291,603.8785149840838,511.5723210657166,0,0,0,0,1,1
50918.928563,0,87,0,5091,8,0,21,21,255,0,20,1,12,14,1,0,291,16.273962583857006,1.1893465813403354,1,1,0,0,1,1
50925.928563,0,75,0,5092,5,0,18,18,255,0,20,1,12,14,1,0,291,0.32640815516202115,0.08993176163569408,-1,1,1,1,1,1
50938.928562999994,0,39,0,5093,8,0,16,16,255,30,20,1,12,14,1,0,291,17.745671982206627,8.486854710269034,0,0,0,0,1,1
50945.928563,0,75,0,5094,5,0,13,13,255,0,20,1,12,14,1,0,291,1688.611863997627,549.5564770923966,0,0,0,0,1,1
50947.928563,0,83,0,5094,7,0,22,22,255,10,20,1,12,14,1,0,291,38.08786515238005,0.11082823621047928,1,1,0,0,1,1
50967.928563,0,9,0,5096,7,0,22,22,255,30,20,1,12,14,0,1,291,377.17068774644224,359.66035188038666,0,0,0,0,1,1
50968.928563,0,37,0,5096,8,0,23,23,255,30,20,1,12,14,1,0,291,574.3454903725366,368.2946225072818,0,0,0,0,1,1
50984.928562999994,0,88,0,5098,4,0,3,3,255,0,20,1,12,14,1,0,291,735.9545446219827,548.1085865076899,0,0,0,0,1,1
50998.928563,0,32,0,5099,8,0,2,2,255,10,20,1,12,14,1,0,291,11793.471884387474,9696.19345224083,0,0,0,0,1,1
51008.928563,0,27,0,5100,8,0,4,4,255,30,20,1,12,14,1,0,291,4061.672137086314,476.184388524686,0,0,0,0,1,1
51018.928563,0,34,0,5101,8,0,21,21,255,0,20,1,12,14,1,0,291,39.80575645098384,25.847987891379734,0,0,0,0,1,1
51025.928563,0,19,0,5102,5,0,18,18,255,0,20,1,12,14,1,0,291,55.50926400108354,40.32192008642692,0,0,0,0,1,1
51038.928563,0,6,0,5103,8,0,5,5,255,0,20,1,12,14,1,0,291,555.9320647321877,126.13764453459207,0,0,0,0,1,1
51045.928562999994,0,24,0,5104,5,0,13,13,255,0,20,1,12,14,1,0,291,2807.5302712572025,1671.755291258111,0,0,0,0,1,1
51047.928563,0,54,0,5104,7,0,19,19,255,0,20,1,12,14,0,1,291,504.2772053968689,7.512187478131844,0.8690068,1,0,0,1,1
51066.928562999994,0,20,0,5106,6,0,13,13,255,10,20,1,12,14,0,1,291,0.22924124215259795,0.05291976164180423,-1,1,1,1,1,1
51067.928563,0,87,0,5106,7,0,17,17,255,10,20,1,12,14,1,0,291,27.302956523044212,22.123902283139756,0,0,0,0,1,1
51084.928563,0,55,0,5108,4,0,3,3,255,0,20,1,12,14,1,0,291,691.9541000559997,193.12117098278415,0,0,0,0,1,1
51098.928563,0,11,0,5109,8,0,2,2,255,10,20,1,12,14,1,0,291,311.1251438752393,181.64637387963487,0,0,0,0,1,1
51106.928562999994,0,9,0,5110,6,0,4,4,255,0,20,1,12,14,1,0,291,1279.154897777255,144.4286890034998,0,0,0,0,1,1
51108.928563,0,91,0,5110,8,0,12,12,255,0,20,1,12,14,1,0,291,14552.857426803832,7289.386142782551,0,0,0,0,1,1
51124.928562999994,0,74,0,5112,4,0,15,15,255,30,20,1,12,14,1,0,291,22631.0962550799,19038.61033358714,0,0,0,0,1,1
51137.928563,0,60,0,5113,7,0,19,19,255,30,20,1,12,14,1,0,291,81.71848546105474,11.623562829321132,0,0,0,0,1,1
51138.928563,0,93,0,5113,8,0,5,5,255,0,20,1,12,14,1,0,291,47.19663478290657,30.063763972436153,0,0,0,0,1,1
51147.928563,0,43,0,5114,7,0,19,19,255,0,20,1,12,14,0,1,291,5.968642306989535,2.1315736804698986e-06,0.8690068,1,0.002,0,1,1
51166.928563,0,8,0,5116,6,0,13,13,255,10,20,1,12,14,0,1,291,0.05204313492134749,0.04703609733031111,-1,1,1,1,1,1
51167.928562999994,0,86,0,5116,7,0,17,17,255,10,20,1,12,14,1,0,291,3.107303538940928,0.21010852168362254,1,1,0,0,1,1
51184.928563,0,51,0,5118,4,0,17,17,255,30,20,1,12,14,0,1,291,2008.0585997350922,1600.8187891516097,0,0,0,0,1,1
51198.928563,0,5,0,5119,8,0,20,20,255,30,20,1,12,14,1,0,291,2785.1832945942633,2673.5076532199505,0,0,0,0,1,1
51199.928563,0,91,0,5119,9,0,2,2,255,0,20,1,12,14,1,0,291,0.25131612621738336,0.00014939529996141698,-1,1,1,1,1,1
51208.928563,0,79,0,5120,8,0,12,12,255,0,20,1,12,14,1,0,291,370.8954485577163,273.45462902107107,0,0,0,0,1,1
51218.928563,0,96,0,5121,8,0,21,21,255,0,20,1,12,14,1,0,291,77.14282036883674,22.697375457459767,0,0,0,0,1,1
51225.928562999994,0,91,0,5122,5,0,18,18,255,0,20,1,12,14,1,0,291,438.6432183874332,288.7334331455722,0,0,0,0,1,1
51237.928562999994,0,83,0,5123,7,0,19,19,255,30,20,1,12,14,1,0,291,2.7186793072393254,1.1282509373696907,1,1,0,0,1,1
51246.928562999994,0,25,0,5124,6,0,16,16,255,30,20,1,12,14,0,1,291,27.648064310173925,6.61763836500069,0,0,0,0,1,1
51264.928563,0,28,0,5126,4,0,6,6,255,30,20,1,12,14,1,0,291,43.267136274176885,0.5459691333561101,0.0004,0,0,0,1,1
51267.928563,0,68,0,5126,7,0,17,17,255,10,20,1,12,14,1,0,291,1916.610735527483,485.7380195081195,0,0,0,0,1,1
51284.928563,0,38,0,5128,4,0,3,3,255,0,20,1,12,14,1,0,291,3258.7583285635296,2892.5374742549798,0,0,0,0,1,1
51298.928562999994,0,10,0,5129,8,0,20,20,255,30,20,1,12,14,1,0,291,1437.055188933406,772.5393118528465,0,0,0,0,1,1
51299.928563,0,96,0,5129,9,0,2,2,255,0,20,1,12,14,1,0,291,0.016100685615445583,0.004121756692121038,-1,1,1,1,1,1
51308.928563,0,84,0,5130,8,0,12,12,255,0,20,1,12,14,1,0,291,57.75585533008014,40.85440903331101,0,0,0,0,1,1
51325.928563,0,7,0,5132,5,0,18,18,255,0,20,1,12,14,1,0,291,11350.338835029199,11000.810296646188,0,0,0,0,1,1
51328.928563,0,53,0,5132,8,0,12,12,255,0,20,1,12,14,0,1,291,67.00226051679903,31.866305114531098,0,0,0,0,1,1
51337.928563,0,92,0,5133,7,0,13,13,255,0,20,1,12,14,1,0,291,228.71485871251133,48.99949675889799,0,0,0,0,1,1
51346.928563,0,81,0,5134,6,0,16,16,255,30,20,1,12,14,0,1,291,0.835123315179103,0.03633862029470898,-1,1,0.9361511,1,1,1
51364.928563,0,36,0,5136,4,0,6,6,255,30,20,1,12,14,1,0,291,41.17955643465553,32.97623971095068,0,0,0,0,1,1
51367.928563,0,74,0,5136,7,0,22,22,255,30,20,1,12,14,0,1,291,612.0277156330196,492.7360439548733,0,0,0,0,1,1
51384.928563,0,45,0,5138,4,0,3,3,255,0,20,1,12,14,1,0,291,2096.4330839449035,779.266832573612,0,0,0,0,1,1
51398.928563,0,16,0,5139,8,0,20,20,255,30,20,1,12,14,1,0,291,4272.151492038744,647.0104361284762,0,0,0,0,1,1
51406.928563,0,7,0,5140,6,0,4,4,255,0,20,1,12,14,1,0,291,183.2741006911815,135.46367880030155,0,0,0,0,1,1
51408.928563,0,90,0,5140,8,0,12,12,255,0,20,1,12,14,1,0,291,405.02463353472575,49.34329011299813,0,0,0,0,1,1
51425.928563,0,2,0,5142,5,0,18,18,255,0,20,1,12,14,1,0,291,596.6453287676457,559.01372978136,0,0,0,0,1,1
51425.928563,0,93,0,5142,5,0,18,18,255,0,20,1,12,14,1,0,291,472.6282358761024,289.3146071471816,0,0,0,0,1,1
51437.928563,0,88,0,5143,7,0,19,19,255,30,20,1,12,14,1,0,291,243.86246878582614,19.368642636922313,0,0,0,0,1,1
51446.928563,0,43,0,5144,6,0,15,15,255,30,20,1,12,14,0,1,291,0.17844646219736146,0.10248347856935447,-1,1,1,1,1,1
51459.928563,0,46,0,5145,9,0,13,13,255,0,20,1,12,14,0,1,291,224.80670025321314,42.07694963441066,0,0,0,0,1,1
51467.928563,0,50,0,5146,7,0,22,22,255,30,20,1,12,14,0,1,291,11.939419633735959,9.740683707798917,0,0,0,0,1,1
51484.928562999994,0,1,0,5148,4,0,3,3,255,0,20,1,12,14,1,0,291,35.74433892242897,5.641317843571715,0,0,0,0,1,1
51498.928563,0,37,0,5149,8,0,9,9,255,0,20,1,12,14,1,0,291,615.042382105197,424.35662424728173,0,0,0,0,1,1
51499.928562999994,0,64,0,5149,9,0,2,2,255,0,20,1,12,14,1,0,291,0.1175729130376808,0.035809744297761376,-1,1,1,1,1,1
51508.928563,0,53,0,5150,8,0,12,12,255,0,20,1,12,14,1,0,291,159.72476877978104,75.52827096475184,0,0,0,0,1,1
51518.928563,0,77,0,5151,8,0,21,21,255,0,20,1,12,14,1,0,291,455.81435969099766,372.97555895796836,0,0,0,0,1,1
51525.928563,0,81,0,5152,5,0,18,18,255,0,20,1,12,14,1,0,291,3.9073412612638228,1.2931458521352261,1,1,0,0,1,1
51537.928563,0,76,0,5153,7,0,13,13,255,0,20,1,12,14,1,0,291,644.7443601317531,563.9053197950608,0,0,0,0,1,1
51539.928562999994,0,82,0,5153,9,0,5,5,255,20,20,1,12,14,1,0,291,5.436384914744622,4.298346816412271,1,1,0,0,1,1
51564.928563,0,11,0,5156,4,0,6,6,255,30,20,1,12,14,1,0,291,23412.032473340114,22750.404261892716,0,0,0,0,1,1
51567.928563,0,27,0,5156,7,0,22,22,255,30,20,1,12,14,0,1,291,242.67634180915329,149.40135414314025,0,0,0,0,1,1
51568.928563,0,61,0,5156,8,0,23,23,255,30,20,1,12,14,1,0,291,107.19070647757219,92.75273640685604,0,0,0,0,1,1
51598.928563,0,23,0,5159,8,0,20,20,255,30,20,1,12,14,1,0,291,50.38050308975363,0.0720945066780613,1,1,0,0,1,1
51599.928563,0,35,0,5159,9,0,2,2,255,0,20,1,12,14,1,0,291,0.3789775998839819,0.23663766189967098,-1,1,1,1,1,1
51609.928562999994,0,44,0,5160,9,0,2,2,255,10,20,1,12,14,0,1,291,5.239418232044886,0.0009815261868135487,1,1,0.002,0,1,1
51619.928563,0,93,0,5161,9,0,12,12,255,10,20,1,12,14,1,0,291,0.018199856138655462,0.014299803934678154,-1,1,1,1,1,1
51625.928563,0,90,0,5162,5,0,15,15,255,30,20,1,12,14,1,0,291,686.2935859194027,48.750041385140335,0,0,0,0,1,1
51637.928563,0,11,0,5163,7,0,19,19,255,30,20,1,12,14,1,0,291,924.6434074015178,707.5278282175051,0,0,0,0,1,1
51638.928563,0,30,0,5163,8,0,18,18,255,30,20,1,12,14,0,1,291,0.6379245870743062,0.41387276105329096,-1,1,0.9361511,1,1,1
51647.928563,0,8,0,5164,7,0,22,22,255,10,20,1,12,14,1,0,291,126.20042829075135,0.7009375469742927,1,1,0,0,1,1
51667.928562999994,0,23,0,5166,7,0,17,17,255,10,20,1,12,14,1,0,291,113.39656085949919,95.52358666023872,0,0,0,0,1,1
51668.928563,0,28,0,5166,8,0,23,23,255,30,20,1,12,14,1,0,291,253.14241442855013,15.261676863108493,0,0,0,0,1,1
51689.928563,0,39,0,5168,9,0,3,3,255,10,20,1,12,14,1,0,291,15.747437136355874,9.623248463662017,0,0,0,0,1,1
51698.928563,0,60,0,5169,8,0,20,20,255,30,20,1,12,14,1,0,291,147.44822838004032,36.11045306040202,0,0,0,0,1,1
51706.928563,0,12,0,5170,6,0,4,4,255,0,20,1,12,14,1,0,291,7531.403362191672,7184.861356823852,0,0,0,0,1,1
51717.928563,0,72,0,5171,7,0,21,21,255,0,20,1,12,14,1,0,291,1.6397330220252684,1.0768425629103853,1,1,0,0,1,1
51725.928562999994,0,39,0,5172,5,0,18,18,255,0,20,1,12,14,1,0,291,0.019842877247184844,0.010151854251090945,-1,1,1,1,1,1
51726.928563,0,94,0,5172,6,0,21,21,255,30,20,1,12,14,0,1,291,5.989129622677912,0.0020898932423748353,0.0001,0,0.002,0,1,1
51738.928563,0,28,0,5173,8,0,18,18,255,30,20,1,12,14,0,1,291,3.0354670177484095,2.6650807918252513,1,1,0,0,1,1
51739.928563,0,69,0,5173,9,0,5,5,255,20,20,1,12,14,1,0,291,9.60415337791861,3.28323918429486,0.8184713,1,0,0,1,1
51758.928563,0,21,0,5175,8,0,19,19,255,10,20,1,12,14,0,1,291,110.74166362941733,6.968406470672177,0,0,0,0,1,1
51767.928563,0,66,0,5176,7,0,22,22,255,30,20,1,12,14,0,1,291,45.18196927323096,6.975224597573192,0,0,0,0,1,1
51768.928563,0,75,0,5176,8,0,6,6,255,0,20,1,12,14,1,0,291,32.76889871160664,23.701926010454407,0,0,0,0,1,1
51797.928563,0,55,0,5179,7,0,2,2,255,30,20,1,12,14,1,0,291,48.24681668602956,0.10942856572662055,1,1,0,0,1,1
51798.928562999994,0,81,0,5179,8,0,9,9,255,0,20,1,12,14,1,0,291,250.9058755647739,1.064966067863532,1,1,0,0,1,1
51817.928563,0,91,0,5181,7,0,21,21,255,0,20,1,12,14,1,0,291,243.63856493868562,73.52156367833189,0,0,0,0,1,1
51819.928563,0,91,0,5181,9,0,12,12,255,10,20,1,12,14,1,0,291,0.09006115777550168,0.06478138923721313,-1,1,1,1,1,1
51825.928563,0,60,0,5182,5,0,18,18,255,0,20,1,12,14,1,0,291,267.91218308534354,112.18718739349893,0,0,0,0,1,1
51829.928563,0,53,0,5182,9,0,12,12,255,30,20,1,12,14,0,1,291,0.6035386635691057,0.177596740698975,-1,1,1,1,1,1
51839.928563,0,8,0,5183,9,0,19,19,255,30,20,1,12,14,1,0,291,57.93986251506262,0.034654540230915715,1,1,0.002,0,1,1
51846.928563,0,8,0,5184,6,0,15,15,255,30,20,1,12,14,0,1,291,7198.121428682702,6192.461208578421,0,0,0,0,1,1
51847.928562999994,0,70,0,5184,7,0,16,16,255,30,20,1,12,14,0,1,291,7526.909653730627,6927.728829192584,0,0,0,0,1,1
51858.928563,0,46,0,5185,8,0,19,19,255,10,20,1,12,14,0,1,291,0.1463825460762139,0.09194279705949975,-1,1,1,1,1,1
51868.928562999994,0,64,0,5186,8,0,6,6,255,0,20,1,12,14,1,0,291,1.9083732616054305,0.9131708795931942,1,1,0,0,1,1
51889.928563,0,38,0,5188,9,0,3,3,255,10,20,1,12,14,1,0,291,345.3556748367382,11.245204222550205,0,0,0,0,1,1
51898.928563,0,15,0,5189,8,0,9,9,255,0,20,1,12,14,1,0,291,51596.935342882316,1.4525401037995014,1,1,0,0,1,1
51906.928563,0,17,0,5190,6,0,4,4,255,0,20,1,12,14,1,0,291,1363.2813836362702,600.3856548525578,0,0,0,0,1,1
51919.928563,0,26,0,5191,9,0,12,12,255,10,20,1,12,14,1,0,291,3.1006143308622454,0.772412639387763,1,1,0,0,1,1
51924.928563,0,62,0,5192,4,0,15,15,255,30,20,1,12,14,1,0,291,0.3012023149113347,0.026102094130762685,-1,1,1,1,1,1
51925.928563,0,75,0,5192,5,0,16,16,255,20,20,1,12,14,1,0,291,274.2522932031139,175.84118673129714,0,0,0,0,1,1
51937.928563,0,34,0,5193,7,0,13,13,255,0,20,1,12,14,1,0,291,217.690658348867,1.8222280346277993,0,0,0,0,1,1
51939.928563,0,53,0,5193,9,0,5,5,255,20,20,1,12,14,1,0,291,61.225332028343516,30.435205551688398,0,0,0,0,1,1
51946.928563,0,59,0,5194,6,0,22,22,255,0,20,1,12,14,1,0,291,44.50601642143637,4.655895447943402,0,0,0,0,1,1
51958.928563,0,54,0,5195,8,0,19,19,255,10,20,1,12,14,0,1,291,0.935814600316532,0.3201433136006811,-1,1,0.2635983,1,1,1
51968.928563,0,66,0,5196,8,0,6,6,255,0,20,1,12,14,1,0,291,7650.926700144412,6803.758753278766,0,0,0,0,1,1
51989.928563,0,25,0,5198,9,0,3,3,255,10,20,1,12,14,1,0,291,883.6474050984052,872.2171182964286,0,0,0,0,1,1
51997.928563,0,57,0,5199,7,0,2,2,255,30,20,1,12,14,1,0,291,860.7704251865802,1.3872956434452182,1,1,0,0,1,1
52006.928563,0,3,0,5200,6,0,4,4,255,0,20,1,12,14,1,0,291,357220.80432710785,214084.77614934923,0,0,0,0,1,1
52017.928563,0,6,0,5201,7,0,18,18,255,10,20,1,12,14,1,0,291,2619.424804264959,0.08449564832357508,1,1,0,0,1,1
52017.928563,0,96,0,5201,7,0,21,21,255,0,20,1,12,14,1,0,291,14.19380363308495,0.01466526122728412,1,1,0.002,0,1,1
52019.928563,0,68,0,5201,9,0,12,12,255,10,20,1,12,14,1,0,291,0.18283992704998026,0.054097222182348186,-1,1,1,1,1,1
52025.928563,0,35,0,5202,5,0,16,16,255,20,20,1,12,14,1,0,291,58.317137242805515,16.554457448383527,0,0,0,0,1,1
52027.928563,0,83,0,5202,7,0,18,18,255,30,20,1,12,14,0,1,291,3.113221470445116,2.2785140917088444,0.0535,0,0,0,1,1
52039.928562999994,0,16,0,5203,9,0,19,19,255,30,20,1,12,14,1,0,291,73.85609439497225,0.020233893629049354,1,1,0.002,0,1,1
52045.928562999994,0,80,0,5204,5,0,15,15,255,0,20,1,12,14,0,1,291,899.3725154072388,591.6684655862526,0,0,0,0,1,1
52057.928562999994,0,72,0,5205,7,0,17,17,255,30,20,1,12,14,1,0,291,580.7082817953219,72.8514548163033,0,0,0,0,1,1
52065.928563,0,66,0,5206,5,0,5,5,255,0,20,1,12,14,0,1,291,57.941413723250506,5.034932013203712,0,0,0,0,1,1
52069.928563,0,58,0,5206,9,0,23,23,255,30,20,1,12,14,1,0,291,0.13609988467103049,0.07777412836746768,-1,1,1,1,1,1
52097.928563,0,14,0,5209,7,0,20,20,255,20,20,1,12,14,1,0,291,61.999918291379764,0.18347031657859067,1,1,0,0,1,1
52098.928563,0,16,0,5209,8,0,9,9,255,0,20,1,12,14,1,0,291,378.4138169467933,0.14809038816276787,1,1,0,0,1,1
52108.928563,0,5,0,5210,8,0,20,20,255,10,20,1,12,14,0,1,291,36834.82202457783,31403.306096532197,0,0,0,0,1,1
52117.928563,0,62,0,5211,7,0,21,21,255,0,20,1,12,14,1,0,291,158.80184719258716,0.017457252253062338,1,1,0.002,0,1,1
52119.928563,0,30,0,5211,9,0,12,12,255,10,20,1,12,14,1,0,291,0.08858920666718591,0.03360215826276387,-1,1,1,1,1,1
52124.928562999994,0,69,0,5212,4,0,15,15,255,30,20,1,12,14,1,0,291,0.048217415266878,0.028822774721962475,-1,1,1,1,1,1
52126.928563,0,87,0,5212,6,0,21,21,255,30,20,1,12,14,0,1,291,320.55899854643457,1.8467717937230825,0,0,0,0,1,1
52138.928563,0,84,0,5213,8,0,13,13,255,30,20,1,12,14,1,0,291,46.43762944183735,17.674225123803435,0,0,0,0,1,1
52139.928563,0,85,0,5213,9,0,19,19,255,30,20,1,12,14,1,0,291,864.5568448454209,0.2692329985196001,1,1,0,0,1,1
52157.928563,0,41,0,5215,7,0,17,17,255,30,20,1,12,14,1,0,291,551.7887043618041,442.20618678048896,0,0,0,0,1,1
52165.928563,0,78,0,5216,5,0,5,5,255,0,20,1,12,14,0,1,291,1051.2747922394012,682.4889874664409,0,0,0,0,1,1
52169.928563,0,67,0,5216,9,0,23,23,255,30,20,1,12,14,1,0,291,90538.97943530316,59441.30933244202,0,0,0,0,1,1
52197.928563,0,15,0,5219,7,0,20,20,255,20,20,1,12,14,1,0,291,93.78379140030576,0.2531281740906892,1,1,0,0,1,1
52198.928563,0,19,0,5219,8,0,9,9,255,0,20,1,12,14,1,0,291,18609.582446119526,23.66052515337915,0,0,0,0,1,1
52208.928563,0,7,0,5220,8,0,20,20,255,10,20,1,12,14,0,1,291,2920.9885946784007,2694.9035041017873,0,0,0,0,1,1
52217.928563,0,56,0,5221,7,0,21,21,255,0,20,1,12,14,1,0,291,9.318878884026818,0.5784708277650681,1,1,0,0,1,1
52219.928563,0,28,0,5221,9,0,12,12,255,10,20,1,12,14,1,0,291,0.04675014363949135,0.024230302582095558,-1,1,1,1,1,1
52224.928563,0,62,0,5222,4,0,15,15,255,30,20,1,12,14,1,0,291,3.52709863560685,0.38299321486101645,1,1,0,0,1,1
52226.928563,0,71,0,5222,6,0,21,21,255,30,20,1,12,14,0,1,291,248.38547898776582,0.05879500667983942,0.0535,0,0.002,0,1,1
52238.928563,0,77,0,5223,8,0,13,13,255,30,20,1,12,14,1,0,291,685.235229385129,583.5569552342423,0,0,0,0,1,1
52239.928563,0,82,0,5223,9,0,5,5,255,20,20,1,12,14,1,0,291,575.2446916469486,0.10512570636018644,1,1,0,0,1,1
52257.928563,0,28,0,5225,7,0,17,17,255,30,20,1,12,14,1,0,291,597.6455588054107,114.10128290176458,0,0,0,0,1,1
52265.928563,0,60,0,5226,5,0,5,5,255,0,20,1,12,14,0,1,291,553.3175769586412,128.8025704701874,0,0,0,0,1,1
52269.928563,0,57,0,5226,9,0,23,23,255,30,20,1,12,14,1,0,291,0.024263161140317575,0.01947048703533796,-1,1,1,1,1,1
52297.928563,0,14,0,5229,7,0,20,20,255,20,20,1,12,14,1,0,291,840.3944562487925,0.4171542837104871,1,1,0,0,1,1
52298.928562999994,0,17,0,5229,8,0,9,9,255,0,20,1,12,14,1,0,291,259.8061728469353,0.029529146857069775,1,1,0.002,0,1,1
52308.928563,0,5,0,5230,8,0,20,20,255,10,20,1,12,14,0,1,291,6689.2230101857585,6201.614786609149,0,0,0,0,1,1
52317.928563,0,58,0,5231,7,0,21,21,255,0,20,1,12,14,1,0,291,2780.968955674147,305.8147062399817,0,0,0,0,1,1
52319.928563,0,23,0,5231,9,0,9,9,255,30,20,1,12,14,0,1,291,8027.158447536816,1.3469223541176236,0.0001,0,0,0,1,1
52324.928563,0,57,0,5232,4,0,15,15,255,30,20,1,12,14,1,0,291,0.05129651893417623,0.03587417861284871,-1,1,1,1,1,1
52326.928563,0,71,0,5232,6,0,21,21,255,30,20,1,12,14,0,1,291,36.529786123751904,0.01449150207894629,0.0001,0,0.002,0,1,1
52338.928563,0,81,0,5233,8,0,13,13,255,30,20,1,12,14,1,0,291,167.16069963111897,126.70263267666408,0,0,0,0,1,1
52339.928563,0,83,0,5233,9,0,5,5,255,20,20,1,12,14,1,0,291,337.80893813794285,53.38936165237807,0,0,0,0,1,1
52357.928563,0,25,0,5235,7,0,17,17,255,30,20,1,12,14,1,0,291,12730.38181283181,8755.300936202286,0,0,0,0,1,1
52365.928562999994,0,60,0,5236,5,0,5,5,255,0,20,1,12,14,0,1,291,33.474766034247644,5.235120986950831,0,0,0,0,1,1
52384.928563,0,54,0,5238,4,0,23,23,255,0,20,1,12,14,1,0,291,37.956222967751245,15.260596191196177,0,0,0,0,1,1
52397.928563,0,23,0,5239,7,0,20,20,255,20,20,1,12,14,1,0,291,4595.263510006816,2.0113679749444944,1,1,0,0,1,1
52398.928563,0,34,0,5239,8,0,9,9,255,0,20,1,12,14,1,0,291,824.1803837648131,2.6137068037843263,0.3126543,0,0,0,1,1
52408.928563,0,19,0,5240,8,0,20,20,255,10,20,1,12,14,0,1,291,3463.1649791704453,1694.641873307279,0,0,0,0,1,1
52417.928562999994,0,63,0,5241,7,0,21,21,255,0,20,1,12,14,1,0,291,14.486021076743302,0.1597411675744244,1,1,0,0,1,1
52419.928563,0,28,0,5241,9,0,9,9,255,30,20,1,12,14,0,1,291,55.9445030763065,0.10545837065200653,0.0535,1,0,0,1,1
52425.928563,0,62,0,5242,5,0,15,15,255,30,20,1,12,14,1,0,291,11908.215565619117,5713.519062084306,0,0,0,0,1,1
52428.928563,0,10,0,5242,8,0,16,16,255,0,20,1,12,14,1,0,291,430.5086609663998,173.67363629593473,0,0,0,0,1,1
52438.928562999994,0,81,0,5243,8,0,13,13,255,30,20,1,12,14,1,0,291,461.92321010308694,409.1324615647188,0,0,0,0,1,1
52439.928563,0,84,0,5243,9,0,19,19,255,30,20,1,12,14,1,0,291,30885.973525069996,5.979835694645849,0.0001,0,0,0,1,1
52457.928563,0,51,0,5245,7,0,17,17,255,30,20,1,12,14,1,0,291,2363.0655273427133,1960.079318006227,0,0,0,0,1,1
52468.928563,0,5,0,5246,8,0,6,6,255,0,20,1,12,14,1,0,291,1302.0766637735135,193.3347016862809,0,0,0,0,1,1
52479.928563,0,82,0,5247,9,0,3,3,255,10,20,1,12,14,1,0,291,18167.039468858773,12826.249781030097,0,0,0,0,1,1
52497.928563,0,34,0,5249,7,0,20,20,255,20,20,1,12,14,1,0,291,48.009146161947484,8.923109167259938,0,0,0,0,1,1
52498.928563,0,55,0,5249,8,0,9,9,255,0,20,1,12,14,1,0,291,19.38632830496727,1.9477488599986514,0.8184713,1,0,0,1,1
52508.928563,0,58,0,5250,8,0,20,20,255,10,20,1,12,14,0,1,291,1249.2507398978235,405.9525247736597,0,0,0,0,1,1
52517.928563,0,76,0,5251,7,0,21,21,255,0,20,1,12,14,1,0,291,4.829972454156303,0.14185285952110882,1,1,0,0,1,1
52519.928563,0,49,0,5251,9,0,12,12,255,10,20,1,12,14,1,0,291,1.7870091319445804,0.028496005691334796,1,1,0.2635983,0,1,1
52525.928563,0,95,0,5252,5,0,15,15,255,30,20,1,12,14,1,0,291,335.4191724521821,164.81686441325556,0,0,0,0,1,1
52528.928563,0,56,0,5252,8,0,16,16,255,0,20,1,12,14,1,0,291,49.95370364537175,25.749610913936348,0,0,0,0,1,1
52539.928562999994,0,14,0,5253,9,0,19,19,255,30,20,1,12,14,1,0,291,14.323082205303411,0.02160720872608948,1,1,0.002,0,1,1
52546.928563,0,8,0,5254,6,0,22,22,255,0,20,1,12,14,1,0,291,8.57479361955416,5.476364645184519,0.8184713,1,0,0,1,1
52557.928562999994,0,93,0,5255,7,0,17,17,255,30,20,1,12,14,1,0,291,2345.715013593299,462.53194789640884,0,0,0,0,1,1
52568.928563,0,41,0,5256,8,0,6,6,255,0,20,1,12,14,1,0,291,1250.8983181765147,1092.5460424385706,0,0,0,0,1,1
52584.928563,0,20,0,5258,4,0,23,23,255,0,20,1,12,14,1,0,291,365.58296756034866,190.34757824934707,0,0,0,0,1,1
52597.928562999994,0,52,0,5259,7,0,20,20,255,20,20,1,12,14,1,0,291,1051.6149771413018,0.9301309871638245,1,1,0,0,1,1
52598.928563,0,92,0,5259,8,0,9,9,255,0,20,1,12,14,1,0,291,83.09849351523694,0.056822866120414234,1,1,0,0,1,1
52617.928563,0,10,0,5261,7,0,21,21,255,0,20,1,12,14,1,0,291,41.866206866471416,0.05000219838736871,1,1,0,0,1,1
52618.928562999994,0,16,0,5261,8,0,2,2,255,10,20,1,12,14,0,1,291,5536.374187783308,4951.8698049985605,0,0,0,0,1,1
52619.928563,0,72,0,5261,9,0,12,12,255,10,20,1,12,14,1,0,291,0.08740529324001686,0.04511500615960122,-1,1,1,1,1,1
52626.928563,0,63,0,5262,6,0,21,21,255,30,20,1,12,14,0,1,291,575.1722974167013,2.109446134109307,0,0,0,0,1,1
52628.928563,0,95,0,5262,8,0,16,16,255,0,20,1,12,14,1,0,291,703.1881204168895,491.4319098264285,0,0,0,0,1,1
52639.928563,0,36,0,5263,9,0,5,5,255,20,20,1,12,14,1,0,291,0.19611681403133852,0.002291240409706575,-1,1,1,1,1,1
52646.928563,0,51,0,5264,6,0,22,22,255,0,20,1,12,14,1,0,291,83.05341818739075,36.08979370656007,0,0,0,0,1,1
52658.928563,0,48,0,5265,8,0,19,19,255,10,20,1,12,14,0,1,291,2.7241374204545066,1.8841022409673707,0.0535,0,0,0,1,1
52668.928563,0,80,0,5266,8,0,22,22,255,30,20,1,12,14,0,1,291,31.01752963897991,5.959555273284614,0,0,0,0,1,1
52684.928563,0,68,0,5268,4,0,23,23,255,0,20,1,12,14,1,0,291,981.6034991985755,775.8368983129997,0,0,0,0,1,1
52697.928563,0,73,0,5269,7,0,2,2,255,30,20,1,12,14,1,0,291,7.186102671791289,0.3431984597253854,1,1,0,0,1,1
52704.928563,0,36,0,5270,4,0,4,4,255,30,20,1,12,14,1,0,291,79.34751459524509,70.97753442081986,0,0,0,0,1,1
52708.928563,0,39,0,5270,8,0,20,20,255,10,20,1,12,14,0,1,291,124.8578139128775,75.80716343594142,0,0,0,0,1,1
52717.928563,0,71,0,5271,7,0,18,18,255,10,20,1,12,14,1,0,291,8.469618949287515,0.003537107021730172,1,1,0.002,0,1,1
52719.928563,0,42,0,5271,9,0,12,12,255,10,20,1,12,14,1,0,291,0.1541733346515489,0.00017474665625640483,-1,1,1,1,1,1
52725.928562999994,0,88,0,5272,5,0,15,15,255,30,20,1,12,14,1,0,291,210.65225463420884,99.79158874682278,0,0,0,0,1,1
52728.928562999994,0,48,0,5272,8,0,16,16,255,0,20,1,12,14,1,0,291,2000.08123537145,1687.754483594683,0,0,0,0,1,1
52739.928563,0,21,0,5273,9,0,19,19,255,30,20,1,12,14,1,0,291,113.91464493257754,25.70091705541594,0,0,0,0,1,1
52746.928562999994,0,3,0,5274,6,0,22,22,255,0,20,1,12,14,1,0,291,0.00031772179958098224,0.00016179016963187285,-1,1,1,1,1,1
52757.928563,0,89,0,5275,7,0,17,17,255,30,20,1,12,14,1,0,291,318.4317870546644,50.19225274358891,0,0,0,0,1,1
52779.928563,0,49,0,5277,9,0,3,3,255,10,20,1,12,14,1,0,291,1507.263635015133,1262.0434890462664,0,0,0,0,1,1
52797.928563,0,16,0,5279,7,0,2,2,255,30,20,1,12,14,1,0,291,1283.3304908140315,0.4267188957423429,1,1,0,0,1,1
52798.928562999994,0,22,0,5279,8,0,9,9,255,0,20,1,12,14,1,0,291,51.93996020560304,7.046310493867776,0,0,0,0,1,1
52807.928562999994,0,6,0,5280,7,0,24,24,255,30,20,1,12,14,1,0,291,7.800310112374964,0.924072931969958,1,1,0,0,1,1
52817.928563,0,20,0,5281,7,0,18,18,255,10,20,1,12,14,1,0,291,3935.243875777057,3674.091057691702,0,0,0,0,1,1
52819.928563,0,25,0,5281,9,0,12,12,255,10,20,1,12,14,1,0,291,0.07369944064829854,0.010972308904443062,-1,1,1,1,1,1
52825.928563,0,60,0,5282,5,0,15,15,255,30,20,1,12,14,1,0,291,18487.491982349246,14063.66948761212,0,0,0,0,1,1
52828.928563,0,47,0,5282,8,0,16,16,255,0,20,1,12,14,1,0,291,382.27354202139287,90.84508739649087,0,0,0,0,1,1
52838.928563,0,43,0,5283,8,0,13,13,255,30,20,1,12,14,1,0,291,18.58105406929044,14.531974750814664,0,0,0,0,1,1
52845.928563,0,28,0,5284,5,0,5,5,255,20,20,1,12,14,1,0,291,1307.6699851309645,452.9637976014904,0,0,0,0,1,1
52857.928563,0,11,0,5285,7,0,17,17,255,30,20,1,12,14,1,0,291,694.7031783875408,572.5213855458754,0,0,0,0,1,1
52868.928562999994,0,66,0,5286,8,0,22,22,255,30,20,1,12,14,0,1,291,81.91204238669201,31.213802754786204,0.0535,0,0,0,1,1
52884.928563,0,50,0,5288,4,0,23,23,255,0,20,1,12,14,1,0,291,16.904368737467887,7.256924704515191,0,0,0,0,1,1
52897.928563,0,68,0,5289,7,0,20,20,255,20,20,1,12,14,1,0,291,35.108977412518726,0.020081436073042903,1,1,0.002,0,1,1
52904.928563,0,19,0,5290,4,0,4,4,255,30,20,1,12,14,1,0,291,66376.57829986763,31693.16283734973,0,0,0,0,1,1
52908.928563,0,12,0,5290,8,0,20,20,255,10,20,1,12,14,0,1,291,4668.7208443211375,2805.243966785595,0,0,0,0,1,1
52919.928563,0,25,0,5291,9,0,9,9,255,30,20,1,12,14,0,1,291,92.72564312105371,0.013712550826386241,0.8690068,0,0.002,0,1,1
52925.928563,0,56,0,5292,5,0,15,15,255,30,20,1,12,14,1,0,291,5233.660112962754,3387.7054209780263,0,0,0,0,1,1
52928.928563,0,38,0,5292,8,0,16,16,255,0,20,1,12,14,1,0,291,0.16433802058543767,0.07764228338463924,-1,1,1,1,1,1
52938.928562999994,0,6,0,5293,8,0,13,13,255,30,20,1,12,14,1,0,291,162.35349715482886,101.84862139538802,0,0,0,0,1,1
52939.928563,0,96,0,5293,9,0,19,19,255,30,20,1,12,14,1,0,291,0.008553938456662132,0.0017974181200094725,-1,1,1,1,1,1
52957.928563,0,53,0,5295,7,0,17,17,255,30,20,1,12,14,1,0,291,7547.986540518454,3764.5027130806216,0,0,0,0,1,1
52966.928563,0,85,0,5296,6,0,17,17,255,0,20,1,12,14,0,1,291,285.62386902040663,269.02120859442266,0,0,0,0,1,1
52979.928563,0,83,0,5297,9,0,3,3,255,10,20,1,12,14,1,0,291,884.0623970244218,619.7959878199028,0,0,0,0,1,1
52997.928563,0,35,0,5299,7,0,9,9,255,0,20,1,12,14,1,0,291,10057.582547839462,8931.472252322214,0,0,0,0,1,1
52998.928563,0,90,0,5299,8,0,20,20,255,30,20,1,12,14,1,0,291,1.9643705348386562,1.094259981044917,1,1,0,0,1,1
53007.928563,0,51,0,5300,7,0,20,20,255,10,20,1,12,14,0,1,291,108.05353409506787,0.15770198033847146,1,1,0,0,1,1
53019.928563,0,33,0,5301,9,0,12,12,255,10,20,1,12,14,1,0,291,0.5042791331591161,0.05435857532221872,-1,1,1,1,1,1
53027.928563,0,19,0,5302,7,0,21,21,255,20,20,1,12,14,1,0,291,3735.4611399252726,2960.022243442826,0,0,0,0,1,1
53029.928563,0,8,0,5302,9,0,18,18,255,20,20,1,12,14,0,1,291,0.19308694191800163,0.08499035199020395,-1,1,1,1,1,1
53037.928563,0,69,0,5303,7,0,19,19,255,10,20,1,12,14,1,0,291,0.22423442794437348,0.005936114489216635,-1,1,1,1,1,1
53045.928562999994,0,43,0,5304,5,0,16,16,255,0,20,1,12,14,0,1,291,595.6359101113574,471.0673915113544,0,0,0,0,1,1
53048.928562999994,0,28,0,5304,8,0,5,5,255,30,20,1,12,14,0,1,291,971.951257896789,610.6296903874613,0,0,0,0,1,1
53058.928563,0,33,0,5305,8,0,22,22,255,30,20,1,12,14,1,0,291,1418.0540482876445,1240.0179890647778,0,0,0,0,1,1
53077.928563,0,79,0,5307,7,0,6,6,255,0,20,1,12,14,1,0,291,111.047561255963,35.666712633351985,0,0,0,0,1,1
53084.928563,0,69,0,5308,4,0,23,23,255,0,20,1,12,14,1,0,291,29.244487577047558,0.36183508747449794,0.0004,0,0,0,1,1
53097.928563,0,74,0,5309,7,0,2,2,255,30,20,1,12,14,1,0,291,357.77384729767823,288.9993799377458,0,0,0,0,1,1
53104.928563,0,72,0,5310,4,0,4,4,255,30,20,1,12,14,1,0,291,552.5680940297648,387.55629911166477,0,0,0,0,1,1
53109.928562999994,0,15,0,5310,9,0,12,12,255,30,20,1,12,14,1,0,291,0.01674182988521013,0.011708174820249372,-1,1,1,1,1,1
53125.928563,0,53,0,5312,5,0,15,15,255,30,20,1,12,14,1,0,291,263.6157728253653,215.86272622972598,0,0,0,0,1,1
53127.928562999994,0,77,0,5312,7,0,21,21,255,20,20,1,12,14,1,0,291,4831.961022148335,4734.239557103392,0,0,0,0,1,1
53129.928563,0,65,0,5312,9,0,18,18,255,20,20,1,12,14,0,1,291,0.45852243978626916,0.23993840454497387,-1,1,1,1,1,1
53138.928563,0,62,0,5313,8,0,13,13,255,30,20,1,12,14,1,0,291,359.0831866374742,237.54804346536852,0,0,0,0,1,1
53147.928563,0,16,0,5314,7,0,19,19,255,10,20,1,12,14,0,1,291,40.145398184860696,0.02395199253318945,0.8690068,1,0.002,0,1,1
53158.928563,0,28,0,5315,8,0,17,17,255,0,20,1,12,14,1,0,291,1029.1937635333886,670.1667188352064,0,0,0,0,1,1
53177.928563,0,33,0,5317,7,0,6,6,255,0,20,1,12,14,1,0,291,0.7699960977425626,0.07979892419038019,-1,1,0.9361511,1,1,1
53184.928563,0,17,0,5318,4,0,23,23,255,0,20,1,12,14,1,0,291,27.48492878091131,0.27126169443065,0.0004,0,0,0,1,1
53197.928563,0,50,0,5319,7,0,9,9,255,0,20,1,12,14,1,0,291,3140.6637677746976,2351.533979956527,0,0,0,0,1,1
53204.928563,0,31,0,5320,4,0,4,4,255,30,20,1,12,14,1,0,291,256.48230129606264,11.616730920706393,0,0,0,0,1,1
53207.928563,0,84,0,5320,7,0,24,24,255,30,20,1,12,14,1,0,291,197943441.72262174,184830162.46759424,0,0,0,0,1,1
53225.928562999994,0,16,0,5322,5,0,15,15,255,30,20,1,12,14,1,0,291,999.9282132943966,678.2488371454552,0,0,0,0,1,1
53227.928563,0,56,0,5322,7,0,21,21,255,20,20,1,12,14,1,0,291,1000.65014444466,879.4623104713419,0,0,0,0,1,1
53229.928563,0,25,0,5322,9,0,18,18,255,20,20,1,12,14,0,1,291,0.015443705507659056,0.0012246854395104078,-1,1,1,1,1,1
53238.928563,0,33,0,5323,8,0,13,13,255,30,20,1,12,14,1,0,291,5406.770455017309,3373.599485948134,0,0,0,0,1,1
53245.928563,0,92,0,5324,5,0,5,5,255,20,20,1,12,14,1,0,291,421.0661656136375,12.799857558921914,0,0,0,0,1,1
53258.928563,0,33,0,5325,8,0,17,17,255,0,20,1,12,14,1,0,291,24646.830566333483,19282.06245248732,0,0,0,0,1,1
53268.928563,0,50,0,5326,8,0,23,23,255,10,20,1,12,14,1,0,291,0.1855571807821345,0.055596019733733806,-1,1,1,1,1,1
53279.928563,0,37,0,5327,9,0,3,3,255,10,20,1,12,14,1,0,291,19.73204196705118,14.713082253777833,0,0,0,0,1,1
53297.928563,0,43,0,5329,7,0,9,9,255,0,20,1,12,14,1,0,291,898.9662458110184,503.33077164901147,0,0,0,0,1,1
53299.928563,0,32,0,5329,9,0,2,2,255,30,20,1,12,14,1,0,291,6382.491347671995,3432.7486527602387,0,0,0,0,1,1
53309.928563,0,15,0,5330,9,0,12,12,255,30,20,1,12,14,1,0,291,78.92721662688237,17.882908669461873,0,0,0,0,1,1
53318.928563,0,5,0,5331,8,0,18,18,255,10,20,1,12,14,1,0,291,227813.07200223365,221202.72418925678,0,0,0,0,1,1
53327.928563,0,8,0,5332,7,0,21,21,255,20,20,1,12,14,1,0,291,596.3717332609635,2.58120898108949,1,1,0,0,1,1
53328.928563,0,46,0,5332,8,0,16,16,255,0,20,1,12,14,1,0,291,1.3614020836935141,0.15702575414154116,1,1,0.002,0,1,1
53337.928563,0,59,0,5333,7,0,19,19,255,10,20,1,12,14,1,0,291,16.613779142263585,11.710626839362183,0,0,0,0,1,1
53344.928563,0,95,0,5334,4,0,15,15,255,20,20,1,12,14,0,1,291,1658.5555299721127,979.8418649743054,0,0,0,0,1,1
53348.928563,0,20,0,5334,8,0,5,5,255,30,20,1,12,14,0,1,291,5193.365996008824,4852.688785786636,0,0,0,0,1,1
53358.928563,0,64,0,5335,8,0,17,17,255,0,20,1,12,14,1,0,291,1539.113875378242,199.0539490149978,0,0,0,0,1,1
53377.928562999994,0,10,0,5337,7,0,6,6,255,0,20,1,12,14,1,0,291,3842.044853467526,3570.5899569409535,0,0,0,0,1,1
53379.928563,0,92,0,5337,9,0,3,3,255,10,20,1,12,14,1,0,291,473.46011174139056,408.5227701436341,0,0,0,0,1,1
53398.928563,0,28,0,5339,8,0,20,20,255,30,20,1,12,14,1,0,291,473.3876778801843,396.24513673213943,0,0,0,0,1,1
53399.928563,0,42,0,5339,9,0,2,2,255,30,20,1,12,14,1,0,291,13525.963656255763,12527.915042030478,0,0,0,0,1,1
53417.928562999994,0,29,0,5341,7,0,24,24,255,0,20,1,12,14,1,0,291,378.35340098884114,2.4434089753429347,0,0,0,0,1,1
53425.928563,0,19,0,5342,5,0,15,15,255,30,20,1,12,14,1,0,291,20.387677762537557,10.756037289455511,0,0,0,0,1,1
53428.928563,0,29,0,5342,8,0,16,16,255,0,20,1,12,14,1,0,291,17.481604982235606,13.383077771545281,0,0,0,0,1,1
53437.928563,0,48,0,5343,7,0,21,21,255,30,20,1,12,14,0,1,291,10.751633328434675,8.905999770620204,0.0535,0,0,0,1,1
53444.928563,0,87,0,5344,4,0,15,15,255,20,20,1,12,14,0,1,291,6398.647459187352,3781.5857281240524,0,0,0,0,1,1
53446.928563,0,41,0,5344,6,0,22,22,255,20,20,1,12,14,1,0,291,13518.84367918263,4006.750150424948,0,0,0,0,1,1
53458.928563,0,8,0,5345,8,0,17,17,255,0,20,1,12,14,1,0,291,7212.2589545078345,6951.640943578907,0,0,0,0,1,1
53468.928563,0,82,0,5346,8,0,23,23,255,10,20,1,12,14,1,0,291,0.32961257973095776,0.23460463509229654,-1,1,1,1,1,1
53479.928563,0,65,0,5347,9,0,3,3,255,10,20,1,12,14,1,0,291,2041.8961147354742,331.72115670464547,0,0,0,0,1,1
53498.928563,0,16,0,5349,8,0,4,4,255,10,20,1,12,14,1,0,291,738.198055178657,287.4724275694816,0,0,0,0,1,1
53499.928562999994,0,19,0,5349,9,0,2,2,255,30,20,1,12,14,1,0,291,9951.363426351474,5569.109498615056,0,0,0,0,1,1
53509.928563,0,95,0,5350,9,0,12,12,255,30,20,1,12,14,1,0,291,184.58648798293189,95.05074289133947,0,0,0,0,1,1
53518.928563,0,86,0,5351,8,0,18,18,255,10,20,1,12,14,1,0,291,246.51241343164165,1.0104369327285365,0,0,0,0,1,1
53525.928563,0,96,0,5352,5,0,24,24,255,30,20,1,12,14,0,1,291,266.50162244364424,218.5027403564645,0,0,0,0,1,1
53528.928563,0,42,0,5352,8,0,16,16,255,0,20,1,12,14,1,0,291,0.10526111994350691,0.05248048093263594,-1,1,1,1,1,1
53537.928563,0,30,0,5353,7,0,19,19,255,10,20,1,12,14,1,0,291,1.2232259052197436,0.15760750052169184,1,1,0.002,0,1,1
53544.928563,0,74,0,5354,4,0,13,13,255,0,20,1,12,14,1,0,291,11949.137898451952,8569.65487338799,0,0,0,0,1,1
53547.928563,0,68,0,5354,7,0,19,19,255,10,20,1,12,14,0,1,291,7.366704729651609,0.2277017378406166,1,1,0,0,1,1
53558.928563,0,75,0,5355,8,0,17,17,255,0,20,1,12,14,1,0,291,409.14600340468115,54.55668363332996,0,0,0,0,1,1
53568.928563,0,3,0,5356,8,0,23,23,255,10,20,1,12,14,1,0,291,22.383324337343723,6.919238785947123,0,0,0,0,1,1
53579.928563,0,80,0,5357,9,0,3,3,255,10,20,1,12,14,1,0,291,240.97921060468417,214.44991527281158,0,0,0,0,1,1
53585.928563,0,92,0,5358,5,0,25,25,255,0,20,1,12,14,1,0,291,462356567.38754815,391609102.8654424,0,0,0,0,1,1
53598.928563,0,28,0,5359,8,0,4,4,255,10,20,1,12,14,1,0,291,2683.635756109068,1368.3201545959948,0,0,0,0,1,1
53599.928563,0,42,0,5359,9,0,2,2,255,30,20,1,12,14,1,0,291,5383.354098763277,4840.088642124451,0,0,0,0,1,1
53617.928563,0,19,0,5361,7,0,24,24,255,0,20,1,12,14,1,0,291,713.3938777430151,0.02831788916523562,1,1,0.002,0,1,1
53624.928562999994,0,8,0,5362,4,0,15,15,255,0,20,1,12,14,1,0,291,18.845351781667382,13.222800802690761,0,0,0,0,1,1
53627.928562999994,0,18,0,5362,7,0,12,12,255,0,20,1,12,14,0,1,291,0.0002888814392131002,9.845348409799819e-05,-1,1,1,1,1,1
53629.928563,0,58,0,5362,9,0,15,15,255,0,20,1,12,14,0,1,291,94.11388577968562,47.276491824355986,0.0001,0,0,0,1,1
53637.928563,0,95,0,5363,7,0,19,19,255,10,20,1,12,14,1,0,291,922.0471427286806,444.89257521559415,0,0,0,0,1,1
53646.928563,0,85,0,5364,6,0,22,22,255,20,20,1,12,14,1,0,291,37.31326114210759,10.390549561009934,0,0,0,0,1,1
53658.928563,0,49,0,5365,8,0,17,17,255,0,20,1,12,14,1,0,291,51759.93700311288,48179.08332094894,0,0,0,0,1,1
53668.928563,0,33,0,5366,8,0,22,22,255,20,20,1,12,14,0,1,291,4.363099418117153,0.008912650306237103,0.8690068,1,0.002,0,1,1
53684.928563,0,13,0,5368,4,0,6,6,255,0,20,1,12,14,0,1,291,220.75949898448283,112.60815990456237,0,0,0,0,1,1
53697.928563,0,4,0,5369,7,0,9,9,255,0,20,1,12,14,1,0,291,62923.9507368296,32749.36520096813,0,0,0,0,1,1
53698.928563,0,46,0,5369,8,0,4,4,255,10,20,1,12,14,1,0,291,634.2336411154931,561.1352124935761,0,0,0,0,1,1
53699.928563,0,79,0,5369,9,0,2,2,255,30,20,1,12,14,1,0,291,1883.7913894099725,699.9597239050302,0,0,0,0,1,1
53717.928563,0,57,0,5371,7,0,24,24,255,0,20,1,12,14,1,0,291,63.19403286033256,0.02250554867506564,1,1,0.002,0,1,1
53724.928563,0,47,0,5372,4,0,15,15,255,0,20,1,12,14,1,0,291,0.3091114712535751,0.06400451842833531,-1,1,1,1,1,1
53727.928563,0,42,0,5372,7,0,12,12,255,0,20,1,12,14,0,1,291,0.43290213882026335,0.39366816950135736,-1,1,1,1,1,1
53737.928562999994,0,2,0,5373,7,0,19,19,255,10,20,1,12,14,1,0,291,4283.745326641827,1094.1874338342457,0,0,0,0,1,1
53744.928563,0,27,0,5374,4,0,13,13,255,0,20,1,12,14,1,0,291,6364.203621464547,3359.9465153988904,0,0,0,0,1,1
53747.928563,0,58,0,5374,7,0,16,16,255,30,20,1,12,14,0,1,291,369.83963174924213,334.8123048276844,0,0,0,0,1,1
53758.928563,0,75,0,5375,8,0,17,17,255,0,20,1,12,14,1,0,291,408.4882003836152,174.35265299998323,0,0,0,0,1,1
53768.928563,0,53,0,5376,8,0,23,23,255,10,20,1,12,14,1,0,291,0.2983694941423199,0.008416401017783952,-1,1,1,1,1,1
53785.928563,0,27,0,5378,5,0,3,3,255,10,20,1,12,14,1,0,291,17596.494605830678,0.00016748893705062094,1,1,0.002,0,1,1
53798.928562999994,0,11,0,5379,8,0,20,20,255,30,20,1,12,14,1,0,291,1010.642632441354,699.5184761680665,0,0,0,0,1,1
53799.928563,0,10,0,5379,9,0,2,2,255,30,20,1,12,14,1,0,291,175.36788532136,8.518504578355223,0,0,0,0,1,1
53808.928563,0,5,0,5380,8,0,24,24,255,0,20,1,12,14,1,0,291,35033.10168155948,26092.0958942038,0,0,0,0,1,1
53809.928563,0,41,0,5380,9,0,12,12,255,30,20,1,12,14,1,0,291,17.51714213873212,12.29448509107793,0,0,0,0,1,1
53819.928563,0,37,0,5381,9,0,9,9,255,30,20,1,12,14,0,1,291,576.196429304063,142.16319418360303,0,0,0,0,1,1
53827.928563,0,26,0,5382,7,0,21,21,255,20,20,1,12,14,1,0,291,3085.6839045059182,2384.153215552964,0,0,0,0,1,1
53829.928563,0,26,0,5382,9,0,16,16,255,20,20,1,12,14,1,0,291,1.321479657598633,0.6389221472250672,1,1,0,0,1,1
53837.928563,0,93,0,5383,7,0,21,21,255,30,20,1,12,14,0,1,291,0.5114111078734664,0.3260326899949369,-1,1,1,1,1,1
53846.928563,0,82,0,5384,6,0,22,22,255,20,20,1,12,14,1,0,291,697.8628207191576,501.28645046664985,0,0,0,0,1,1
53858.928563,0,48,0,5385,8,0,17,17,255,0,20,1,12,14,1,0,291,147.28309286201832,85.32847482833122,0,0,0,0,1,1
53868.928562999994,0,30,0,5386,8,0,23,23,255,10,20,1,12,14,1,0,291,0.15554808181150642,0.1279257824394077,-1,1,1,1,1,1
53885.928563,0,24,0,5388,5,0,3,3,255,10,20,1,12,14,1,0,291,693.8524082509102,1.1248474350419089,1,1,0,0,1,1
53898.928563,0,10,0,5389,8,0,4,4,255,10,20,1,12,14,1,0,291,6528.277547807026,5053.7598059202055,0,0,0,0,1,1
53899.928563,0,8,0,5389,9,0,2,2,255,30,20,1,12,14,1,0,291,773.1060170311821,626.986797516084,0,0,0,0,1,1
53908.928563,0,6,0,5390,8,0,25,25,255,30,20,1,12,14,0,1,291,179.88469156345474,79.72260664996753,0,0,0,0,1,1
53909.928563,0,35,0,5390,9,0,12,12,255,30,20,1,12,14,1,0,291,0.19749764431193179,0.12176090985013459,-1,1,1,1,1,1
53924.928563,0,4,0,5392,4,0,15,15,255,0,20,1,12,14,1,0,291,21177.656773065708,14120.645113781378,0,0,0,0,1,1
53927.928563,0,55,0,5392,7,0,12,12,255,0,20,1,12,14,0,1,291,34.84766086022948,13.201398610535497,0,0,0,0,1,1
53929.928562999994,0,76,0,5392,9,0,16,16,255,20,20,1,12,14,1,0,291,25.216469172230084,12.370403326129418,0,0,0,0,1,1
53944.928563,0,39,0,5394,4,0,13,13,255,0,20,1,12,14,1,0,291,1444.0903752268152,918.9473415361406,0,0,0,0,1,1
53949.928563,0,2,0,5394,9,0,5,5,255,0,20,1,12,14,1,0,291,2081.5292698529893,561.5627851886588,0,0,0,0,1,1
53958.928563,0,87,0,5395,8,0,17,17,255,0,20,1,12,14,1,0,291,9357.697433659945,9249.010538251796,0,0,0,0,1,1
53968.928563,0,67,0,5396,8,0,23,23,255,10,20,1,12,14,1,0,291,4256.181792655472,758.0041698869479,0,0,0,0,1,1
53985.928563,0,46,0,5398,5,0,25,25,255,0,20,1,12,14,1,0,291,1268014.7432907154,263.5147239021933,0,0,0,0,1,1
53998.928563,0,34,0,5399,8,0,20,20,255,30,20,1,12,14,1,0,291,392.2247842568473,263.9994008745041,0,0,0,0,1,1
53999.928562999994,0,55,0,5399,9,0,2,2,255,30,20,1,12,14,1,0,291,143.017482404466,115.74772617904219,0,0,0,0,1,1
54008.928563,0,35,0,5400,8,0,24,24,255,0,20,1,12,14,1,0,291,34.73329884724792,1.4053790365657988,0.0004,0,0,0,1,1
54009.928563,0,84,0,5400,9,0,12,12,255,30,20,1,12,14,1,0,291,0.0076176450093998135,0.003916118770332254,-1,1,1,1,1,1
54018.928563,0,75,0,5401,8,0,18,18,255,10,20,1,12,14,1,0,291,72819.31413867333,67811.81954238591,0,0,0,0,1,1
54029.928563,0,20,0,5402,9,0,16,16,255,20,20,1,12,14,1,0,291,38.0153917816008,1.6882369722618547,0.9913462,1,0,0,1,1
54044.928563,0,46,0,5404,4,0,13,13,255,0,20,1,12,14,1,0,291,897.1482533888791,45.79526472716529,0,0,0,0,1,1
54047.928563,0,54,0,5404,7,0,19,19,255,10,20,1,12,14,0,1,291,12.784534617318753,1.8765583977643776,0,0,0,0,1,1
54058.928563,0,78,0,5405,8,0,17,17,255,0,20,1,12,14,1,0,291,453.14489179418626,129.88024386393258,0,0,0,0,1,1
54068.928563,0,87,0,5406,8,0,22,22,255,20,20,1,12,14,0,1,291,198.06829083414894,0.02219554533628374,0.8690068,1,0.002,0,1,1
54085.928563,0,1,0,5408,5,0,3,3,255,10,20,1,12,14,1,0,291,2199.723381933625,3.7689109863579513,0.9913462,1,0,0,1,1
54085.928563,0,93,0,5408,5,0,3,3,255,10,20,1,12,14,1,0,291,48.59030976979673,0.09033704900214139,1,1,0,0,1,1
54098.928563,0,73,0,5409,8,0,4,4,255,10,20,1,12,14,1,0,291,31.89679709075517,8.25936265319205,0,0,0,0,1,1
54104.928563,0,68,0,5410,4,0,9,9,255,30,20,1,12,14,1,0,291,0.05149040728752828,0.038523833772023626,-1,1,1,1,1,1
54109.928562999994,0,20,0,5410,9,0,12,12,255,30,20,1,12,14,1,0,291,0.25384940533572603,0.033634844138752916,-1,1,1,1,1,1
54118.928562999994,0,10,0,5411,8,0,18,18,255,10,20,1,12,14,1,0,291,0.0510403490035997,0.03550478055975667,-1,1,1,1,1,1
54128.928563,0,33,0,5412,8,0,24,24,255,30,20,1,12,14,0,1,291,902.2859264327942,816.7514737705809,0,0,0,0,1,1
54144.928563,0,14,0,5414,4,0,13,13,255,0,20,1,12,14,1,0,291,590.8760907454766,417.80297451922405,0,0,0,0,1,1
54146.928563,0,80,0,5414,6,0,22,22,255,20,20,1,12,14,1,0,291,160.0986122885701,0.07040074501809086,1,1,0,0,1,1
54158.928563,0,35,0,5415,8,0,17,17,255,0,20,1,12,14,1,0,291,232.7808057802787,119.08764544176577,0,0,0,0,1,1
54168.928563,0,18,0,5416,8,0,22,22,255,20,20,1,12,14,0,1,291,1139.6521573985362,2.775520401655805,0.0001,0,0,0,1,1
54184.928563,0,30,0,5418,4,0,6,6,255,0,20,1,12,14,0,1,291,955.5023158856695,676.9690882656683,0,0,0,0,1,1
54185.928562999994,0,68,0,5418,5,0,25,25,255,0,20,1,12,14,1,0,291,38.99008752840137,0.0008204530004015436,1,1,0.002,0,1,1
54198.928563,0,22,0,5419,8,0,4,4,255,10,20,1,12,14,1,0,291,214.66400049908557,58.45709353360191,0,0,0,0,1,1
54204.928563,0,13,0,5420,4,0,9,9,255,30,20,1,12,14,1,0,291,86.32922690610856,58.3473339251546,0,0,0,0,1,1
54208.928563,0,80,0,5420,8,0,24,24,255,0,20,1,12,14,1,0,291,1294.6480852661166,1218.1268374063864,0,0,0,0,1,1
54217.928563,0,70,0,5421,7,0,21,21,255,0,20,1,12,14,1,0,291,2.6906751522266594,0.34775513034052163,1,1,0,0,1,1
54225.928562999994,0,46,0,5422,5,0,16,16,255,10,20,1,12,14,1,0,291,15.50079053528589,0.14681535264784848,1,1,0,0,1,1
54237.928562999994,0,51,0,5423,7,0,19,19,255,10,20,1,12,14,1,0,291,133.2663722698886,54.5918493328601,0,0,0,0,1,1
54244.928563,0,74,0,5424,4,0,13,13,255,0,20,1,12,14,1,0,291,270.7366215421165,170.7962889830231,0,0,0,0,1,1
54249.928562999994,0,39,0,5424,9,0,5,5,255,0,20,1,12,14,1,0,291,1342.0829977954197,1272.6120888760227,0,0,0,0,1,1
54265.928563,0,23,0,5426,5,0,6,6,255,20,20,1,12,14,1,0,291,415.3483040635648,0.031610624930112706,1,1,0.002,0,1,1
54277.928563,0,37,0,5427,7,0,23,23,255,0,20,1,12,14,1,0,291,1149.688286089817,750.124890458505,0,0,0,0,1,1
54284.928563,0,71,0,5428,4,0,25,25,255,30,20,1,12,14,1,0,291,614.2329072352085,91.56757087522892,0,0,0,0,1,1
54297.928563,0,36,0,5429,7,0,20,20,255,0,20,1,12,14,1,0,291,12.26075657768351,3.751442048471335,0.0001,0,0,0,1,1
54299.928563,0,22,0,5429,9,0,2,2,255,30,20,1,12,14,1,0,291,133.64230418917884,16.320193351937863,0,0,0,0,1,1
54308.928563,0,80,0,5430,8,0,24,24,255,0,20,1,12,14,1,0,291,1277.6830249661616,251.11476231653748,0,0,0,0,1,1
54317.928563,0,42,0,5431,7,0,21,21,255,0,20,1,12,14,1,0,291,4901.211894173423,13.760897911533927,0,0,0,0,1,1
54325.928563,0,48,0,5432,5,0,21,21,255,30,20,1,12,14,0,1,291,0.592586378594806,0.42881208469541693,-1,1,1,1,1,1
54328.928563,0,55,0,5432,8,0,24,24,255,30,20,1,12,14,0,1,291,26.726563401329862,8.91416681644459,0,0,0,0,1,1
54344.928563,0,64,0,5434,4,0,13,13,255,0,20,1,12,14,1,0,291,40.08907602185898,0.3056189016683556,0.0004,0,0,0,1,1
54349.928563,0,31,0,5434,9,0,5,5,255,0,20,1,12,14,1,0,291,1502.227545811384,1379.8482365996335,0,0,0,0,1,1
54358.928563,0,69,0,5435,8,0,17,17,255,0,20,1,12,14,1,0,291,12.807123500604964,0.01928720860653644,1,1,0.002,0,1,1
54368.928562999994,0,52,0,5436,8,0,22,22,255,20,20,1,12,14,0,1,291,657.7298333023725,0.01920348100920314,0.8690068,1,0.002,0,1,1
54377.928562999994,0,93,0,5437,7,0,23,23,255,0,20,1,12,14,1,0,291,53.71032443498787,31.76848222966805,0,0,0,0,1,1
54385.928563,0,12,0,5438,5,0,3,3,255,10,20,1,12,14,1,0,291,496.1332500492983,229.81111116575624,0,0,0,0,1,1
54397.928563,0,90,0,5439,7,0,20,20,255,0,20,1,12,14,1,0,291,24.73118154305618,17.404858537131325,0,0,0,0,1,1
54398.928563,0,88,0,5439,8,0,2,2,255,30,20,1,12,14,1,0,291,120.11069352702518,4.952679047646331,0,0,0,0,1,1
54408.928563,0,89,0,5440,8,0,12,12,255,30,20,1,12,14,1,0,291,0.03259251456488908,0.004314744257814165,-1,1,1,1,1,1
54417.928562999994,0,87,0,5441,7,0,21,21,255,0,20,1,12,14,1,0,291,77.93964847277478,15.805475610059807,0,0,0,0,1,1
54427.928563,0,26,0,5442,7,0,18,18,255,30,20,1,12,14,0,1,291,1084.7460040204612,519.8690785102838,0,0,0,0,1,1
54439.928563,0,79,0,5443,9,0,19,19,255,30,20,1,12,14,1,0,291,20878.824633415756,18267.56520592469,0,0,0,0,1,1
54446.928563,0,56,0,5444,6,0,15,15,255,30,20,1,12,14,0,1,291,44.19275945013365,1.4605151671977477,0,0,0,0,1,1
54457.928563,0,34,0,5445,7,0,17,17,255,10,20,1,12,14,1,0,291,56.48955346232432,20.687715493574423,0,0,0,0,1,1
54465.928563,0,73,0,5446,5,0,6,6,255,20,20,1,12,14,1,0,291,215.50877720837713,0.564477226805402,1,1,0,0,1,1
54484.928562999994,0,4,0,5448,4,0,6,6,255,0,20,1,12,14,0,1,291,6034.003542067789,4641.870289192118,0,0,0,0,1,1
54485.928563,0,31,0,5448,5,0,3,3,255,10,20,1,12,14,1,0,291,879.3390722250393,781.2675369609457,0,0,0,0,1,1
54498.928563,0,9,0,5449,8,0,2,2,255,30,20,1,12,14,1,0,291,23512.275383785316,20549.540311888974,0,0,0,0,1,1
54504.928563,0,13,0,5450,4,0,9,9,255,30,20,1,12,14,1,0,291,982.2855566448459,12.211451368763791,0,0,0,0,1,1
54517.928563,0,9,0,5451,7,0,21,21,255,0,20,1,12,14,1,0,291,469.0961226941657,0.02124335620806931,1,1,0.002,0,1,1
54519.928563,0,44,0,5451,9,0,9,9,255,30,20,1,12,14,0,1,291,546.1635117784871,518.5564072648534,0,0,0,0,1,1
54527.928563,0,57,0,5452,7,0,18,18,255,30,20,1,12,14,0,1,291,544.4132134012783,369.7408523445757,0,0,0,0,1,1
54544.928563,0,14,0,5454,4,0,13,13,255,0,20,1,12,14,1,0,291,61.45326777454219,26.690733562763498,0,0,0,0,1,1
54547.928563,0,67,0,5454,7,0,22,22,255,20,20,1,12,14,1,0,291,176.9347960001008,73.30249269992102,0,0,0,0,1,1
54557.928562999994,0,57,0,5455,7,0,17,17,255,10,20,1,12,14,1,0,291,149.96013014089266,98.11363522158379,0,0,0,0,1,1
54565.928563,0,89,0,5456,5,0,6,6,255,20,20,1,12,14,1,0,291,134.86298437956353,0.03810816956823043,1,1,0.002,0,1,1
54584.928563,0,42,0,5458,4,0,25,25,255,30,20,1,12,14,1,0,291,1117105.534580295,783235.1166239053,0,0,0,0,1,1
54585.928563,0,87,0,5458,5,0,3,3,255,10,20,1,12,14,1,0,291,1700.2929143704478,474.0979317060469,0,0,0,0,1,1
54599.928563,0,26,0,5459,9,0,20,20,255,20,20,1,12,14,1,0,291,7432.747114885424,0.00026458501328105325,1,1,0.002,0,1,1
54604.928563,0,72,0,5460,4,0,9,9,255,30,20,1,12,14,1,0,291,1.005669534043189,0.39594169735139123,1,1,0.2635983,0,1,1
54617.928563,0,30,0,5461,7,0,24,24,255,30,20,1,12,14,1,0,291,1629.6001853010068,19.40569871775166,0,0,0,0,1,1
54617.928563,0,77,0,5461,7,0,20,20,255,20,20,1,12,14,0,1,291,0.5084160376487904,0.2241049558805637,-1,1,1,1,1,1
54625.928563,0,51,0,5462,5,0,21,21,255,30,20,1,12,14,0,1,291,56.385845933830616,7.791022653430822,0,0,0,0,1,1
54627.928562999994,0,49,0,5462,7,0,24,24,255,10,20,1,12,14,0,1,291,823.8939081512481,20.045146567861195,0,0,0,0,1,1
54638.928563,0,26,0,5463,8,0,15,15,255,0,20,1,12,14,0,1,291,17.234037083100937,5.069709746883233,0,0,0,0,1,1
54639.928563,0,96,0,5463,9,0,19,19,255,30,20,1,12,14,1,0,291,26.057948466266208,1.3925877215344862,1,1,0,0,1,1
54647.928563,0,83,0,5464,7,0,22,22,255,20,20,1,12,14,1,0,291,108.26139000444876,69.03251790035658,0,0,0,0,1,1
54657.928563,0,71,0,5465,7,0,17,17,255,10,20,1,12,14,1,0,291,1190.1822574295472,768.456269852628,0,0,0,0,1,1
54669.928563,0,9,0,5466,9,0,17,17,255,30,20,1,12,14,0,1,291,9.2455740514686,1.5252957541180516,0,0,0,0,1,1
54684.928563,0,49,0,5468,4,0,25,25,255,30,20,1,12,14,1,0,291,13480263.683826465,11785059.34120381,0,0,0,0,1,1
54689.928563,0,11,0,5468,9,0,23,23,255,30,20,1,12,14,0,1,291,22.393775594364303,12.03798375558102,0,0,0,0,1,1
54699.928563,0,32,0,5469,9,0,20,20,255,20,20,1,12,14,1,0,291,367.9445935785983,7.139504833672267,0,0,0,0,1,1
54704.928563,0,76,0,5470,4,0,3,3,255,30,20,1,12,14,0,1,291,0.013301109712532391,1.4386701828495945e-05,-1,1,1,1,1,1
54717.928563,0,28,0,5471,7,0,20,20,255,20,20,1,12,14,0,1,291,2.4289521093282778,0.1772733276783002,1,1,0,0,1,1
54717.928563,0,75,0,5471,7,0,18,18,255,10,20,1,12,14,1,0,291,78.72294525006701,0.2384116645820288,1,1,0,0,1,1
54725.928562999994,0,39,0,5472,5,0,21,21,255,30,20,1,12,14,0,1,291,59.33901284769206,10.779295416614953,0,0,0,0,1,1
54727.928563,0,42,0,5472,7,0,15,15,255,0,20,1,12,14,1,0,291,198.28281309030112,0.13312337857876624,1,1,0,0,1,1
54738.928563,0,6,0,5473,8,0,12,12,255,20,20,1,12,14,0,1,291,6908.0845428159255,4.756541063385306,0.8690068,1,0,0,1,1
54739.928563,0,44,0,5473,9,0,5,5,255,10,20,1,12,14,1,0,291,2.633807126316671,0.0005955076551528223,1,1,0.002,0,1,1
54747.928563,0,58,0,5474,7,0,22,22,255,20,20,1,12,14,1,0,291,6.7965278418753785,0.0051139777637843635,1,1,0.002,0,1,1
54764.928563,0,4,0,5476,4,0,6,6,255,30,20,1,12,14,1,0,291,1277.6982629409194,900.5397402198244,0,0,0,0,1,1
54777.928563,0,11,0,5477,7,0,23,23,255,0,20,1,12,14,1,0,291,26.00782425047255,0.1124554313546276,1,1,0,0,1,1
54784.928563,0,95,0,5478,4,0,25,25,255,30,20,1,12,14,1,0,291,258.6599510644668,164.91532615056607,0,0,0,0,1,1
54798.928562999994,0,20,0,5479,8,0,2,2,255,30,20,1,12,14,1,0,291,49685.8040912543,21166.863910562275,0,0,0,0,1,1
54804.928562999994,0,10,0,5480,4,0,9,9,255,30,20,1,12,14,1,0,291,1.1345501346125029,1.0359848320534164,1,1,0.002,0,1,1
54808.928563,0,70,0,5480,8,0,12,12,255,30,20,1,12,14,1,0,291,3.419422540652204,3.1466675513781617,1,1,0,0,1,1
54817.928563,0,48,0,5481,7,0,24,24,255,30,20,1,12,14,1,0,291,30.02231801993589,0.009747779913011633,1,1,0.002,0,1,1
54817.928563,0,94,0,5481,7,0,18,18,255,10,20,1,12,14,1,0,291,1.4665355231352328,0.5037781803046537,1,1,0,0,1,1
54825.928563,0,87,0,5482,5,0,16,16,255,10,20,1,12,14,1,0,291,128.7175522679269,116.16835616774276,0,0,0,0,1,1
54827.928563,0,83,0,5482,7,0,24,24,255,10,20,1,12,14,0,1,291,50.336655832798485,0.19396233438069826,0.0535,0,0,0,1,1
54838.928563,0,76,0,5483,8,0,15,15,255,0,20,1,12,14,0,1,291,4.028765052694078,2.348110813375797,0.0535,0,0,0,1,1
54839.928563,0,78,0,5483,9,0,13,13,255,10,20,1,12,14,1,0,291,1.8960875534323676,1.543201300183097,1,1,0,0,1,1
54849.928563,0,58,0,5484,9,0,13,13,255,20,20,1,12,14,0,1,291,1665.7052763036452,1301.5607194390873,0,0,0,0,1,1
54864.928563,0,63,0,5486,4,0,6,6,255,30,20,1,12,14,1,0,291,402.9281689064861,255.1338900013082,0,0,0,0,1,1
54877.928562999994,0,71,0,5487,7,0,23,23,255,0,20,1,12,14,1,0,291,5.049978795571201,0.0010486326891325226,1,1,0.002,0,1,1
54886.928563,0,60,0,5488,6,0,3,3,255,30,20,1,12,14,1,0,291,208.79686434656264,131.21903159807326,0,0,0,0,1,1
54897.928563,0,84,0,5489,7,0,2,2,255,0,20,1,12,14,1,0,291,0.29144998352323126,0.19147099645071794,-1,1,1,1,1,1
54904.928563,0,38,0,5490,4,0,9,9,255,30,20,1,12,14,1,0,291,1475.957122964865,1158.8276319993438,0,0,0,0,1,1
54908.928563,0,18,0,5490,8,0,12,12,255,30,20,1,12,14,1,0,291,111.57139337801716,41.90583717219953,0,0,0,0,1,1
54917.928562999994,0,31,0,5491,7,0,24,24,255,30,20,1,12,14,1,0,291,12.522600015716822,0.009179398514549608,1,1,0.002,0,1,1
54917.928562999994,0,78,0,5491,7,0,20,20,255,20,20,1,12,14,0,1,291,0.44757751317152666,0.00017777699248644553,-1,1,1,1,1,1
54925.928563,0,70,0,5492,5,0,16,16,255,10,20,1,12,14,1,0,291,816.62360140065,385.28930556848456,0,0,0,0,1,1
54927.928563,0,66,0,5492,7,0,15,15,255,0,20,1,12,14,1,0,291,4168.175837045735,910.0629068799158,0,0,0,0,1,1
54939.928563,0,20,0,5493,9,0,13,13,255,10,20,1,12,14,1,0,291,3.753164961647593,2.5639019033433987,1,1,0,0,1,1
54947.928563,0,16,0,5494,7,0,22,22,255,20,20,1,12,14,1,0,291,1188.992163828444,9.026156497387731,0,0,0,0,1,1
54959.928563,0,49,0,5495,9,0,17,17,255,0,20,1,12,14,1,0,291,1706.0952665252207,1574.9789191050565,0,0,0,0,1,1
54967.928563,0,49,0,5496,7,0,22,22,255,30,20,1,12,14,0,1,291,0.0277022786757452,0.00859140032903905,-1,1,1,1,1,1
54984.928562999994,0,37,0,5498,4,0,25,25,255,30,20,1,12,14,1,0,291,366.0006122398568,287.96875040128407,0,0,0,0,1,1
54997.928563,0,21,0,5499,7,0,2,2,255,0,20,1,12,14,1,0,291,2733.7408720058843,1347.406709001723,0,0,0,0,1,1
54999.928562999994,0,94,0,5499,9,0,20,20,255,20,20,1,12,14,1,0,291,1.5304071039105889,0.0027132935342069806,1,1,0.2635983,0,1,1
55004.928563,0,90,0,5500,4,0,9,9,255,30,20,1,12,14,1,0,291,2200.7387232903307,19.638720233970666,0,0,0,0,1,1
55017.928563,0,8,0,5501,7,0,24,24,255,30,20,1,12,14,1,0,291,388.17809546718587,0.8187024093903148,1,1,0,0,1,1
55017.928563,0,58,0,5501,7,0,21,21,255,0,20,1,12,14,1,0,291,53.19663453056825,0.27862624483458037,1,1,0,0,1,1
55025.928563,0,19,0,5502,5,0,16,16,255,10,20,1,12,14,1,0,291,6441.126615735261,4099.163267351557,0,0,0,0,1,1
55027.928563,0,31,0,5502,7,0,15,15,255,0,20,1,12,14,1,0,291,85.44312284013972,0.2886674075125788,1,1,0,0,1,1
55038.928563,0,56,0,5503,8,0,15,15,255,0,20,1,12,14,0,1,291,5.060122487270785,3.948281712783736,0.0535,0,0,0,1,1
55039.928562999994,0,74,0,5503,9,0,19,19,255,30,20,1,12,14,1,0,291,454.30826020559397,408.6250953871388,0,0,0,0,1,1
55049.928563,0,9,0,5504,9,0,13,13,255,20,20,1,12,14,0,1,291,194065.55722970507,86465.6781171672,0,0,0,0,1,1
55064.928563,0,64,0,5506,4,0,6,6,255,30,20,1,12,14,1,0,291,48.21748596773061,13.214822950474527,0,0,0,0,1,1
55068.928563,0,70,0,5506,8,0,23,23,255,20,20,1,12,14,1,0,291,26933.767775960216,24417.501649640606,0,0,0,0,1,1
55086.928563,0,56,0,5508,6,0,3,3,255,30,20,1,12,14,1,0,291,85.07582223837463,47.97717645784789,0,0,0,0,1,1
55099.928563,0,36,0,5509,9,0,20,20,255,20,20,1,12,14,1,0,291,2.257549570764879,0.20343872106634092,1,1,0,0,1,1
55104.928563,0,61,0,5510,4,0,9,9,255,30,20,1,12,14,1,0,291,222.49082012694134,1.2724758702118055,0,0,0,0,1,1
55108.928563,0,63,0,5510,8,0,12,12,255,30,20,1,12,14,1,0,291,156.44248140501372,11.908689280464966,0,0,0,0,1,1
55117.928563,0,43,0,5511,7,0,20,20,255,20,20,1,12,14,0,1,291,0.3593315067032269,0.0027138494809906574,-1,1,1,1,1,1
55117.928563,0,89,0,5511,7,0,24,24,255,30,20,1,12,14,1,0,291,156.6697503983312,10.172206286102472,0,0,0,0,1,1
55125.928563,0,83,0,5512,5,0,16,16,255,10,20,1,12,14,1,0,291,104.8001386582941,81.87384766954925,0,0,0,0,1,1
55137.928563,0,53,0,5513,7,0,19,19,255,30,20,1,12,14,1,0,291,7199.550716440451,3467.7508500317167,0,0,0,0,1,1
55147.928563,0,21,0,5514,7,0,22,22,255,20,20,1,12,14,1,0,291,2.3243439997939577,0.2973362567332386,1,1,0,0,1,1
55149.928563,0,80,0,5514,9,0,13,13,255,20,20,1,12,14,0,1,291,14933.791295381065,14106.192795191368,0,0,0,0,1,1
55164.928562999994,0,73,0,5516,4,0,6,6,255,30,20,1,12,14,1,0,291,703.4808016165908,547.6436883086986,0,0,0,0,1,1
55168.928563,0,82,0,5516,8,0,23,23,255,20,20,1,12,14,1,0,291,117.2156668860368,0.20222129261076807,0.3126543,0,0,0,1,1
55186.928563,0,67,0,5518,6,0,3,3,255,30,20,1,12,14,1,0,291,214.1821578608191,82.19319499751364,0,0,0,0,1,1
55199.928563,0,26,0,5519,9,0,20,20,255,20,20,1,12,14,1,0,291,0.01999465809010701,1.81047468658086e-06,-1,1,1,1,1,1
55204.928563,0,37,0,5520,4,0,9,9,255,30,20,1,12,14,1,0,291,24.990398343446188,12.073818931851578,0,0,0,0,1,1
55208.928563,0,79,0,5520,8,0,12,12,255,30,20,1,12,14,1,0,291,0.015957749519605963,0.013485931130189276,-1,1,1,1,1,1
55217.928563,0,34,0,5521,7,0,20,20,255,20,20,1,12,14,0,1,291,0.022159366920003754,0.00214422504898367,-1,1,1,1,1,1
55217.928563,0,80,0,5521,7,0,20,20,255,20,20,1,12,14,0,1,291,0.00021192776730531333,3.1907742877604657e-07,-1,1,1,1,1,1
55225.928562999994,0,66,0,5522,5,0,15,15,255,30,20,1,12,14,1,0,291,0.7298270649425218,0.5912663867634224,-1,1,0.9361511,1,1,1
55237.928562999994,0,18,0,5523,7,0,19,19,255,30,20,1,12,14,1,0,291,104841.65284595356,43730.98512159585,0,0,0,0,1,1
55238.928563,0,86,0,5523,8,0,5,5,255,0,20,1,12,14,1,0,291,4.962900282972323,1.8095935030422303,1,1,0,0,1,1
55247.928563,0,2,0,5524,7,0,22,22,255,20,20,1,12,14,1,0,291,199.39695655068786,0.04092474219368632,1,1,0.002,0,1,1
55249.928562999994,0,69,0,5524,9,0,13,13,255,20,20,1,12,14,0,1,291,180.19939113744627,67.34676759868596,0,0,0,0,1,1
55264.928563,0,59,0,5526,4,0,6,6,255,30,20,1,12,14,1,0,291,996.1033688917265,645.4041334758446,0,0,0,0,1,1
55268.928563,0,41,0,5526,8,0,23,23,255,20,20,1,12,14,1,0,291,159.45449042431534,156.9948937071036,0,0,0,0,1,1
55286.928563,0,23,0,5528,6,0,3,3,255,30,20,1,12,14,1,0,291,13078.71656975956,11575.686620322553,0,0,0,0,1,1
55297.928563,0,53,0,5529,7,0,2,2,255,0,20,1,12,14,1,0,291,4621.621085106504,3811.9118908556834,0,0,0,0,1,1
55299.928563,0,24,0,5529,9,0,4,4,255,0,20,1,12,14,1,0,291,1006.9562207429055,510.14692854928165,0,0,0,0,1,1
55305.928563,0,59,0,5530,5,0,3,3,255,30,20,1,12,14,0,1,291,0.4136925943468242,0.20564697034413565,-1,1,1,1,1,1
55308.928563,0,67,0,5530,8,0,12,12,255,30,20,1,12,14,1,0,291,0.007697640896622915,0.004934665864667132,-1,1,1,1,1,1
55317.928563,0,92,0,5531,7,0,20,20,255,20,20,1,12,14,0,1,291,2381.2489578154814,1731.5655510256174,0,0,0,0,1,1
55325.928563,0,52,0,5532,5,0,16,16,255,10,20,1,12,14,1,0,291,54.99325075605636,0.04396623249661478,1,1,0.002,0,1,1
55337.928563,0,38,0,5533,7,0,19,19,255,30,20,1,12,14,1,0,291,1467.50676933371,1174.2231870507528,0,0,0,0,1,1
55338.928563,0,76,0,5533,8,0,12,12,255,20,20,1,12,14,0,1,291,90.48168734288905,8.791967532232828,0,0,0,0,1,1
55339.928563,0,62,0,5533,9,0,13,13,255,10,20,1,12,14,1,0,291,1150.9413803613654,5.0998971975024405,0.0256,0,0,0,1,1
55347.928563,0,72,0,5534,7,0,15,15,255,30,20,1,12,14,0,1,291,880.2271476365679,0.10297219545462744,1,1,0,0,1,1
55359.928562999994,0,42,0,5535,9,0,17,17,255,0,20,1,12,14,1,0,291,105277.66409646996,95883.95998374694,0,0,0,0,1,1
55365.928562999994,0,77,0,5536,5,0,5,5,255,0,20,1,12,14,0,1,291,1376.8716609122255,330.9043394064135,0.0001,0,0,0,1,1
55378.928563,0,78,0,5537,8,0,17,17,255,10,20,1,12,14,0,1,291,1002.2896438233586,732.7403665609859,0,0,0,0,1,1
55386.928563,0,85,0,5538,6,0,3,3,255,30,20,1,12,14,1,0,291,2970.7341472558182,1900.9042402150778,0,0,0,0,1,1
55397.928563,0,84,0,5539,7,0,9,9,255,20,20,1,12,14,1,0,291,6852.973216360537,6075.815961796085,0,0,0,0,1,1
55399.928563,0,53,0,5539,9,0,20,20,255,20,20,1,12,14,1,0,291,4334.46969623237,23.77912014378818,0,0,0,0,1,1
55407.928563,0,38,0,5540,7,0,24,24,255,10,20,1,12,14,1,0,291,459.1255353033013,0.2068572250641436,1,1,0,0,1,1
55417.928562999994,0,15,0,5541,7,0,20,20,255,20,20,1,12,14,0,1,291,609.4814466879888,23.325126763794007,0,0,0,0,1,1
55418.928563,0,46,0,5541,8,0,18,18,255,20,20,1,12,14,1,0,291,64.57290741298061,0.02527646628447442,1,1,0.002,0,1,1
55425.928563,0,81,0,5542,5,0,16,16,255,10,20,1,12,14,1,0,291,3235.1995106227687,12.802347023010451,0,0,0,0,1,1
55437.928563,0,90,0,5543,7,0,19,19,255,30,20,1,12,14,1,0,291,87.05314396221306,28.130493536019873,0,0,0,0,1,1
55439.928563,0,7,0,5543,9,0,16,16,255,0,20,1,12,14,0,1,291,10.92211178866966,0.0010084755711768127,0.8690068,1,0.002,0,1,1
55439.928563,0,82,0,5543,9,0,13,13,255,10,20,1,12,14,1,0,291,107.75240506293929,0.2853629573524491,1,1,0,0,1,1
55449.928563,0,16,0,5544,9,0,13,13,255,20,20,1,12,14,0,1,291,0.12264634557429108,0.05140133834747963,-1,1,1,1,1,1
55459.928563,0,86,0,5545,9,0,17,17,255,0,20,1,12,14,1,0,291,631.2575113076689,405.78234066927786,0,0,0,0,1,1
55478.928562999994,0,40,0,5547,8,0,23,23,255,30,20,1,12,14,1,0,291,232.73792075167526,199.97935693402258,0,0,0,0,1,1
55486.928563,0,27,0,5548,6,0,3,3,255,30,20,1,12,14,1,0,291,11297.983344604017,6490.00278848467,0,0,0,0,1,1
55498.928563,0,5,0,5549,8,0,2,2,255,30,20,1,12,14,1,0,291,0.8346148059633574,0.784159029069185,1,1,0.2635983,0,1,1
55499.928562999994,0,46,0,5549,9,0,20,20,255,20,20,1,12,14,1,0,291,100.00054384997148,15.895366803279487,0,0,0,0,1,1
55507.928563,0,15,0,5550,7,0,24,24,255,10,20,1,12,14,1,0,291,34689.191678662486,0.3111328566084153,1,1,0,0,1,1
55508.928563,0,58,0,5550,8,0,12,12,255,30,20,1,12,14,1,0,291,0.009927926967836023,0.00011857800708670458,-1,1,1,1,1,1
55524.928563,0,4,0,5552,4,0,21,21,255,30,20,1,12,14,1,0,291,488.2647824477578,36.02137452071953,0,0,0,0,1,1
55525.928563,0,47,0,5552,5,0,15,15,255,30,20,1,12,14,1,0,291,24.212303591108956,5.939818305375811,0,0,0,0,1,1
55528.928563,0,5,0,5552,8,0,21,21,255,30,20,1,12,14,0,1,291,0.14113956456285648,0.10771260815473407,-1,1,1,1,1,1
55538.928563,0,31,0,5553,8,0,5,5,255,0,20,1,12,14,1,0,291,6783.8759244662315,3787.8302514256297,0,0,0,0,1,1
55539.928562999994,0,39,0,5553,9,0,16,16,255,0,20,1,12,14,0,1,291,101.53300941246728,1.2198937708456636,0.0001,0,0,0,1,1
55546.928563,0,77,0,5554,6,0,22,22,255,0,20,1,12,14,1,0,291,899.7631405675454,767.0338454857608,0,0,0,0,1,1
55559.928563,0,38,0,5555,9,0,17,17,255,0,20,1,12,14,1,0,291,7952.045373889136,6240.775473023008,0,0,0,0,1,1
55578.928563,0,22,0,5557,8,0,23,23,255,30,20,1,12,14,1,0,291,1189.3047693839999,1045.1312155028697,0,0,0,0,1,1
55586.928563,0,9,0,5558,6,0,3,3,255,30,20,1,12,14,1,0,291,119731.04403580175,94395.8632959752,0,0,0,0,1,1
55597.928562999994,0,87,0,5559,7,0,9,9,255,20,20,1,12,14,1,0,291,2550.540308263988,1705.1977066992376,0,0,0,0,1,1
55599.928563,0,40,0,5559,9,0,20,20,255,20,20,1,12,14,1,0,291,847.0422570710698,251.72085251546775,0,0,0,0,1,1
55607.928563,0,11,0,5560,7,0,9,9,255,0,20,1,12,14,0,1,291,0.6184767913863247,0.34621452531044966,-1,1,1,1,1,1
55608.928563,0,53,0,5560,8,0,12,12,255,30,20,1,12,14,1,0,291,1453.8100313649938,258.8518204871319,0,0,0,0,1,1
55624.928562999994,0,12,0,5562,4,0,21,21,255,30,20,1,12,14,1,0,291,7331.465042201843,7012.175767991204,0,0,0,0,1,1
55626.928563,0,1,0,5562,6,0,24,24,255,20,20,1,12,14,0,1,291,117.09795092274098,58.36954263455027,0,0,0,0,1,1
55628.928563,0,26,0,5562,8,0,21,21,255,30,20,1,12,14,0,1,291,0.017824770154440346,0.004584470682088648,-1,1,1,1,1,1
55638.928563,0,30,0,5563,8,0,5,5,255,0,20,1,12,14,1,0,291,14.52107769835464,4.426775420695566,0.0001,0,0,0,1,1
55646.928563,0,55,0,5564,6,0,22,22,255,0,20,1,12,14,1,0,291,10795.846072332062,1357.3299697649286,0,0,0,0,1,1
55647.928563,0,82,0,5564,7,0,13,13,255,0,20,1,12,14,1,0,291,195.7640043917099,6.215150498424721,0,0,0,0,1,1
55657.928563,0,85,0,5565,7,0,17,17,255,30,20,1,12,14,1,0,291,15.589115744507273,7.683364571443967,0,0,0,0,1,1
55678.928563,0,5,0,5567,8,0,23,23,255,30,20,1,12,14,1,0,291,60456.271278917695,48641.65521272926,0,0,0,0,1,1
55685.928562999994,0,92,0,5568,5,0,25,25,255,30,20,1,12,14,1,0,291,255681.16560216085,98.09948127032642,0,0,0,0,1,1
55697.928563,0,77,0,5569,7,0,9,9,255,20,20,1,12,14,1,0,291,139.7208736274304,4.249307473753397,0,0,0,0,1,1
55699.928563,0,35,0,5569,9,0,20,20,255,20,20,1,12,14,1,0,291,827.378638001619,297.16067960999754,0,0,0,0,1,1
55705.928563,0,90,0,5570,5,0,25,25,255,20,20,1,12,14,0,1,291,197.02781307276717,0.024036353946871272,0.0535,0,0.002,0,1,1
55709.928563,0,64,0,5570,9,0,12,12,255,0,20,1,12,14,1,0,291,682.6806132415818,184.35940418925392,0,0,0,0,1,1
55724.928563,0,32,0,5572,4,0,21,21,255,30,20,1,12,14,1,0,291,831.6757486802373,452.3846682397456,0,0,0,0,1,1
55726.928563,0,25,0,5572,6,0,24,24,255,20,20,1,12,14,0,1,291,993.9940685045689,601.1323431594691,0,0,0,0,1,1
55728.928562999994,0,40,0,5572,8,0,21,21,255,30,20,1,12,14,0,1,291,10.941919841644289,6.18317846394756,0,0,0,0,1,1
55738.928563,0,45,0,5573,8,0,5,5,255,0,20,1,12,14,1,0,291,1148.138915879898,633.4426602367519,0,0,0,0,1,1
55747.928563,0,22,0,5574,7,0,16,16,255,10,20,1,12,14,0,1,291,201.22321616304583,1.3945890844529796,0.0001,0,0,0,1,1
55749.928562999994,0,61,0,5574,9,0,19,19,255,0,20,1,12,14,0,1,291,0.04317201455736296,0.02005288371236084,-1,1,1,1,1,1
55759.928563,0,90,0,5575,9,0,13,13,255,0,20,1,12,14,0,1,291,2393.992932542088,1432.047115246083,0,0,0,0,1,1
55769.928563,0,84,0,5576,9,0,26,26,255,10,20,1,12,14,1,0,291,10.233142042445191,0.05602681221291074,1,1,0,0,1,1
55785.928563,0,65,0,5578,5,0,25,25,255,30,20,1,12,14,1,0,291,253256.87719602408,209.3322340884203,0,0,0,0,1,1
55797.928563,0,44,0,5579,7,0,9,9,255,20,20,1,12,14,1,0,291,2493.882589230297,1915.3462021573807,0,0,0,0,1,1
55799.928563,0,17,0,5579,9,0,4,4,255,0,20,1,12,14,1,0,291,415.62719550062627,72.2494225849331,0,0,0,0,1,1
55805.928563,0,33,0,5580,5,0,25,25,255,20,20,1,12,14,0,1,291,25.724420361853163,0.010464586882064992,0.0535,0,0.002,0,1,1
55807.928562999994,0,91,0,5580,7,0,24,24,255,10,20,1,12,14,1,0,291,57.8357245725226,0.017520841767883828,1,1,0.002,0,1,1
55818.928563,0,92,0,5581,8,0,18,18,255,20,20,1,12,14,1,0,291,271.73037008870784,96.56501120621554,0,0,0,0,1,1
55825.928563,0,78,0,5582,5,0,15,15,255,30,20,1,12,14,1,0,291,155.44374624656106,5.343083327849353,0,0,0,0,1,1
55827.928563,0,88,0,5582,7,0,16,16,255,30,20,1,12,14,1,0,291,729.4497119193874,1.7598144752110685,1,1,0,0,1,1
55838.928563,0,22,0,5583,8,0,5,5,255,0,20,1,12,14,1,0,291,97.10072236993054,56.60227293275933,0,0,0,0,1,1
55847.928562999994,0,3,0,5584,7,0,16,16,255,10,20,1,12,14,0,1,291,1691.049882850269,0.7662262950540614,0,0,0,0,1,1
55849.928563,0,24,0,5584,9,0,19,19,255,0,20,1,12,14,0,1,291,0.5364564858620432,0.40861763655244543,-1,1,1,1,1,1
55859.928562999994,0,26,0,5585,9,0,13,13,255,0,20,1,12,14,0,1,291,807.8784913411995,330.5547571923527,0,0,0,0,1,1
55869.928563,0,36,0,5586,9,0,26,26,255,10,20,1,12,14,1,0,291,1228.5001773438075,535.8154369602136,0,0,0,0,1,1
55885.928563,0,17,0,5588,5,0,25,25,255,30,20,1,12,14,1,0,291,33618.66681814204,7126.040067612739,0,0,0,0,1,1
55897.928563,0,3,0,5589,7,0,9,9,255,20,20,1,12,14,1,0,291,185320.54457313422,171953.33991633405,0,0,0,0,1,1
55898.928563,0,88,0,5589,8,0,2,2,255,30,20,1,12,14,1,0,291,0.1668894435654769,0.08443173030290882,-1,1,1,1,1,1
55899.928563,0,87,0,5589,9,0,20,20,255,20,20,1,12,14,1,0,291,2656.9716753226126,1244.2403859238577,0,0,0,0,1,1
55907.928563,0,70,0,5590,7,0,24,24,255,10,20,1,12,14,1,0,291,123578.28731675222,40.002159536085905,0,0,0,0,1,1
55918.928563,0,64,0,5591,8,0,18,18,255,20,20,1,12,14,1,0,291,170.65297314804408,135.52632128915496,0,0,0,0,1,1
55925.928563,0,45,0,5592,5,0,15,15,255,30,20,1,12,14,1,0,291,7364.080939244312,4526.114203430638,0,0,0,0,1,1
55927.928563,0,52,0,5592,7,0,16,16,255,30,20,1,12,14,1,0,291,2307.4699988534203,4.913615866942096,0.0256,0,0,0,1,1
55937.928563,0,78,0,5593,7,0,19,19,255,30,20,1,12,14,1,0,291,7.691642865023856,3.428897365908043,1,1,0,0,1,1
55946.928563,0,63,0,5594,6,0,22,22,255,0,20,1,12,14,1,0,291,17.248232918258182,14.070354366803683,0,0,0,0,1,1
55947.928563,0,82,0,5594,7,0,16,16,255,10,20,1,12,14,0,1,291,875.8681327217,2.3982670904895023,0,0,0,0,1,1
55964.928563,0,9,0,5596,4,0,6,6,255,30,20,1,12,14,1,0,291,749.5677363534464,599.0456600265732,0,0,0,0,1,1
55969.928563,0,93,0,5596,9,0,26,26,255,10,20,1,12,14,1,0,291,1902.0182078733433,919.1442864563771,0,0,0,0,1,1
55979.928563,0,83,0,5597,9,0,3,3,255,10,20,1,12,14,1,0,291,3.569033348239922,1.4340904540632153,1,1,0,0,1,1
55997.928563,0,2,0,5599,7,0,9,9,255,20,20,1,12,14,1,0,291,20110.841680940932,4803.39327194173,0,0,0,0,1,1
55997.928563,0,93,0,5599,7,0,20,20,255,0,20,1,12,14,1,0,291,126.3394345969999,36.18940697410103,0,0,0,0,1,1
55998.928563,0,89,0,5599,8,0,4,4,255,0,20,1,12,14,1,0,291,0.7492499281369984,0.1481820006983175,-1,1,1,1,1,1
56007.928563,0,71,0,5600,7,0,24,24,255,10,20,1,12,14,1,0,291,3.7072528764779724,0.02967804764889854,1,1,0.002,0,1,1
56017.928563,0,72,0,5601,7,0,4,4,255,0,20,1,12,14,0,1,291,0.08397641862409332,0.020629078730466325,-1,1,1,1,1,1
56024.928563,0,40,0,5602,4,0,21,21,255,30,20,1,12,14,1,0,291,15.260336793454513,6.772977180346298,0,0,0,0,1,1
56026.928563,0,35,0,5602,6,0,24,24,255,20,20,1,12,14,0,1,291,1069.363480222289,115.98177611188886,0,0,0,0,1,1
56028.928563,0,73,0,5602,8,0,21,21,255,30,20,1,12,14,0,1,291,0.35355184600187595,0.011705158104301039,-1,1,1,1,1,1
56038.928563,0,75,0,5603,8,0,5,5,255,0,20,1,12,14,1,0,291,1919.0977412513882,1676.7612902418998,0,0,0,0,1,1
56047.928563,0,38,0,5604,7,0,13,13,255,0,20,1,12,14,1,0,291,1284.8825899915014,57.21085767989222,0,0,0,0,1,1
56049.928563,0,86,0,5604,9,0,19,19,255,0,20,1,12,14,0,1,291,0.07163979873169293,0.02958163177450743,-1,1,1,1,1,1
56068.928563,0,14,0,5606,8,0,23,23,255,10,20,1,12,14,1,0,291,40.606301825947476,24.281777059973322,0,0,0,0,1,1
56079.928563,0,2,0,5607,9,0,3,3,255,10,20,1,12,14,1,0,291,25.43366543715352,8.425195569429734,0,0,0,0,1,1
56085.928563,0,83,0,5608,5,0,25,25,255,30,20,1,12,14,1,0,291,1600570.8610538437,1420075.6527080897,0,0,0,0,1,1
56097.928563,0,68,0,5609,7,0,9,9,255,20,20,1,12,14,1,0,291,3675.8730311593317,1796.6425897819524,0,0,0,0,1,1
56098.928563,0,65,0,5609,8,0,2,2,255,30,20,1,12,14,1,0,291,0.04003478566440232,0.0007398621021142182,-1,1,1,1,1,1
56107.928563,0,79,0,5610,7,0,9,9,255,0,20,1,12,14,0,1,291,0.465978139776756,0.014453259449907581,-1,1,1,1,1,1
56117.928563,0,92,0,5611,7,0,4,4,255,0,20,1,12,14,0,1,291,3.9621061860076807,2.420461376374181,1,1,0,0,1,1
56124.928562999994,0,46,0,5612,4,0,21,21,255,30,20,1,12,14,1,0,291,1764.132974757003,1702.9919813043707,0,0,0,0,1,1
56126.928563,0,38,0,5612,6,0,24,24,255,20,20,1,12,14,0,1,291,510.8371138334337,296.4192793754423,0,0,0,0,1,1
56128.928563,0,75,0,5612,8,0,12,12,255,10,20,1,12,14,0,1,291,7.622823929414032,0.0012492818347548094,0.0535,0,0.002,0,1,1
56138.928563,0,71,0,5613,8,0,5,5,255,0,20,1,12,14,1,0,291,129.01293737505628,77.81539123176705,0,0,0,0,1,1
56147.928563,0,35,0,5614,7,0,13,13,255,0,20,1,12,14,1,0,291,157.86230544830815,0.28130661725236594,1,1,0,0,1,1
56149.928563,0,79,0,5614,9,0,19,19,255,0,20,1,12,14,0,1,291,6.3098188206302215,0.5163879508309777,1,1,0,0,1,1
56168.928563,0,9,0,5616,8,0,23,23,255,10,20,1,12,14,1,0,291,32097.63674603453,31411.369996233174,0,0,0,0,1,1
56169.928563,0,93,0,5616,9,0,26,26,255,10,20,1,12,14,1,0,291,728.6671926407201,518.8918649062742,0,0,0,0,1,1
56188.928562999994,0,31,0,5618,8,0,23,23,255,10,20,1,12,14,0,1,291,98.35198534089105,0.7048199084033452,0,0,0,0,1,1
56197.928563,0,55,0,5619,7,0,9,9,255,20,20,1,12,14,1,0,291,13.615230441552054,6.855366209087863,0,0,0,0,1,1
56198.928563,0,51,0,5619,8,0,2,2,255,30,20,1,12,14,1,0,291,0.23141934387775817,0.12699962690731734,-1,1,1,1,1,1
56207.928563,0,43,0,5620,7,0,25,25,255,30,20,1,12,14,0,1,291,0.23670380406606042,0.22120423432162903,-1,1,1,1,1,1
56209.928563,0,57,0,5620,9,0,12,12,255,0,20,1,12,14,1,0,291,3129.8229675311195,1698.872206854961,0,0,0,0,1,1
56217.928563,0,90,0,5621,7,0,18,18,255,20,20,1,12,14,1,0,291,41.482105106915505,21.884056179876765,0,0,0,0,1,1
56226.928563,0,26,0,5622,6,0,24,24,255,20,20,1,12,14,0,1,291,583.5511856096462,319.25090584030175,0,0,0,0,1,1
56227.928563,0,84,0,5622,7,0,16,16,255,30,20,1,12,14,1,0,291,1756.4454912417677,1111.22652466441,0,0,0,0,1,1
56237.928562999994,0,67,0,5623,7,0,19,19,255,30,20,1,12,14,1,0,291,129.68501376643567,107.84364053546618,0,0,0,0,1,1
56246.928562999994,0,52,0,5624,6,0,22,22,255,0,20,1,12,14,1,0,291,0.4112500767368594,0.19695647921188503,-1,1,1,1,1,1
56247.928563,0,78,0,5624,7,0,16,16,255,10,20,1,12,14,0,1,291,149.10596506995526,0.37471000464182713,0.8690068,0,0,0,1,1
56259.928563,0,93,0,5625,9,0,13,13,255,0,20,1,12,14,0,1,291,111.1465525325345,67.96637901408947,0,0,0,0,1,1
56268.928563,0,78,0,5626,8,0,23,23,255,10,20,1,12,14,1,0,291,53.88512250209019,0.22516110669946707,0,0,0,0,1,1
56279.928563,0,65,0,5627,9,0,3,3,255,10,20,1,12,14,1,0,291,1852.0292692229589,1508.137142433146,0,0,0,0,1,1
56297.928563,0,12,0,5629,7,0,20,20,255,0,20,1,12,14,1,0,291,2080.1146989478957,1144.7067601727715,0,0,0,0,1,1
56298.928562999994,0,50,0,5629,8,0,4,4,255,0,20,1,12,14,1,0,291,0.3234605829083161,0.2609056889929944,-1,1,1,1,1,1
56305.928563,0,87,0,5630,5,0,9,9,255,30,20,1,12,14,1,0,291,6453.323607740311,5483.938649592557,0,0,0,0,1,1
56309.928563,0,15,0,5630,9,0,12,12,255,0,20,1,12,14,1,0,291,248.83470597460615,152.9982423307507,0,0,0,0,1,1
56317.928563,0,59,0,5631,7,0,18,18,255,20,20,1,12,14,1,0,291,1.3224000540106184,0.03651733924821645,1,1,0.002,0,1,1
56326.928563,0,10,0,5632,6,0,18,18,255,0,20,1,12,14,0,1,291,0.043081268174188544,0.029302460769380156,-1,1,1,1,1,1
56327.928563,0,64,0,5632,7,0,16,16,255,30,20,1,12,14,1,0,291,1962.85113221244,16.97111345599628,0,0,0,0,1,1
56337.928563,0,48,0,5633,7,0,19,19,255,30,20,1,12,14,1,0,291,0.07143078085705756,0.01552100527156577,-1,1,1,1,1,1
56346.928563,0,35,0,5634,6,0,22,22,255,0,20,1,12,14,1,0,291,1.1473413011926465,0.34861740436489413,1,1,0.002,0,1,1
56347.928563,0,67,0,5634,7,0,13,13,255,0,20,1,12,14,1,0,291,6079.2557988482495,15.705772029011117,0,0,0,0,1,1
56359.928562999994,0,93,0,5635,9,0,13,13,255,0,20,1,12,14,0,1,291,107.71383548783581,65.86726444515293,0,0,0,0,1,1
56368.928562999994,0,80,0,5636,8,0,23,23,255,10,20,1,12,14,1,0,291,886.6180920974233,202.7737594887361,0,0,0,0,1,1
56379.928563,0,64,0,5637,9,0,26,26,255,30,20,1,12,14,1,0,291,332.724154202754,204.30376173764873,0,0,0,0,1,1
56397.928563,0,7,0,5639,7,0,20,20,255,0,20,1,12,14,1,0,291,5513.250318543114,4040.4234128328753,0,0,0,0,1,1
56398.928563,0,48,0,5639,8,0,4,4,255,0,20,1,12,14,1,0,291,0.08752486831501143,0.06140928192935253,-1,1,1,1,1,1
56405.928563,0,82,0,5640,5,0,9,9,255,30,20,1,12,14,1,0,291,2729.363723037194,2180.417132059222,0,0,0,0,1,1
56409.928563,0,13,0,5640,9,0,12,12,255,0,20,1,12,14,1,0,291,495.4441825168341,343.02112915865956,0,0,0,0,1,1
56417.928562999994,0,58,0,5641,7,0,18,18,255,20,20,1,12,14,1,0,291,0.12336925012404269,0.08247665915591082,-1,1,1,1,1,1
56426.928562999994,0,11,0,5642,6,0,24,24,255,20,20,1,12,14,0,1,291,176.08102740387955,144.58594770099458,0,0,0,0,1,1
56427.928563,0,65,0,5642,7,0,16,16,255,30,20,1,12,14,1,0,291,6476.515889580081,4.638699652922661,0.0256,0,0,0,1,1
56437.928563,0,50,0,5643,7,0,19,19,255,30,20,1,12,14,1,0,291,0.031020496175624013,0.011591865912896291,-1,1,1,1,1,1
56446.928563,0,38,0,5644,6,0,22,22,255,0,20,1,12,14,1,0,291,0.261281718367243,0.16041393762612213,-1,1,1,1,1,1
56447.928563,0,73,0,5644,7,0,16,16,255,10,20,1,12,14,0,1,291,221.39688427318296,11.648187943048782,0,0,0,0,1,1
56459.928563,0,7,0,5645,9,0,13,13,255,0,20,1,12,14,0,1,291,2346.6396134671177,1698.6849740272467,0,0,0,0,1,1
56468.928563,0,21,0,5646,8,0,23,23,255,10,20,1,12,14,1,0,291,5397.580101091928,1431.0589974604702,0,0,0,0,1,1
56479.928563,0,34,0,5647,9,0,26,26,255,30,20,1,12,14,1,0,291,597.2437666188434,173.42719067266444,0,0,0,0,1,1
56488.928563,0,53,0,5648,8,0,25,25,255,0,20,1,12,14,1,0,291,629966.7525785249,1931.4233902234287,0,0,0,0,1,1
56498.928563,0,67,0,5649,8,0,2,2,255,30,20,1,12,14,1,0,291,11828.490000005291,7790.237425233717,0,0,0,0,1,1
56505.928562999994,0,30,0,5650,5,0,9,9,255,30,20,1,12,14,1,0,291,664.9528433851317,541.337596285947,0,0,0,0,1,1
56507.928563,0,70,0,5650,7,0,25,25,255,30,20,1,12,14,0,1,291,0.007065221369366613,0.002509517580719893,-1,1,1,1,1,1
56517.928563,0,37,0,5651,7,0,4,4,255,0,20,1,12,14,0,1,291,0.11972003599557215,0.04113348717128729,-1,1,1,1,1,1
56525.928563,0,13,0,5652,5,0,21,21,255,30,20,1,12,14,1,0,291,352.14379511380423,144.905769917649,0,0,0,0,1,1
56526.928563,0,83,0,5652,6,0,18,18,255,0,20,1,12,14,0,1,291,92.30918894362145,53.31732733301601,0,0,0,0,1,1
56529.928563,0,68,0,5652,9,0,15,15,255,30,20,1,12,14,1,0,291,8.856249602383548,1.6853091964375606,1,1,0,0,1,1
56544.928563,0,3,0,5654,4,0,5,5,255,0,20,1,12,14,1,0,291,142331.0279882708,103932.44689133124,0,0,0,0,1,1
56546.928563,0,71,0,5654,6,0,22,22,255,0,20,1,12,14,1,0,291,115.50798313502,14.63013774914329,0,0,0,0,1,1
56559.928563,0,27,0,5655,9,0,13,13,255,0,20,1,12,14,0,1,291,1144.3096838522858,947.4849125157765,0,0,0,0,1,1
56568.928563,0,41,0,5656,8,0,23,23,255,10,20,1,12,14,1,0,291,18.390276416528287,15.350291941444569,0,0,0,0,1,1
56579.928563,0,46,0,5657,9,0,3,3,255,10,20,1,12,14,1,0,291,9121.07342200475,8548.658703142342,0,0,0,0,1,1
56588.928563,0,75,0,5658,8,0,25,25,255,0,20,1,12,14,1,0,291,32.58630558420218,0.005105868246487429,1,1,0.002,0,1,1
56598.928563,0,79,0,5659,8,0,2,2,255,30,20,1,12,14,1,0,291,40.37756944418474,14.140423152636746,0,0,0,0,1,1
56605.928563,0,52,0,5660,5,0,9,9,255,30,20,1,12,14,1,0,291,2096.305633039098,1877.0977881953509,0,0,0,0,1,1
56607.928563,0,85,0,5660,7,0,24,24,255,10,20,1,12,14,1,0,291,10.89296647708855,0.0012550676024475434,1,1,0.002,0,1,1
56617.928563,0,71,0,5661,7,0,4,4,255,0,20,1,12,14,0,1,291,0.2997609951995402,0.06232391625148724,-1,1,1,1,1,1
56626.928563,0,3,0,5662,6,0,24,24,255,20,20,1,12,14,0,1,291,721.2148542861253,592.9310701336916,0,0,0,0,1,1
56627.928562999994,0,82,0,5662,7,0,16,16,255,30,20,1,12,14,1,0,291,58.81498568286552,52.56906367146153,0,0,0,0,1,1
56639.928563,0,51,0,5663,9,0,19,19,255,30,20,1,12,14,1,0,291,315.0580712476886,266.28695692584796,0,0,0,0,1,1
56645.928563,0,75,0,5664,5,0,15,15,255,30,20,1,12,14,0,1,291,4937.922175696927,1483.69531913055,0,0,0,0,1,1
56659.928563,0,49,0,5665,9,0,22,22,255,30,20,1,12,14,1,0,291,0.04920995747033129,0.004408254992068371,-1,1,1,1,1,1
56668.928563,0,8,0,5666,8,0,23,23,255,10,20,1,12,14,1,0,291,3748.033383479861,2654.360483951446,0,0,0,0,1,1
56677.928563,0,32,0,5667,7,0,6,6,255,30,20,1,12,14,0,1,291,0.005966661353493275,0.0012240927316576856,-1,1,1,1,1,1
56679.928562999994,0,31,0,5667,9,0,3,3,255,10,20,1,12,14,1,0,291,2026.7452248942507,614.3263588130837,0,0,0,0,1,1
56688.928562999994,0,48,0,5668,8,0,23,23,255,10,20,1,12,14,0,1,291,67.25268293181524,0.3984112572087185,1,1,0,0,1,1
56698.928563,0,61,0,5669,8,0,4,4,255,0,20,1,12,14,1,0,291,44.27469598025011,15.469225351990081,0,0,0,0,1,1
56705.928563,0,15,0,5670,5,0,9,9,255,30,20,1,12,14,1,0,291,166308.12323091296,140445.27512084792,0,0,0,0,1,1
56708.928563,0,35,0,5670,8,0,12,12,255,0,20,1,12,14,1,0,291,307.728179894718,222.19608020248887,0,0,0,0,1,1
56718.928563,0,37,0,5671,8,0,20,20,255,30,20,1,12,14,0,1,291,121.01428701992566,3.8050892024754033,0,0,0,0,1,1
56725.928562999994,0,63,0,5672,5,0,21,21,255,30,20,1,12,14,1,0,291,228.2004311232341,94.81319235465887,0,0,0,0,1,1
56729.928563,0,18,0,5672,9,0,15,15,255,30,20,1,12,14,1,0,291,1453.7483219296023,851.1883372232265,0,0,0,0,1,1
56738.928563,0,41,0,5673,8,0,13,13,255,30,20,1,12,14,1,0,291,7.0863144777389735,3.1506087938385043,1,1,0,0,1,1
56739.928563,0,91,0,5673,9,0,19,19,255,30,20,1,12,14,1,0,291,314.47399479462354,112.77836018479354,0,0,0,0,1,1
56759.928563,0,40,0,5675,9,0,22,22,255,30,20,1,12,14,1,0,291,3.066997056572471,0.6030623146583303,1,1,0,0,1,1
56765.928563,0,95,0,5676,5,0,13,13,255,0,20,1,12,14,0,1,291,12.40651271390129,1.2251655115276787,0,0,0,0,1,1
56778.928563,0,16,0,5677,8,0,27,27,255,10,20,1,12,14,1,0,291,3116.3349812228635,14.33394239598498,0,0,0,0,1,1
56779.928563,0,52,0,5677,9,0,3,3,255,10,20,1,12,14,1,0,291,5116.609359208762,4044.721245321366,0,0,0,0,1,1
56788.928563,0,90,0,5678,8,0,25,25,255,0,20,1,12,14,1,0,291,7.258056244149738,0.28852109367659756,1,1,0,0,1,1
56798.928562999994,0,83,0,5679,8,0,4,4,255,0,20,1,12,14,1,0,291,141.9450979227317,11.736162501604921,0,0,0,0,1,1
56805.928563,0,60,0,5680,5,0,9,9,255,30,20,1,12,14,1,0,291,1529.06455393493,1032.4471919716832,0,0,0,0,1,1
56808.928563,0,79,0,5680,8,0,12,12,255,0,20,1,12,14,1,0,291,723.178131541852,473.14607962424054,0,0,0,0,1,1
56824.928563,0,14,0,5682,4,0,24,24,255,10,20,1,12,14,1,0,291,13.607409185396714,1.115379073766842,0.9913462,1,0,0,1,1
56826.928563,0,20,0,5682,6,0,18,18,255,0,20,1,12,14,0,1,291,48.23480821105683,2.1273806985755024,0.0001,0,0,0,1,1
56829.928563,0,36,0,5682,9,0,15,15,255,30,20,1,12,14,1,0,291,0.8764156227393961,0.6402013935623607,1,1,0.2635983,0,1,1
56838.928563,0,73,0,5683,8,0,13,13,255,30,20,1,12,14,1,0,291,0.0006096657820959431,0.0002505662522913787,-1,1,1,1,1,1
56844.928563,0,21,0,5684,4,0,5,5,255,0,20,1,12,14,1,0,291,3248.82271470992,1178.5255358497784,0,0,0,0,1,1
56859.928562999994,0,70,0,5685,9,0,22,22,255,30,20,1,12,14,1,0,291,0.003171673366924899,0.0006300716965156654,-1,1,1,1,1,1
56868.928562999994,0,28,0,5686,8,0,23,23,255,10,20,1,12,14,1,0,291,15738.482968963866,7652.704430145701,0,0,0,0,1,1
56878.928563,0,48,0,5687,8,0,27,27,255,10,20,1,12,14,1,0,291,390.3431912968766,118.31602556665672,0,0,0,0,1,1
56879.928563,0,67,0,5687,9,0,3,3,255,10,20,1,12,14,1,0,291,5742.237499054224,5609.5431086186445,0,0,0,0,1,1
56898.928563,0,8,0,5689,8,0,2,2,255,30,20,1,12,14,1,0,291,24665.950232858428,13649.257926446542,0,0,0,0,1,1
56899.928563,0,1,0,5689,9,0,20,20,255,30,20,1,12,14,1,0,291,5540.860278562503,546.8709704177251,0,0,0,0,1,1
56905.928563,0,89,0,5690,5,0,9,9,255,30,20,1,12,14,1,0,291,289.6370308953543,87.13030151894068,0,0,0,0,1,1
56917.928562999994,0,13,0,5691,7,0,18,18,255,20,20,1,12,14,1,0,291,138.40290990610305,16.345282858129803,0,0,0,0,1,1
56924.928563,0,33,0,5692,4,0,24,24,255,10,20,1,12,14,1,0,291,13.375796054672596,0.8440839925330718,1,1,0,0,1,1
56925.928563,0,54,0,5692,5,0,21,21,255,30,20,1,12,14,1,0,291,0.04861581643269801,0.006491363027850373,-1,1,1,1,1,1
56929.928562999994,0,16,0,5692,9,0,24,24,255,10,20,1,12,14,0,1,291,0.0008761149174256947,0.0005842898043626235,-1,1,1,1,1,1
56939.928563,0,16,0,5693,9,0,19,19,255,30,20,1,12,14,1,0,291,2108.8283056516375,1679.682606955084,0,0,0,0,1,1
56944.928563,0,71,0,5694,4,0,5,5,255,0,20,1,12,14,1,0,291,17.206589644189762,0.08098416875553155,0.9913462,1,0,0,1,1
56965.928563,0,38,0,5696,5,0,6,6,255,30,20,1,12,14,1,0,291,9337.63222935837,3107.213233880309,0,0,0,0,1,1
56969.928563,0,28,0,5696,9,0,22,22,255,0,20,1,12,14,0,1,291,62.559444979701276,21.245286118937916,0,0,0,0,1,1
56978.928562999994,0,62,0,5697,8,0,26,26,255,30,20,1,12,14,1,0,291,397.5773767347079,79.34093141722597,0,0,0,0,1,1
56988.928563,0,12,0,5698,8,0,25,25,255,0,20,1,12,14,1,0,291,1965.8209824490139,1.6218585118087023,1,1,0,0,1,1
56997.928563,0,84,0,5699,7,0,2,2,255,30,20,1,12,14,1,0,291,41.55305792246477,0.1544092789786492,1,1,0,0,1,1
56999.928562999994,0,71,0,5699,9,0,20,20,255,30,20,1,12,14,1,0,291,842.3727231015689,798.0593577235213,0,0,0,0,1,1
57006.928563,0,92,0,5700,6,0,2,2,255,10,20,1,12,14,0,1,291,367.4225900057231,0.005454169338829455,0.8690068,1,0.002,0,1,1
57017.928563,0,19,0,5701,7,0,18,18,255,20,20,1,12,14,1,0,291,13.030175064002872,7.505490307561015,0.0001,0,0,0,1,1
57024.928563,0,41,0,5702,4,0,15,15,255,30,20,1,12,14,1,0,291,305.0792224430913,87.01019656626634,0,0,0,0,1,1
57025.928563,0,71,0,5702,5,0,21,21,255,30,20,1,12,14,1,0,291,0.8508881321122962,0.1872046390563262,1,1,0.9361511,0,1,1
57029.928563,0,34,0,5702,9,0,24,24,255,10,20,1,12,14,0,1,291,1.4669687211963978,0.9484825825827128,1,1,0,0,1,1
57039.928562999994,0,29,0,5703,9,0,19,19,255,30,20,1,12,14,1,0,291,542.4548841538658,447.5327301396129,0,0,0,0,1,1
57044.928563,0,93,0,5704,4,0,5,5,255,0,20,1,12,14,1,0,291,127.51925951324031,51.210421677632155,0,0,0,0,1,1
57064.928563,0,7,0,5706,4,0,6,6,255,30,20,1,12,14,1,0,291,1522.6821348812782,0.3947315991992893,1,1,0,0,1,1
57068.928563,0,63,0,5706,8,0,23,23,255,10,20,1,12,14,1,0,291,1839.3720899362936,1633.022659138732,0,0,0,0,1,1
57078.928563,0,61,0,5707,8,0,27,27,255,10,20,1,12,14,1,0,291,903.2894564244422,703.0607168188827,0,0,0,0,1,1
57084.928563,0,20,0,5708,4,0,6,6,255,0,20,1,12,14,0,1,291,10973.16621404824,7560.509122376647,0,0,0,0,1,1
57097.928563,0,20,0,5709,7,0,2,2,255,30,20,1,12,14,1,0,291,3155.1387970386595,0.5952222451828413,1,1,0,0,1,1
57104.928563,0,7,0,5710,4,0,4,4,255,10,20,1,12,14,1,0,291,618.2076568571184,483.38990747012707,0,0,0,0,1,1
57105.928563,0,91,0,5710,5,0,9,9,255,30,20,1,12,14,1,0,291,3.970304383429398,2.621106029225596,1,1,0,0,1,1
57108.928563,0,55,0,5710,8,0,12,12,255,0,20,1,12,14,1,0,291,574.6956894300105,429.9944632633132,0,0,0,0,1,1
57124.928562999994,0,20,0,5712,4,0,15,15,255,30,20,1,12,14,1,0,291,654.1366739542003,199.08879874354923,0,0,0,0,1,1
57125.928563,0,41,0,5712,5,0,21,21,255,30,20,1,12,14,1,0,291,1.3315354975812088,0.65016445650968,1,1,0,0,1,1
57129.928563,0,7,0,5712,9,0,24,24,255,10,20,1,12,14,0,1,291,18.275281277601245,14.204379846783619,0,0,0,0,1,1
57139.928563,0,26,0,5713,9,0,19,19,255,30,20,1,12,14,1,0,291,0.09654163985852535,0.02124137002242902,-1,1,1,1,1,1
57159.928563,0,1,0,5715,9,0,22,22,255,30,20,1,12,14,1,0,291,0.16707463954009286,0.03664706202455122,-1,1,1,1,1,1
57164.928562999994,0,85,0,5716,4,0,6,6,255,30,20,1,12,14,1,0,291,1705.5265754095701,979.8453101949043,0,0,0,0,1,1
57178.928563,0,11,0,5717,8,0,26,26,255,30,20,1,12,14,1,0,291,8992.203432332537,7261.2023989345025,0,0,0,0,1,1
57179.928562999994,0,11,0,5717,9,0,3,3,255,10,20,1,12,14,1,0,291,6465.979611618452,6351.1998882861335,0,0,0,0,1,1
57185.928562999994,0,92,0,5718,5,0,25,25,255,10,20,1,12,14,1,0,291,12713.590091936241,7.381809477698014,0,0,0,0,1,1
57199.928563,0,12,0,5719,9,0,20,20,255,30,20,1,12,14,1,0,291,13662.488924397549,6118.409231261446,0,0,0,0,1,1
57205.928563,0,4,0,5720,5,0,9,9,255,30,20,1,12,14,1,0,291,3471.3384131913326,1822.6151172862405,0,0,0,0,1,1
57208.928563,0,22,0,5720,8,0,12,12,255,0,20,1,12,14,1,0,291,2864.4498259509264,1313.9930435415051,0,0,0,0,1,1
57224.928563,0,3,0,5722,4,0,24,24,255,10,20,1,12,14,1,0,291,0.0035201504057856244,0.0003062061220735257,-1,1,1,1,1,1
57224.928563,0,96,0,5722,4,0,24,24,255,10,20,1,12,14,1,0,291,1.621158056081152,1.0687583332604094,1,1,0,0,1,1
57228.928562999994,0,77,0,5722,8,0,16,16,255,0,20,1,12,14,1,0,291,7368.1699713412145,5277.976277470369,0,0,0,0,1,1
57238.928563,0,90,0,5723,8,0,13,13,255,30,20,1,12,14,1,0,291,0.0120778678902272,0.009430359339794575,-1,1,1,1,1,1
57257.928563,0,89,0,5725,7,0,5,5,255,30,20,1,12,14,0,1,291,7097.162317566801,5516.172182178665,0,0,0,0,1,1
57264.928563,0,62,0,5726,4,0,6,6,255,30,20,1,12,14,1,0,291,215.55700993541114,42.30029996026161,0,0,0,0,1,1
57269.928563,0,54,0,5726,9,0,22,22,255,0,20,1,12,14,0,1,291,146.27402134423096,3.6712597568640404,0,0,0,0,1,1
57278.928563,0,84,0,5727,8,0,27,27,255,10,20,1,12,14,1,0,291,1077.8795917480709,802.3390288843316,0,0,0,0,1,1
57285.928563,0,58,0,5728,5,0,25,25,255,10,20,1,12,14,1,0,291,1710.6357130114743,0.6022349351779174,1,1,0,0,1,1
57298.928562999994,0,59,0,5729,8,0,25,25,255,30,20,1,12,14,0,1,291,541.7272337852994,271.97181845314805,0,0,0,0,1,1
57304.928562999994,0,62,0,5730,4,0,4,4,255,10,20,1,12,14,1,0,291,17915.965451595403,11632.51292760153,0,0,0,0,1,1
57306.928563,0,82,0,5730,6,0,2,2,255,10,20,1,12,14,0,1,291,2204.711674998132,2074.4378424335005,0,0,0,0,1,1
57324.928563,0,9,0,5732,4,0,15,15,255,30,20,1,12,14,1,0,291,6650.755101125047,3472.992888381069,0,0,0,0,1,1
57325.928563,0,23,0,5732,5,0,4,4,255,30,20,1,12,14,0,1,291,0.8014080075775887,0.21984832015440608,-1,1,0.9361511,1,1,1
57329.928563,0,46,0,5732,9,0,24,24,255,10,20,1,12,14,0,1,291,0.8680316131362771,0.10954689015630745,-1,1,0.9361511,1,1,1
57338.928563,0,76,0,5733,8,0,13,13,255,30,20,1,12,14,1,0,291,63.21910629599438,54.61910463521026,0,0,0,0,1,1
57339.928563,0,87,0,5733,9,0,19,19,255,30,20,1,12,14,1,0,291,2.172013218914006,0.46602927266652067,1,1,0,0,1,1
57359.928562999994,0,60,0,5735,9,0,22,22,255,30,20,1,12,14,1,0,291,0.00010577910481002778,3.4827874320440765e-05,-1,1,1,1,1,1
57369.928563,0,46,0,5736,9,0,22,22,255,0,20,1,12,14,0,1,291,64.41605071641257,0.007972121752536244,1,1,0.002,0,1,1
57378.928563,0,81,0,5737,8,0,26,26,255,30,20,1,12,14,1,0,291,123.9227270274002,30.72939282158697,0,0,0,0,1,1
57385.928563,0,52,0,5738,5,0,25,25,255,10,20,1,12,14,1,0,291,4214142.85740825,3821510.3687085556,0,0,0,0,1,1
57389.928563,0,91,0,5738,9,0,23,23,255,30,20,1,12,14,0,1,291,0.9541799961504814,0.14428753513255585,-1,1,0.2635983,1,1,1
57399.928563,0,72,0,5739,9,0,20,20,255,30,20,1,12,14,1,0,291,75.20150285034602,10.693768400900716,0,0,0,0,1,1
57405.928563,0,62,0,5740,5,0,9,9,255,30,20,1,12,14,1,0,291,2157.2498166453242,1837.0469648979756,0,0,0,0,1,1
57408.928563,0,84,0,5740,8,0,12,12,255,0,20,1,12,14,1,0,291,0.03941359972134575,0.028472533611802908,-1,1,1,1,1,1
57424.928563,0,55,0,5742,4,0,24,24,255,10,20,1,12,14,1,0,291,2.2824762601056072,1.3325689690557367,1,1,0,0,1,1
57426.928562999994,0,75,0,5742,6,0,12,12,255,0,20,1,12,14,0,1,291,971.5080032380456,551.0966084052322,0,0,0,0,1,1
57438.928562999994,0,2,0,5743,8,0,13,13,255,30,20,1,12,14,1,0,291,0.9489121929528952,0.4318829900639133,1,1,0.2635983,0,1,1
57439.928563,0,9,0,5743,9,0,21,21,255,0,20,1,12,14,0,1,291,0.01325569475860755,0.008670792802961024,-1,1,1,1,1,1
57448.928563,0,30,0,5744,8,0,15,15,255,0,20,1,12,14,0,1,291,0.031061107465701454,0.021088766807511965,-1,1,1,1,1,1
57464.928563,0,21,0,5746,4,0,6,6,255,30,20,1,12,14,1,0,291,12972.684471236951,7411.321341527953,0,0,0,0,1,1
57469.928563,0,54,0,5746,9,0,26,26,255,30,20,1,12,14,1,0,291,245.7403546536253,162.16664700656844,0,0,0,0,1,1
57479.928563,0,31,0,5747,9,0,23,23,255,30,20,1,12,14,1,0,291,2.846020349105959,1.8746682267001933,1,1,0,0,1,1
57486.928563,0,18,0,5748,6,0,3,3,255,0,20,1,12,14,1,0,291,37656.59961207495,19130.263701111566,0,0,0,0,1,1
57497.928563,0,22,0,5749,7,0,2,2,255,30,20,1,12,14,1,0,291,116.69872382155636,102.69754188020423,0,0,0,0,1,1
57504.928563,0,63,0,5750,4,0,4,4,255,10,20,1,12,14,1,0,291,665.2517385877466,2.0449707786757543,1,1,0,0,1,1
57507.928563,0,62,0,5750,7,0,20,20,255,20,20,1,12,14,0,1,291,222.55091362415587,31.777962549692795,0,0,0,0,1,1
57524.928563,0,6,0,5752,4,0,15,15,255,30,20,1,12,14,1,0,291,1140.8309392942745,929.66253112087,0,0,0,0,1,1
57525.928563,0,2,0,5752,5,0,21,21,255,30,20,1,12,14,1,0,291,27.989808011616805,4.967046028196188,0,0,0,0,1,1
57528.928563,0,84,0,5752,8,0,16,16,255,0,20,1,12,14,1,0,291,0.010329271817509287,0.008091997108217359,-1,1,1,1,1,1
57538.928563,0,66,0,5753,8,0,18,18,255,0,20,1,12,14,0,1,291,312.6170397500567,0.5419306722107043,0.8690068,1,0,0,1,1
57539.928562999994,0,85,0,5753,9,0,5,5,255,30,20,1,12,14,1,0,291,2.0146378329272814,1.164137014130554,1,1,0,0,1,1
57559.928563,0,47,0,5755,9,0,22,22,255,30,20,1,12,14,1,0,291,1387.8884569067745,507.5350041117814,0,0,0,0,1,1
57569.928563,0,1,0,5756,9,0,22,22,255,0,20,1,12,14,0,1,291,590.5256661926339,0.1980664916931965,1,1,0,0,1,1
57578.928563,0,55,0,5757,8,0,27,27,255,10,20,1,12,14,1,0,291,239.7574124182134,47.897321260369,0,0,0,0,1,1
57585.928563,0,40,0,5758,5,0,25,25,255,10,20,1,12,14,1,0,291,1574.6785479866928,1281.9824664448377,0,0,0,0,1,1
57589.928563,0,43,0,5758,9,0,23,23,255,30,20,1,12,14,0,1,291,0.007058043709676902,0.0026428233064622127,-1,1,1,1,1,1
57597.928562999994,0,92,0,5759,7,0,2,2,255,30,20,1,12,14,1,0,291,39.24144606123157,15.932414557192246,0,0,0,0,1,1
57605.928563,0,77,0,5760,5,0,9,9,255,30,20,1,12,14,1,0,291,3558.3116242658425,2806.0131407164004,0,0,0,0,1,1
57618.928562999994,0,70,0,5761,8,0,18,18,255,20,20,1,12,14,1,0,291,7.557217926226258,6.269232163773579,0.9913462,1,0,0,1,1
57624.928562999994,0,83,0,5762,4,0,24,24,255,10,20,1,12,14,1,0,291,0.019944429013722814,0.015059999890552197,-1,1,1,1,1,1
57628.928563,0,58,0,5762,8,0,16,16,255,0,20,1,12,14,1,0,291,0.6564139991107591,0.34136736315578253,-1,1,1,1,1,1
57638.928563,0,56,0,5763,8,0,13,13,255,30,20,1,12,14,1,0,291,0.3538829966293431,0.06250762337629068,-1,1,1,1,1,1
57639.928563,0,74,0,5763,9,0,19,19,255,30,20,1,12,14,1,0,291,0.031116073839588206,0.01901245022808259,-1,1,1,1,1,1
57659.928563,0,33,0,5765,9,0,22,22,255,30,20,1,12,14,1,0,291,2.891630901221208,1.7673180250935607,1,1,0,0,1,1
57665.928563,0,61,0,5766,5,0,13,13,255,0,20,1,12,14,0,1,291,18.877032750781886,2.2736152352679913,0,0,0,0,1,1
57678.928563,0,47,0,5767,8,0,27,27,255,10,20,1,12,14,1,0,291,3160.982365486562,2452.6697138503346,0,0,0,0,1,1
57685.928562999994,0,34,0,5768,5,0,25,25,255,10,20,1,12,14,1,0,291,185.6558977242519,115.96677420374114,0,0,0,0,1,1
57689.928563,0,33,0,5768,9,0,23,23,255,30,20,1,12,14,0,1,291,0.5281027723388731,0.2987221314314733,-1,1,1,1,1,1
57697.928563,0,88,0,5769,7,0,20,20,255,0,20,1,12,14,1,0,291,0.7354225129709265,0.5916537339312775,-1,1,0.9361511,1,1,1
57699.928563,0,73,0,5769,9,0,4,4,255,10,20,1,12,14,1,0,291,3.553163187452759,1.5228271883780888,1,1,0,0,1,1
57708.928563,0,47,0,5770,8,0,2,2,255,30,20,1,12,14,0,1,291,592.6873122612453,4.931134599112068,0.0001,0,0,0,1,1
57719.928563,0,41,0,5771,9,0,4,4,255,0,20,1,12,14,0,1,291,2324.526445442412,1187.283538553416,0,0,0,0,1,1
57724.928563,0,81,0,5772,4,0,24,24,255,10,20,1,12,14,1,0,291,0.013423549737685364,0.0012241208520802173,-1,1,1,1,1,1
57728.928562999994,0,39,0,5772,8,0,16,16,255,0,20,1,12,14,1,0,291,1.941234435026018,0.10786645225183936,1,1,0.002,0,1,1
57738.928563,0,55,0,5773,8,0,13,13,255,30,20,1,12,14,1,0,291,0.5779402499963849,0.323938149118519,-1,1,1,1,1,1
57739.928563,0,88,0,5773,9,0,21,21,255,0,20,1,12,14,0,1,291,0.30467209232498527,0.09802161471963902,-1,1,1,1,1,1
57759.928563,0,59,0,5775,9,0,22,22,255,30,20,1,12,14,1,0,291,0.0006559241893293007,0.0003364304534516425,-1,1,1,1,1,1
57765.928563,0,38,0,5776,5,0,28,28,255,30,20,1,12,14,1,0,291,952678729.590053,813054470.5373102,0,0,0,0,1,1
57769.928563,0,82,0,5776,9,0,26,26,255,30,20,1,12,14,1,0,291,97943.79304014698,78272.37103616606,0,0,0,0,1,1
57779.928563,0,60,0,5777,9,0,23,23,255,30,20,1,12,14,1,0,291,15.5964951847911,10.600463420996498,0,0,0,0,1,1
57786.928563,0,48,0,5778,6,0,3,3,255,0,20,1,12,14,1,0,291,553.4961255080767,354.1811991627463,0,0,0,0,1,1
57797.928563,0,45,0,5779,7,0,9,9,255,30,20,1,12,14,1,0,291,1410.453083793592,1118.6037749856769,0,0,0,0,1,1
57799.928563,0,10,0,5779,9,0,4,4,255,10,20,1,12,14,1,0,291,140.6526162803652,0.250537267688755,1,1,0,0,1,1
57807.928562999994,0,76,0,5780,7,0,20,20,255,20,20,1,12,14,0,1,291,0.24660940744256626,0.033518099211584516,-1,1,1,1,1,1
57818.928563,0,34,0,5781,8,0,18,18,255,20,20,1,12,14,1,0,291,26205.950415442683,25860.580979685034,0,0,0,0,1,1
57824.928563,0,76,0,5782,4,0,24,24,255,10,20,1,12,14,1,0,291,94.51861344861445,66.23508946738589,0,0,0,0,1,1
57827.928563,0,48,0,5782,7,0,12,12,255,10,20,1,12,14,0,1,291,0.7394096630572948,0.15984221665008436,-1,1,0.9361511,1,1,1
57838.928563,0,8,0,5783,8,0,13,13,255,30,20,1,12,14,1,0,291,1.4072548188613045,1.2668070430519722,1,1,0,0,1,1
57839.928563,0,63,0,5783,9,0,5,5,255,30,20,1,12,14,1,0,291,10.285813930586832,5.367735107959678,0.0256,1,0,0,1,1
57858.928563,0,11,0,5785,8,0,19,19,255,0,20,1,12,14,0,1,291,885.9205462950871,797.4593058514049,0.0001,0,0,0,1,1
57864.928563,0,68,0,5786,4,0,6,6,255,30,20,1,12,14,1,0,291,9392.62281192069,7236.613169641433,0,0,0,0,1,1
57869.928563,0,24,0,5786,9,0,26,26,255,30,20,1,12,14,1,0,291,2919.355131221989,2455.8390911189704,0,0,0,0,1,1
57877.928562999994,0,81,0,5787,7,0,27,27,255,10,20,1,12,14,1,0,291,0.027737470800664698,0.02129705089818045,-1,1,1,1,1,1
57885.928563,0,21,0,5788,5,0,3,3,255,0,20,1,12,14,1,0,291,16.597160354883705,13.517619809256203,0,0,0,0,1,1
57889.928563,0,14,0,5788,9,0,23,23,255,30,20,1,12,14,0,1,291,2.86536579732826,1.682930122449891,1,1,0,0,1,1
57897.928563,0,65,0,5789,7,0,20,20,255,0,20,1,12,14,1,0,291,481.87510873460604,409.6920954171915,0,0,0,0,1,1
57899.928563,0,23,0,5789,9,0,4,4,255,10,20,1,12,14,1,0,291,15.583645373826418,0.026303129370679513,1,1,0.002,0,1,1
57906.928563,0,61,0,5790,6,0,9,9,255,30,20,1,12,14,0,1,291,0.43220884443394175,0.05830041643584844,-1,1,1,1,1,1
57909.928563,0,88,0,5790,9,0,12,12,255,0,20,1,12,14,1,0,291,103.00181466056692,0.22578626539667687,0.0001,0,0,0,1,1
57924.928563,0,32,0,5792,4,0,24,24,255,10,20,1,12,14,1,0,291,28.87870695776197,16.354705772691563,0,0,0,0,1,1
57927.928563,0,13,0,5792,7,0,15,15,255,0,20,1,12,14,1,0,291,889495.2979770547,874.5923188100915,0,0,0,0,1,1
57928.928563,0,66,0,5792,8,0,16,16,255,0,20,1,12,14,1,0,291,0.839420790190162,0.36793090888387503,1,1,0.2635983,0,1,1
57939.928563,0,38,0,5793,9,0,19,19,255,30,20,1,12,14,1,0,291,4.759702254611964,2.5304336121993107,1,1,0,0,1,1
57946.928563,0,86,0,5794,6,0,15,15,255,0,20,1,12,14,0,1,291,1.056180152325096,0.016951973839138847,-1,1,0.9361511,1,1,1
57964.928563,0,23,0,5796,4,0,6,6,255,30,20,1,12,14,1,0,291,3333.884728397052,2017.2132435211315,0,0,0,0,1,1
57965.928563,0,85,0,5796,5,0,28,28,255,30,20,1,12,14,1,0,291,166.93343519918992,143.8471776290014,0,0,0,0,1,1
57977.928563,0,37,0,5797,7,0,27,27,255,10,20,1,12,14,1,0,291,0.19137641332787536,0.10484801708452951,-1,1,1,1,1,1
57984.928562999994,0,48,0,5798,4,0,6,6,255,0,20,1,12,14,0,1,291,0.3205784870058556,0.15760211046639166,-1,1,1,1,1,1
57987.928562999994,0,59,0,5798,7,0,25,25,255,10,20,1,12,14,1,0,291,360.5235469777745,327.5911531336021,0,0,0,0,1,1
57997.928563,0,39,0,5799,7,0,20,20,255,0,20,1,12,14,1,0,291,47.09909434863365,2.6382854682876538,0,0,0,0,1,1
57998.928563,0,66,0,5799,8,0,2,2,255,0,20,1,12,14,1,0,291,17442.580054208414,13966.059591964296,0,0,0,0,1,1
58004.928563,0,80,0,5800,4,0,27,27,255,0,20,1,12,14,0,1,291,0.4198513126537577,0.31945222669850265,-1,1,1,1,1,1
58009.928563,0,38,0,5800,9,0,12,12,255,0,20,1,12,14,1,0,291,478.4561460412689,300.15562579567694,0,0,0,0,1,1
58018.928563,0,29,0,5801,8,0,18,18,255,20,20,1,12,14,1,0,291,1667.2964514425003,1087.4379243984893,0,0,0,0,1,1
58024.928563,0,33,0,5802,4,0,24,24,255,10,20,1,12,14,1,0,291,158.06791518375945,111.00442005425626,0,0,0,0,1,1
58027.928563,0,58,0,5802,7,0,15,15,255,0,20,1,12,14,1,0,291,703.1055426710361,1.3726887699735493,1,1,0,0,1,1
58037.928563,0,29,0,5803,7,0,5,5,255,0,20,1,12,14,1,0,291,3.40659020154231,2.522521501314429,1,1,0,0,1,1
58045.928562999994,0,76,0,5804,5,0,16,16,255,20,20,1,12,14,0,1,291,557.3477089480742,139.56446759008423,0,0,0,0,1,1
58046.928563,0,96,0,5804,6,0,15,15,255,0,20,1,12,14,0,1,291,1239.8871003055317,231.83605216801448,0,0,0,0,1,1
58064.928563,0,62,0,5806,4,0,6,6,255,30,20,1,12,14,1,0,291,220.49933772603814,180.05414598355273,0,0,0,0,1,1
58069.928563,0,47,0,5806,9,0,26,26,255,30,20,1,12,14,1,0,291,43.17164955452175,30.715922532727674,0,0,0,0,1,1
58079.928563,0,37,0,5807,9,0,23,23,255,30,20,1,12,14,1,0,291,0.8698446098297825,0.7750441646340903,-1,1,0.2635983,1,1,1
58085.928563,0,73,0,5808,5,0,3,3,255,0,20,1,12,14,1,0,291,45.339620165377426,24.2579913857631,0,0,0,0,1,1
58089.928563,0,90,0,5808,9,0,23,23,255,30,20,1,12,14,0,1,291,144.27910758441638,72.9495256545672,0,0,0,0,1,1
58097.928563,0,89,0,5809,7,0,20,20,255,0,20,1,12,14,1,0,291,111.28482167281274,73.78221356608003,0,0,0,0,1,1
58099.928563,0,72,0,5809,9,0,4,4,255,10,20,1,12,14,1,0,291,57.21269322009115,7.007262314202561,0,0,0,0,1,1
58107.928563,0,43,0,5810,7,0,20,20,255,20,20,1,12,14,0,1,291,0.0323592878402464,0.026525252863312934,-1,1,1,1,1,1
58109.928562999994,0,53,0,5810,9,0,12,12,255,0,20,1,12,14,1,0,291,220.0388896801939,105.25218000397844,0,0,0,0,1,1
58118.928562999994,0,45,0,5811,8,0,18,18,255,20,20,1,12,14,1,0,291,2611.274859900285,2095.6947433111336,0,0,0,0,1,1
58125.928563,0,43,0,5812,5,0,24,24,255,0,20,1,12,14,0,1,291,131.5339844860062,75.00723528198525,0,0,0,0,1,1
58127.928562999994,0,80,0,5812,7,0,15,15,255,0,20,1,12,14,1,0,291,183.23626311391357,0.3980620502139758,1,1,0,0,1,1
58137.928563,0,40,0,5813,7,0,19,19,255,0,20,1,12,14,1,0,291,41.074378677728724,25.299142786372492,0,0,0,0,1,1
58146.928563,0,29,0,5814,6,0,15,15,255,0,20,1,12,14,0,1,291,45.480791754913774,44.227707527940325,0,0,0,0,1,1
58148.928563,0,39,0,5814,8,0,13,13,255,0,20,1,12,14,0,1,291,0.1307564090895708,0.032037095967988954,-1,1,1,1,1,1
58164.928562999994,0,54,0,5816,4,0,6,6,255,30,20,1,12,14,1,0,291,1451.195094037926,1199.8175379178892,0,0,0,0,1,1
58169.928563,0,42,0,5816,9,0,26,26,255,30,20,1,12,14,1,0,291,5239.463401263618,2409.5238670618764,0,0,0,0,1,1
58179.928562999994,0,31,0,5817,9,0,23,23,255,30,20,1,12,14,1,0,291,11.462775027911459,3.868818819830621,1,1,0,0,1,1
58185.928562999994,0,73,0,5818,5,0,3,3,255,0,20,1,12,14,1,0,291,75.43177670982219,34.82906835794761,0,0,0,0,1,1
58189.928563,0,92,0,5818,9,0,23,23,255,30,20,1,12,14,0,1,291,0.7816821529173721,0.2771247074090817,-1,1,0.9361511,1,1,1
58197.928563,0,91,0,5819,7,0,20,20,255,0,20,1,12,14,1,0,291,18847.141803653714,18115.84116166178,0,0,0,0,1,1
58199.928563,0,77,0,5819,9,0,4,4,255,10,20,1,12,14,1,0,291,3.572551296957772,0.5051593473105876,1,1,0,0,1,1
58207.928563,0,72,0,5820,7,0,20,20,255,20,20,1,12,14,0,1,291,0.06328421831852767,0.046785107876930986,-1,1,1,1,1,1
58209.928563,0,70,0,5820,9,0,12,12,255,0,20,1,12,14,1,0,291,5035.670376937554,4184.803396042896,0,0,0,0,1,1
58218.928563,0,63,0,5821,8,0,18,18,255,20,20,1,12,14,1,0,291,1.9291788245638906,0.04240165091574762,1,1,0,0,1,1
58226.928563,0,7,0,5822,6,0,29,29,255,20,20,1,12,14,1,0,291,183332.40938040148,120976.08331634097,0,0,0,0,1,1
58227.928563,0,88,0,5822,7,0,15,15,255,0,20,1,12,14,1,0,291,3174.2201706984297,30.671983443692458,0,0,0,0,1,1
58237.928562999994,0,44,0,5823,7,0,13,13,255,30,20,1,12,14,1,0,291,349.68432857353054,67.43792217852705,0,0,0,0,1,1
58246.928562999994,0,29,0,5824,6,0,15,15,255,0,20,1,12,14,0,1,291,391.2214576090406,125.53093917178295,0,0,0,0,1,1
58248.928563,0,12,0,5824,8,0,13,13,255,0,20,1,12,14,0,1,291,0.00170480446634591,0.00038943913795582916,-1,1,1,1,1,1
58265.928563,0,22,0,5826,5,0,6,6,255,10,20,1,12,14,1,0,291,2175.027048446875,57.5800967558585,0,0,0,0,1,1
58277.928563,0,32,0,5827,7,0,27,27,255,10,20,1,12,14,1,0,291,151.46984452674369,29.630136152634943,0,0,0,0,1,1
58279.928563,0,19,0,5827,9,0,23,23,255,30,20,1,12,14,1,0,291,53514.259670014304,34717.0063657123,0,0,0,0,1,1
58286.928563,0,18,0,5828,6,0,6,6,255,10,20,1,12,14,0,1,291,0.2725129651699616,0.15824402323941197,-1,1,1,1,1,1
58297.928563,0,29,0,5829,7,0,9,9,255,30,20,1,12,14,1,0,291,867.3963307632423,1.3341159808014824,1,1,0,0,1,1
58298.928562999994,0,81,0,5829,8,0,2,2,255,0,20,1,12,14,1,0,291,36.14332100775179,28.732610599164136,0,0,0,0,1,1
58306.928563,0,21,0,5830,6,0,9,9,255,30,20,1,12,14,0,1,291,1.2304468511788444,0.3968278153603883,1,1,0.002,0,1,1
58308.928563,0,55,0,5830,8,0,24,24,255,0,20,1,12,14,1,0,291,98.9121386453215,75.79016334316447,0,0,0,0,1,1
58318.928563,0,45,0,5831,8,0,18,18,255,20,20,1,12,14,1,0,291,30302.632381805837,13943.935102534837,0,0,0,0,1,1
58324.928563,0,56,0,5832,4,0,12,12,255,10,20,1,12,14,1,0,291,723.9948343751273,278.7229363168279,0,0,0,0,1,1
58326.928563,0,96,0,5832,6,0,29,29,255,20,20,1,12,14,1,0,291,22.014301854102666,16.289000309300427,0,0,0,0,1,1
58328.928563,0,90,0,5832,8,0,16,16,255,0,20,1,12,14,1,0,291,0.20239609908611875,0.01959097413750449,-1,1,1,1,1,1
58345.928563,0,87,0,5834,5,0,16,16,255,20,20,1,12,14,0,1,291,1909.7290219564038,9.510003789079683,0,0,0,0,1,1
58348.928563,0,48,0,5834,8,0,13,13,255,0,20,1,12,14,0,1,291,0.06798068522045703,0.047895012607959364,-1,1,1,1,1,1
58365.928562999994,0,29,0,5836,5,0,6,6,255,10,20,1,12,14,1,0,291,3888.5498129129205,3419.092140473666,0,0,0,0,1,1
58377.928562999994,0,44,0,5837,7,0,27,27,255,10,20,1,12,14,1,0,291,709.8004421204964,157.30104642035334,0,0,0,0,1,1
58379.928563,0,32,0,5837,9,0,23,23,255,30,20,1,12,14,1,0,291,22596.196956813837,20430.151301001493,0,0,0,0,1,1
58386.928563,0,35,0,5838,6,0,6,6,255,10,20,1,12,14,0,1,291,0.00014871723181976145,9.914273508627544e-05,-1,1,1,1,1,1
58397.928563,0,52,0,5839,7,0,9,9,255,30,20,1,12,14,1,0,291,416.43527659522334,0.00075151808142288,1,1,0.002,0,1,1
58399.928563,0,23,0,5839,9,0,4,4,255,10,20,1,12,14,1,0,291,0.2343920391098337,0.010918869824211691,-1,1,1,1,1,1
58405.928563,0,61,0,5840,5,0,25,25,255,30,20,1,12,14,0,1,291,0.0040757245960222396,0.0005952462080031754,-1,1,1,1,1,1
58408.928563,0,90,0,5840,8,0,24,24,255,0,20,1,12,14,1,0,291,0.0899176244070447,0.03516917028999945,-1,1,1,1,1,1
58418.928563,0,8,0,5841,8,0,18,18,255,20,20,1,12,14,1,0,291,2607.738974781968,955.2680044839988,0,0,0,0,1,1
58424.928563,0,17,0,5842,4,0,12,12,255,10,20,1,12,14,1,0,291,722.3843297799215,597.4249727726769,0,0,0,0,1,1
58425.928563,0,61,0,5842,5,0,16,16,255,20,20,1,12,14,1,0,291,5.913867117628905,0.2898406970257911,1,1,0,0,1,1
58427.928563,0,32,0,5842,7,0,15,15,255,0,20,1,12,14,1,0,291,177.6883952640821,58.44371314647947,0,0,0,0,1,1
58437.928563,0,74,0,5843,7,0,19,19,255,0,20,1,12,14,1,0,291,3.8125801479886143,2.0913787285423227,1,1,0,0,1,1
58446.928563,0,68,0,5844,6,0,22,22,255,20,20,1,12,14,1,0,291,5603.149927366079,3638.946338117118,0,0,0,0,1,1
58449.928563,0,92,0,5844,9,0,19,19,255,20,20,1,12,14,0,1,291,1.1959798409926816,0.42886896121623047,1,1,0.002,0,1,1
58466.928563,0,52,0,5846,6,0,28,28,255,30,20,1,12,14,1,0,291,94447.31465921804,27013.897743301124,0,0,0,0,1,1
58478.928562999994,0,41,0,5847,8,0,26,26,255,30,20,1,12,14,1,0,291,695.6721955667048,534.4107284583205,0,0,0,0,1,1
58485.928563,0,25,0,5848,5,0,3,3,255,0,20,1,12,14,1,0,291,153.4078913698683,105.47703052480293,0,0,0,0,1,1
58487.928562999994,0,63,0,5848,7,0,25,25,255,10,20,1,12,14,1,0,291,76345.9579609013,44228.23804116556,0,0,0,0,1,1
58498.928563,0,48,0,5849,8,0,2,2,255,0,20,1,12,14,1,0,291,174.97073704467203,86.06044033844294,0,0,0,0,1,1
58505.928562999994,0,74,0,5850,5,0,25,25,255,30,20,1,12,14,0,1,291,0.5280995779956226,0.18064493308840174,-1,1,1,1,1,1
58517.928563,0,1,0,5851,7,0,21,21,255,30,20,1,12,14,1,0,291,1727.5660234420495,1081.6455434348413,0,0,0,0,1,1
58519.928563,0,87,0,5851,9,0,18,18,255,30,20,1,12,14,1,0,291,0.23651689606952586,0.10575877930206341,-1,1,1,1,1,1
58524.928563,0,87,0,5852,4,0,15,15,255,0,20,1,12,14,1,0,291,661.9645701580637,1.1580840904124619,1,1,0,0,1,1
58525.928563,0,93,0,5852,5,0,16,16,255,20,20,1,12,14,1,0,291,392.370704426758,0.08529637320704288,1,1,0,0,1,1
58529.928563,0,39,0,5852,9,0,18,18,255,20,20,1,12,14,0,1,291,11.28890859645698,6.336235128946609,1,1,0,0,1,1
58537.928563,0,52,0,5853,7,0,13,13,255,30,20,1,12,14,1,0,291,0.23272122598918527,0.21738177996155245,-1,1,1,1,1,1
58546.928563,0,11,0,5854,6,0,22,22,255,20,20,1,12,14,1,0,291,415.0718152165442,305.2592170984039,0,0,0,0,1,1
58549.928563,0,12,0,5854,9,0,19,19,255,20,20,1,12,14,0,1,291,0.030446426345424975,0.012555470278192883,-1,1,1,1,1,1
58566.928562999994,0,2,0,5856,6,0,28,28,255,30,20,1,12,14,1,0,291,818.9595577751177,579.5492660930086,0,0,0,0,1,1
58577.928563,0,86,0,5857,7,0,27,27,255,10,20,1,12,14,1,0,291,43.47967416663599,29.41500381858705,0,0,0,0,1,1
58579.928563,0,69,0,5857,9,0,23,23,255,30,20,1,12,14,1,0,291,878.7530806042818,214.78887282626803,0,0,0,0,1,1
58587.928563,0,11,0,5858,7,0,25,25,255,10,20,1,12,14,1,0,291,6261.983996019675,5752.775840773901,0,0,0,0,1,1
58597.928562999994,0,49,0,5859,7,0,9,9,255,30,20,1,12,14,1,0,291,77.3253311491603,0.002424247777886008,1,1,0.002,0,1,1
58599.928563,0,85,0,5859,9,0,20,20,255,0,20,1,12,14,1,0,291,1.329113619748914,0.9023812474509529,1,1,0,0,1,1
58608.928563,0,57,0,5860,8,0,24,24,255,0,20,1,12,14,1,0,291,0.03171251120577213,0.025620459476440684,-1,1,1,1,1,1
58617.928563,0,71,0,5861,7,0,21,21,255,30,20,1,12,14,1,0,291,1295.8293612362866,1092.8018355049517,0,0,0,0,1,1
58624.928562999994,0,8,0,5862,4,0,4,4,255,10,20,1,12,14,1,0,291,0.13807537878938642,0.1174545546070184,-1,1,1,1,1,1
58625.928563,0,2,0,5862,5,0,24,24,255,0,20,1,12,14,0,1,291,0.5379093774632226,0.45714010663693194,-1,1,1,1,1,1
58626.928563,0,26,0,5862,6,0,29,29,255,20,20,1,12,14,1,0,291,0.10205995398698528,0.03079990914919378,-1,1,1,1,1,1
58629.928563,0,54,0,5862,9,0,18,18,255,20,20,1,12,14,0,1,291,13.21149006192953,0.1716598825251123,1,1,0,0,1,1
58637.928563,0,67,0,5863,7,0,19,19,255,0,20,1,12,14,1,0,291,3247.734487035973,224.4713941070731,0,0,0,0,1,1
58646.928563,0,50,0,5864,6,0,22,22,255,20,20,1,12,14,1,0,291,128.8579738332084,109.86277020346812,0,0,0,0,1,1
58649.928563,0,66,0,5864,9,0,19,19,255,20,20,1,12,14,0,1,291,0.003432469356502778,3.050736853563744e-07,-1,1,1,1,1,1
58666.928563,0,43,0,5866,6,0,28,28,255,30,20,1,12,14,1,0,291,209.98475079330916,3.760921925717051,0,0,0,0,1,1
58678.928563,0,33,0,5867,8,0,28,28,255,0,20,1,12,14,0,1,291,127.75229582769664,0.028010696887229267,0,0,0,0,1,1
58685.928562999994,0,17,0,5868,5,0,3,3,255,0,20,1,12,14,1,0,291,1534.1907023340614,900.9236587073789,0,0,0,0,1,1
58687.928563,0,53,0,5868,7,0,25,25,255,10,20,1,12,14,1,0,291,88310.56011044695,76806.95810671517,0,0,0,0,1,1
58697.928563,0,68,0,5869,7,0,2,2,255,10,20,1,12,14,1,0,291,0.1758947728076278,0.027174680259277485,-1,1,1,1,1,1
58705.928563,0,59,0,5870,5,0,25,25,255,30,20,1,12,14,0,1,291,0.09423753174576942,0.03164875028772304,-1,1,1,1,1,1
58709.928563,0,5,0,5870,9,0,20,20,255,30,20,1,12,14,0,1,291,0.022259710957054493,0.015579628089485858,-1,1,1,1,1,1
58718.928563,0,38,0,5871,8,0,2,2,255,10,20,1,12,14,0,1,291,16.550761865631685,0.018415481400143242,-1,1,0.2635983,1,1,1
58724.928563,0,32,0,5872,4,0,15,15,255,0,20,1,12,14,1,0,291,1865.528597045636,0.5247056768444818,1,1,0,0,1,1
58725.928562999994,0,30,0,5872,5,0,24,24,255,0,20,1,12,14,0,1,291,7.372157583000975,5.781080741494214,0.8690068,0,0,0,1,1
58726.928563,0,69,0,5872,6,0,29,29,255,20,20,1,12,14,1,0,291,6485.980554289,4085.49619005355,0,0,0,0,1,1
58729.928563,0,69,0,5872,9,0,18,18,255,20,20,1,12,14,0,1,291,0.030462940431000524,0.019603739267789643,-1,1,1,1,1,1
58737.928562999994,0,81,0,5873,7,0,19,19,255,0,20,1,12,14,1,0,291,3.7977840152082436,2.4507392705673903,1,1,0,0,1,1
58746.928562999994,0,72,0,5874,6,0,22,22,255,20,20,1,12,14,1,0,291,13163.5621431836,9750.3247054034,0,0,0,0,1,1
58759.928563,0,20,0,5875,9,0,5,5,255,0,20,1,12,14,0,1,291,2832.7658918395528,1683.3091741984301,0,0,0,0,1,1
58766.928563,0,69,0,5876,6,0,28,28,255,30,20,1,12,14,1,0,291,1002.9380088530546,842.1837345744822,0,0,0,0,1,1
58778.928563,0,58,0,5877,8,0,26,26,255,30,20,1,12,14,1,0,291,35.43260512072695,10.0883605739625,0,0,0,0,1,1
58785.928563,0,45,0,5878,5,0,3,3,255,0,20,1,12,14,1,0,291,1850.8986869503437,1655.4518418321677,0,0,0,0,1,1
58787.928563,0,77,0,5878,7,0,25,25,255,10,20,1,12,14,1,0,291,21.61042281819757,19.43687257484954,0,0,0,0,1,1
58797.928563,0,82,0,5879,7,0,2,2,255,10,20,1,12,14,1,0,291,0.019772621142655485,4.930820342801272e-05,-1,1,1,1,1,1
58805.928563,0,95,0,5880,5,0,25,25,255,30,20,1,12,14,0,1,291,0.006288413213897152,0.005593894431677362,-1,1,1,1,1,1
58809.928563,0,25,0,5880,9,0,20,20,255,30,20,1,12,14,0,1,291,0.3451342175293143,0.016894663431175648,-1,1,1,1,1,1
58818.928563,0,73,0,5881,8,0,2,2,255,10,20,1,12,14,0,1,291,25.39161035301602,1.5628105678723245,0,0,0,0,1,1
58824.928563,0,42,0,5882,4,0,15,15,255,0,20,1,12,14,1,0,291,620.850719326784,0.17634714577414376,1,1,0,0,1,1
58825.928563,0,44,0,5882,5,0,24,24,255,0,20,1,12,14,0,1,291,0.06426508370984955,0.021421667681180367,-1,1,1,1,1,1
58826.928563,0,88,0,5882,6,0,29,29,255,20,20,1,12,14,1,0,291,0.01582544811394632,0.0030923700858949544,-1,1,1,1,1,1
58829.928563,0,77,0,5882,9,0,18,18,255,20,20,1,12,14,0,1,291,2.007213683697558,0.033098249537934256,-1,1,1,1,1,1
58837.928563,0,81,0,5883,7,0,12,12,255,30,20,1,12,14,0,1,291,106.49455647123379,29.29023609776271,0,0,0,0,1,1
58846.928563,0,68,0,5884,6,0,22,22,255,20,20,1,12,14,1,0,291,2720.797523935926,1688.2552045828909,0,0,0,0,1,1
58849.928563,0,87,0,5884,9,0,19,19,255,20,20,1,12,14,0,1,291,0.09116320180859581,0.0018762288541429753,-1,1,1,1,1,1
58866.928563,0,43,0,5886,6,0,28,28,255,30,20,1,12,14,1,0,291,667.9400131393634,595.3272092628847,0,0,0,0,1,1
58878.928563,0,25,0,5887,8,0,26,26,255,30,20,1,12,14,1,0,291,602220.1125737467,451534.6753043644,0,0,0,0,1,1
58879.928563,0,68,0,5887,9,0,3,3,255,10,20,1,12,14,1,0,291,3293.1016248725923,3050.132370172542,0,0,0,0,1,1
58887.928563,0,54,0,5888,7,0,27,27,255,30,20,1,12,14,1,0,291,12.847971746753462,2.184843662172552,0.8184713,1,0,0,1,1
58897.928563,0,50,0,5889,7,0,9,9,255,30,20,1,12,14,1,0,291,49.79974930247676,0.12304811532693834,1,1,0,0,1,1
58899.928563,0,86,0,5889,9,0,20,20,255,0,20,1,12,14,1,0,291,644.6484789062127,233.29238917325773,0,0,0,0,1,1
58907.928563,0,43,0,5890,7,0,27,27,255,20,20,1,12,14,0,1,291,0.8991504016683505,0.6263342285540168,1,1,0.2635983,0,1,1
58909.928563,0,60,0,5890,9,0,20,20,255,30,20,1,12,14,0,1,291,0.01039916416458494,0.0007131206300046447,-1,1,1,1,1,1
58919.928563,0,23,0,5891,9,0,18,18,255,30,20,1,12,14,1,0,291,0.930445906758431,0.2866490720162182,-1,1,0.2635983,1,1,1
58924.928563,0,58,0,5892,4,0,12,12,255,10,20,1,12,14,1,0,291,3.5647619136106075,0.9589429924182038,1,1,0,0,1,1
58925.928563,0,63,0,5892,5,0,24,24,255,0,20,1,12,14,0,1,291,0.008577816312195275,3.004913150024182e-05,-1,1,1,1,1,1
58927.928563,0,51,0,5892,7,0,4,4,255,10,20,1,12,14,0,1,291,121.68696637713822,1.1669920043752848,1,1,0,0,1,1
58929.928562999994,0,93,0,5892,9,0,18,18,255,20,20,1,12,14,0,1,291,0.00763153103577553,0.002461917734315719,-1,1,1,1,1,1
58939.928563,0,7,0,5893,9,0,16,16,255,30,20,1,12,14,0,1,291,0.03254608813769604,0.017458174007553073,-1,1,1,1,1,1
58947.928563,0,12,0,5894,7,0,29,29,255,0,20,1,12,14,0,1,291,0.033898903982074124,0.010475206711284966,-1,1,1,1,1,1
58965.928563,0,5,0,5896,5,0,6,6,255,10,20,1,12,14,1,0,291,1428.2948652774644,1255.6692206065886,0,0,0,0,1,1
58966.928563,0,89,0,5896,6,0,28,28,255,30,20,1,12,14,1,0,291,47464376.333128124,27217919.675484598,0,0,0,0,1,1
58978.928562999994,0,54,0,5897,8,0,23,23,255,10,20,1,12,14,0,1,291,0.06568304888672785,0.007190668824127512,-1,1,1,1,1,1
58986.928563,0,32,0,5898,6,0,6,6,255,10,20,1,12,14,0,1,291,0.1494259127402618,0.09558091194725535,-1,1,1,1,1,1
58987.928562999994,0,73,0,5898,7,0,27,27,255,30,20,1,12,14,1,0,291,14.17122694793107,0.12177542474628374,1,1,0,0,1,1
58998.928563,0,37,0,5899,8,0,9,9,255,20,20,1,12,14,1,0,291,0.05177598586043166,0.049938267230610525,-1,1,1,1,1,1
59005.928562999994,0,33,0,5900,5,0,25,25,255,30,20,1,12,14,0,1,291,0.13901617594851812,0.07018677194052167,-1,1,1,1,1,1
59008.928563,0,75,0,5900,8,0,24,24,255,0,20,1,12,14,1,0,291,18.968795947865004,14.519508444800417,0,0,0,0,1,1
59017.928563,0,59,0,5901,7,0,21,21,255,30,20,1,12,14,1,0,291,548.6537021501623,492.4556675016636,0,0,0,0,1,1
59019.928563,0,79,0,5901,9,0,18,18,255,30,20,1,12,14,1,0,291,32.231414411856925,0.7310957297676274,1,1,0,0,1,1
59024.928563,0,83,0,5902,4,0,15,15,255,0,20,1,12,14,1,0,291,612.4527888731087,0.15375494166294038,1,1,0,0,1,1
59025.928563,0,92,0,5902,5,0,16,16,255,20,20,1,12,14,1,0,291,80.67248112654599,0.04071924185643909,1,1,0.002,0,1,1
59029.928563,0,21,0,5902,9,0,18,18,255,20,20,1,12,14,0,1,291,9.777995372008315,4.046806924595987,0.0535,0,0,0,1,1
59037.928563,0,34,0,5903,7,0,19,19,255,0,20,1,12,14,1,0,291,0.44593204732834113,0.01894320268332461,-1,1,1,1,1,1
59039.928562999994,0,81,0,5903,9,0,16,16,255,30,20,1,12,14,0,1,291,0.22120307923535304,0.13870138797555218,-1,1,1,1,1,1
59048.928562999994,0,35,0,5904,8,0,13,13,255,0,20,1,12,14,0,1,291,22763.54900378721,19696.97662960146,0,0,0,0,1,1
59065.928563,0,40,0,5906,5,0,28,28,255,30,20,1,12,14,1,0,291,2383.632854600848,1671.0942451126139,0,0,0,0,1,1
59068.928563,0,66,0,5906,8,0,23,23,255,20,20,1,12,14,1,0,291,21.37888504399863,0.02868404952774573,0.0256,0,0,0,1,1
59079.928563,0,19,0,5907,9,0,3,3,255,10,20,1,12,14,1,0,291,11073.8901355361,9731.542565240103,0,0,0,0,1,1
59087.928563,0,24,0,5908,7,0,27,27,255,30,20,1,12,14,1,0,291,160.76616942923803,0.03530150682701247,1,1,0.002,0,1,1
59097.928563,0,40,0,5909,7,0,2,2,255,10,20,1,12,14,1,0,291,0.09835837458003996,0.008442399708269172,-1,1,1,1,1,1
59099.928563,0,28,0,5909,9,0,20,20,255,0,20,1,12,14,1,0,291,0.015364386349425352,0.0010343871382348794,-1,1,1,1,1,1
59107.928563,0,70,0,5910,7,0,27,27,255,20,20,1,12,14,0,1,291,3352.2102548477606,2655.732902429672,0,0,0,0,1,1
59109.928562999994,0,94,0,5910,9,0,20,20,255,30,20,1,12,14,0,1,291,0.003652595299778935,0.0006812580638517129,-1,1,1,1,1,1
59119.928563,0,94,0,5911,9,0,18,18,255,30,20,1,12,14,1,0,291,0.6691783671329954,0.007668333594334612,-1,1,1,1,1,1
59124.928562999994,0,92,0,5912,4,0,4,4,255,10,20,1,12,14,1,0,291,1.0113426611000986,0.5379395333560609,1,1,0.2635983,0,1,1
59127.928562999994,0,2,0,5912,7,0,4,4,255,10,20,1,12,14,0,1,291,11311.116753077837,6.477230906413019,0.0001,0,0,0,1,1
59127.928562999994,0,74,0,5912,7,0,21,21,255,30,20,1,12,14,1,0,291,364.3895527563401,40.262601377951,0,0,0,0,1,1
59129.928563,0,74,0,5912,9,0,18,18,255,20,20,1,12,14,0,1,291,123.27531015162477,64.37909713603402,0,0,0,0,1,1
59137.928563,0,84,0,5913,7,0,13,13,255,30,20,1,12,14,1,0,291,911.0273520553962,373.03009482996515,0,0,0,0,1,1
59139.928563,0,92,0,5913,9,0,16,16,255,30,20,1,12,14,0,1,291,288.7414132848843,0.0832049367873696,0.8690068,1,0,0,1,1
59149.928563,0,95,0,5914,9,0,19,19,255,20,20,1,12,14,0,1,291,128.10207466827381,0.05184978407956581,0.0001,0,0,0,1,1
59165.928563,0,66,0,5916,5,0,28,28,255,30,20,1,12,14,1,0,291,171.36986272888467,140.737050154337,0,0,0,0,1,1
59178.928563,0,50,0,5917,8,0,26,26,255,30,20,1,12,14,1,0,291,2451.2788001876906,927.7231925638357,0,0,0,0,1,1
59187.928563,0,17,0,5918,7,0,25,25,255,10,20,1,12,14,1,0,291,8932.84901866858,1.785057379946884,1,1,0,0,1,1
59197.928563,0,24,0,5919,7,0,2,2,255,10,20,1,12,14,1,0,291,27.181498582426535,20.55306290128488,0,0,0,0,1,1
59199.928563,0,14,0,5919,9,0,20,20,255,0,20,1,12,14,1,0,291,0.28635853626985286,0.11329599080809136,-1,1,1,1,1,1
59207.928563,0,33,0,5920,7,0,27,27,255,20,20,1,12,14,0,1,291,7.920743522063857,5.0358877690640815,0,0,0,0,1,1
59209.928563,0,63,0,5920,9,0,20,20,255,30,20,1,12,14,0,1,291,0.08286007839950736,0.006510104355495835,-1,1,1,1,1,1
59219.928563,0,85,0,5921,9,0,18,18,255,30,20,1,12,14,1,0,291,0.02014515839220694,0.016007613497142522,-1,1,1,1,1,1
59224.928563,0,87,0,5922,4,0,15,15,255,0,20,1,12,14,1,0,291,1.7137560725929017,0.0004130165356766238,-1,1,0.2635983,1,1,1
59225.928562999994,0,93,0,5922,5,0,24,24,255,0,20,1,12,14,0,1,291,0.0034104477415170613,0.0019988696872259063,-1,1,1,1,1,1
59227.928563,0,73,0,5922,7,0,21,21,255,30,20,1,12,14,1,0,291,138.55734565656417,64.65144960025785,0,0,0,0,1,1
59229.928563,0,76,0,5922,9,0,15,15,255,30,20,1,12,14,0,1,291,11.84946569734089,0.010618615826471226,0.8690068,0,0.002,0,1,1
59237.928562999994,0,85,0,5923,7,0,13,13,255,30,20,1,12,14,1,0,291,14.95536996862036,12.95778984409888,0,0,0,0,1,1
59246.928562999994,0,6,0,5924,6,0,22,22,255,20,20,1,12,14,1,0,291,17150.61658624863,15140.335763171597,0,0,0,0,1,1
59259.928563,0,68,0,5925,9,0,5,5,255,0,20,1,12,14,0,1,291,863.8754126584672,533.443595931957,0.0001,0,0,0,1,1
59265.928563,0,81,0,5926,5,0,28,28,255,30,20,1,12,14,1,0,291,301.60780752224963,253.2687974510553,0,0,0,0,1,1
59269.928563,0,69,0,5926,9,0,26,26,255,20,20,1,12,14,1,0,291,1408.8046077108593,0.3419998501671638,1,1,0,0,1,1
59285.928563,0,78,0,5928,5,0,26,26,255,30,20,1,12,14,0,1,291,120.75662329377568,0.5708684070162033,0.0535,0,0,0,1,1
59287.928563,0,76,0,5928,7,0,27,27,255,30,20,1,12,14,1,0,291,326.20156519863315,0.6173933290080862,1,1,0,0,1,1
59298.928562999994,0,64,0,5929,8,0,9,9,255,20,20,1,12,14,1,0,291,420.78334289818923,346.4700347577778,0,0,0,0,1,1
59308.928563,0,30,0,5930,8,0,24,24,255,0,20,1,12,14,1,0,291,5581.807058740033,3729.8668436557614,0,0,0,0,1,1
59324.928563,0,9,0,5932,4,0,4,4,255,10,20,1,12,14,1,0,291,124.04581367462319,0.7327676593944384,1,1,0,0,1,1
59325.928563,0,3,0,5932,5,0,24,24,255,0,20,1,12,14,0,1,291,0.005115720890445402,0.002062126974864606,-1,1,1,1,1,1
59327.928563,0,9,0,5932,7,0,29,29,255,0,20,1,12,14,1,0,291,0.4229534801301165,0.0009392972557560179,-1,1,1,1,1,1
59327.928563,0,81,0,5932,7,0,21,21,255,30,20,1,12,14,1,0,291,491.0857430967233,275.8158659183804,0,0,0,0,1,1
59337.928563,0,35,0,5933,7,0,13,13,255,30,20,1,12,14,1,0,291,0.7488656174733134,0.37572736516941124,-1,1,0.9361511,1,1,1
59338.928563,0,39,0,5933,8,0,21,21,255,10,20,1,12,14,0,1,291,0.03213667613043713,0.0006729269808674738,-1,1,1,1,1,1
59346.928563,0,21,0,5934,6,0,22,22,255,20,20,1,12,14,1,0,291,270.34280622513086,41.7581485248437,0,0,0,0,1,1
59364.928563,0,24,0,5936,4,0,6,6,255,30,20,1,12,14,1,0,291,8973.581820786252,7871.986449555785,0,0,0,0,1,1
59368.928562999994,0,10,0,5936,8,0,23,23,255,20,20,1,12,14,1,0,291,269.48864393026395,151.16444916436112,0,0,0,0,1,1
59369.928563,0,95,0,5936,9,0,26,26,255,20,20,1,12,14,1,0,291,129.07896179090955,1.1196983879923244,1,1,0,0,1,1
59386.928563,0,14,0,5938,6,0,25,25,255,30,20,1,12,14,1,0,291,16660.991727018107,8221.371817621091,0,0,0,0,1,1
59397.928563,0,4,0,5939,7,0,2,2,255,10,20,1,12,14,1,0,291,31043.730818041462,23384.61365399509,0,0,0,0,1,1
59398.928563,0,87,0,5939,8,0,9,9,255,20,20,1,12,14,1,0,291,7064.831485062462,2223.4689208594446,0,0,0,0,1,1
59408.928563,0,70,0,5940,8,0,24,24,255,0,20,1,12,14,1,0,291,12364.232876075175,10162.229463205258,0,0,0,0,1,1
59424.928563,0,29,0,5942,4,0,4,4,255,10,20,1,12,14,1,0,291,3.2011326192866667,1.2160510909717035,1,1,0,0,1,1
59425.928563,0,28,0,5942,5,0,24,24,255,0,20,1,12,14,0,1,291,0.0065090193639902785,0.0010333469308041582,-1,1,1,1,1,1
59427.928563,0,28,0,5942,7,0,21,21,255,30,20,1,12,14,1,0,291,24403.861102951618,866.9690207662935,0,0,0,0,1,1
59429.928562999994,0,17,0,5942,9,0,15,15,255,30,20,1,12,14,0,1,291,458.1531728794379,0.037310312274844395,0.0535,0,0,0,1,1
59437.928563,0,65,0,5943,7,0,5,5,255,0,20,1,12,14,1,0,291,0.010270729556777311,0.0024505489541842202,-1,1,1,1,1,1
59438.928562999994,0,78,0,5943,8,0,29,29,255,0,20,1,12,14,0,1,291,78.67626967416398,0.256778365655448,1,1,0,0,1,1
59444.928563,0,85,0,5944,4,0,19,19,255,30,20,1,12,14,1,0,291,78.87949156967221,60.945986832899564,0,0,0,0,1,1
59464.928563,0,23,0,5946,4,0,6,6,255,30,20,1,12,14,1,0,291,164.4443514966608,29.690661170949287,0,0,0,0,1,1
59468.928563,0,5,0,5946,8,0,23,23,255,20,20,1,12,14,1,0,291,696320.8909270307,618528.1851583002,0,0,0,0,1,1
59469.928563,0,29,0,5946,9,0,26,26,255,20,20,1,12,14,1,0,291,1238.0682392899685,0.37059508350089354,1,1,0,0,1,1
59485.928563,0,9,0,5948,5,0,26,26,255,30,20,1,12,14,0,1,291,43.88816935433206,0.009213638066843851,0.8690068,1,0.002,0,1,1
59487.928562999994,0,25,0,5948,7,0,27,27,255,30,20,1,12,14,1,0,291,36632.058535557546,74.19328603907803,0,0,0,0,1,1
59498.928563,0,13,0,5949,8,0,9,9,255,20,20,1,12,14,1,0,291,58107.26487636324,4814.018876863804,0,0,0,0,1,1
59507.928563,0,85,0,5950,7,0,27,27,255,20,20,1,12,14,0,1,291,7.3406453985459095,4.117428993808253,0,0,0,0,1,1
59517.928563,0,88,0,5951,7,0,24,24,255,30,20,1,12,14,1,0,291,2917.7411067398534,114.53579876405358,0,0,0,0,1,1
59524.928563,0,83,0,5952,4,0,12,12,255,10,20,1,12,14,1,0,291,369.87469097321133,6.019383717187695,0,0,0,0,1,1
59527.928563,0,23,0,5952,7,0,29,29,255,0,20,1,12,14,1,0,291,74.67824071046944,0.0017332903415015028,1,1,0.002,0,1,1
59527.928563,0,92,0,5952,7,0,21,21,255,30,20,1,12,14,1,0,291,1795.0336693918684,2.936441888609937,0.9913462,1,0,0,1,1
59537.928563,0,54,0,5953,7,0,12,12,255,30,20,1,12,14,0,1,291,124.5376805020559,0.3510807201154376,0,0,0,0,1,1
59538.928563,0,75,0,5953,8,0,21,21,255,10,20,1,12,14,0,1,291,0.018272510878280763,0.001211335186188613,-1,1,1,1,1,1
59544.928563,0,67,0,5954,4,0,13,13,255,0,20,1,12,14,1,0,291,22790.85400888159,13742.415829248956,0,0,0,0,1,1
59547.928563,0,51,0,5954,7,0,5,5,255,20,20,1,12,14,1,0,291,0.4727474182937095,0.12561912307917958,-1,1,1,1,1,1
59564.928563,0,54,0,5956,4,0,6,6,255,30,20,1,12,14,1,0,291,4374.837830582016,1313.923320830703,0,0,0,0,1,1
59565.928563,0,90,0,5956,5,0,5,5,255,10,20,1,12,14,0,1,291,111.66643516803984,2.6752850473797554,0,0,0,0,1,1
59568.928563,0,94,0,5956,8,0,22,22,255,0,20,1,12,14,0,1,291,101.03599290242963,73.92528994090306,0,0,0,0,1,1
59579.928563,0,76,0,5957,9,0,3,3,255,10,20,1,12,14,1,0,291,50.240507584619955,37.262550872955295,0,0,0,0,1,1
59587.928563,0,7,0,5958,7,0,27,27,255,30,20,1,12,14,1,0,291,3867.755898363942,14.710311966089234,0,0,0,0,1,1
59597.928562999994,0,90,0,5959,7,0,2,2,255,10,20,1,12,14,1,0,291,6771.5734896230515,6425.317299335095,0,0,0,0,1,1
59607.928563,0,55,0,5960,7,0,27,27,255,20,20,1,12,14,0,1,291,184.592077249584,43.71348929869397,0,0,0,0,1,1
59617.928563,0,29,0,5961,7,0,9,9,255,0,20,1,12,14,0,1,291,0.027156897114385098,0.0005041621534612548,-1,1,1,1,1,1
59624.928562999994,0,8,0,5962,4,0,15,15,255,0,20,1,12,14,1,0,291,1636.336635383776,0.1921593040239838,1,1,0,0,1,1
59626.928563,0,2,0,5962,6,0,16,16,255,20,20,1,12,14,1,0,291,0.41280267131137444,0.15920530052303228,-1,1,1,1,1,1
59627.928562999994,0,41,0,5962,7,0,29,29,255,0,20,1,12,14,1,0,291,169.54040118370435,0.2638439394033875,1,1,0,0,1,1
59628.928563,0,48,0,5962,8,0,24,24,255,30,20,1,12,14,0,1,291,0.07900947696121416,0.02300370851510909,-1,1,1,1,1,1
59638.928563,0,37,0,5963,8,0,21,21,255,10,20,1,12,14,0,1,291,9.5134404625643,0.028765740697531274,0.0535,0,0.002,0,1,1
59644.928563,0,30,0,5964,4,0,19,19,255,30,20,1,12,14,1,0,291,994.6954340981949,283.59258423711395,0,0,0,0,1,1
59647.928563,0,20,0,5964,7,0,22,22,255,10,20,1,12,14,1,0,291,540.4186042602158,0.10386574603907343,1,1,0,0,1,1
59647.928563,0,91,0,5964,7,0,22,22,255,10,20,1,12,14,1,0,291,656.5513708122982,0.14919987131201057,1,1,0,0,1,1
59668.928563,0,15,0,5966,8,0,23,23,255,20,20,1,12,14,1,0,291,1905.6450531660641,1048.8228907811042,0,0,0,0,1,1
59669.928563,0,44,0,5966,9,0,26,26,255,20,20,1,12,14,1,0,291,217.11395979573248,1.8218529548483906,1,1,0,0,1,1
59679.928562999994,0,74,0,5967,9,0,3,3,255,10,20,1,12,14,1,0,291,143.2225042229577,112.14716365433742,0,0,0,0,1,1
59687.928563,0,1,0,5968,7,0,27,27,255,30,20,1,12,14,1,0,291,413.3687787773597,0.03810095082363211,1,1,0.002,0,1,1
59697.928563,0,67,0,5969,7,0,9,9,255,30,20,1,12,14,1,0,291,15875.589697645828,9940.303860240267,0,0,0,0,1,1
59699.928563,0,81,0,5969,9,0,25,25,255,30,20,1,12,14,0,1,291,0.5004932576535428,0.16077688525658132,-1,1,1,1,1,1
59717.928563,0,23,0,5971,7,0,24,24,255,30,20,1,12,14,1,0,291,37.86368076536481,27.616382393559512,0,0,0,0,1,1
59724.928563,0,34,0,5972,4,0,4,4,255,10,20,1,12,14,1,0,291,1531.4586780340524,8.363887805376372,0,0,0,0,1,1
59727.928563,0,11,0,5972,7,0,4,4,255,10,20,1,12,14,0,1,291,0.861800205060278,0.1396359396395176,-1,1,0.9361511,1,1,1
59728.928562999994,0,22,0,5972,8,0,24,24,255,30,20,1,12,14,0,1,291,0.09853338086615007,0.048426879316286864,-1,1,1,1,1,1
59738.928563,0,16,0,5973,8,0,18,18,255,20,20,1,12,14,0,1,291,99.25337805574705,0.7132736156783228,0.0535,0,0,0,1,1
59744.928563,0,8,0,5974,4,0,19,19,255,30,20,1,12,14,1,0,291,705.2179921445685,320.58633092909645,0,0,0,0,1,1
59747.928563,0,3,0,5974,7,0,5,5,255,20,20,1,12,14,1,0,291,15.213194678836455,0.03359539333486857,1,1,0,0,1,1
59747.928563,0,77,0,5974,7,0,16,16,255,30,20,1,12,14,0,1,291,1386.6287259138778,1.2061549589062242,1,1,0,0,1,1
59765.928563,0,61,0,5976,5,0,5,5,255,10,20,1,12,14,0,1,291,391.9898869010657,7.814876346738005,0,0,0,0,1,1
59768.928563,0,78,0,5976,8,0,22,22,255,0,20,1,12,14,0,1,291,124.25070182140189,23.532486200957603,0,0,0,0,1,1
59778.928563,0,96,0,5977,8,0,6,6,255,10,20,1,12,14,1,0,291,74.51439517446737,37.07738507063531,0,0,0,0,1,1
59785.928563,0,53,0,5978,5,0,26,26,255,30,20,1,12,14,0,1,291,19759.414862525497,18100.600715728928,0,0,0,0,1,1
59788.928563,0,37,0,5978,8,0,6,6,255,30,20,1,12,14,0,1,291,598.812193705377,221.63001575035418,0,0,0,0,1,1
59798.928562999994,0,40,0,5979,8,0,4,4,255,30,20,1,12,14,1,0,291,79.38468463899946,66.76520169416763,0,0,0,0,1,1
59805.928563,0,88,0,5980,5,0,25,25,255,30,20,1,12,14,0,1,291,276.89773751754035,204.34412161062542,0,0,0,0,1,1
59817.928563,0,21,0,5981,7,0,18,18,255,10,20,1,12,14,1,0,291,181.41699750336565,0.014561231728077977,1,1,0.002,0,1,1
59826.928563,0,26,0,5982,6,0,16,16,255,20,20,1,12,14,1,0,291,906.4939910221252,486.43580137349704,0,0,0,0,1,1
59827.928563,0,69,0,5982,7,0,29,29,255,0,20,1,12,14,1,0,291,646605.71841941,515169.30295271665,0,0,0,0,1,1
59837.928563,0,58,0,5983,7,0,15,15,255,0,20,1,12,14,1,0,291,56.79124651136165,0.003092472354108784,1,1,0.002,0,1,1
59844.928563,0,4,0,5984,4,0,19,19,255,30,20,1,12,14,1,0,291,5232.930396944803,4021.1088207081925,0,0,0,0,1,1
59844.928563,0,94,0,5984,4,0,19,19,255,30,20,1,12,14,1,0,291,747.8398142837107,282.48425150072046,0,0,0,0,1,1
59847.928562999994,0,86,0,5984,7,0,5,5,255,20,20,1,12,14,1,0,291,0.06415446927466165,0.017781425365500664,-1,1,1,1,1,1
59865.928562999994,0,74,0,5986,5,0,28,28,255,30,20,1,12,14,1,0,291,101.23244561336662,3.4357549596186585,0,0,0,0,1,1
59868.928562999994,0,85,0,5986,8,0,22,22,255,0,20,1,12,14,0,1,291,451.6924808209149,260.83209411870956,0,0,0,0,1,1
59879.928563,0,17,0,5987,9,0,3,3,255,10,20,1,12,14,1,0,291,4600.488882778919,4064.865300050015,0,0,0,0,1,1
59885.928563,0,60,0,5988,5,0,26,26,255,30,20,1,12,14,0,1,291,140.43939318575067,77.06364840425634,0,0,0,0,1,1
59888.928563,0,71,0,5988,8,0,6,6,255,30,20,1,12,14,0,1,291,202.65363348887576,190.2905642617633,0,0,0,0,1,1
59898.928563,0,42,0,5989,8,0,2,2,255,0,20,1,12,14,1,0,291,10212.676231599682,8040.834459865291,0,0,0,0,1,1
59905.928563,0,90,0,5990,5,0,25,25,255,30,20,1,12,14,0,1,291,2385.109375221404,1337.0021062945068,0,0,0,0,1,1
59917.928562999994,0,25,0,5991,7,0,18,18,255,10,20,1,12,14,1,0,291,186.8421788322352,1.6671777412052233,1,1,0,0,1,1
59926.928562999994,0,31,0,5992,6,0,16,16,255,20,20,1,12,14,1,0,291,149.25101241509216,121.37187033869148,0,0,0,0,1,1
59927.928563,0,69,0,5992,7,0,21,21,255,30,20,1,12,14,1,0,291,0.22829636291643224,0.08009479706788036,-1,1,1,1,1,1
59937.928563,0,61,0,5993,7,0,15,15,255,0,20,1,12,14,1,0,291,1.512843509785844,0.0006131449284434862,1,1,0.2635983,0,1,1
59944.928563,0,14,0,5994,4,0,19,19,255,30,20,1,12,14,1,0,291,9.219311805062466,0.0002192599863545829,1,1,0,0,1,1
59947.928563,0,8,0,5994,7,0,22,22,255,10,20,1,12,14,1,0,291,126.85933614406432,0.38680314036172037,1,1,0,0,1,1
59948.928563,0,6,0,5994,8,0,15,15,255,0,20,1,12,14,0,1,291,317.2031090765,2.5644411019117244,0.0001,0,0,0,1,1
59965.928563,0,93,0,5996,5,0,28,28,255,30,20,1,12,14,1,0,291,241.57590435031912,104.62777905387186,0,0,0,0,1,1
59969.928563,0,5,0,5996,9,0,26,26,255,20,20,1,12,14,1,0,291,587.3831547433035,0.0005252542067471041,1,1,0.002,0,1,1
59979.928563,0,41,0,5997,9,0,3,3,255,10,20,1,12,14,1,0,291,104.61965854000559,34.99665920495823,0,0,0,0,1,1
59985.928563,0,78,0,5998,5,0,25,25,255,10,20,1,12,14,1,0,291,4.807437708742288,0.007650126437433983,1,1,0.002,0,1,1
59997.928563,0,30,0,5999,7,0,9,9,255,30,20,1,12,14,1,0,291,2829.2519684324134,0.8948307794082403,1,1,0,0,1,1
59998.928563,0,58,0,5999,8,0,4,4,255,30,20,1,12,14,1,0,291,5174.236172095672,3106.8978723000114,0,0,0,0,1,1
60007.928563,0,78,0,6000,7,0,9,9,255,20,20,1,12,14,0,1,291,117.35729795490893,6.553884402233699,0,0,0,0,1,1
60017.928563,0,41,0,6001,7,0,18,18,255,10,20,1,12,14,1,0,291,590.696802066669,9.623039341014591,0,0,0,0,1,1
60026.928563,0,67,0,6002,6,0,16,16,255,20,20,1,12,14,1,0,291,107.01494857726307,48.257082648856525,0,0,0,0,1,1
60027.928563,0,85,0,6002,7,0,21,21,255,30,20,1,12,14,1,0,291,45.73489283875003,17.9636856329222,0,0,0,0,1,1
60037.928563,0,87,0,6003,7,0,15,15,255,0,20,1,12,14,1,0,291,0.002508356429697432,0.0008886962294932627,-1,1,1,1,1,1
60044.928563,0,27,0,6004,4,0,13,13,255,0,20,1,12,14,1,0,291,5848.735946087176,5403.419162552541,0,0,0,0,1,1
60047.928563,0,21,0,6004,7,0,5,5,255,20,20,1,12,14,1,0,291,242.20152855146944,0.6991218956250219,1,1,0,0,1,1
60048.928562999994,0,65,0,6004,8,0,15,15,255,0,20,1,12,14,0,1,291,31.861501602429882,0.04539434465417326,1,1,0,0,1,1
60068.928563,0,14,0,6006,8,0,22,22,255,0,20,1,12,14,0,1,291,6043.654520929568,5217.18175955879,0,0,0,0,1,1
60078.928563,0,28,0,6007,8,0,6,6,255,10,20,1,12,14,1,0,291,981.0945260703196,481.8983224370502,0,0,0,0,1,1
60079.928563,0,58,0,6007,9,0,23,23,255,30,20,1,12,14,1,0,291,7.319474149687916,4.888475647137561,1,1,0,0,1,1
60085.928563,0,93,0,6008,5,0,25,25,255,10,20,1,12,14,1,0,291,2.4639657858337047,0.012236997630255597,1,1,0.002,0,1,1
60097.928563,0,5,0,6009,7,0,9,9,255,30,20,1,12,14,1,0,291,17485.70074798636,26.16788763068877,0,0,0,0,1,1
60098.928563,0,48,0,6009,8,0,4,4,255,30,20,1,12,14,1,0,291,1147.4603729006762,977.1166287373472,0,0,0,0,1,1
60105.928563,0,13,0,6010,5,0,25,25,255,30,20,1,12,14,0,1,291,4606.838666526784,1617.3533296749767,0,0,0,0,1,1
60109.928562999994,0,65,0,6010,9,0,12,12,255,0,20,1,12,14,1,0,291,0.027016592303676416,0.01174727030919587,-1,1,1,1,1,1
60117.928563,0,76,0,6011,7,0,18,18,255,10,20,1,12,14,1,0,291,68.14746069286932,0.027810285927064318,1,1,0.002,0,1,1
60127.928562999994,0,25,0,6012,7,0,29,29,255,0,20,1,12,14,1,0,291,91.61321390486903,12.647225984613977,0,0,0,0,1,1
60128.928563,0,61,0,6012,8,0,24,24,255,30,20,1,12,14,0,1,291,0.00026107105312712584,0.00012471733864371335,-1,1,1,1,1,1
60138.928563,0,52,0,6013,8,0,21,21,255,10,20,1,12,14,0,1,291,167.1591901919737,63.79017694602715,0,0,0,0,1,1
60144.928563,0,64,0,6014,4,0,19,19,255,30,20,1,12,14,1,0,291,30.447491152043664,15.626142406555743,0,0,0,0,1,1
60147.928563,0,59,0,6014,7,0,22,22,255,10,20,1,12,14,1,0,291,145.81727644831835,0.6490077232505408,0.9913462,1,0,0,1,1
60165.928563,0,44,0,6016,5,0,28,28,255,30,20,1,12,14,1,0,291,409.6081720958274,237.2027558400874,0,0,0,0,1,1
60169.928563,0,25,0,6016,9,0,26,26,255,20,20,1,12,14,1,0,291,253646.78048703348,157966.07878847283,0,0,0,0,1,1
60179.928562999994,0,12,0,6017,9,0,23,23,255,30,20,1,12,14,1,0,291,0.8183356246741923,0.17250507104917318,1,1,0.2635983,0,1,1
60185.928562999994,0,64,0,6018,5,0,25,25,255,10,20,1,12,14,1,0,291,7.539900550949875,1.0385430335038979,1,1,0,0,1,1
60189.928563,0,90,0,6018,9,0,23,23,255,0,20,1,12,14,0,1,291,240.19214393017833,129.1916203645784,0.0001,0,0,0,1,1
60198.928563,0,45,0,6019,8,0,2,2,255,0,20,1,12,14,1,0,291,2.845075065105265,1.4189258631437291,1,1,0,0,1,1
60205.928563,0,10,0,6020,5,0,25,25,255,30,20,1,12,14,0,1,291,216.0500321178566,3.8644784197722415,0,0,0,0,1,1
60209.928563,0,59,0,6020,9,0,12,12,255,0,20,1,12,14,1,0,291,36.865438502126445,34.55245623117273,0,0,0,0,1,1
60217.928563,0,74,0,6021,7,0,18,18,255,10,20,1,12,14,1,0,291,4273.940581957659,448.2176148548143,0,0,0,0,1,1
60226.928563,0,37,0,6022,6,0,16,16,255,20,20,1,12,14,1,0,291,68.0930638054206,33.97105080234345,0,0,0,0,1,1
60238.928563,0,27,0,6023,8,0,18,18,255,20,20,1,12,14,0,1,291,416.7204575679252,82.23338212422105,0,0,0,0,1,1
60244.928563,0,87,0,6024,4,0,13,13,255,0,20,1,12,14,1,0,291,27.062100603418845,4.1743840157531755,0.0001,0,0,0,1,1
60247.928563,0,84,0,6024,7,0,5,5,255,20,20,1,12,14,1,0,291,454.6133448997372,44.75177679414965,0,0,0,0,1,1
60266.928563,0,80,0,6026,6,0,28,28,255,30,20,1,12,14,1,0,291,93.97739203574999,62.39853409812511,0,0,0,0,1,1
60278.928563,0,44,0,6027,8,0,6,6,255,10,20,1,12,14,1,0,291,1535.8141643247286,1018.3864958715803,0,0,0,0,1,1
60285.928563,0,18,0,6028,5,0,25,25,255,10,20,1,12,14,1,0,291,837.5589854049509,360.5229293573687,0,0,0,0,1,1
60286.928563,0,55,0,6028,6,0,27,27,255,30,20,1,12,14,1,0,291,15.106416650055237,0.01087893981685275,1,1,0.002,0,1,1
60298.928562999994,0,5,0,6029,8,0,4,4,255,30,20,1,12,14,1,0,291,28416.147825815347,11931.38007686645,0,0,0,0,1,1
60298.928562999994,0,95,0,6029,8,0,4,4,255,30,20,1,12,14,1,0,291,4098.386885812504,3253.6129897357628,0,0,0,0,1,1
60309.928563,0,36,0,6030,9,0,12,12,255,0,20,1,12,14,1,0,291,238.84455158396077,91.70802005384651,0,0,0,0,1,1
60317.928563,0,62,0,6031,7,0,24,24,255,30,20,1,12,14,1,0,291,4188.8137960365,3402.0396078810986,0,0,0,0,1,1
60326.928563,0,13,0,6032,6,0,16,16,255,20,20,1,12,14,1,0,291,2297.05465387312,1493.4353482246238,0,0,0,0,1,1
60337.928563,0,94,0,6033,7,0,15,15,255,0,20,1,12,14,1,0,291,506.7689256547145,391.5029768967901,0,0,0,0,1,1
60344.928563,0,81,0,6034,4,0,13,13,255,0,20,1,12,14,1,0,291,3.2976862870247574,1.1015138586534212,1,1,0,0,1,1
60347.928563,0,78,0,6034,7,0,5,5,255,20,20,1,12,14,1,0,291,61.703688267817896,31.89619409552524,0,0,0,0,1,1
60366.928563,0,56,0,6036,6,0,28,28,255,30,20,1,12,14,1,0,291,53845.96667356776,1750.6459078757503,0,0,0,0,1,1
60378.928563,0,19,0,6037,8,0,6,6,255,10,20,1,12,14,1,0,291,1559.2138370478447,910.3877261284847,0,0,0,0,1,1
60385.928563,0,4,0,6038,5,0,25,25,255,10,20,1,12,14,1,0,291,19878.72382177269,7599.983820009811,0,0,0,0,1,1
60386.928563,0,34,0,6038,6,0,27,27,255,30,20,1,12,14,1,0,291,544.5839941992174,1.140766489543695,1,1,0,0,1,1
60397.928563,0,85,0,6039,7,0,9,9,255,30,20,1,12,14,1,0,291,281.29396500071124,2.16742590366331,1,1,0,0,1,1
60399.928563,0,77,0,6039,9,0,2,2,255,0,20,1,12,14,1,0,291,5.759090137980968,4.323485969373619,1,1,0,0,1,1
60407.928563,0,43,0,6040,7,0,9,9,255,20,20,1,12,14,0,1,291,72.50126744918938,53.02878904071825,0,0,0,0,1,1
60417.928562999994,0,20,0,6041,7,0,24,24,255,30,20,1,12,14,1,0,291,21.076970591492675,1.7092907490897244,0.8184713,0,0,0,1,1
60417.928562999994,0,89,0,6041,7,0,18,18,255,10,20,1,12,14,1,0,291,205.74503827448802,0.04596376319705944,1,1,0.002,0,1,1
60426.928562999994,0,62,0,6042,6,0,16,16,255,20,20,1,12,14,1,0,291,505.03880450585575,376.7954484745283,0,0,0,0,1,1
60438.928562999994,0,16,0,6043,8,0,18,18,255,20,20,1,12,14,0,1,291,1816.563737720648,984.8711983592186,0,0,0,0,1,1
60444.928563,0,76,0,6044,4,0,19,19,255,30,20,1,12,14,1,0,291,967.7147325678943,616.4926744752158,0,0,0,0,1,1
60447.928563,0,74,0,6044,7,0,22,22,255,10,20,1,12,14,1,0,291,0.2298876650749962,0.12219760308445747,-1,1,1,1,1,1
60466.928563,0,52,0,6046,6,0,28,28,255,30,20,1,12,14,1,0,291,41255.161749001585,8076.7107500715665,0,0,0,0,1,1
60478.928562999994,0,12,0,6047,8,0,6,6,255,10,20,1,12,14,1,0,291,28220.373892813812,23298.707857547102,0,0,0,0,1,1
60479.928563,0,92,0,6047,9,0,23,23,255,30,20,1,12,14,1,0,291,0.0033460862057629335,0.000571901730778289,-1,1,1,1,1,1
60486.928563,0,29,0,6048,6,0,27,27,255,30,20,1,12,14,1,0,291,1967.1765189179048,0.5496189101802992,1,1,0,0,1,1
60497.928563,0,86,0,6049,7,0,9,9,255,30,20,1,12,14,1,0,291,314.1850848811384,0.009348009240693107,1,1,0.002,0,1,1
60499.928562999994,0,77,0,6049,9,0,2,2,255,0,20,1,12,14,1,0,291,0.8025312165201832,0.48532682550089806,1,1,0.2635983,0,1,1
60507.928563,0,31,0,6050,7,0,9,9,255,20,20,1,12,14,0,1,291,893.139389948123,324.65186162416177,0,0,0,0,1,1
60517.928563,0,16,0,6051,7,0,24,24,255,30,20,1,12,14,1,0,291,379.9861605178441,325.1817028316614,0,0,0,0,1,1
60517.928563,0,82,0,6051,7,0,24,24,255,30,20,1,12,14,1,0,291,1775.3060836570826,1199.9345371679215,0,0,0,0,1,1
60526.928563,0,45,0,6052,6,0,16,16,255,20,20,1,12,14,1,0,291,263.98812204667655,225.9319069483152,0,0,0,0,1,1
60537.928563,0,85,0,6053,7,0,15,15,255,0,20,1,12,14,1,0,291,583.901243642425,209.37929185936957,0,0,0,0,1,1
60544.928563,0,63,0,6054,4,0,13,13,255,0,20,1,12,14,1,0,291,4.36702898298915,3.3449959275249617,1,1,0,0,1,1
60549.928563,0,18,0,6054,9,0,22,22,255,30,20,1,12,14,1,0,291,0.007581092646731331,0.0009080510655012691,-1,1,1,1,1,1
60566.928562999994,0,16,0,6056,6,0,28,28,255,30,20,1,12,14,1,0,291,22.262659229984724,10.2643135989461,0,0,0,0,1,1
60569.928563,0,11,0,6056,9,0,26,26,255,20,20,1,12,14,1,0,291,12372.829029040502,8026.250996372098,0,0,0,0,1,1
60578.928563,0,49,0,6057,8,0,6,6,255,10,20,1,12,14,1,0,291,254.96679683951416,0.009165005428585147,1,1,0.002,0,1,1
60579.928563,0,83,0,6057,9,0,23,23,255,30,20,1,12,14,1,0,291,0.002036786251268418,0.0019382909725713879,-1,1,1,1,1,1
60588.928563,0,26,0,6058,8,0,6,6,255,30,20,1,12,14,0,1,291,2743.1351676258205,149.88668966511014,0,0,0,0,1,1
60597.928562999994,0,95,0,6059,7,0,9,9,255,30,20,1,12,14,1,0,291,184.367115586534,0.05325721922416977,1,1,0.002,0,1,1
60599.928563,0,85,0,6059,9,0,2,2,255,0,20,1,12,14,1,0,291,0.09323352980309883,0.02182905708210759,-1,1,1,1,1,1
60607.928563,0,74,0,6060,7,0,9,9,255,20,20,1,12,14,0,1,291,442.3414297415463,244.2213555623018,0,0,0,0,1,1
60617.928563,0,41,0,6061,7,0,24,24,255,30,20,1,12,14,1,0,291,19.009881369625464,17.019563545846147,0,0,0,0,1,1
60624.928562999994,0,95,0,6062,4,0,18,18,255,10,20,1,12,14,1,0,291,4.186901258875191,2.447528998743018,1,1,0,0,1,1
60626.928563,0,85,0,6062,6,0,16,16,255,20,20,1,12,14,1,0,291,2833.9212677773953,2078.4891348820524,0,0,0,0,1,1
60638.928563,0,42,0,6063,8,0,5,5,255,0,20,1,12,14,1,0,291,6.02805834146726,4.890768875567126,1,1,0,0,1,1
60644.928563,0,31,0,6064,4,0,19,19,255,30,20,1,12,14,1,0,291,2776.1148184249314,2380.8640868154876,0,0,0,0,1,1
60649.928563,0,39,0,6064,9,0,22,22,255,30,20,1,12,14,1,0,291,5.462123247722536,0.22550528062736547,1,1,0,0,1,1
60666.928563,0,95,0,6066,6,0,28,28,255,30,20,1,12,14,1,0,291,63.8661072912325,24.326584259835517,0,0,0,0,1,1
60678.928563,0,87,0,6067,8,0,6,6,255,10,20,1,12,14,1,0,291,53.20304292773098,0.0024990484084106675,1,1,0.002,0,1,1
60684.928563,0,63,0,6068,4,0,3,3,255,30,20,1,12,14,1,0,291,12774.060473273526,9722.953250205404,0,0,0,0,1,1
60686.928563,0,53,0,6068,6,0,26,26,255,0,20,1,12,14,1,0,291,6294.173134880481,2281.3308521650124,0,0,0,0,1,1
60697.928563,0,50,0,6069,7,0,26,26,255,10,20,1,12,14,0,1,291,0.08863726807217205,0.024255104143903267,-1,1,1,1,1,1
60699.928563,0,25,0,6069,9,0,2,2,255,0,20,1,12,14,1,0,291,0.4926284375692527,0.3604297217278329,-1,1,1,1,1,1
60707.928563,0,54,0,6070,7,0,27,27,255,0,20,1,12,14,0,1,291,1291.4576545685172,1137.9779096486839,0,0,0,0,1,1
60717.928563,0,26,0,6071,7,0,2,2,255,0,20,1,12,14,0,1,291,2744.744400123985,328.2598556909921,0,0,0,0,1,1
60724.928563,0,82,0,6072,4,0,18,18,255,10,20,1,12,14,1,0,291,192.01560862534927,137.2624030188936,0,0,0,0,1,1
60726.928563,0,72,0,6072,6,0,16,16,255,20,20,1,12,14,1,0,291,922.31792814867,546.7989459576336,0,0,0,0,1,1
60738.928563,0,23,0,6073,8,0,5,5,255,0,20,1,12,14,1,0,291,39.78613437347528,14.127916072677898,0,0,0,0,1,1
60744.928563,0,10,0,6074,4,0,19,19,255,30,20,1,12,14,1,0,291,262.59393433465834,12.293766674493847,0,0,0,0,1,1
60749.928562999994,0,16,0,6074,9,0,22,22,255,30,20,1,12,14,1,0,291,203.32685564236834,114.46898824169554,0,0,0,0,1,1
60766.928563,0,68,0,6076,6,0,28,28,255,30,20,1,12,14,1,0,291,158.8729647565456,153.82531493329472,0,0,0,0,1,1
60778.928563,0,75,0,6077,8,0,6,6,255,10,20,1,12,14,1,0,291,90.32897633425463,3.171090823491966,0,0,0,0,1,1
60784.928563,0,37,0,6078,4,0,3,3,255,30,20,1,12,14,1,0,291,716.935563472774,237.40454958057876,0,0,0,0,1,1
60786.928563,0,25,0,6078,6,0,26,26,255,0,20,1,12,14,1,0,291,296037.55949077,286200.53268035146,0,0,0,0,1,1
60797.928563,0,83,0,6079,7,0,26,26,255,10,20,1,12,14,0,1,291,0.16164568515529507,0.0006984704751882142,-1,1,1,1,1,1
60799.928563,0,43,0,6079,9,0,2,2,255,0,20,1,12,14,1,0,291,0.03044800493225226,0.003099827064842261,-1,1,1,1,1,1
60807.928562999994,0,44,0,6080,7,0,27,27,255,0,20,1,12,14,0,1,291,79.38189371888397,0.36703057501831404,0,0,0,0,1,1
60817.928563,0,64,0,6081,7,0,24,24,255,30,20,1,12,14,1,0,291,0.4207502598498517,0.22166439183536019,-1,1,1,1,1,1
60825.928563,0,45,0,6082,5,0,29,29,255,0,20,1,12,14,1,0,291,58.67373108178132,57.816468147123686,0,0,0,0,1,1
60828.928563,0,95,0,6082,8,0,24,24,255,30,20,1,12,14,0,1,291,459.9464668460322,0.2833207298669264,1,1,0,0,1,1
60838.928563,0,30,0,6083,8,0,19,19,255,30,20,1,12,14,1,0,291,0.11730694175164465,0.11008455441656805,-1,1,1,1,1,1
60839.928563,0,62,0,6083,9,0,13,13,255,20,20,1,12,14,1,0,291,1377.6182199750494,607.936140585195,0,0,0,0,1,1
60849.928563,0,78,0,6084,9,0,5,5,255,10,20,1,12,14,0,1,291,1066.0032688057738,0.5977515181137657,1,1,0,0,1,1
60878.928563,0,24,0,6087,8,0,27,27,255,20,20,1,12,14,1,0,291,291.83181464690705,1.6344890878842293,0.9913462,1,0,0,1,1
60879.928563,0,35,0,6087,9,0,23,23,255,30,20,1,12,14,1,0,291,522.7427146101143,225.63952909664482,0,0,0,0,1,1
60885.928563,0,20,0,6088,5,0,25,25,255,10,20,1,12,14,1,0,291,410.5270774112763,304.6589930838848,0,0,0,0,1,1
60888.928563,0,11,0,6088,8,0,6,6,255,30,20,1,12,14,0,1,291,34517.10505476194,18.629915948072103,0,0,0,0,1,1
60898.928563,0,78,0,6089,8,0,4,4,255,30,20,1,12,14,1,0,291,7343.482862272768,5823.348026176599,0,0,0,0,1,1
60899.928563,0,83,0,6089,9,0,9,9,255,20,20,1,12,14,1,0,291,108.45700350231633,58.06980544162957,0,0,0,0,1,1
60908.928563,0,54,0,6090,8,0,12,12,255,30,20,1,12,14,1,0,291,0.05817354162314686,0.011386279274971826,-1,1,1,1,1,1
60924.928563,0,47,0,6092,4,0,18,18,255,10,20,1,12,14,1,0,291,7.266549990502503,5.526338183618917,1,1,0,0,1,1
60927.928563,0,37,0,6092,7,0,16,16,255,20,20,1,12,14,1,0,291,7.531200124503194,3.7742473564402856,1,1,0,0,1,1
60937.928563,0,69,0,6093,7,0,15,15,255,0,20,1,12,14,1,0,291,1309.627209887964,0.2344410329602313,1,1,0,0,1,1
60938.928562999994,0,81,0,6093,8,0,19,19,255,30,20,1,12,14,1,0,291,3.5253448170453567,1.5945451401648278,1,1,0,0,1,1
60948.928563,0,73,0,6094,8,0,15,15,255,0,20,1,12,14,0,1,291,2.077168047897747,0.4687603547701123,1,1,0,0,1,1
60966.928563,0,65,0,6096,6,0,28,28,255,30,20,1,12,14,1,0,291,994678.1256296949,937659.1620496996,0,0,0,0,1,1
60978.928562999994,0,67,0,6097,8,0,27,27,255,20,20,1,12,14,1,0,291,15.737251661663304,0.10205662495304123,1,1,0,0,1,1
60984.928562999994,0,21,0,6098,4,0,3,3,255,30,20,1,12,14,1,0,291,4855.904916759997,4227.139834691231,0,0,0,0,1,1
60988.928563,0,15,0,6098,8,0,6,6,255,30,20,1,12,14,0,1,291,80.36119668061707,0.006668841694102248,0.8690068,0,0.002,0,1,1
60999.928562999994,0,17,0,6099,9,0,9,9,255,20,20,1,12,14,1,0,291,163.29301800539582,3.17463615892217,0,0,0,0,1,1
