timestep_time,vehicle_acceleration,vehicle_angle,vehicle_id,vehicle_lane,vehicle_pos,vehicle_slope,vehicle_speed,vehicle_type,vehicle_x,vehicle_y,person_angle,person_edge,person_id,person_pos,person_slope,person_speed,person_type,person_x,person_y
55.00,0.92,179.53,f_0_h.17,401208129#0_1,46.16,0.00,17.17,veh_human,152.64,67.97,,,,,,,,,
55.00,0.53,179.82,f_0_h.18,401208129#0_1,2.10,0.00,15.48,veh_human,152.28,112.05,,,,,,,,,
55.00,1.37,180.22,f_0_h.19,401208128#2_2,53.87,0.00,12.67,veh_human,152.30,170.31,,,,,,,,,
55.00,1.87,180.22,f_0_h.20,401208128#2_2,20.00,0.00,7.41,veh_human,152.43,204.19,,,,,,,,,
55.00,1.33,180.22,f_0_h.21,401208128#2_2,8.54,0.00,2.32,veh_human,152.48,215.65,,,,,,,,,
55.00,-1.94,180.22,f_0_h.22,401208128#2_1,5.48,0.00,0.80,veh_human,149.29,218.73,,,,,,,,,
55.00,-0.05,359.68,f_11_h.0,401208126#3_6,67.83,0.00,0.08,veh_human,166.36,112.96,,,,,,,,,
55.00,0.00,269.53,f_12_b.0,401217076#2_2,85.64,0.00,0.00,bike_human,214.60,141.34,,,,,,,,,
55.00,0.00,269.60,f_12_h.0,401217076#2_2,111.14,0.00,0.00,veh_human,189.11,141.14,,,,,,,,,
55.00,0.00,269.53,f_12_h.1,401217076#2_3,104.14,0.00,0.00,veh_human,196.10,137.99,,,,,,,,,
55.00,-0.00,269.53,f_12_h.10,401217076#2_3,57.14,0.00,0.00,veh_human,243.11,138.37,,,,,,,,,
55.00,-0.04,269.53,f_12_h.11,401217076#2_3,50.08,0.00,0.05,veh_human,250.16,138.43,,,,,,,,,
55.00,-0.44,269.53,f_12_h.12,401217076#2_3,42.48,0.00,0.54,veh_human,257.77,138.49,,,,,,,,,
55.00,-1.57,269.53,f_12_h.13,401217076#2_3,31.81,0.00,2.92,veh_human,268.43,138.58,,,,,,,,,
55.00,-1.55,269.53,f_12_h.14,401217076#2_2,34.23,0.00,2.19,veh_human,266.00,141.76,,,,,,,,,
55.00,-0.39,269.53,f_12_h.15,401217076#2_2,18.73,0.00,4.97,veh_human,281.49,141.89,,,,,,,,,
55.00,0.00,269.53,f_12_h.16,401217076#2_1,5.12,0.00,0.00,veh_human,295.08,145.20,,,,,,,,,
55.00,0.00,269.53,f_12_h.2,401217076#2_3,97.14,0.00,0.00,veh_human,203.10,138.05,,,,,,,,,
55.00,0.00,269.53,f_12_h.3,401217076#2_2,92.14,0.00,0.00,veh_human,208.10,141.29,,,,,,,,,
55.00,0.00,269.53,f_12_h.4,401217076#2_3,84.14,0.00,0.00,veh_human,216.10,138.15,,,,,,,,,
55.00,0.00,269.53,f_12_h.5,401217076#2_3,71.14,0.00,0.00,veh_human,229.10,138.26,,,,,,,,,
55.00,0.00,269.53,f_12_h.6,401217076#2_2,81.84,0.00,0.00,veh_human,218.40,141.37,,,,,,,,,
55.00,-0.00,269.53,f_12_h.7,401217076#2_2,74.84,0.00,0.00,veh_human,225.40,141.43,,,,,,,,,
55.00,-0.00,269.53,f_12_h.8,401217076#2_3,64.14,0.00,0.00,veh_human,236.10,138.32,,,,,,,,,
55.00,-0.00,269.53,f_12_h.9,401217076#2_2,55.84,0.00,0.00,veh_human,244.40,141.58,,,,,,,,,
55.00,-0.24,269.55,f_14_h.0,401217076#2_1,110.63,0.00,0.34,veh_human,189.62,144.34,,,,,,,,,
55.00,0.00,269.61,f_15_h.0,401217076#2_4,111.13,0.00,0.00,veh_human,189.10,134.74,,,,,,,,,
55.00,-0.50,180.22,f_3_h.1,401208128#2_1,46.59,0.00,9.90,veh_human,149.13,177.59,,,,,,,,,
55.00,0.00,89.30,f_4_b.0,405006150#1_2,136.35,0.00,0.00,bike_human,129.10,122.73,,,,,,,,,
55.00,-0.00,89.30,f_4_b.1,405006150#1_3,109.34,0.00,0.00,bike_human,102.07,125.61,,,,,,,,,
55.00,-0.27,89.30,f_4_b.2,405006150#1_3,91.72,0.00,0.29,bike_human,84.45,125.39,,,,,,,,,
55.00,0.15,89.30,f_4_b.3,405006150#1_2,30.72,0.00,6.96,bike_human,23.48,121.45,,,,,,,,,
55.00,0.00,89.30,f_4_h.0,405006150#1_2,149.85,0.00,0.00,veh_human,142.60,122.90,,,,,,,,,
55.00,0.00,89.30,f_4_h.1,405006150#1_3,149.84,0.00,0.00,veh_human,142.57,126.10,,,,,,,,,
55.00,-0.00,89.30,f_4_h.10,405006150#1_2,111.55,0.00,0.00,veh_human,104.30,122.43,,,,,,,,,
55.00,-0.00,89.30,f_4_h.11,405006150#1_3,105.54,0.00,0.00,veh_human,98.27,125.56,,,,,,,,,
55.00,-0.18,89.30,f_4_h.12,405006150#1_2,104.34,0.00,0.20,veh_human,97.09,122.35,,,,,,,,,
55.00,-0.00,89.30,f_4_h.13,405006150#1_3,98.54,0.00,0.00,veh_human,91.27,125.48,,,,,,,,,
55.00,-0.68,89.30,f_4_h.14,405006150#1_2,90.31,0.00,1.06,veh_human,83.07,122.18,,,,,,,,,
55.00,-0.83,89.30,f_4_h.15,405006150#1_3,86.36,0.00,1.33,veh_human,79.09,125.33,,,,,,,,,
55.00,-1.22,89.30,f_4_h.16,405006150#1_2,79.93,0.00,2.70,veh_human,72.69,122.05,,,,,,,,,
55.00,-2.18,89.30,f_4_h.17,405006150#1_3,69.60,0.00,6.37,veh_human,62.33,125.12,,,,,,,,,
55.00,1.89,89.30,f_4_h.18,405006150#1_2,10.66,0.00,2.93,veh_human,3.42,121.21,,,,,,,,,
55.00,0.00,89.30,f_4_h.2,405006150#1_2,142.85,0.00,0.00,veh_human,135.60,122.81,,,,,,,,,
55.00,0.00,89.30,f_4_h.3,405006150#1_3,142.84,0.00,0.00,veh_human,135.57,126.01,,,,,,,,,
55.00,0.00,89.30,f_4_h.4,405006150#1_3,129.84,0.00,0.00,veh_human,122.57,125.86,,,,,,,,,
55.00,0.00,89.30,f_4_h.5,405006150#1_3,122.84,0.00,0.00,veh_human,115.57,125.77,,,,,,,,,
55.00,0.00,89.30,f_4_h.6,405006150#1_3,115.84,0.00,0.00,veh_human,108.57,125.69,,,,,,,,,
55.00,0.00,89.30,f_4_h.7,405006150#1_2,132.55,0.00,0.00,veh_human,125.30,122.69,,,,,,,,,
55.00,-0.00,89.30,f_4_h.8,405006150#1_2,125.55,0.00,0.00,veh_human,118.30,122.60,,,,,,,,,
55.00,-0.00,89.30,f_4_h.9,405006150#1_2,118.55,0.00,0.00,veh_human,111.30,122.52,,,,,,,,,
55.00,0.00,89.30,f_5_b.0,405006150#1_1,149.85,0.00,0.00,bike_human,142.63,119.70,,,,,,,,,
55.00,-0.90,89.31,f_6_h.0,405006150#1_4,109.18,0.00,12.19,veh_human,101.88,128.80,,,,,,,,,
55.00,0.83,89.31,f_6_h.1,405006150#1_4,56.69,0.00,12.25,veh_human,49.38,128.17,,,,,,,,,
55.00,-1.94,89.30,f_6_h.2,405006150#1_1,6.08,0.00,1.21,veh_human,-1.11,117.95,,,,,,,,,
55.00,0.00,359.97,f_8_b.0,401208131#0_2,15.95,0.00,7.50,bike_human,176.34,165.87,,,,,,,,,
55.00,0.42,359.97,f_8_h.14,401208131#0_1,67.42,0.00,18.00,veh_human,179.51,217.34,,,,,,,,,
55.00,-0.82,0.61,f_8_h.15,:Junc1_6_1,32.42,0.00,9.83,veh_human,176.31,146.46,,,,,,,,,
55.00,0.49,359.97,f_8_h.16,401208131#0_1,19.77,0.00,16.43,veh_human,179.54,169.70,,,,,,,,,
55.00,1.29,359.68,f_8_h.17,401208126#3_3,48.17,0.00,11.97,veh_human,176.07,93.25,,,,,,,,,
55.00,1.48,359.68,f_8_h.18,401208126#3_2,57.11,0.00,13.52,veh_human,179.22,102.18,,,,,,,,,
55.00,1.78,359.68,f_8_h.19,401208126#3_2,25.85,0.00,8.38,veh_human,179.40,70.94,,,,,,,,,
55.00,1.71,359.68,f_8_h.20,401208126#3_2,9.81,0.00,3.26,veh_human,179.49,54.90,,,,,,,,,
55.00,0.09,179.53,fc_00.2,401208129#0_2,52.24,0.00,20.22,veh_av,155.89,61.89,,,,,,,,,
55.00,0.52,179.92,fc_00.3,:Junc1_18_0,21.08,0.00,14.85,veh_av,152.25,128.84,,,,,,,,,
55.00,0.00,89.30,fc_04.0,405006150#1_3,136.84,0.00,0.00,veh_av,129.57,125.94,,,,,,,,,
55.00,-0.00,89.30,fc_04.1,405006150#1_1,105.54,0.00,0.00,veh_av,98.32,119.16,,,,,,,,,
55.00,0.66,89.30,fc_04.2,405006150#1_1,97.99,0.00,0.40,veh_av,90.78,119.07,,,,,,,,,
55.00,3.20,89.30,fc_04.3,405006150#1_3,23.84,0.00,7.94,veh_av,16.57,124.57,,,,,,,,,
55.00,0.48,0.41,fc_08.4,401208131#0_1,1.53,0.00,15.78,veh_av,179.55,151.45,,,,,,,,,
55.00,0.00,359.68,fc_08.5,401208126#3_1,5.89,0.00,0.00,veh_av,182.71,51.00,,,,,,,,,
55.00,0.00,269.61,fc_12.0,401217076#2_3,111.14,0.00,0.00,veh_av,189.10,137.94,,,,,,,,,
55.00,0.00,269.53,fc_12.1,401217076#2_2,105.14,0.00,0.00,veh_av,195.11,141.18,,,,,,,,,
55.00,0.00,269.53,fc_12.2,401217076#2_2,99.14,0.00,0.00,veh_av,201.11,141.23,,,,,,,,,
55.00,0.00,269.53,fc_12.3,401217076#2_3,91.14,0.00,0.00,veh_av,209.10,138.10,,,,,,,,,
55.00,0.00,269.53,fc_12.4,401217076#2_3,78.14,0.00,0.00,veh_av,222.10,138.20,,,,,,,,,
55.00,-0.00,269.53,fc_12.5,401217076#2_2,68.84,0.00,0.00,veh_av,231.40,141.48,,,,,,,,,
55.00,-0.00,269.53,fc_12.6,401217076#2_2,62.84,0.00,0.00,veh_av,237.40,141.53,,,,,,,,,
55.00,-0.00,269.53,fc_12.7,401217076#2_2,49.84,0.00,0.00,veh_av,250.40,141.63,,,,,,,,,
55.00,-0.00,269.53,fc_12.8,401217076#2_2,43.84,0.00,0.00,veh_av,256.39,141.68,,,,,,,,,
55.00,2.25,269.53,fc_12.9,401217076#2_2,8.93,0.00,4.25,veh_av,291.29,141.97,,,,,,,,,
55.00,1.37,269.53,fc_14.0,401217076#2_1,36.22,0.00,12.71,veh_av,263.99,144.94,,,,,,,,,
55.00,,,,,,,,,,,359.68,401208126#3,p_8.1,7.41,0.00,1.08,ped_human,185.90,52.54
55.00,,,,,,,,,,,359.68,401208126#3,p_8.0,58.22,0.00,1.26,ped_human,185.62,103.27
55.00,,,,,,,,,,,89.30,405006150#1,p_4.0,16.30,0.00,1.27,ped_human,9.15,114.88
55.10,0.89,179.53,f_0_h.17,401208129#0_1,47.88,0.00,17.26,veh_human,152.66,66.24,,,,,,,,,
55.10,0.52,179.70,f_0_h.18,401208129#0_1,3.65,0.00,15.54,veh_human,152.29,110.50,,,,,,,,,
55.10,1.35,180.22,f_0_h.19,401208128#2_2,55.15,0.00,12.80,veh_human,152.29,169.03,,,,,,,,,
55.10,1.87,180.22,f_0_h.20,401208128#2_2,20.76,0.00,7.60,veh_human,152.43,203.43,,,,,,,,,
55.10,1.41,180.22,f_0_h.21,401208128#2_2,8.79,0.00,2.46,veh_human,152.48,215.40,,,,,,,,,
55.10,-1.94,180.22,f_0_h.22,401208128#2_1,5.54,0.00,0.61,veh_human,149.29,218.67,,,,,,,,,
55.10,-0.05,359.68,f_11_h.0,401208126#3_6,67.84,0.00,0.07,veh_human,166.36,112.97,,,,,,,,,
55.10,0.00,269.53,f_12_b.0,401217076#2_2,85.64,0.00,0.00,bike_human,214.60,141.34,,,,,,,,,
55.10,0.00,269.60,f_12_h.0,401217076#2_2,111.14,0.00,0.00,veh_human,189.11,141.14,,,,,,,,,
55.10,0.00,269.53,f_12_h.1,401217076#2_3,104.14,0.00,0.00,veh_human,196.10,137.99,,,,,,,,,
55.10,-0.00,269.53,f_12_h.10,401217076#2_3,57.14,0.00,0.00,veh_human,243.11,138.37,,,,,,,,,
55.10,-0.04,269.53,f_12_h.11,401217076#2_3,50.09,0.00,0.05,veh_human,250.16,138.43,,,,,,,,,
55.10,-0.40,269.53,f_12_h.12,401217076#2_3,42.53,0.00,0.50,veh_human,257.72,138.49,,,,,,,,,
55.10,-1.54,269.53,f_12_h.13,401217076#2_3,32.09,0.00,2.76,veh_human,268.16,138.58,,,,,,,,,
55.10,-1.49,269.53,f_12_h.14,401217076#2_2,34.44,0.00,2.04,veh_human,265.79,141.76,,,,,,,,,
55.10,-0.52,269.53,f_12_h.15,401217076#2_2,19.22,0.00,4.91,veh_human,281.00,141.88,,,,,,,,,
55.10,0.00,269.53,f_12_h.16,401217076#2_1,5.12,0.00,0.00,veh_human,295.08,145.20,,,,,,,,,
55.10,0.00,269.53,f_12_h.2,401217076#2_3,97.14,0.00,0.00,veh_human,203.10,138.05,,,,,,,,,
55.10,0.00,269.53,f_12_h.3,401217076#2_2,92.14,0.00,0.00,veh_human,208.10,141.29,,,,,,,,,
55.10,0.00,269.53,f_12_h.4,401217076#2_3,84.14,0.00,0.00,veh_human,216.10,138.15,,,,,,,,,
55.10,0.00,269.53,f_12_h.5,401217076#2_3,71.14,0.00,0.00,veh_human,229.10,138.26,,,,,,,,,
55.10,0.00,269.53,f_12_h.6,401217076#2_2,81.84,0.00,0.00,veh_human,218.40,141.37,,,,,,,,,
55.10,-0.00,269.53,f_12_h.7,401217076#2_2,74.84,0.00,0.00,veh_human,225.40,141.43,,,,,,,,,
55.10,-0.00,269.53,f_12_h.8,401217076#2_3,64.14,0.00,0.00,veh_human,236.10,138.32,,,,,,,,,
55.10,-0.00,269.53,f_12_h.9,401217076#2_2,55.84,0.00,0.00,veh_human,244.40,141.58,,,,,,,,,
55.10,-0.22,269.56,f_14_h.0,401217076#2_1,110.66,0.00,0.32,veh_human,189.58,144.34,,,,,,,,,
55.10,0.00,269.61,f_15_h.0,401217076#2_4,111.13,0.00,0.00,veh_human,189.10,134.74,,,,,,,,,
55.10,-0.63,180.22,f_3_h.1,401208128#2_1,47.57,0.00,9.84,veh_human,149.12,176.61,,,,,,,,,
55.10,0.00,89.30,f_4_b.0,405006150#1_2,136.35,0.00,0.00,bike_human,129.10,122.73,,,,,,,,,
55.10,-0.00,89.30,f_4_b.1,405006150#1_3,109.34,0.00,0.00,bike_human,102.07,125.61,,,,,,,,,
55.10,-0.25,89.30,f_4_b.2,405006150#1_3,91.75,0.00,0.27,bike_human,84.48,125.39,,,,,,,,,
55.10,0.13,89.30,f_4_b.3,405006150#1_2,31.41,0.00,6.97,bike_human,24.18,121.46,,,,,,,,,
55.10,0.00,89.30,f_4_h.0,405006150#1_2,149.85,0.00,0.00,veh_human,142.60,122.90,,,,,,,,,
55.10,0.00,89.30,f_4_h.1,405006150#1_3,149.84,0.00,0.00,veh_human,142.57,126.10,,,,,,,,,
55.10,-0.00,89.30,f_4_h.10,405006150#1_2,111.55,0.00,0.00,veh_human,104.30,122.43,,,,,,,,,
55.10,-0.00,89.30,f_4_h.11,405006150#1_3,105.54,0.00,0.00,veh_human,98.27,125.56,,,,,,,,,
55.10,-0.17,89.30,f_4_h.12,405006150#1_2,104.35,0.00,0.18,veh_human,97.11,122.35,,,,,,,,,
55.10,-0.00,89.30,f_4_h.13,405006150#1_3,98.54,0.00,0.00,veh_human,91.27,125.48,,,,,,,,,
55.10,-0.62,89.30,f_4_h.14,405006150#1_2,90.41,0.00,0.99,veh_human,83.17,122.18,,,,,,,,,
55.10,-0.79,89.30,f_4_h.15,405006150#1_3,86.48,0.00,1.25,veh_human,79.21,125.33,,,,,,,,,
55.10,-1.19,89.30,f_4_h.16,405006150#1_2,80.19,0.00,2.58,veh_human,72.95,122.05,,,,,,,,,
55.10,-2.20,89.30,f_4_h.17,405006150#1_3,70.21,0.00,6.15,veh_human,62.94,125.13,,,,,,,,,
55.10,1.88,89.30,f_4_h.18,405006150#1_2,10.97,0.00,3.12,veh_human,3.74,121.21,,,,,,,,,
55.10,0.00,89.30,f_4_h.2,405006150#1_2,142.85,0.00,0.00,veh_human,135.60,122.81,,,,,,,,,
55.10,0.00,89.30,f_4_h.3,405006150#1_3,142.84,0.00,0.00,veh_human,135.57,126.01,,,,,,,,,
55.10,0.00,89.30,f_4_h.4,405006150#1_3,129.84,0.00,0.00,veh_human,122.57,125.86,,,,,,,,,
55.10,0.00,89.30,f_4_h.5,405006150#1_3,122.84,0.00,0.00,veh_human,115.57,125.77,,,,,,,,,
55.10,0.00,89.30,f_4_h.6,405006150#1_3,115.84,0.00,0.00,veh_human,108.57,125.69,,,,,,,,,
55.10,0.00,89.30,f_4_h.7,405006150#1_2,132.55,0.00,0.00,veh_human,125.30,122.69,,,,,,,,,
55.10,-0.00,89.30,f_4_h.8,405006150#1_2,125.55,0.00,0.00,veh_human,118.30,122.60,,,,,,,,,
55.10,-0.00,89.30,f_4_h.9,405006150#1_2,118.55,0.00,0.00,veh_human,111.30,122.52,,,,,,,,,
55.10,0.00,89.30,f_5_b.0,405006150#1_1,149.85,0.00,0.00,bike_human,142.63,119.70,,,,,,,,,
55.10,-0.96,89.31,f_6_h.0,405006150#1_4,110.39,0.00,12.09,veh_human,103.09,128.82,,,,,,,,,
55.10,0.79,89.31,f_6_h.1,405006150#1_4,57.92,0.00,12.33,veh_human,50.61,128.18,,,,,,,,,
55.10,-1.94,89.30,f_6_h.2,405006150#1_1,6.18,0.00,1.01,veh_human,-1.01,117.95,,,,,,,,,
55.10,0.00,359.97,f_8_b.0,401208131#0_2,16.70,0.00,7.50,bike_human,176.34,166.62,,,,,,,,,
55.10,0.41,359.97,f_8_h.14,401208131#0_1,69.23,0.00,18.04,veh_human,179.51,219.15,,,,,,,,,
55.10,-0.81,0.61,f_8_h.15,:Junc1_6_1,33.40,0.00,9.75,veh_human,176.32,147.43,,,,,,,,,
55.10,0.48,359.97,f_8_h.16,401208131#0_1,21.42,0.00,16.48,veh_human,179.54,171.35,,,,,,,,,
55.10,1.25,359.68,f_8_h.17,401208126#3_3,49.38,0.00,12.10,veh_human,176.07,94.46,,,,,,,,,
55.10,1.46,359.68,f_8_h.18,401208126#3_2,58.48,0.00,13.66,veh_human,179.22,103.54,,,,,,,,,
55.10,1.78,359.68,f_8_h.19,401208126#3_2,26.71,0.00,8.56,veh_human,179.39,71.79,,,,,,,,,
55.10,1.72,359.68,f_8_h.20,401208126#3_2,10.15,0.00,3.43,veh_human,179.48,55.25,,,,,,,,,
55.10,0.08,179.53,fc_00.2,401208129#0_2,54.27,0.00,20.23,veh_av,155.91,59.87,,,,,,,,,
55.10,0.51,179.92,fc_00.3,:Junc1_18_0,22.57,0.00,14.91,veh_av,152.25,127.35,,,,,,,,,
55.10,0.00,89.30,fc_04.0,405006150#1_3,136.84,0.00,0.00,veh_av,129.57,125.94,,,,,,,,,
55.10,-0.00,89.30,fc_04.1,405006150#1_1,105.54,0.00,0.00,veh_av,98.32,119.16,,,,,,,,,
55.10,0.29,89.30,fc_04.2,405006150#1_1,98.03,0.00,0.43,veh_av,90.82,119.07,,,,,,,,,
55.10,3.14,89.30,fc_04.3,405006150#1_3,24.66,0.00,8.26,veh_av,17.39,124.58,,,,,,,,,
55.10,0.47,0.21,fc_08.4,401208131#0_1,3.11,0.00,15.83,veh_av,179.55,153.04,,,,,,,,,
55.10,0.00,359.68,fc_08.5,401208126#3_1,5.89,0.00,0.00,veh_av,182.71,51.00,,,,,,,,,
55.10,0.00,269.61,fc_12.0,401217076#2_3,111.14,0.00,0.00,veh_av,189.10,137.94,,,,,,,,,
55.10,0.00,269.53,fc_12.1,401217076#2_2,105.14,0.00,0.00,veh_av,195.11,141.18,,,,,,,,,
55.10,0.00,269.53,fc_12.2,401217076#2_2,99.14,0.00,0.00,veh_av,201.11,141.23,,,,,,,,,
55.10,0.00,269.53,fc_12.3,401217076#2_3,91.14,0.00,0.00,veh_av,209.10,138.10,,,,,,,,,
55.10,0.00,269.53,fc_12.4,401217076#2_3,78.14,0.00,0.00,veh_av,222.10,138.20,,,,,,,,,
55.10,-0.00,269.53,fc_12.5,401217076#2_2,68.84,0.00,0.00,veh_av,231.40,141.48,,,,,,,,,
55.10,-0.00,269.53,fc_12.6,401217076#2_2,62.84,0.00,0.00,veh_av,237.40,141.53,,,,,,,,,
55.10,-0.00,269.53,fc_12.7,401217076#2_2,49.84,0.00,0.00,veh_av,250.39,141.63,,,,,,,,,
55.10,-0.00,269.53,fc_12.8,401217076#2_2,43.84,0.00,0.00,veh_av,256.39,141.68,,,,,,,,,
55.10,2.04,269.53,fc_12.9,401217076#2_2,9.38,0.00,4.45,veh_av,290.84,141.96,,,,,,,,,
55.10,1.25,269.53,fc_14.0,401217076#2_1,37.50,0.00,12.83,veh_av,262.71,144.93,,,,,,,,,
55.10,,,,,,,,,,,359.68,401208126#3,p_8.1,7.51,0.00,1.05,ped_human,185.90,52.64
55.10,,,,,,,,,,,359.68,401208126#3,p_8.0,58.35,0.00,1.33,ped_human,185.62,103.40
55.10,,,,,,,,,,,89.30,405006150#1,p_4.0,16.43,0.00,1.28,ped_human,9.28,114.88
55.20,0.87,179.53,f_0_h.17,401208129#0_1,49.62,0.00,17.35,veh_human,152.67,64.50,,,,,,,,,
55.20,0.52,179.57,f_0_h.18,401208129#0_1,5.21,0.00,15.59,veh_human,152.31,108.94,,,,,,,,,
55.20,1.33,180.22,f_0_h.19,401208128#2_2,56.44,0.00,12.94,veh_human,152.29,167.74,,,,,,,,,
55.20,1.87,180.22,f_0_h.20,401208128#2_2,21.54,0.00,7.79,veh_human,152.43,202.65,,,,,,,,,
55.20,1.47,180.22,f_0_h.21,401208128#2_2,9.05,0.00,2.61,veh_human,152.47,215.14,,,,,,,,,
55.20,-1.94,180.22,f_0_h.22,401208128#2_1,5.58,0.00,0.41,veh_human,149.29,218.63,,,,,,,,,
55.20,-0.05,359.68,f_11_h.0,401208126#3_6,67.85,0.00,0.07,veh_human,166.36,112.97,,,,,,,,,
55.20,0.00,269.53,f_12_b.0,401217076#2_2,85.64,0.00,0.00,bike_human,214.60,141.34,,,,,,,,,
55.20,0.00,269.60,f_12_h.0,401217076#2_2,111.14,0.00,0.00,veh_human,189.11,141.14,,,,,,,,,
55.20,0.00,269.53,f_12_h.1,401217076#2_3,104.14,0.00,0.00,veh_human,196.10,137.99,,,,,,,,,
55.20,-0.00,269.53,f_12_h.10,401217076#2_3,57.14,0.00,0.00,veh_human,243.11,138.37,,,,,,,,,
55.20,-0.04,269.53,f_12_h.11,401217076#2_3,50.09,0.00,0.04,veh_human,250.16,138.43,,,,,,,,,
55.20,-0.37,269.53,f_12_h.12,401217076#2_3,42.58,0.00,0.46,veh_human,257.67,138.49,,,,,,,,,
55.20,-1.49,269.53,f_12_h.13,401217076#2_3,32.35,0.00,2.61,veh_human,267.90,138.58,,,,,,,,,
55.20,-1.42,269.53,f_12_h.14,401217076#2_2,34.63,0.00,1.90,veh_human,265.60,141.76,,,,,,,,,
55.20,-0.65,269.53,f_12_h.15,401217076#2_2,19.71,0.00,4.85,veh_human,280.52,141.88,,,,,,,,,
55.20,0.00,269.53,f_12_h.16,401217076#2_1,5.12,0.00,0.00,veh_human,295.08,145.20,,,,,,,,,
55.20,0.00,269.53,f_12_h.2,401217076#2_3,97.14,0.00,0.00,veh_human,203.10,138.05,,,,,,,,,
55.20,0.00,269.53,f_12_h.3,401217076#2_2,92.14,0.00,0.00,veh_human,208.10,141.29,,,,,,,,,
55.20,0.00,269.53,f_12_h.4,401217076#2_3,84.14,0.00,0.00,veh_human,216.10,138.15,,,,,,,,,
55.20,0.00,269.53,f_12_h.5,401217076#2_3,71.14,0.00,0.00,veh_human,229.10,138.26,,,,,,,,,
55.20,0.00,269.53,f_12_h.6,401217076#2_2,81.84,0.00,0.00,veh_human,218.40,141.37,,,,,,,,,
55.20,-0.00,269.53,f_12_h.7,401217076#2_2,74.84,0.00,0.00,veh_human,225.40,141.43,,,,,,,,,
55.20,-0.00,269.53,f_12_h.8,401217076#2_3,64.14,0.00,0.00,veh_human,236.10,138.32,,,,,,,,,
55.20,-0.00,269.53,f_12_h.9,401217076#2_2,55.84,0.00,0.00,veh_human,244.40,141.58,,,,,,,,,
55.20,-0.21,269.56,f_14_h.0,401217076#2_1,110.69,0.00,0.30,veh_human,189.55,144.34,,,,,,,,,
55.20,0.00,269.61,f_15_h.0,401217076#2_4,111.13,0.00,0.00,veh_human,189.10,134.74,,,,,,,,,
55.20,-0.77,180.22,f_3_h.1,401208128#2_1,48.55,0.00,9.76,veh_human,149.12,175.63,,,,,,,,,
55.20,0.00,89.30,f_4_b.0,405006150#1_2,136.35,0.00,0.00,bike_human,129.10,122.73,,,,,,,,,
55.20,-0.00,89.30,f_4_b.1,405006150#1_3,109.34,0.00,0.00,bike_human,102.07,125.61,,,,,,,,,
55.20,-0.22,89.30,f_4_b.2,405006150#1_3,91.77,0.00,0.25,bike_human,84.50,125.39,,,,,,,,,
55.20,0.11,89.30,f_4_b.3,405006150#1_2,32.11,0.00,6.98,bike_human,24.88,121.47,,,,,,,,,
55.20,0.00,89.30,f_4_h.0,405006150#1_2,149.85,0.00,0.00,veh_human,142.60,122.90,,,,,,,,,
55.20,0.00,89.30,f_4_h.1,405006150#1_3,149.84,0.00,0.00,veh_human,142.57,126.10,,,,,,,,,
55.20,-0.00,89.30,f_4_h.10,405006150#1_2,111.55,0.00,0.00,veh_human,104.30,122.43,,,,,,,,,
55.20,-0.00,89.30,f_4_h.11,405006150#1_3,105.54,0.00,0.00,veh_human,98.27,125.56,,,,,,,,,
55.20,-0.15,89.30,f_4_h.12,405006150#1_2,104.37,0.00,0.16,veh_human,97.13,122.35,,,,,,,,,
55.20,-0.00,89.30,f_4_h.13,405006150#1_3,98.54,0.00,0.00,veh_human,91.27,125.48,,,,,,,,,
55.20,-0.57,89.30,f_4_h.14,405006150#1_2,90.51,0.00,0.94,veh_human,83.27,122.18,,,,,,,,,
55.20,-0.76,89.30,f_4_h.15,405006150#1_3,86.60,0.00,1.17,veh_human,79.33,125.33,,,,,,,,,
55.20,-1.16,89.30,f_4_h.16,405006150#1_2,80.44,0.00,2.47,veh_human,73.20,122.06,,,,,,,,,
55.20,-2.22,89.30,f_4_h.17,405006150#1_3,70.80,0.00,5.93,veh_human,63.53,125.14,,,,,,,,,
55.20,1.87,89.30,f_4_h.18,405006150#1_2,11.30,0.00,3.30,veh_human,4.07,121.22,,,,,,,,,
55.20,0.00,89.30,f_4_h.2,405006150#1_2,142.85,0.00,0.00,veh_human,135.60,122.81,,,,,,,,,
55.20,0.00,89.30,f_4_h.3,405006150#1_3,142.84,0.00,0.00,veh_human,135.57,126.01,,,,,,,,,
55.20,0.00,89.30,f_4_h.4,405006150#1_3,129.84,0.00,0.00,veh_human,122.57,125.86,,,,,,,,,
55.20,0.00,89.30,f_4_h.5,405006150#1_3,122.84,0.00,0.00,veh_human,115.57,125.77,,,,,,,,,
55.20,0.00,89.30,f_4_h.6,405006150#1_3,115.84,0.00,0.00,veh_human,108.57,125.69,,,,,,,,,
55.20,0.00,89.30,f_4_h.7,405006150#1_2,132.55,0.00,0.00,veh_human,125.30,122.69,,,,,,,,,
55.20,-0.00,89.30,f_4_h.8,405006150#1_2,125.55,0.00,0.00,veh_human,118.30,122.60,,,,,,,,,
55.20,-0.00,89.30,f_4_h.9,405006150#1_2,118.55,0.00,0.00,veh_human,111.30,122.52,,,,,,,,,
55.20,0.00,89.30,f_5_b.0,405006150#1_1,149.85,0.00,0.00,bike_human,142.63,119.70,,,,,,,,,
55.20,-1.02,89.31,f_6_h.0,405006150#1_4,111.59,0.00,11.99,veh_human,104.29,128.83,,,,,,,,,
55.20,0.75,89.31,f_6_h.1,405006150#1_4,59.16,0.00,12.40,veh_human,51.85,128.20,,,,,,,,,
55.20,-1.94,89.30,f_6_h.2,405006150#1_1,6.26,0.00,0.82,veh_human,-0.93,117.96,,,,,,,,,
55.20,0.00,359.97,f_8_b.0,401208131#0_2,17.45,0.00,7.50,bike_human,176.34,167.37,,,,,,,,,
55.20,0.39,359.97,f_8_h.14,401208131#0_1,71.04,0.00,18.08,veh_human,179.51,220.96,,,,,,,,,
55.20,-0.80,0.61,f_8_h.15,:Junc1_6_1,34.36,0.00,9.67,veh_human,176.33,148.40,,,,,,,,,
55.20,0.47,359.97,f_8_h.16,401208131#0_1,23.07,0.00,16.53,veh_human,179.54,173.00,,,,,,,,,
55.20,1.21,359.68,f_8_h.17,401208126#3_3,50.60,0.00,12.22,veh_human,176.06,95.68,,,,,,,,,
55.20,1.44,359.68,f_8_h.18,401208126#3_2,59.86,0.00,13.81,veh_human,179.21,104.92,,,,,,,,,
55.20,1.77,359.68,f_8_h.19,401208126#3_2,27.58,0.00,8.74,veh_human,179.39,72.67,,,,,,,,,
55.20,1.73,359.68,f_8_h.20,401208126#3_2,10.51,0.00,3.61,veh_human,179.48,55.61,,,,,,,,,
55.20,0.07,179.53,fc_00.2,401208129#0_2,56.29,0.00,20.24,veh_av,155.93,57.85,,,,,,,,,
55.20,0.50,179.92,fc_00.3,:Junc1_18_0,24.06,0.00,14.96,veh_av,152.25,125.86,,,,,,,,,
55.20,0.00,89.30,fc_04.0,405006150#1_3,136.84,0.00,0.00,veh_av,129.57,125.94,,,,,,,,,
55.20,-0.00,89.30,fc_04.1,405006150#1_1,105.54,0.00,0.00,veh_av,98.33,119.16,,,,,,,,,
55.20,0.02,89.30,fc_04.2,405006150#1_1,98.07,0.00,0.44,veh_av,90.86,119.07,,,,,,,,,
55.20,3.06,89.30,fc_04.3,405006150#1_3,25.52,0.00,8.56,veh_av,18.25,124.59,,,,,,,,,
55.20,0.46,0.01,fc_08.4,401208131#0_1,4.70,0.00,15.88,veh_av,179.55,154.63,,,,,,,,,
55.20,0.00,359.68,fc_08.5,401208126#3_1,5.89,0.00,0.00,veh_av,182.71,51.00,,,,,,,,,
55.20,0.00,269.61,fc_12.0,401217076#2_3,111.14,0.00,0.00,veh_av,189.10,137.94,,,,,,,,,
55.20,0.00,269.53,fc_12.1,401217076#2_2,105.14,0.00,0.00,veh_av,195.11,141.18,,,,,,,,,
55.20,0.00,269.53,fc_12.2,401217076#2_2,99.14,0.00,0.00,veh_av,201.11,141.23,,,,,,,,,
55.20,0.00,269.53,fc_12.3,401217076#2_3,91.14,0.00,0.00,veh_av,209.10,138.10,,,,,,,,,
55.20,0.00,269.53,fc_12.4,401217076#2_3,78.14,0.00,0.00,veh_av,222.10,138.20,,,,,,,,,
55.20,-0.00,269.53,fc_12.5,401217076#2_2,68.84,0.00,0.00,veh_av,231.40,141.48,,,,,,,,,
55.20,-0.00,269.53,fc_12.6,401217076#2_2,62.84,0.00,0.00,veh_av,237.40,141.53,,,,,,,,,
55.20,-0.00,269.53,fc_12.7,401217076#2_2,49.84,0.00,0.00,veh_av,250.39,141.63,,,,,,,,,
55.20,-0.00,269.53,fc_12.8,401217076#2_2,43.84,0.00,0.00,veh_av,256.39,141.68,,,,,,,,,
55.20,1.80,269.53,fc_12.9,401217076#2_2,9.84,0.00,4.63,veh_av,290.38,141.96,,,,,,,,,
55.20,1.13,269.53,fc_14.0,401217076#2_1,38.80,0.00,12.95,veh_av,261.42,144.92,,,,,,,,,
55.20,,,,,,,,,,,359.68,401208126#3,p_8.1,7.63,0.00,1.15,ped_human,185.90,52.76
55.20,,,,,,,,,,,359.68,401208126#3,p_8.0,58.48,0.00,1.36,ped_human,185.62,103.53
55.20,,,,,,,,,,,89.30,405006150#1,p_4.0,16.56,0.00,1.32,ped_human,9.41,114.88
55.30,0.85,179.53,f_0_h.17,401208129#0_1,51.36,0.00,17.43,veh_human,152.69,62.76,,,,,,,,,
55.30,0.51,179.53,f_0_h.18,401208129#0_1,6.77,0.00,15.64,veh_human,152.32,107.37,,,,,,,,,
55.30,1.31,180.22,f_0_h.19,401208128#2_2,57.75,0.00,13.07,veh_human,152.28,166.43,,,,,,,,,
55.30,1.86,180.22,f_0_h.20,401208128#2_2,22.33,0.00,7.97,veh_human,152.42,201.85,,,,,,,,,
55.30,1.52,180.22,f_0_h.21,401208128#2_2,9.32,0.00,2.76,veh_human,152.47,214.86,,,,,,,,,
55.30,1.99,180.22,f_0_h.22,401208128#2_1,5.64,0.00,0.61,veh_human,149.29,218.56,,,,,,,,,
55.30,-0.04,359.68,f_11_h.0,401208126#3_6,67.85,0.00,0.07,veh_human,166.36,112.98,,,,,,,,,
55.30,0.00,269.53,f_12_b.0,401217076#2_2,85.64,0.00,0.00,bike_human,214.60,141.34,,,,,,,,,
55.30,0.00,269.60,f_12_h.0,401217076#2_2,111.14,0.00,0.00,veh_human,189.11,141.14,,,,,,,,,
55.30,0.00,269.53,f_12_h.1,401217076#2_3,104.14,0.00,0.00,veh_human,196.10,137.99,,,,,,,,,
55.30,-0.00,269.53,f_12_h.10,401217076#2_3,57.14,0.00,0.00,veh_human,243.11,138.37,,,,,,,,,
55.30,-0.03,269.53,f_12_h.11,401217076#2_3,50.09,0.00,0.04,veh_human,250.15,138.43,,,,,,,,,
55.30,-0.35,269.53,f_12_h.12,401217076#2_3,42.62,0.00,0.43,veh_human,257.63,138.49,,,,,,,,,
55.30,-1.45,269.53,f_12_h.13,401217076#2_3,32.60,0.00,2.47,veh_human,267.65,138.57,,,,,,,,,
55.30,-1.34,269.53,f_12_h.14,401217076#2_2,34.80,0.00,1.76,veh_human,265.43,141.76,,,,,,,,,
55.30,-0.78,269.53,f_12_h.15,401217076#2_2,20.18,0.00,4.77,veh_human,280.04,141.88,,,,,,,,,
55.30,0.00,269.53,f_12_h.16,401217076#2_1,5.12,0.00,0.00,veh_human,295.08,145.20,,,,,,,,,
55.30,0.00,269.53,f_12_h.2,401217076#2_3,97.14,0.00,0.00,veh_human,203.10,138.05,,,,,,,,,
55.30,0.00,269.53,f_12_h.3,401217076#2_2,92.14,0.00,0.00,veh_human,208.10,141.29,,,,,,,,,
55.30,0.00,269.53,f_12_h.4,401217076#2_3,84.14,0.00,0.00,veh_human,216.10,138.15,,,,,,,,,
55.30,0.00,269.53,f_12_h.5,401217076#2_3,71.14,0.00,0.00,veh_human,229.10,138.26,,,,,,,,,
55.30,0.00,269.53,f_12_h.6,401217076#2_2,81.84,0.00,0.00,veh_human,218.40,141.37,,,,,,,,,
55.30,-0.00,269.53,f_12_h.7,401217076#2_2,74.84,0.00,0.00,veh_human,225.40,141.43,,,,,,,,,
55.30,-0.00,269.53,f_12_h.8,401217076#2_3,64.14,0.00,0.00,veh_human,236.10,138.32,,,,,,,,,
55.30,-0.00,269.53,f_12_h.9,401217076#2_2,55.84,0.00,0.00,veh_human,244.40,141.58,,,,,,,,,
55.30,-0.19,269.56,f_14_h.0,401217076#2_1,110.72,0.00,0.28,veh_human,189.53,144.34,,,,,,,,,
55.30,0.00,269.61,f_15_h.0,401217076#2_4,111.13,0.00,0.00,veh_human,189.10,134.74,,,,,,,,,
55.30,-0.90,180.22,f_3_h.1,401208128#2_1,49.52,0.00,9.67,veh_human,149.12,174.67,,,,,,,,,
55.30,0.00,89.30,f_4_b.0,405006150#1_2,136.35,0.00,0.00,bike_human,129.10,122.73,,,,,,,,,
55.30,0.00,89.30,f_4_b.1,405006150#1_3,109.34,0.00,0.00,bike_human,102.07,125.61,,,,,,,,,
55.30,-0.21,89.30,f_4_b.2,405006150#1_3,91.80,0.00,0.23,bike_human,84.53,125.39,,,,,,,,,
55.30,0.09,89.30,f_4_b.3,405006150#1_2,32.81,0.00,6.99,bike_human,25.58,121.48,,,,,,,,,
55.30,0.00,89.30,f_4_h.0,405006150#1_2,149.85,0.00,0.00,veh_human,142.60,122.90,,,,,,,,,
55.30,0.00,89.30,f_4_h.1,405006150#1_3,149.84,0.00,0.00,veh_human,142.57,126.10,,,,,,,,,
55.30,-0.00,89.30,f_4_h.10,405006150#1_2,111.55,0.00,0.00,veh_human,104.30,122.43,,,,,,,,,
55.30,-0.00,89.30,f_4_h.11,405006150#1_3,105.54,0.00,0.00,veh_human,98.27,125.56,,,,,,,,,
55.30,-0.14,89.30,f_4_h.12,405006150#1_2,104.39,0.00,0.15,veh_human,97.14,122.35,,,,,,,,,
55.30,-0.00,89.30,f_4_h.13,405006150#1_3,98.54,0.00,0.00,veh_human,91.27,125.48,,,,,,,,,
55.30,-0.53,89.30,f_4_h.14,405006150#1_2,90.60,0.00,0.89,veh_human,83.35,122.18,,,,,,,,,
55.30,-0.72,89.30,f_4_h.15,405006150#1_3,86.71,0.00,1.10,veh_human,79.44,125.33,,,,,,,,,
55.30,-1.12,89.30,f_4_h.16,405006150#1_2,80.67,0.00,2.36,veh_human,73.43,122.06,,,,,,,,,
55.30,-2.23,89.30,f_4_h.17,405006150#1_3,71.37,0.00,5.71,veh_human,64.10,125.15,,,,,,,,,
55.30,1.86,89.30,f_4_h.18,405006150#1_2,11.65,0.00,3.49,veh_human,4.42,121.22,,,,,,,,,
55.30,0.00,89.30,f_4_h.2,405006150#1_2,142.85,0.00,0.00,veh_human,135.60,122.81,,,,,,,,,
55.30,0.00,89.30,f_4_h.3,405006150#1_3,142.84,0.00,0.00,veh_human,135.57,126.01,,,,,,,,,
55.30,0.00,89.30,f_4_h.4,405006150#1_3,129.84,0.00,0.00,veh_human,122.57,125.86,,,,,,,,,
55.30,0.00,89.30,f_4_h.5,405006150#1_3,122.84,0.00,0.00,veh_human,115.57,125.77,,,,,,,,,
55.30,0.00,89.30,f_4_h.6,405006150#1_3,115.84,0.00,0.00,veh_human,108.57,125.69,,,,,,,,,
55.30,0.00,89.30,f_4_h.7,405006150#1_2,132.55,0.00,0.00,veh_human,125.30,122.69,,,,,,,,,
55.30,-0.00,89.30,f_4_h.8,405006150#1_2,125.55,0.00,0.00,veh_human,118.30,122.60,,,,,,,,,
55.30,-0.00,89.30,f_4_h.9,405006150#1_2,118.55,0.00,0.00,veh_human,111.30,122.52,,,,,,,,,
55.30,0.00,89.30,f_5_b.0,405006150#1_1,149.85,0.00,0.00,bike_human,142.63,119.70,,,,,,,,,
55.30,-1.08,89.31,f_6_h.0,405006150#1_4,112.78,0.00,11.88,veh_human,105.48,128.85,,,,,,,,,
55.30,0.71,89.31,f_6_h.1,405006150#1_4,60.41,0.00,12.47,veh_human,53.10,128.21,,,,,,,,,
55.30,-1.94,89.30,f_6_h.2,405006150#1_1,6.33,0.00,0.63,veh_human,-0.86,117.96,,,,,,,,,
55.30,0.00,359.97,f_8_b.0,401208131#0_2,18.20,0.00,7.50,bike_human,176.34,168.12,,,,,,,,,
55.30,0.38,359.97,f_8_h.14,401208131#0_1,72.85,0.00,18.12,veh_human,179.51,222.77,,,,,,,,,
55.30,-0.79,0.61,f_8_h.15,:Junc1_6_1,35.32,0.00,9.59,veh_human,176.34,149.36,,,,,,,,,
55.30,0.46,359.97,f_8_h.16,401208131#0_1,24.73,0.00,16.57,veh_human,179.54,174.66,,,,,,,,,
55.30,1.16,359.68,f_8_h.17,401208126#3_3,51.83,0.00,12.33,veh_human,176.05,96.91,,,,,,,,,
55.30,1.42,359.68,f_8_h.18,401208126#3_2,61.25,0.00,13.95,veh_human,179.20,106.32,,,,,,,,,
55.30,1.76,359.68,f_8_h.19,401208126#3_2,28.48,0.00,8.92,veh_human,179.38,73.56,,,,,,,,,
55.30,1.74,359.68,f_8_h.20,401208126#3_2,10.89,0.00,3.78,veh_human,179.48,55.99,,,,,,,,,
55.30,0.07,179.53,fc_00.2,401208129#0_2,58.32,0.00,20.25,veh_av,155.94,55.82,,,,,,,,,
55.30,0.50,179.92,fc_00.3,:Junc1_18_0,25.56,0.00,15.01,veh_av,152.26,124.36,,,,,,,,,
55.30,0.00,89.30,fc_04.0,405006150#1_3,136.84,0.00,0.00,veh_av,129.57,125.94,,,,,,,,,
55.30,-0.00,89.30,fc_04.1,405006150#1_1,105.54,0.00,0.00,veh_av,98.33,119.16,,,,,,,,,
55.30,-1.94,89.30,fc_04.2,405006150#1_1,98.10,0.00,0.24,veh_av,90.89,119.07,,,,,,,,,
55.30,2.98,89.30,fc_04.3,405006150#1_3,26.40,0.00,8.86,veh_av,19.13,124.60,,,,,,,,,
55.30,0.45,359.97,fc_08.4,401208131#0_1,6.29,0.00,15.92,veh_av,179.55,156.22,,,,,,,,,
55.30,0.00,359.68,fc_08.5,401208126#3_1,5.89,0.00,0.00,veh_av,182.71,51.00,,,,,,,,,
55.30,0.00,269.61,fc_12.0,401217076#2_3,111.14,0.00,0.00,veh_av,189.10,137.94,,,,,,,,,
55.30,0.00,269.53,fc_12.1,401217076#2_2,105.14,0.00,0.00,veh_av,195.11,141.18,,,,,,,,,
55.30,0.00,269.53,fc_12.2,401217076#2_2,99.14,0.00,0.00,veh_av,201.11,141.23,,,,,,,,,
55.30,0.00,269.53,fc_12.3,401217076#2_3,91.14,0.00,0.00,veh_av,209.10,138.10,,,,,,,,,
55.30,0.00,269.53,fc_12.4,401217076#2_3,78.14,0.00,0.00,veh_av,222.10,138.20,,,,,,,,,
55.30,-0.00,269.53,fc_12.5,401217076#2_2,68.84,0.00,0.00,veh_av,231.40,141.48,,,,,,,,,
55.30,-0.00,269.53,fc_12.6,401217076#2_2,62.84,0.00,0.00,veh_av,237.40,141.53,,,,,,,,,
55.30,-0.00,269.53,fc_12.7,401217076#2_2,49.84,0.00,0.00,veh_av,250.39,141.63,,,,,,,,,
55.30,-0.00,269.53,fc_12.8,401217076#2_2,43.84,0.00,0.00,veh_av,256.39,141.68,,,,,,,,,
55.30,1.53,269.53,fc_12.9,401217076#2_2,10.32,0.00,4.79,veh_av,289.90,141.96,,,,,,,,,
55.30,1.01,269.53,fc_14.0,401217076#2_1,40.10,0.00,13.05,veh_av,260.11,144.91,,,,,,,,,
55.30,,,,,,,,,,,359.68,401208126#3,p_8.1,7.74,0.00,1.12,ped_human,185.90,52.87
55.30,,,,,,,,,,,359.68,401208126#3,p_8.0,58.60,0.00,1.19,ped_human,185.61,103.65
55.30,,,,,,,,,,,89.30,405006150#1,p_4.0,16.69,0.00,1.28,ped_human,9.54,114.88
55.40,0.82,179.53,f_0_h.17,401208129#0_1,53.11,0.00,17.51,veh_human,152.70,61.01,,,,,,,,,
55.40,0.50,179.53,f_0_h.18,401208129#0_1,8.34,0.00,15.69,veh_human,152.33,105.80,,,,,,,,,
55.40,1.28,180.22,f_0_h.19,401208128#2_2,59.07,0.00,13.20,veh_human,152.28,165.11,,,,,,,,,
55.40,1.86,180.22,f_0_h.20,401208128#2_2,23.15,0.00,8.16,veh_human,152.42,201.04,,,,,,,,,
55.40,1.56,180.22,f_0_h.21,401208128#2_2,9.62,0.00,2.92,veh_human,152.47,214.57,,,,,,,,,
55.40,1.99,180.22,f_0_h.22,401208128#2_1,5.72,0.00,0.81,veh_human,149.29,218.48,,,,,,,,,
55.40,-0.04,359.68,f_11_h.0,401208126#3_6,67.86,0.00,0.06,veh_human,166.36,112.99,,,,,,,,,
55.40,0.00,269.53,f_12_b.0,401217076#2_2,85.64,0.00,0.00,bike_human,214.60,141.34,,,,,,,,,
55.40,0.00,269.60,f_12_h.0,401217076#2_2,111.14,0.00,0.00,veh_human,189.11,141.14,,,,,,,,,
55.40,0.00,269.53,f_12_h.1,401217076#2_3,104.14,0.00,0.00,veh_human,196.10,137.99,,,,,,,,,
55.40,-0.00,269.53,f_12_h.10,401217076#2_3,57.14,0.00,0.00,veh_human,243.11,138.37,,,,,,,,,
55.40,-0.03,269.53,f_12_h.11,401217076#2_3,50.10,0.00,0.04,veh_human,250.15,138.43,,,,,,,,,
55.40,-0.32,269.53,f_12_h.12,401217076#2_3,42.66,0.00,0.39,veh_human,257.59,138.49,,,,,,,,,
55.40,-1.40,269.53,f_12_h.13,401217076#2_3,32.83,0.00,2.33,veh_human,267.42,138.57,,,,,,,,,
55.40,-1.27,269.53,f_12_h.14,401217076#2_2,34.97,0.00,1.64,veh_human,265.26,141.75,,,,,,,,,
55.40,-0.90,269.53,f_12_h.15,401217076#2_2,20.65,0.00,4.68,veh_human,279.57,141.87,,,,,,,,,
55.40,0.00,269.53,f_12_h.16,401217076#2_1,5.12,0.00,0.00,veh_human,295.08,145.20,,,,,,,,,
55.40,0.00,269.53,f_12_h.2,401217076#2_3,97.14,0.00,0.00,veh_human,203.10,138.05,,,,,,,,,
55.40,0.00,269.53,f_12_h.3,401217076#2_2,92.14,0.00,0.00,veh_human,208.10,141.29,,,,,,,,,
55.40,0.00,269.53,f_12_h.4,401217076#2_3,84.14,0.00,0.00,veh_human,216.10,138.15,,,,,,,,,
55.40,0.00,269.53,f_12_h.5,401217076#2_3,71.14,0.00,0.00,veh_human,229.10,138.26,,,,,,,,,
55.40,0.00,269.53,f_12_h.6,401217076#2_2,81.84,0.00,0.00,veh_human,218.40,141.37,,,,,,,,,
55.40,-0.00,269.53,f_12_h.7,401217076#2_2,74.84,0.00,0.00,veh_human,225.40,141.43,,,,,,,,,
55.40,-0.00,269.53,f_12_h.8,401217076#2_3,64.14,0.00,0.00,veh_human,236.10,138.32,,,,,,,,,
55.40,-0.00,269.53,f_12_h.9,401217076#2_2,55.84,0.00,0.00,veh_human,244.40,141.58,,,,,,,,,
55.40,-0.18,269.57,f_14_h.0,401217076#2_1,110.75,0.00,0.26,veh_human,189.50,144.34,,,,,,,,,
55.40,0.00,269.61,f_15_h.0,401217076#2_4,111.13,0.00,0.00,veh_human,189.10,134.74,,,,,,,,,
55.40,-1.04,180.22,f_3_h.1,401208128#2_1,50.47,0.00,9.57,veh_human,149.11,173.71,,,,,,,,,
55.40,0.00,89.30,f_4_b.0,405006150#1_2,136.35,0.00,0.00,bike_human,129.10,122.73,,,,,,,,,
55.40,0.00,89.30,f_4_b.1,405006150#1_3,109.34,0.00,0.00,bike_human,102.07,125.61,,,,,,,,,
55.40,-0.19,89.30,f_4_b.2,405006150#1_3,91.82,0.00,0.21,bike_human,84.55,125.39,,,,,,,,,
55.40,0.07,89.30,f_4_b.3,405006150#1_2,33.51,0.00,7.00,bike_human,26.28,121.49,,,,,,,,,
55.40,0.00,89.30,f_4_h.0,405006150#1_2,149.85,0.00,0.00,veh_human,142.60,122.90,,,,,,,,,
55.40,0.00,89.30,f_4_h.1,405006150#1_3,149.84,0.00,0.00,veh_human,142.57,126.10,,,,,,,,,
55.40,-0.00,89.30,f_4_h.10,405006150#1_2,111.55,0.00,0.00,veh_human,104.30,122.43,,,,,,,,,
55.40,-0.00,89.30,f_4_h.11,405006150#1_3,105.54,0.00,0.00,veh_human,98.27,125.56,,,,,,,,,
55.40,-0.13,89.30,f_4_h.12,405006150#1_2,104.40,0.00,0.14,veh_human,97.16,122.35,,,,,,,,,
55.40,-0.00,89.30,f_4_h.13,405006150#1_3,98.54,0.00,0.00,veh_human,91.27,125.48,,,,,,,,,
55.40,-0.56,89.30,f_4_h.14,405006150#1_2,90.68,0.00,0.83,veh_human,83.44,122.18,,,,,,,,,
55.40,-0.68,89.30,f_4_h.15,405006150#1_3,86.81,0.00,1.03,veh_human,79.54,125.33,,,,,,,,,
55.40,-1.08,89.30,f_4_h.16,405006150#1_2,80.90,0.00,2.25,veh_human,73.66,122.06,,,,,,,,,
55.40,-2.23,89.30,f_4_h.17,405006150#1_3,71.92,0.00,5.49,veh_human,64.65,125.15,,,,,,,,,
55.40,1.85,89.30,f_4_h.18,405006150#1_2,12.01,0.00,3.67,veh_human,4.78,121.23,,,,,,,,,
55.40,0.00,89.30,f_4_h.2,405006150#1_2,142.85,0.00,0.00,veh_human,135.60,122.81,,,,,,,,,
55.40,0.00,89.30,f_4_h.3,405006150#1_3,142.84,0.00,0.00,veh_human,135.57,126.01,,,,,,,,,
55.40,0.00,89.30,f_4_h.4,405006150#1_3,129.84,0.00,0.00,veh_human,122.57,125.86,,,,,,,,,
55.40,0.00,89.30,f_4_h.5,405006150#1_3,122.84,0.00,0.00,veh_human,115.57,125.77,,,,,,,,,
55.40,0.00,89.30,f_4_h.6,405006150#1_3,115.84,0.00,0.00,veh_human,108.57,125.69,,,,,,,,,
55.40,0.00,89.30,f_4_h.7,405006150#1_2,132.55,0.00,0.00,veh_human,125.30,122.69,,,,,,,,,
55.40,-0.00,89.30,f_4_h.8,405006150#1_2,125.55,0.00,0.00,veh_human,118.30,122.60,,,,,,,,,
55.40,-0.00,89.30,f_4_h.9,405006150#1_2,118.55,0.00,0.00,veh_human,111.30,122.52,,,,,,,,,
55.40,0.00,89.30,f_5_b.0,405006150#1_1,149.85,0.00,0.00,bike_human,142.63,119.70,,,,,,,,,
55.40,-1.14,89.31,f_6_h.0,405006150#1_4,113.96,0.00,11.77,veh_human,106.65,128.86,,,,,,,,,
55.40,0.67,89.31,f_6_h.1,405006150#1_4,61.66,0.00,12.54,veh_human,54.35,128.23,,,,,,,,,
55.40,-1.94,89.30,f_6_h.2,405006150#1_1,6.37,0.00,0.43,veh_human,-0.82,117.96,,,,,,,,,
55.40,0.00,359.97,f_8_b.0,401208131#0_2,18.95,0.00,7.50,bike_human,176.34,168.87,,,,,,,,,
55.40,-0.78,0.56,f_8_h.15,401208131#0_2,0.39,0.00,9.51,veh_human,176.35,150.31,,,,,,,,,
55.40,0.45,359.97,f_8_h.16,401208131#0_1,26.39,0.00,16.62,veh_human,179.54,176.32,,,,,,,,,
55.40,1.12,359.68,f_8_h.17,401208126#3_3,53.07,0.00,12.44,veh_human,176.05,98.16,,,,,,,,,
55.40,1.40,359.68,f_8_h.18,401208126#3_2,62.66,0.00,14.09,veh_human,179.19,107.72,,,,,,,,,
55.40,1.75,359.68,f_8_h.19,401208126#3_2,29.38,0.00,9.09,veh_human,179.38,74.47,,,,,,,,,
55.40,1.75,359.68,f_8_h.20,401208126#3_2,11.29,0.00,3.95,veh_human,179.48,56.38,,,,,,,,,
55.40,0.06,179.53,fc_00.2,401208129#0_2,60.34,0.00,20.25,veh_av,155.96,53.80,,,,,,,,,
55.40,0.49,179.92,fc_00.3,:Junc1_18_0,27.07,0.00,15.05,veh_av,152.26,122.86,,,,,,,,,
55.40,0.00,89.30,fc_04.0,405006150#1_3,136.84,0.00,0.00,veh_av,129.57,125.94,,,,,,,,,
55.40,-0.00,89.30,fc_04.1,405006150#1_1,105.54,0.00,0.00,veh_av,98.33,119.16,,,,,,,,,
55.40,0.61,89.30,fc_04.2,405006150#1_1,98.13,0.00,0.30,veh_av,90.92,119.07,,,,,,,,,
55.40,2.88,89.30,fc_04.3,405006150#1_3,27.32,0.00,9.15,veh_av,20.05,124.61,,,,,,,,,
55.40,0.44,359.97,fc_08.4,401208131#0_1,7.88,0.00,15.96,veh_av,179.55,157.81,,,,,,,,,
55.40,0.00,359.68,fc_08.5,401208126#3_1,5.89,0.00,0.00,veh_av,182.71,51.00,,,,,,,,,
55.40,0.00,269.61,fc_12.0,401217076#2_3,111.14,0.00,0.00,veh_av,189.10,137.94,,,,,,,,,
55.40,0.00,269.53,fc_12.1,401217076#2_2,105.14,0.00,0.00,veh_av,195.11,141.18,,,,,,,,,
55.40,0.00,269.53,fc_12.2,401217076#2_2,99.14,0.00,0.00,veh_av,201.11,141.23,,,,,,,,,
55.40,0.00,269.53,fc_12.3,401217076#2_3,91.14,0.00,0.00,veh_av,209.10,138.10,,,,,,,,,
55.40,0.00,269.53,fc_12.4,401217076#2_3,78.14,0.00,0.00,veh_av,222.10,138.20,,,,,,,,,
55.40,-0.00,269.53,fc_12.5,401217076#2_2,68.84,0.00,0.00,veh_av,231.40,141.48,,,,,,,,,
55.40,-0.00,269.53,fc_12.6,401217076#2_2,62.84,0.00,0.00,veh_av,237.40,141.53,,,,,,,,,
55.40,-0.00,269.53,fc_12.7,401217076#2_2,49.84,0.00,0.00,veh_av,250.39,141.63,,,,,,,,,
55.40,-0.00,269.53,fc_12.8,401217076#2_2,43.84,0.00,0.00,veh_av,256.39,141.68,,,,,,,,,
55.40,1.24,269.53,fc_12.9,401217076#2_3,10.81,0.00,4.91,veh_av,289.44,138.75,,,,,,,,,
55.40,0.90,269.53,fc_14.0,401217076#2_1,41.42,0.00,13.14,veh_av,258.80,144.90,,,,,,,,,
55.40,,,,,,,,,,,359.68,401208126#3,p_8.1,7.84,0.00,0.99,ped_human,185.90,52.97
55.40,,,,,,,,,,,359.68,401208126#3,p_8.0,58.72,0.00,1.15,ped_human,185.61,103.77
55.40,,,,,,,,,,,89.30,405006150#1,p_4.0,16.82,0.00,1.31,ped_human,9.67,114.88
55.50,0.80,179.53,f_0_h.17,401208129#0_1,54.87,0.00,17.59,veh_human,152.71,59.25,,,,,,,,,
55.50,0.50,179.53,f_0_h.18,401208129#0_1,9.92,0.00,15.74,veh_human,152.35,104.23,,,,,,,,,
55.50,1.26,180.22,f_0_h.19,401208128#2_2,60.40,0.00,13.32,veh_human,152.27,163.78,,,,,,,,,
55.50,1.85,180.22,f_0_h.20,401208128#2_2,23.98,0.00,8.34,veh_human,152.42,200.20,,,,,,,,,
55.50,1.60,180.22,f_0_h.21,401208128#2_2,9.92,0.00,3.08,veh_human,152.47,214.26,,,,,,,,,
55.50,-1.94,180.22,f_0_h.22,401208128#2_1,5.79,0.00,0.62,veh_human,149.29,218.42,,,,,,,,,
55.50,-0.04,359.68,f_11_h.0,401208126#3_6,67.86,0.00,0.06,veh_human,166.36,112.99,,,,,,,,,
55.50,0.00,269.53,f_12_b.0,401217076#2_2,85.64,0.00,0.00,bike_human,214.60,141.34,,,,,,,,,
55.50,0.00,269.60,f_12_h.0,401217076#2_2,111.14,0.00,0.00,veh_human,189.11,141.14,,,,,,,,,
55.50,0.00,269.53,f_12_h.1,401217076#2_3,104.14,0.00,0.00,veh_human,196.10,137.99,,,,,,,,,
55.50,-0.00,269.53,f_12_h.10,401217076#2_3,57.14,0.00,0.00,veh_human,243.11,138.37,,,,,,,,,
55.50,-0.03,269.53,f_12_h.11,401217076#2_3,50.10,0.00,0.03,veh_human,250.14,138.43,,,,,,,,,
55.50,-0.30,269.53,f_12_h.12,401217076#2_3,42.69,0.00,0.36,veh_human,257.55,138.49,,,,,,,,,
55.50,-1.35,269.53,f_12_h.13,401217076#2_3,33.05,0.00,2.19,veh_human,267.20,138.57,,,,,,,,,
55.50,-1.20,269.53,f_12_h.14,401217076#2_2,35.12,0.00,1.52,veh_human,265.11,141.75,,,,,,,,,
55.50,-1.01,269.53,f_12_h.15,401217076#2_2,21.11,0.00,4.58,veh_human,279.12,141.87,,,,,,,,,
55.50,1.99,269.53,f_12_h.16,401217076#2_1,5.14,0.00,0.20,veh_human,295.06,145.20,,,,,,,,,
55.50,0.00,269.53,f_12_h.2,401217076#2_3,97.14,0.00,0.00,veh_human,203.10,138.05,,,,,,,,,
55.50,0.00,269.53,f_12_h.3,401217076#2_2,92.14,0.00,0.00,veh_human,208.10,141.29,,,,,,,,,
55.50,0.00,269.53,f_12_h.4,401217076#2_3,84.14,0.00,0.00,veh_human,216.10,138.15,,,,,,,,,
55.50,0.00,269.53,f_12_h.5,401217076#2_3,71.14,0.00,0.00,veh_human,229.10,138.26,,,,,,,,,
55.50,0.00,269.53,f_12_h.6,401217076#2_2,81.84,0.00,0.00,veh_human,218.40,141.37,,,,,,,,,
55.50,-0.00,269.53,f_12_h.7,401217076#2_2,74.84,0.00,0.00,veh_human,225.40,141.43,,,,,,,,,
55.50,-0.00,269.53,f_12_h.8,401217076#2_3,64.14,0.00,0.00,veh_human,236.10,138.32,,,,,,,,,
55.50,-0.00,269.53,f_12_h.9,401217076#2_2,55.84,0.00,0.00,veh_human,244.40,141.58,,,,,,,,,
55.50,-0.17,269.57,f_14_h.0,401217076#2_1,110.77,0.00,0.25,veh_human,189.48,144.34,,,,,,,,,
55.50,0.00,269.61,f_15_h.0,401217076#2_4,111.13,0.00,0.00,veh_human,189.10,134.74,,,,,,,,,
55.50,-1.17,180.22,f_3_h.1,401208128#2_1,51.42,0.00,9.45,veh_human,149.11,172.76,,,,,,,,,
55.50,0.00,89.30,f_4_b.0,405006150#1_2,136.35,0.00,0.00,bike_human,129.10,122.73,,,,,,,,,
55.50,0.00,89.30,f_4_b.1,405006150#1_3,109.34,0.00,0.00,bike_human,102.07,125.61,,,,,,,,,
55.50,-0.17,89.30,f_4_b.2,405006150#1_3,91.84,0.00,0.19,bike_human,84.57,125.39,,,,,,,,,
55.50,0.05,89.30,f_4_b.3,405006150#1_2,34.21,0.00,7.00,bike_human,26.98,121.50,,,,,,,,,
55.50,0.00,89.30,f_4_h.0,405006150#1_2,149.85,0.00,0.00,veh_human,142.60,122.90,,,,,,,,,
55.50,0.00,89.30,f_4_h.1,405006150#1_3,149.84,0.00,0.00,veh_human,142.57,126.10,,,,,,,,,
55.50,-0.00,89.30,f_4_h.10,405006150#1_2,111.55,0.00,0.00,veh_human,104.30,122.43,,,,,,,,,
55.50,-0.00,89.30,f_4_h.11,405006150#1_3,105.54,0.00,0.00,veh_human,98.27,125.56,,,,,,,,,
55.50,-0.12,89.30,f_4_h.12,405006150#1_2,104.41,0.00,0.13,veh_human,97.17,122.35,,,,,,,,,
55.50,-0.00,89.30,f_4_h.13,405006150#1_3,98.54,0.00,0.00,veh_human,91.27,125.48,,,,,,,,,
55.50,-0.51,89.30,f_4_h.14,405006150#1_2,90.76,0.00,0.78,veh_human,83.52,122.18,,,,,,,,,
55.50,-0.64,89.30,f_4_h.15,405006150#1_3,86.91,0.00,0.97,veh_human,79.64,125.33,,,,,,,,,
55.50,-1.05,89.30,f_4_h.16,405006150#1_2,81.11,0.00,2.14,veh_human,73.87,122.06,,,,,,,,,
55.50,-2.22,89.30,f_4_h.17,405006150#1_3,72.45,0.00,5.26,veh_human,65.18,125.16,,,,,,,,,
55.50,1.83,89.30,f_4_h.18,405006150#1_2,12.40,0.00,3.86,veh_human,5.17,121.23,,,,,,,,,
55.50,0.00,89.30,f_4_h.2,405006150#1_2,142.85,0.00,0.00,veh_human,135.60,122.81,,,,,,,,,
55.50,0.00,89.30,f_4_h.3,405006150#1_3,142.84,0.00,0.00,veh_human,135.57,126.01,,,,,,,,,
55.50,0.00,89.30,f_4_h.4,405006150#1_3,129.84,0.00,0.00,veh_human,122.57,125.86,,,,,,,,,
55.50,0.00,89.30,f_4_h.5,405006150#1_3,122.84,0.00,0.00,veh_human,115.57,125.77,,,,,,,,,
55.50,0.00,89.30,f_4_h.6,405006150#1_3,115.84,0.00,0.00,veh_human,108.57,125.69,,,,,,,,,
55.50,0.00,89.30,f_4_h.7,405006150#1_2,132.55,0.00,0.00,veh_human,125.30,122.69,,,,,,,,,
55.50,-0.00,89.30,f_4_h.8,405006150#1_2,125.55,0.00,0.00,veh_human,118.30,122.60,,,,,,,,,
55.50,-0.00,89.30,f_4_h.9,405006150#1_2,118.55,0.00,0.00,veh_human,111.30,122.52,,,,,,,,,
55.50,0.00,89.30,f_5_b.0,405006150#1_1,149.85,0.00,0.00,bike_human,142.63,119.70,,,,,,,,,
55.50,-1.20,89.31,f_6_h.0,405006150#1_4,115.12,0.00,11.65,veh_human,107.82,128.88,,,,,,,,,
55.50,0.63,89.31,f_6_h.1,405006150#1_4,62.92,0.00,12.60,veh_human,55.62,128.24,,,,,,,,,
55.50,-1.94,89.30,f_6_h.2,405006150#1_1,6.39,0.00,0.24,veh_human,-0.80,117.96,,,,,,,,,
55.50,0.00,359.97,f_8_b.0,401208131#0_2,19.70,0.00,7.50,bike_human,176.34,169.62,,,,,,,,,
55.50,-0.77,0.44,f_8_h.15,401208131#0_2,1.34,0.00,9.43,veh_human,176.35,151.26,,,,,,,,,
55.50,0.98,359.97,f_8_h.16,401208131#0_1,28.06,0.00,16.72,veh_human,179.53,177.99,,,,,,,,,
55.50,1.07,359.68,f_8_h.17,401208126#3_3,54.33,0.00,12.55,veh_human,176.04,99.41,,,,,,,,,
55.50,1.38,359.68,f_8_h.18,401208126#3_2,64.08,0.00,14.23,veh_human,179.18,109.15,,,,,,,,,
55.50,1.75,359.68,f_8_h.19,401208126#3_2,30.31,0.00,9.27,veh_human,179.37,75.39,,,,,,,,,
55.50,1.76,359.68,f_8_h.20,401208126#3_2,11.70,0.00,4.13,veh_human,179.48,56.79,,,,,,,,,
55.50,0.06,179.53,fc_00.2,401208129#0_2,62.37,0.00,20.26,veh_av,155.98,51.77,,,,,,,,,
55.50,0.48,179.92,fc_00.3,:Junc1_18_0,28.58,0.00,15.10,veh_av,152.26,121.35,,,,,,,,,
55.50,0.00,89.30,fc_04.0,405006150#1_3,136.84,0.00,0.00,veh_av,129.57,125.94,,,,,,,,,
55.50,-0.00,89.30,fc_04.1,405006150#1_1,105.54,0.00,0.00,veh_av,98.33,119.16,,,,,,,,,
55.50,0.28,89.30,fc_04.2,405006150#1_1,98.16,0.00,0.33,veh_av,90.95,119.07,,,,,,,,,
55.50,2.77,89.30,fc_04.3,405006150#1_3,28.26,0.00,9.42,veh_av,20.99,124.62,,,,,,,,,
55.50,0.43,359.97,fc_08.4,401208131#0_1,9.49,0.00,16.01,veh_av,179.54,159.41,,,,,,,,,
55.50,0.00,359.68,fc_08.5,401208126#3_1,5.89,0.00,0.00,veh_av,182.71,51.00,,,,,,,,,
55.50,0.00,269.61,fc_12.0,401217076#2_3,111.14,0.00,0.00,veh_av,189.10,137.94,,,,,,,,,
55.50,0.00,269.53,fc_12.1,401217076#2_2,105.14,0.00,0.00,veh_av,195.11,141.18,,,,,,,,,
55.50,0.00,269.53,fc_12.2,401217076#2_2,99.14,0.00,0.00,veh_av,201.11,141.23,,,,,,,,,
55.50,0.00,269.53,fc_12.3,401217076#2_3,91.14,0.00,0.00,veh_av,209.10,138.10,,,,,,,,,
55.50,0.00,269.53,fc_12.4,401217076#2_3,78.14,0.00,0.00,veh_av,222.10,138.20,,,,,,,,,
55.50,-0.00,269.53,fc_12.5,401217076#2_2,68.84,0.00,0.00,veh_av,231.40,141.48,,,,,,,,,
55.50,-0.00,269.53,fc_12.6,401217076#2_2,62.84,0.00,0.00,veh_av,237.40,141.53,,,,,,,,,
55.50,-0.00,269.53,fc_12.7,401217076#2_2,49.84,0.00,0.00,veh_av,250.39,141.63,,,,,,,,,
55.50,-0.00,269.53,fc_12.8,401217076#2_2,43.84,0.00,0.00,veh_av,256.39,141.68,,,,,,,,,
55.50,3.05,269.53,fc_12.9,401217076#2_3,11.33,0.00,5.22,veh_av,288.92,138.75,,,,,,,,,
55.50,0.79,269.53,fc_14.0,401217076#2_1,42.74,0.00,13.22,veh_av,257.48,144.89,,,,,,,,,
55.50,,,,,,,,,,,359.68,401208126#3,p_8.1,7.95,0.00,1.13,ped_human,185.90,53.08
55.50,,,,,,,,,,,359.68,401208126#3,p_8.0,58.85,0.00,1.31,ped_human,185.61,103.90
55.50,,,,,,,,,,,89.30,405006150#1,p_4.0,16.96,0.00,1.40,ped_human,9.81,114.89
55.60,0.78,179.53,f_0_h.17,401208129#0_1,56.64,0.00,17.67,veh_human,152.73,57.48,,,,,,,,,
55.60,0.49,179.53,f_0_h.18,401208129#0_1,11.50,0.00,15.79,veh_human,152.36,102.65,,,,,,,,,
55.60,1.24,180.22,f_0_h.19,401208128#2_2,61.75,0.00,13.45,veh_human,152.27,162.43,,,,,,,,,
55.60,1.84,180.22,f_0_h.20,401208128#2_2,24.84,0.00,8.53,veh_human,152.41,199.35,,,,,,,,,
55.60,1.62,180.22,f_0_h.21,401208128#2_2,10.25,0.00,3.24,veh_human,152.47,213.94,,,,,,,,,
55.60,-1.94,180.22,f_0_h.22,401208128#2_1,5.83,0.00,0.42,veh_human,149.29,218.38,,,,,,,,,
55.60,-0.04,359.68,f_11_h.0,401208126#3_6,67.87,0.00,0.05,veh_human,166.36,113.00,,,,,,,,,
55.60,0.00,269.53,f_12_b.0,401217076#2_2,85.64,0.00,0.00,bike_human,214.60,141.34,,,,,,,,,
55.60,0.00,269.60,f_12_h.0,401217076#2_2,111.14,0.00,0.00,veh_human,189.11,141.14,,,,,,,,,
55.60,0.00,269.53,f_12_h.1,401217076#2_3,104.14,0.00,0.00,veh_human,196.10,137.99,,,,,,,,,
55.60,-0.00,269.53,f_12_h.10,401217076#2_3,57.14,0.00,0.00,veh_human,243.11,138.37,,,,,,,,,
55.60,-0.03,269.53,f_12_h.11,401217076#2_3,50.10,0.00,0.03,veh_human,250.14,138.43,,,,,,,,,
55.60,-0.28,269.53,f_12_h.12,401217076#2_3,42.73,0.00,0.34,veh_human,257.52,138.49,,,,,,,,,
55.60,-1.29,269.53,f_12_h.13,401217076#2_3,33.26,0.00,2.06,veh_human,266.99,138.57,,,,,,,,,
55.60,-1.13,269.53,f_12_h.14,401217076#2_2,35.26,0.00,1.40,veh_human,264.97,141.75,,,,,,,,,
55.60,-1.11,269.53,f_12_h.15,401217076#2_2,21.56,0.00,4.47,veh_human,278.67,141.86,,,,,,,,,
55.60,1.99,269.53,f_12_h.16,401217076#2_2,5.18,0.00,0.40,veh_human,295.04,142.00,,,,,,,,,
55.60,0.00,269.53,f_12_h.2,401217076#2_3,97.14,0.00,0.00,veh_human,203.10,138.05,,,,,,,,,
55.60,0.00,269.53,f_12_h.3,401217076#2_2,92.14,0.00,0.00,veh_human,208.10,141.29,,,,,,,,,
55.60,0.00,269.53,f_12_h.4,401217076#2_3,84.14,0.00,0.00,veh_human,216.10,138.15,,,,,,,,,
55.60,0.00,269.53,f_12_h.5,401217076#2_3,71.14,0.00,0.00,veh_human,229.10,138.26,,,,,,,,,
55.60,0.00,269.53,f_12_h.6,401217076#2_2,81.84,0.00,0.00,veh_human,218.40,141.37,,,,,,,,,
55.60,-0.00,269.53,f_12_h.7,401217076#2_2,74.84,0.00,0.00,veh_human,225.40,141.43,,,,,,,,,
55.60,-0.00,269.53,f_12_h.8,401217076#2_3,64.14,0.00,0.00,veh_human,236.10,138.32,,,,,,,,,
55.60,-0.00,269.53,f_12_h.9,401217076#2_2,55.84,0.00,0.00,veh_human,244.40,141.58,,,,,,,,,
55.60,-0.16,269.57,f_14_h.0,401217076#2_1,110.80,0.00,0.23,veh_human,189.45,144.34,,,,,,,,,
55.60,0.00,269.61,f_15_h.0,401217076#2_4,111.13,0.00,0.00,veh_human,189.10,134.74,,,,,,,,,
55.60,0.00,269.53,f_15_h.1,401217076#2_1,5.10,0.00,0.00,veh_human,295.10,145.20,,,,,,,,,
55.60,-4.50,180.22,f_3_h.1,401208128#2_1,52.32,0.00,9.00,veh_human,149.11,171.86,,,,,,,,,
55.60,0.00,89.30,f_4_b.0,405006150#1_2,136.35,0.00,0.00,bike_human,129.10,122.73,,,,,,,,,
55.60,0.00,89.30,f_4_b.1,405006150#1_3,109.34,0.00,0.00,bike_human,102.07,125.61,,,,,,,,,
55.60,-0.16,89.30,f_4_b.2,405006150#1_3,91.85,0.00,0.17,bike_human,84.58,125.39,,,,,,,,,
55.60,0.04,89.30,f_4_b.3,405006150#1_2,34.91,0.00,7.01,bike_human,27.68,121.50,,,,,,,,,
55.60,0.00,89.30,f_4_h.0,405006150#1_2,149.85,0.00,0.00,veh_human,142.60,122.90,,,,,,,,,
55.60,0.00,89.30,f_4_h.1,405006150#1_3,149.84,0.00,0.00,veh_human,142.57,126.10,,,,,,,,,
55.60,-0.00,89.30,f_4_h.10,405006150#1_2,111.55,0.00,0.00,veh_human,104.30,122.43,,,,,,,,,
55.60,-0.00,89.30,f_4_h.11,405006150#1_3,105.54,0.00,0.00,veh_human,98.27,125.56,,,,,,,,,
55.60,-0.11,89.30,f_4_h.12,405006150#1_2,104.42,0.00,0.12,veh_human,97.18,122.35,,,,,,,,,
55.60,-0.00,89.30,f_4_h.13,405006150#1_3,98.54,0.00,0.00,veh_human,91.27,125.48,,,,,,,,,
55.60,-0.47,89.30,f_4_h.14,405006150#1_2,90.83,0.00,0.73,veh_human,83.59,122.18,,,,,,,,,
55.60,-0.61,89.30,f_4_h.15,405006150#1_3,87.00,0.00,0.91,veh_human,79.73,125.34,,,,,,,,,
55.60,-1.01,89.30,f_4_h.16,405006150#1_2,81.32,0.00,2.04,veh_human,74.08,122.07,,,,,,,,,
55.60,-2.21,89.30,f_4_h.17,405006150#1_3,72.95,0.00,5.04,veh_human,65.68,125.17,,,,,,,,,
55.60,1.82,89.30,f_4_h.18,405006150#1_2,12.80,0.00,4.04,veh_human,5.57,121.24,,,,,,,,,
55.60,0.00,89.30,f_4_h.2,405006150#1_2,142.85,0.00,0.00,veh_human,135.60,122.81,,,,,,,,,
55.60,0.00,89.30,f_4_h.3,405006150#1_3,142.84,0.00,0.00,veh_human,135.57,126.01,,,,,,,,,
55.60,0.00,89.30,f_4_h.4,405006150#1_3,129.84,0.00,0.00,veh_human,122.57,125.86,,,,,,,,,
55.60,0.00,89.30,f_4_h.5,405006150#1_3,122.84,0.00,0.00,veh_human,115.57,125.77,,,,,,,,,
55.60,0.00,89.30,f_4_h.6,405006150#1_3,115.84,0.00,0.00,veh_human,108.57,125.69,,,,,,,,,
55.60,0.00,89.30,f_4_h.7,405006150#1_2,132.55,0.00,0.00,veh_human,125.30,122.69,,,,,,,,,
55.60,-0.00,89.30,f_4_h.8,405006150#1_2,125.55,0.00,0.00,veh_human,118.30,122.60,,,,,,,,,
55.60,-0.00,89.30,f_4_h.9,405006150#1_2,118.55,0.00,0.00,veh_human,111.30,122.52,,,,,,,,,
55.60,0.00,89.30,f_5_b.0,405006150#1_1,149.85,0.00,0.00,bike_human,142.63,119.70,,,,,,,,,
55.60,-1.26,89.31,f_6_h.0,405006150#1_4,116.27,0.00,11.52,veh_human,108.97,128.89,,,,,,,,,
55.60,0.59,89.31,f_6_h.1,405006150#1_4,64.19,0.00,12.66,veh_human,56.88,128.26,,,,,,,,,
55.60,-1.94,89.30,f_6_h.2,405006150#1_1,6.40,0.00,0.04,veh_human,-0.79,117.96,,,,,,,,,
55.60,0.00,359.97,f_8_b.0,401208131#0_2,20.45,0.00,7.50,bike_human,176.34,170.37,,,,,,,,,
55.60,-0.76,0.32,f_8_h.15,401208131#0_2,2.27,0.00,9.36,veh_human,176.35,152.19,,,,,,,,,
55.60,0.96,359.97,f_8_h.16,401208131#0_1,29.74,0.00,16.81,veh_human,179.53,179.67,,,,,,,,,
55.60,1.02,359.68,f_8_h.17,401208126#3_3,55.60,0.00,12.65,veh_human,176.03,100.68,,,,,,,,,
55.60,1.35,359.68,f_8_h.18,401208126#3_2,65.52,0.00,14.36,veh_human,179.18,110.58,,,,,,,,,
55.60,1.74,359.68,f_8_h.19,401208126#3_2,31.25,0.00,9.44,veh_human,179.37,76.34,,,,,,,,,
55.60,1.76,359.68,f_8_h.20,401208126#3_2,12.13,0.00,4.31,veh_human,179.47,57.22,,,,,,,,,
55.60,0.06,179.53,fc_00.2,401208129#0_2,64.39,0.00,20.27,veh_av,155.99,49.74,,,,,,,,,
55.60,0.48,179.92,fc_00.3,:Junc1_18_0,30.09,0.00,15.15,veh_av,152.26,119.83,,,,,,,,,
55.60,0.00,89.30,fc_04.0,405006150#1_3,136.84,0.00,0.00,veh_av,129.57,125.94,,,,,,,,,
55.60,-0.00,89.30,fc_04.1,405006150#1_1,105.54,0.00,0.00,veh_av,98.33,119.16,,,,,,,,,
55.60,0.04,89.30,fc_04.2,405006150#1_1,98.19,0.00,0.33,veh_av,90.98,119.07,,,,,,,,,
55.60,2.66,89.30,fc_04.3,405006150#1_3,29.23,0.00,9.69,veh_av,21.96,124.63,,,,,,,,,
55.60,0.47,359.97,fc_08.4,401208131#0_1,11.09,0.00,16.05,veh_av,179.54,161.02,,,,,,,,,
55.60,1.14,359.68,fc_08.5,401208126#3_2,5.90,0.00,0.11,veh_av,179.51,50.99,,,,,,,,,
55.60,0.00,359.68,fc_08.6,401208126#3_1,5.10,0.00,0.00,veh_av,182.71,50.21,,,,,,,,,
55.60,0.00,269.61,fc_12.0,401217076#2_3,111.14,0.00,0.00,veh_av,189.10,137.94,,,,,,,,,
55.60,0.00,269.53,fc_12.1,401217076#2_2,105.14,0.00,0.00,veh_av,195.11,141.18,,,,,,,,,
55.60,0.00,269.53,fc_12.2,401217076#2_2,99.14,0.00,0.00,veh_av,201.11,141.23,,,,,,,,,
55.60,0.00,269.53,fc_12.3,401217076#2_3,91.14,0.00,0.00,veh_av,209.10,138.10,,,,,,,,,
55.60,0.00,269.53,fc_12.4,401217076#2_3,78.14,0.00,0.00,veh_av,222.10,138.20,,,,,,,,,
55.60,-0.00,269.53,fc_12.5,401217076#2_2,68.84,0.00,0.00,veh_av,231.40,141.48,,,,,,,,,
55.60,-0.00,269.53,fc_12.6,401217076#2_2,62.84,0.00,0.00,veh_av,237.40,141.53,,,,,,,,,
55.60,-0.00,269.53,fc_12.7,401217076#2_2,49.84,0.00,0.00,veh_av,250.39,141.63,,,,,,,,,
55.60,-0.00,269.53,fc_12.8,401217076#2_2,43.84,0.00,0.00,veh_av,256.39,141.68,,,,,,,,,
55.60,2.92,269.53,fc_12.9,401217076#2_3,11.88,0.00,5.51,veh_av,288.37,138.74,,,,,,,,,
55.60,0.68,269.53,fc_14.0,401217076#2_1,44.07,0.00,13.29,veh_av,256.15,144.88,,,,,,,,,
55.60,,,,,,,,,,,359.68,401208126#3,p_8.1,8.05,0.00,1.03,ped_human,185.90,53.18
55.60,,,,,,,,,,,359.68,401208126#3,p_8.0,58.98,0.00,1.36,ped_human,185.61,104.03
55.60,,,,,,,,,,,89.30,405006150#1,p_4.0,17.12,0.00,1.51,ped_human,9.96,114.89
55.70,0.76,179.53,f_0_h.17,401208129#0_1,58.41,0.00,17.75,veh_human,152.74,55.70,,,,,,,,,
55.70,0.49,179.53,f_0_h.18,401208129#0_1,13.08,0.00,15.84,veh_human,152.37,101.06,,,,,,,,,
55.70,1.21,180.22,f_0_h.19,401208128#2_2,63.10,0.00,13.57,veh_human,152.26,161.08,,,,,,,,,
55.70,1.84,180.22,f_0_h.20,401208128#2_2,25.71,0.00,8.71,veh_human,152.41,198.48,,,,,,,,,
55.70,1.65,180.22,f_0_h.21,401208128#2_2,10.59,0.00,3.41,veh_human,152.47,213.60,,,,,,,,,
55.70,2.00,180.22,f_0_h.22,401208128#2_1,5.89,0.00,0.62,veh_human,149.29,218.32,,,,,,,,,
55.70,-0.03,359.68,f_11_h.0,401208126#3_6,67.87,0.00,0.05,veh_human,166.36,113.00,,,,,,,,,
55.70,0.00,269.53,f_12_b.0,401217076#2_2,85.64,0.00,0.00,bike_human,214.60,141.34,,,,,,,,,
55.70,0.00,269.60,f_12_h.0,401217076#2_2,111.14,0.00,0.00,veh_human,189.11,141.14,,,,,,,,,
55.70,0.00,269.53,f_12_h.1,401217076#2_3,104.14,0.00,0.00,veh_human,196.10,137.99,,,,,,,,,
55.70,-0.00,269.53,f_12_h.10,401217076#2_3,57.14,0.00,0.00,veh_human,243.11,138.37,,,,,,,,,
55.70,-0.02,269.53,f_12_h.11,401217076#2_3,50.11,0.00,0.03,veh_human,250.14,138.43,,,,,,,,,
55.70,-0.25,269.53,f_12_h.12,401217076#2_3,42.76,0.00,0.31,veh_human,257.49,138.49,,,,,,,,,
55.70,-1.24,269.53,f_12_h.13,401217076#2_3,33.45,0.00,1.94,veh_human,266.80,138.57,,,,,,,,,
55.70,-1.06,269.53,f_12_h.14,401217076#2_2,35.39,0.00,1.30,veh_human,264.84,141.75,,,,,,,,,
55.70,-1.20,269.53,f_12_h.15,401217076#2_2,21.99,0.00,4.35,veh_human,278.23,141.86,,,,,,,,,
55.70,1.92,269.53,f_12_h.16,401217076#2_2,5.24,0.00,0.59,veh_human,294.98,142.00,,,,,,,,,
55.70,0.00,269.53,f_12_h.2,401217076#2_3,97.14,0.00,0.00,veh_human,203.10,138.05,,,,,,,,,
55.70,0.00,269.53,f_12_h.3,401217076#2_2,92.14,0.00,0.00,veh_human,208.10,141.29,,,,,,,,,
55.70,0.00,269.53,f_12_h.4,401217076#2_3,84.14,0.00,0.00,veh_human,216.10,138.15,,,,,,,,,
55.70,0.00,269.53,f_12_h.5,401217076#2_3,71.14,0.00,0.00,veh_human,229.10,138.26,,,,,,,,,
55.70,0.00,269.53,f_12_h.6,401217076#2_2,81.84,0.00,0.00,veh_human,218.40,141.37,,,,,,,,,
55.70,-0.00,269.53,f_12_h.7,401217076#2_2,74.84,0.00,0.00,veh_human,225.40,141.43,,,,,,,,,
55.70,-0.00,269.53,f_12_h.8,401217076#2_3,64.14,0.00,0.00,veh_human,236.10,138.32,,,,,,,,,
55.70,-0.00,269.53,f_12_h.9,401217076#2_2,55.84,0.00,0.00,veh_human,244.40,141.58,,,,,,,,,
55.70,-0.15,269.57,f_14_h.0,401217076#2_1,110.82,0.00,0.22,veh_human,189.43,144.34,,,,,,,,,
55.70,0.00,269.61,f_15_h.0,401217076#2_4,111.13,0.00,0.00,veh_human,189.10,134.74,,,,,,,,,
55.70,1.99,269.53,f_15_h.1,401217076#2_1,5.12,0.00,0.20,veh_human,295.08,145.20,,,,,,,,,
55.70,-4.50,180.22,f_3_h.1,401208128#2_1,53.17,0.00,8.55,veh_human,149.10,171.01,,,,,,,,,
55.70,0.00,89.30,f_4_b.0,405006150#1_2,136.35,0.00,0.00,bike_human,129.10,122.73,,,,,,,,,
55.70,0.00,89.30,f_4_b.1,405006150#1_3,109.34,0.00,0.00,bike_human,102.07,125.61,,,,,,,,,
55.70,-0.15,89.30,f_4_b.2,405006150#1_3,91.87,0.00,0.16,bike_human,84.60,125.39,,,,,,,,,
55.70,0.02,89.30,f_4_b.3,405006150#1_2,35.61,0.00,7.01,bike_human,28.38,121.51,,,,,,,,,
55.70,0.00,89.30,f_4_h.0,405006150#1_2,149.85,0.00,0.00,veh_human,142.60,122.90,,,,,,,,,
55.70,0.00,89.30,f_4_h.1,405006150#1_3,149.84,0.00,0.00,veh_human,142.57,126.10,,,,,,,,,
55.70,-0.00,89.30,f_4_h.10,405006150#1_2,111.55,0.00,0.00,veh_human,104.30,122.43,,,,,,,,,
55.70,-0.00,89.30,f_4_h.11,405006150#1_3,105.54,0.00,0.00,veh_human,98.27,125.56,,,,,,,,,
55.70,-0.10,89.30,f_4_h.12,405006150#1_2,104.43,0.00,0.11,veh_human,97.19,122.35,,,,,,,,,
55.70,-0.00,89.30,f_4_h.13,405006150#1_3,98.54,0.00,0.00,veh_human,91.27,125.48,,,,,,,,,
55.70,-0.43,89.30,f_4_h.14,405006150#1_2,90.90,0.00,0.69,veh_human,83.66,122.18,,,,,,,,,
55.70,-0.58,89.30,f_4_h.15,405006150#1_3,87.08,0.00,0.85,veh_human,79.81,125.34,,,,,,,,,
55.70,-0.98,89.30,f_4_h.16,405006150#1_2,81.51,0.00,1.94,veh_human,74.27,122.07,,,,,,,,,
55.70,-2.18,89.30,f_4_h.17,405006150#1_3,73.44,0.00,4.82,veh_human,66.17,125.17,,,,,,,,,
55.70,1.81,89.30,f_4_h.18,405006150#1_2,13.23,0.00,4.22,veh_human,5.99,121.24,,,,,,,,,
55.70,0.00,89.30,f_4_h.2,405006150#1_2,142.85,0.00,0.00,veh_human,135.60,122.81,,,,,,,,,
55.70,0.00,89.30,f_4_h.3,405006150#1_3,142.84,0.00,0.00,veh_human,135.57,126.01,,,,,,,,,
55.70,0.00,89.30,f_4_h.4,405006150#1_3,129.84,0.00,0.00,veh_human,122.57,125.86,,,,,,,,,
55.70,0.00,89.30,f_4_h.5,405006150#1_3,122.84,0.00,0.00,veh_human,115.57,125.77,,,,,,,,,
55.70,0.00,89.30,f_4_h.6,405006150#1_3,115.84,0.00,0.00,veh_human,108.57,125.69,,,,,,,,,
55.70,0.00,89.30,f_4_h.7,405006150#1_2,132.55,0.00,0.00,veh_human,125.30,122.69,,,,,,,,,
55.70,-0.00,89.30,f_4_h.8,405006150#1_2,125.55,0.00,0.00,veh_human,118.30,122.60,,,,,,,,,
55.70,-0.00,89.30,f_4_h.9,405006150#1_2,118.55,0.00,0.00,veh_human,111.30,122.52,,,,,,,,,
55.70,0.00,89.30,f_5_b.0,405006150#1_1,149.85,0.00,0.00,bike_human,142.63,119.70,,,,,,,,,
55.70,-1.33,89.31,f_6_h.0,405006150#1_4,117.41,0.00,11.39,veh_human,110.11,128.90,,,,,,,,,
55.70,0.55,89.31,f_6_h.1,405006150#1_4,65.46,0.00,12.72,veh_human,58.15,128.27,,,,,,,,,
55.70,-0.42,89.30,f_6_h.2,405006150#1_1,6.40,0.00,0.00,veh_human,-0.79,117.96,,,,,,,,,
55.70,0.00,359.97,f_8_b.0,401208131#0_2,21.20,0.00,7.50,bike_human,176.34,171.12,,,,,,,,,
55.70,-0.74,0.20,f_8_h.15,401208131#0_2,3.20,0.00,9.28,veh_human,176.35,153.12,,,,,,,,,
55.70,0.94,359.97,f_8_h.16,401208131#0_1,31.43,0.00,16.91,veh_human,179.53,181.36,,,,,,,,,
55.70,0.97,359.68,f_8_h.17,401208126#3_3,56.87,0.00,12.75,veh_human,176.02,101.95,,,,,,,,,
55.70,1.33,359.68,f_8_h.18,401208126#3_2,66.97,0.00,14.50,veh_human,179.17,112.03,,,,,,,,,
55.70,1.73,359.68,f_8_h.19,401208126#3_2,32.22,0.00,9.61,veh_human,179.36,77.30,,,,,,,,,
55.70,1.77,359.68,f_8_h.20,401208126#3_2,12.58,0.00,4.48,veh_human,179.47,57.67,,,,,,,,,
55.70,0.05,179.53,fc_00.2,401208129#0_2,66.42,0.00,20.27,veh_av,156.01,47.72,,,,,,,,,
55.70,0.47,179.92,fc_00.3,:Junc1_18_0,31.61,0.00,15.20,veh_av,152.26,118.31,,,,,,,,,
55.70,0.00,89.30,fc_04.0,405006150#1_3,136.84,0.00,0.00,veh_av,129.57,125.94,,,,,,,,,
55.70,-0.00,89.30,fc_04.1,405006150#1_1,105.54,0.00,0.00,veh_av,98.33,119.16,,,,,,,,,
55.70,-1.94,89.30,fc_04.2,405006150#1_1,98.21,0.00,0.14,veh_av,91.00,119.07,,,,,,,,,
55.70,2.53,89.30,fc_04.3,405006150#1_3,30.22,0.00,9.94,veh_av,22.95,124.65,,,,,,,,,
55.70,0.50,359.97,fc_08.4,401208131#0_1,12.70,0.00,16.10,veh_av,179.54,162.63,,,,,,,,,
55.70,1.20,359.68,fc_08.5,401208126#3_2,5.92,0.00,0.23,veh_av,179.51,51.02,,,,,,,,,
55.70,3.50,359.68,fc_08.6,401208126#3_1,5.13,0.00,0.35,veh_av,182.71,50.25,,,,,,,,,
55.70,0.00,269.61,fc_12.0,401217076#2_3,111.14,0.00,0.00,veh_av,189.10,137.94,,,,,,,,,
55.70,0.00,269.53,fc_12.1,401217076#2_2,105.14,0.00,0.00,veh_av,195.11,141.18,,,,,,,,,
55.70,0.00,269.53,fc_12.2,401217076#2_2,99.14,0.00,0.00,veh_av,201.11,141.23,,,,,,,,,
55.70,0.00,269.53,fc_12.3,401217076#2_3,91.14,0.00,0.00,veh_av,209.10,138.10,,,,,,,,,
55.70,0.00,269.53,fc_12.4,401217076#2_3,78.14,0.00,0.00,veh_av,222.10,138.20,,,,,,,,,
55.70,-0.00,269.53,fc_12.5,401217076#2_2,68.84,0.00,0.00,veh_av,231.40,141.48,,,,,,,,,
55.70,-0.00,269.53,fc_12.6,401217076#2_2,62.84,0.00,0.00,veh_av,237.40,141.53,,,,,,,,,
55.70,-0.00,269.53,fc_12.7,401217076#2_2,49.84,0.00,0.00,veh_av,250.39,141.63,,,,,,,,,
55.70,-0.00,269.53,fc_12.8,401217076#2_2,43.84,0.00,0.00,veh_av,256.39,141.68,,,,,,,,,
55.70,2.77,269.53,fc_12.9,401217076#2_3,12.46,0.00,5.79,veh_av,287.79,138.74,,,,,,,,,
55.70,0.58,269.53,fc_14.0,401217076#2_1,45.40,0.00,13.34,veh_av,254.82,144.87,,,,,,,,,
55.70,,,,,,,,,,,359.68,401208126#3,p_8.1,8.15,0.00,0.96,ped_human,185.89,53.28
55.70,,,,,,,,,,,359.68,401208126#3,p_8.0,59.11,0.00,1.30,ped_human,185.61,104.16
55.70,,,,,,,,,,,89.30,405006150#1,p_4.0,17.26,0.00,1.41,ped_human,10.10,114.89
55.80,0.74,179.53,f_0_h.17,401208129#0_1,60.20,0.00,17.82,veh_human,152.76,53.92,,,,,,,,,
55.80,0.48,179.53,f_0_h.18,401208129#0_1,14.67,0.00,15.88,veh_human,152.38,99.47,,,,,,,,,
55.80,1.19,180.22,f_0_h.19,401208128#2_2,64.47,0.00,13.69,veh_human,152.26,159.71,,,,,,,,,
55.80,1.83,180.22,f_0_h.20,401208128#2_2,26.60,0.00,8.89,veh_human,152.41,197.59,,,,,,,,,
55.80,1.67,180.22,f_0_h.21,401208128#2_2,10.95,0.00,3.57,veh_human,152.47,213.24,,,,,,,,,
55.80,2.00,180.22,f_0_h.22,401208128#2_1,5.97,0.00,0.82,veh_human,149.29,218.23,,,,,,,,,
55.80,-0.03,359.68,f_11_h.0,401208126#3_6,67.88,0.00,0.05,veh_human,166.36,113.01,,,,,,,,,
55.80,0.00,269.53,f_12_b.0,401217076#2_2,85.64,0.00,0.00,bike_human,214.60,141.34,,,,,,,,,
55.80,0.00,269.60,f_12_h.0,401217076#2_2,111.14,0.00,0.00,veh_human,189.11,141.14,,,,,,,,,
55.80,0.00,269.53,f_12_h.1,401217076#2_3,104.14,0.00,0.00,veh_human,196.10,137.99,,,,,,,,,
55.80,-0.00,269.53,f_12_h.10,401217076#2_3,57.14,0.00,0.00,veh_human,243.11,138.37,,,,,,,,,
55.80,-0.02,269.53,f_12_h.11,401217076#2_3,50.11,0.00,0.03,veh_human,250.14,138.43,,,,,,,,,
55.80,-0.24,269.53,f_12_h.12,401217076#2_3,42.79,0.00,0.29,veh_human,257.46,138.49,,,,,,,,,
55.80,-1.19,269.53,f_12_h.13,401217076#2_3,33.63,0.00,1.82,veh_human,266.61,138.57,,,,,,,,,
55.80,-1.00,269.53,f_12_h.14,401217076#2_2,35.51,0.00,1.20,veh_human,264.72,141.75,,,,,,,,,
55.80,-1.28,269.53,f_12_h.15,401217076#2_2,22.41,0.00,4.22,veh_human,277.81,141.86,,,,,,,,,
55.80,1.91,269.53,f_12_h.16,401217076#2_2,5.32,0.00,0.78,veh_human,294.91,142.00,,,,,,,,,
55.80,0.00,269.53,f_12_h.2,401217076#2_3,97.14,0.00,0.00,veh_human,203.10,138.05,,,,,,,,,
55.80,0.00,269.53,f_12_h.3,401217076#2_2,92.14,0.00,0.00,veh_human,208.10,141.29,,,,,,,,,
55.80,0.00,269.53,f_12_h.4,401217076#2_3,84.14,0.00,0.00,veh_human,216.10,138.15,,,,,,,,,
55.80,0.00,269.53,f_12_h.5,401217076#2_3,71.14,0.00,0.00,veh_human,229.10,138.26,,,,,,,,,
55.80,0.00,269.53,f_12_h.6,401217076#2_2,81.84,0.00,0.00,veh_human,218.40,141.37,,,,,,,,,
55.80,-0.00,269.53,f_12_h.7,401217076#2_2,74.84,0.00,0.00,veh_human,225.40,141.43,,,,,,,,,
55.80,-0.00,269.53,f_12_h.8,401217076#2_3,64.14,0.00,0.00,veh_human,236.10,138.32,,,,,,,,,
55.80,-0.00,269.53,f_12_h.9,401217076#2_2,55.84,0.00,0.00,veh_human,244.40,141.58,,,,,,,,,
55.80,-0.14,269.57,f_14_h.0,401217076#2_1,110.84,0.00,0.20,veh_human,189.41,144.34,,,,,,,,,
55.80,0.00,269.61,f_15_h.0,401217076#2_4,111.13,0.00,0.00,veh_human,189.10,134.74,,,,,,,,,
55.80,1.99,269.53,f_15_h.1,401217076#2_1,5.16,0.00,0.40,veh_human,295.04,145.20,,,,,,,,,
55.80,-4.43,180.22,f_3_h.1,401208128#2_1,53.98,0.00,8.10,veh_human,149.10,170.20,,,,,,,,,
55.80,0.00,89.30,f_4_b.0,405006150#1_2,136.35,0.00,0.00,bike_human,129.10,122.73,,,,,,,,,
55.80,0.00,89.30,f_4_b.1,405006150#1_3,109.34,0.00,0.00,bike_human,102.07,125.61,,,,,,,,,
55.80,-0.13,89.30,f_4_b.2,405006150#1_3,91.88,0.00,0.15,bike_human,84.61,125.39,,,,,,,,,
55.80,0.01,89.30,f_4_b.3,405006150#1_2,36.31,0.00,7.01,bike_human,29.08,121.52,,,,,,,,,
55.80,0.00,89.30,f_4_b.4,405006150#1_1,1.90,0.00,0.00,bike_human,-5.29,117.90,,,,,,,,,
55.80,0.00,89.30,f_4_h.0,405006150#1_2,149.85,0.00,0.00,veh_human,142.60,122.90,,,,,,,,,
55.80,0.00,89.30,f_4_h.1,405006150#1_3,149.84,0.00,0.00,veh_human,142.57,126.10,,,,,,,,,
55.80,-0.00,89.30,f_4_h.10,405006150#1_2,111.55,0.00,0.00,veh_human,104.30,122.43,,,,,,,,,
55.80,-0.00,89.30,f_4_h.11,405006150#1_3,105.54,0.00,0.00,veh_human,98.27,125.56,,,,,,,,,
55.80,-0.09,89.30,f_4_h.12,405006150#1_2,104.44,0.00,0.10,veh_human,97.20,122.35,,,,,,,,,
55.80,-0.00,89.30,f_4_h.13,405006150#1_3,98.54,0.00,0.00,veh_human,91.27,125.48,,,,,,,,,
55.80,-0.46,89.30,f_4_h.14,405006150#1_2,90.96,0.00,0.64,veh_human,83.72,122.18,,,,,,,,,
55.80,-0.54,89.30,f_4_h.15,405006150#1_3,87.16,0.00,0.79,veh_human,79.89,125.34,,,,,,,,,
55.80,-0.94,89.30,f_4_h.16,405006150#1_2,81.70,0.00,1.85,veh_human,74.46,122.07,,,,,,,,,
55.80,-2.16,89.30,f_4_h.17,405006150#1_3,73.90,0.00,4.61,veh_human,66.63,125.18,,,,,,,,,
55.80,1.79,89.30,f_4_h.18,405006150#1_2,13.67,0.00,4.40,veh_human,6.43,121.25,,,,,,,,,
55.80,0.00,89.30,f_4_h.2,405006150#1_2,142.85,0.00,0.00,veh_human,135.60,122.81,,,,,,,,,
55.80,0.00,89.30,f_4_h.3,405006150#1_3,142.84,0.00,0.00,veh_human,135.57,126.01,,,,,,,,,
55.80,0.00,89.30,f_4_h.4,405006150#1_3,129.84,0.00,0.00,veh_human,122.57,125.86,,,,,,,,,
55.80,0.00,89.30,f_4_h.5,405006150#1_3,122.84,0.00,0.00,veh_human,115.57,125.77,,,,,,,,,
55.80,0.00,89.30,f_4_h.6,405006150#1_3,115.84,0.00,0.00,veh_human,108.57,125.69,,,,,,,,,
55.80,0.00,89.30,f_4_h.7,405006150#1_2,132.55,0.00,0.00,veh_human,125.30,122.69,,,,,,,,,
55.80,-0.00,89.30,f_4_h.8,405006150#1_2,125.55,0.00,0.00,veh_human,118.30,122.60,,,,,,,,,
55.80,-0.00,89.30,f_4_h.9,405006150#1_2,118.55,0.00,0.00,veh_human,111.30,122.52,,,,,,,,,
55.80,0.00,89.30,f_5_b.0,405006150#1_1,149.85,0.00,0.00,bike_human,142.63,119.70,,,,,,,,,
55.80,-1.39,89.31,f_6_h.0,405006150#1_4,118.54,0.00,11.25,veh_human,111.23,128.92,,,,,,,,,
55.80,0.51,89.31,f_6_h.1,405006150#1_4,66.74,0.00,12.77,veh_human,59.43,128.29,,,,,,,,,
55.80,0.41,89.30,f_6_h.2,405006150#1_2,6.40,0.00,0.04,veh_human,-0.83,121.16,,,,,,,,,
55.80,0.00,359.97,f_8_b.0,401208131#0_2,21.95,0.00,7.50,bike_human,176.34,171.87,,,,,,,,,
55.80,-0.73,0.08,f_8_h.15,401208131#0_2,4.12,0.00,9.21,veh_human,176.35,154.04,,,,,,,,,
55.80,0.91,359.97,f_8_h.16,401208131#0_1,33.13,0.00,17.00,veh_human,179.53,183.06,,,,,,,,,
55.80,0.92,359.68,f_8_h.17,401208126#3_3,58.15,0.00,12.84,veh_human,176.02,103.24,,,,,,,,,
55.80,1.31,359.68,f_8_h.18,401208126#3_2,68.43,0.00,14.63,veh_human,179.16,113.49,,,,,,,,,
55.80,1.72,359.68,f_8_h.19,401208126#3_2,33.19,0.00,9.78,veh_human,179.36,78.28,,,,,,,,,
55.80,1.77,359.68,f_8_h.20,401208126#3_2,13.05,0.00,4.66,veh_human,179.47,58.14,,,,,,,,,
55.80,0.05,179.53,fc_00.2,401208129#0_2,68.45,0.00,20.28,veh_av,156.03,45.69,,,,,,,,,
55.80,0.47,179.92,fc_00.3,:Junc1_18_0,33.14,0.00,15.24,veh_av,152.27,116.79,,,,,,,,,
55.80,0.00,89.30,fc_04.0,405006150#1_3,136.84,0.00,0.00,veh_av,129.57,125.94,,,,,,,,,
55.80,-0.00,89.30,fc_04.1,405006150#1_1,105.54,0.00,0.00,veh_av,98.33,119.16,,,,,,,,,
55.80,0.69,89.30,fc_04.2,405006150#1_1,98.23,0.00,0.21,veh_av,91.02,119.07,,,,,,,,,
55.80,2.38,89.30,fc_04.3,405006150#1_3,31.24,0.00,10.18,veh_av,23.97,124.66,,,,,,,,,
55.80,0.52,359.97,fc_08.4,401208131#0_1,14.32,0.00,16.16,veh_av,179.54,164.24,,,,,,,,,
55.80,2.23,359.68,fc_08.5,401208126#3_2,5.97,0.00,0.46,veh_av,179.51,51.06,,,,,,,,,
55.80,3.50,359.68,fc_08.6,401208126#3_1,5.20,0.00,0.70,veh_av,182.71,50.32,,,,,,,,,
55.80,0.00,269.61,fc_12.0,401217076#2_3,111.14,0.00,0.00,veh_av,189.10,137.94,,,,,,,,,
55.80,0.00,269.53,fc_12.1,401217076#2_2,105.14,0.00,0.00,veh_av,195.11,141.18,,,,,,,,,
55.80,0.00,269.53,fc_12.2,401217076#2_2,99.14,0.00,0.00,veh_av,201.11,141.23,,,,,,,,,
55.80,0.00,269.53,fc_12.3,401217076#2_3,91.14,0.00,0.00,veh_av,209.10,138.10,,,,,,,,,
55.80,0.00,269.53,fc_12.4,401217076#2_3,78.14,0.00,0.00,veh_av,222.10,138.20,,,,,,,,,
55.80,-0.00,269.53,fc_12.5,401217076#2_2,68.84,0.00,0.00,veh_av,231.40,141.48,,,,,,,,,
55.80,-0.00,269.53,fc_12.6,401217076#2_2,62.84,0.00,0.00,veh_av,237.40,141.53,,,,,,,,,
55.80,-0.00,269.53,fc_12.7,401217076#2_2,49.84,0.00,0.00,veh_av,250.39,141.63,,,,,,,,,
55.80,-0.00,269.53,fc_12.8,401217076#2_2,43.84,0.00,0.00,veh_av,256.39,141.68,,,,,,,,,
55.80,2.59,269.53,fc_12.9,401217076#2_3,13.07,0.00,6.04,veh_av,287.18,138.73,,,,,,,,,
55.80,0.47,269.53,fc_14.0,401217076#2_1,46.74,0.00,13.39,veh_av,253.48,144.86,,,,,,,,,
55.80,,,,,,,,,,,359.68,401208126#3,p_8.1,8.26,0.00,1.12,ped_human,185.89,53.39
55.80,,,,,,,,,,,359.68,401208126#3,p_8.0,59.25,0.00,1.34,ped_human,185.61,104.30
55.80,,,,,,,,,,,89.30,405006150#1,p_4.0,17.38,0.00,1.28,ped_human,10.23,114.89
55.90,0.71,179.53,f_0_h.17,401208129#0_1,61.98,0.00,17.89,veh_human,152.77,52.13,,,,,,,,,
55.90,0.47,179.53,f_0_h.18,401208129#0_1,16.26,0.00,15.93,veh_human,152.40,97.88,,,,,,,,,
55.90,1.17,180.22,f_0_h.19,401208128#2_2,65.85,0.00,13.80,veh_human,152.25,158.33,,,,,,,,,
55.90,1.82,180.22,f_0_h.20,401208128#2_2,27.51,0.00,9.08,veh_human,152.40,196.68,,,,,,,,,
55.90,1.69,180.22,f_0_h.21,401208128#2_2,11.32,0.00,3.74,veh_human,152.47,212.87,,,,,,,,,
55.90,1.99,180.22,f_0_h.22,401208128#2_1,6.07,0.00,1.02,veh_human,149.29,218.13,,,,,,,,,
55.90,-0.05,359.68,f_11_h.0,401208126#3_6,67.88,0.00,0.04,veh_human,166.36,113.01,,,,,,,,,
55.90,0.00,269.53,f_12_b.0,401217076#2_2,85.64,0.00,0.00,bike_human,214.60,141.34,,,,,,,,,
55.90,0.00,269.60,f_12_h.0,401217076#2_2,111.14,0.00,0.00,veh_human,189.11,141.14,,,,,,,,,
55.90,0.00,269.53,f_12_h.1,401217076#2_3,104.14,0.00,0.00,veh_human,196.10,137.99,,,,,,,,,
55.90,-0.00,269.53,f_12_h.10,401217076#2_3,57.14,0.00,0.00,veh_human,243.11,138.37,,,,,,,,,
55.90,-0.02,269.53,f_12_h.11,401217076#2_3,50.11,0.00,0.02,veh_human,250.13,138.43,,,,,,,,,
55.90,-0.22,269.53,f_12_h.12,401217076#2_3,42.81,0.00,0.27,veh_human,257.43,138.49,,,,,,,,,
55.90,-1.13,269.53,f_12_h.13,401217076#2_3,33.80,0.00,1.71,veh_human,266.44,138.56,,,,,,,,,
55.90,-0.93,269.53,f_12_h.14,401217076#2_2,35.62,0.00,1.10,veh_human,264.61,141.75,,,,,,,,,
55.90,-1.35,269.53,f_12_h.15,401217076#2_2,22.82,0.00,4.09,veh_human,277.40,141.85,,,,,,,,,
55.90,1.90,269.53,f_12_h.16,401217076#2_2,5.41,0.00,0.97,veh_human,294.81,142.00,,,,,,,,,
55.90,0.00,269.53,f_12_h.2,401217076#2_3,97.14,0.00,0.00,veh_human,203.10,138.05,,,,,,,,,
55.90,0.00,269.53,f_12_h.3,401217076#2_2,92.14,0.00,0.00,veh_human,208.10,141.29,,,,,,,,,
55.90,0.00,269.53,f_12_h.4,401217076#2_3,84.14,0.00,0.00,veh_human,216.10,138.15,,,,,,,,,
55.90,0.00,269.53,f_12_h.5,401217076#2_3,71.14,0.00,0.00,veh_human,229.10,138.26,,,,,,,,,
55.90,0.00,269.53,f_12_h.6,401217076#2_2,81.84,0.00,0.00,veh_human,218.40,141.37,,,,,,,,,
55.90,-0.00,269.53,f_12_h.7,401217076#2_2,74.84,0.00,0.00,veh_human,225.40,141.43,,,,,,,,,
55.90,-0.00,269.53,f_12_h.8,401217076#2_3,64.14,0.00,0.00,veh_human,236.10,138.32,,,,,,,,,
55.90,-0.00,269.53,f_12_h.9,401217076#2_2,55.84,0.00,0.00,veh_human,244.40,141.58,,,,,,,,,
55.90,-0.13,269.58,f_14_h.0,401217076#2_1,110.86,0.00,0.19,veh_human,189.39,144.34,,,,,,,,,
55.90,0.00,269.61,f_15_h.0,401217076#2_4,111.13,0.00,0.00,veh_human,189.10,134.74,,,,,,,,,
55.90,1.99,269.53,f_15_h.1,401217076#2_1,5.22,0.00,0.60,veh_human,294.98,145.20,,,,,,,,,
55.90,0.00,180.22,f_3_h.1,401208128#2_1,54.79,0.00,8.10,veh_human,149.10,169.39,,,,,,,,,
55.90,0.00,89.30,f_4_b.0,405006150#1_2,136.35,0.00,0.00,bike_human,129.10,122.73,,,,,,,,,
55.90,0.00,89.30,f_4_b.1,405006150#1_3,109.34,0.00,0.00,bike_human,102.07,125.61,,,,,,,,,
55.90,-0.12,89.30,f_4_b.2,405006150#1_3,91.90,0.00,0.13,bike_human,84.63,125.39,,,,,,,,,
55.90,-0.01,89.30,f_4_b.3,405006150#1_2,37.01,0.00,7.01,bike_human,29.78,121.53,,,,,,,,,
55.90,1.50,89.30,f_4_b.4,405006150#1_1,1.91,0.00,0.15,bike_human,-5.28,117.90,,,,,,,,,
55.90,0.00,89.30,f_4_h.0,405006150#1_2,149.85,0.00,0.00,veh_human,142.60,122.90,,,,,,,,,
55.90,0.00,89.30,f_4_h.1,405006150#1_3,149.84,0.00,0.00,veh_human,142.57,126.10,,,,,,,,,
55.90,-0.00,89.30,f_4_h.10,405006150#1_2,111.55,0.00,0.00,veh_human,104.30,122.43,,,,,,,,,
55.90,-0.00,89.30,f_4_h.11,405006150#1_3,105.54,0.00,0.00,veh_human,98.27,125.56,,,,,,,,,
55.90,-0.08,89.30,f_4_h.12,405006150#1_2,104.45,0.00,0.09,veh_human,97.21,122.35,,,,,,,,,
55.90,-0.00,89.30,f_4_h.13,405006150#1_3,98.54,0.00,0.00,veh_human,91.27,125.48,,,,,,,,,
55.90,-0.42,89.30,f_4_h.14,405006150#1_2,91.02,0.00,0.60,veh_human,83.78,122.18,,,,,,,,,
55.90,-0.51,89.30,f_4_h.15,405006150#1_3,87.24,0.00,0.74,veh_human,79.97,125.34,,,,,,,,,
55.90,-0.91,89.30,f_4_h.16,405006150#1_2,81.87,0.00,1.76,veh_human,74.63,122.07,,,,,,,,,
55.90,-2.13,89.30,f_4_h.17,405006150#1_3,74.34,0.00,4.40,veh_human,67.07,125.18,,,,,,,,,
55.90,1.77,89.30,f_4_h.18,405006150#1_2,14.12,0.00,4.58,veh_human,6.89,121.25,,,,,,,,,
55.90,0.00,89.30,f_4_h.2,405006150#1_2,142.85,0.00,0.00,veh_human,135.60,122.81,,,,,,,,,
55.90,0.00,89.30,f_4_h.3,405006150#1_3,142.84,0.00,0.00,veh_human,135.57,126.01,,,,,,,,,
55.90,0.00,89.30,f_4_h.4,405006150#1_3,129.84,0.00,0.00,veh_human,122.57,125.86,,,,,,,,,
55.90,0.00,89.30,f_4_h.5,405006150#1_3,122.84,0.00,0.00,veh_human,115.57,125.77,,,,,,,,,
55.90,0.00,89.30,f_4_h.6,405006150#1_3,115.84,0.00,0.00,veh_human,108.57,125.69,,,,,,,,,
55.90,0.00,89.30,f_4_h.7,405006150#1_2,132.55,0.00,0.00,veh_human,125.30,122.69,,,,,,,,,
55.90,-0.00,89.30,f_4_h.8,405006150#1_2,125.55,0.00,0.00,veh_human,118.30,122.60,,,,,,,,,
55.90,-0.00,89.30,f_4_h.9,405006150#1_2,118.55,0.00,0.00,veh_human,111.30,122.52,,,,,,,,,
55.90,0.00,89.30,f_5_b.0,405006150#1_1,149.85,0.00,0.00,bike_human,142.63,119.70,,,,,,,,,
55.90,-1.46,89.31,f_6_h.0,405006150#1_4,119.65,0.00,11.10,veh_human,112.34,128.93,,,,,,,,,
55.90,0.47,89.31,f_6_h.1,405006150#1_4,68.02,0.00,12.81,veh_human,60.71,128.31,,,,,,,,,
55.90,0.39,89.30,f_6_h.2,405006150#1_2,6.41,0.00,0.08,veh_human,-0.82,121.16,,,,,,,,,
55.90,0.00,359.97,f_8_b.0,401208131#0_2,22.70,0.00,7.50,bike_human,176.34,172.62,,,,,,,,,
55.90,-0.71,359.97,f_8_h.15,401208131#0_2,5.03,0.00,9.14,veh_human,176.35,154.95,,,,,,,,,
55.90,0.89,359.97,f_8_h.16,401208131#0_1,34.84,0.00,17.09,veh_human,179.53,184.77,,,,,,,,,
55.90,0.87,359.68,f_8_h.17,401208126#3_3,59.45,0.00,12.93,veh_human,176.01,104.53,,,,,,,,,
55.90,1.29,0.00,f_8_h.18,:Junc1_6_0,0.96,0.00,14.75,veh_human,179.18,114.97,,,,,,,,,
55.90,1.71,359.68,f_8_h.19,401208126#3_2,34.19,0.00,9.96,veh_human,179.35,79.27,,,,,,,,,
55.90,1.78,359.68,f_8_h.20,401208126#3_2,13.53,0.00,4.84,veh_human,179.46,58.62,,,,,,,,,
55.90,0.05,179.53,fc_00.2,401208129#0_2,70.48,0.00,20.28,veh_av,156.04,43.66,,,,,,,,,
55.90,0.46,179.92,fc_00.3,:Junc1_18_0,34.67,0.00,15.29,veh_av,152.27,115.26,,,,,,,,,
55.90,0.00,89.30,fc_04.0,405006150#1_3,136.84,0.00,0.00,veh_av,129.57,125.94,,,,,,,,,
55.90,-0.00,89.30,fc_04.1,405006150#1_1,105.54,0.00,0.00,veh_av,98.33,119.16,,,,,,,,,
55.90,0.35,89.30,fc_04.2,405006150#1_1,98.25,0.00,0.24,veh_av,91.04,119.07,,,,,,,,,
55.90,2.23,89.30,fc_04.3,405006150#1_3,32.28,0.00,10.40,veh_av,25.01,124.67,,,,,,,,,
55.90,0.54,359.97,fc_08.4,401208131#0_1,15.94,0.00,16.21,veh_av,179.54,165.87,,,,,,,,,
55.90,0.00,359.68,fc_08.5,401208126#3_2,6.01,0.00,0.46,veh_av,179.51,51.11,,,,,,,,,
55.90,3.50,359.68,fc_08.6,401208126#3_1,5.31,0.00,1.05,veh_av,182.71,50.42,,,,,,,,,
55.90,0.00,269.61,fc_12.0,401217076#2_3,111.14,0.00,0.00,veh_av,189.10,137.94,,,,,,,,,
55.90,0.00,269.53,fc_12.1,401217076#2_2,105.14,0.00,0.00,veh_av,195.11,141.18,,,,,,,,,
55.90,0.00,269.53,fc_12.2,401217076#2_2,99.14,0.00,0.00,veh_av,201.11,141.23,,,,,,,,,
55.90,0.00,269.53,fc_12.3,401217076#2_3,91.14,0.00,0.00,veh_av,209.10,138.10,,,,,,,,,
55.90,0.00,269.53,fc_12.4,401217076#2_3,78.14,0.00,0.00,veh_av,222.10,138.20,,,,,,,,,
55.90,-0.00,269.53,fc_12.5,401217076#2_2,68.84,0.00,0.00,veh_av,231.40,141.48,,,,,,,,,
55.90,-0.00,269.53,fc_12.6,401217076#2_2,62.84,0.00,0.00,veh_av,237.40,141.53,,,,,,,,,
55.90,-0.00,269.53,fc_12.7,401217076#2_2,49.84,0.00,0.00,veh_av,250.39,141.63,,,,,,,,,
55.90,-0.00,269.53,fc_12.8,401217076#2_2,43.84,0.00,0.00,veh_av,256.39,141.68,,,,,,,,,
55.90,2.37,269.53,fc_12.9,401217076#2_3,13.69,0.00,6.28,veh_av,286.55,138.73,,,,,,,,,
55.90,0.37,269.53,fc_14.0,401217076#2_1,48.08,0.00,13.43,veh_av,252.14,144.85,,,,,,,,,
55.90,,,,,,,,,,,359.68,401208126#3,p_8.1,8.36,0.00,0.95,ped_human,185.89,53.49
55.90,,,,,,,,,,,359.68,401208126#3,p_8.0,59.37,0.00,1.25,ped_human,185.61,104.42
55.90,,,,,,,,,,,89.30,405006150#1,p_4.0,17.53,0.00,1.50,ped_human,10.38,114.89
56.00,0.69,179.53,f_0_h.17,401208129#0_1,63.78,0.00,17.96,veh_human,152.79,50.33,,,,,,,,,
56.00,0.47,179.53,f_0_h.18,401208129#0_1,17.86,0.00,15.98,veh_human,152.41,96.28,,,,,,,,,
56.00,1.14,180.22,f_0_h.19,401208128#2_2,67.24,0.00,13.92,veh_human,152.25,156.94,,,,,,,,,
56.00,1.82,180.22,f_0_h.20,401208128#2_2,28.43,0.00,9.26,veh_human,152.40,195.75,,,,,,,,,
56.00,1.70,180.22,f_0_h.21,401208128#2_2,11.71,0.00,3.91,veh_human,152.46,212.48,,,,,,,,,
56.00,-1.94,180.22,f_0_h.22,401208128#2_1,6.16,0.00,0.83,veh_human,149.29,218.05,,,,,,,,,
56.00,0.14,359.68,f_11_h.0,401208126#3_6,67.89,0.00,0.06,veh_human,166.36,113.02,,,,,,,,,
56.00,0.00,269.53,f_12_b.0,401217076#2_2,85.64,0.00,0.00,bike_human,214.60,141.34,,,,,,,,,
56.00,0.00,269.60,f_12_h.0,401217076#2_2,111.14,0.00,0.00,veh_human,189.11,141.14,,,,,,,,,
56.00,0.00,269.53,f_12_h.1,401217076#2_3,104.14,0.00,0.00,veh_human,196.10,137.99,,,,,,,,,
56.00,-0.00,269.53,f_12_h.10,401217076#2_3,57.14,0.00,0.00,veh_human,243.11,138.37,,,,,,,,,
56.00,-0.02,269.53,f_12_h.11,401217076#2_3,50.11,0.00,0.02,veh_human,250.13,138.43,,,,,,,,,
56.00,-0.20,269.53,f_12_h.12,401217076#2_3,42.84,0.00,0.25,veh_human,257.41,138.49,,,,,,,,,
56.00,-1.08,269.53,f_12_h.13,401217076#2_3,33.96,0.00,1.60,veh_human,266.28,138.56,,,,,,,,,
56.00,-0.87,269.53,f_12_h.14,401217076#2_2,35.72,0.00,1.02,veh_human,264.51,141.75,,,,,,,,,
56.00,-1.41,269.53,f_12_h.15,401217076#2_2,23.22,0.00,3.95,veh_human,277.01,141.85,,,,,,,,,
56.00,1.89,269.53,f_12_h.16,401217076#2_2,5.53,0.00,1.16,veh_human,294.69,141.99,,,,,,,,,
56.00,0.00,269.53,f_12_h.2,401217076#2_3,97.14,0.00,0.00,veh_human,203.10,138.05,,,,,,,,,
56.00,0.00,269.53,f_12_h.3,401217076#2_2,92.14,0.00,0.00,veh_human,208.10,141.29,,,,,,,,,
56.00,0.00,269.53,f_12_h.4,401217076#2_3,84.14,0.00,0.00,veh_human,216.10,138.15,,,,,,,,,
56.00,0.00,269.53,f_12_h.5,401217076#2_3,71.14,0.00,0.00,veh_human,229.10,138.26,,,,,,,,,
56.00,0.00,269.53,f_12_h.6,401217076#2_2,81.84,0.00,0.00,veh_human,218.40,141.37,,,,,,,,,
56.00,0.00,269.53,f_12_h.7,401217076#2_2,74.84,0.00,0.00,veh_human,225.40,141.43,,,,,,,,,
56.00,-0.00,269.53,f_12_h.8,401217076#2_3,64.14,0.00,0.00,veh_human,236.10,138.32,,,,,,,,,
56.00,-0.00,269.53,f_12_h.9,401217076#2_2,55.84,0.00,0.00,veh_human,244.40,141.58,,,,,,,,,
56.00,-0.12,269.58,f_14_h.0,401217076#2_1,110.88,0.00,0.18,veh_human,189.37,144.34,,,,,,,,,
56.00,0.00,269.61,f_15_h.0,401217076#2_4,111.13,0.00,0.00,veh_human,189.10,134.74,,,,,,,,,
56.00,1.99,269.53,f_15_h.1,401217076#2_1,5.30,0.00,0.80,veh_human,294.90,145.20,,,,,,,,,
56.00,0.00,180.22,f_3_h.1,401208128#2_1,55.60,0.00,8.10,veh_human,149.09,168.58,,,,,,,,,
56.00,0.00,89.30,f_4_b.0,405006150#1_2,136.35,0.00,0.00,bike_human,129.10,122.73,,,,,,,,,
56.00,0.00,89.30,f_4_b.1,405006150#1_3,109.34,0.00,0.00,bike_human,102.07,125.61,,,,,,,,,
56.00,-0.11,89.30,f_4_b.2,405006150#1_3,91.91,0.00,0.12,bike_human,84.64,125.39,,,,,,,,,
56.00,-0.02,89.30,f_4_b.3,405006150#1_2,37.71,0.00,7.01,bike_human,30.48,121.54,,,,,,,,,
56.00,1.50,89.30,f_4_b.4,405006150#1_1,1.94,0.00,0.30,bike_human,-5.25,117.90,,,,,,,,,
56.00,0.00,89.30,f_4_h.0,405006150#1_2,149.85,0.00,0.00,veh_human,142.60,122.90,,,,,,,,,
56.00,0.00,89.30,f_4_h.1,405006150#1_3,149.84,0.00,0.00,veh_human,142.57,126.10,,,,,,,,,
56.00,-0.00,89.30,f_4_h.10,405006150#1_2,111.55,0.00,0.00,veh_human,104.30,122.43,,,,,,,,,
56.00,-0.00,89.30,f_4_h.11,405006150#1_3,105.54,0.00,0.00,veh_human,98.27,125.56,,,,,,,,,
56.00,-0.07,89.30,f_4_h.12,405006150#1_2,104.46,0.00,0.08,veh_human,97.22,122.35,,,,,,,,,
56.00,-0.00,89.30,f_4_h.13,405006150#1_3,98.54,0.00,0.00,veh_human,91.27,125.48,,,,,,,,,
56.00,-0.38,89.30,f_4_h.14,405006150#1_2,91.08,0.00,0.56,veh_human,83.84,122.18,,,,,,,,,
56.00,-0.48,89.30,f_4_h.15,405006150#1_3,87.30,0.00,0.69,veh_human,80.03,125.34,,,,,,,,,
56.00,-0.87,89.30,f_4_h.16,405006150#1_2,82.04,0.00,1.67,veh_human,74.80,122.08,,,,,,,,,
56.00,-2.09,89.30,f_4_h.17,405006150#1_3,74.76,0.00,4.19,veh_human,67.49,125.19,,,,,,,,,
56.00,1.75,89.30,f_4_h.18,405006150#1_2,14.60,0.00,4.75,veh_human,7.37,121.26,,,,,,,,,
56.00,0.00,89.30,f_4_h.2,405006150#1_2,142.85,0.00,0.00,veh_human,135.60,122.81,,,,,,,,,
56.00,0.00,89.30,f_4_h.3,405006150#1_3,142.84,0.00,0.00,veh_human,135.57,126.01,,,,,,,,,
56.00,0.00,89.30,f_4_h.4,405006150#1_3,129.84,0.00,0.00,veh_human,122.57,125.86,,,,,,,,,
56.00,0.00,89.30,f_4_h.5,405006150#1_3,122.84,0.00,0.00,veh_human,115.57,125.77,,,,,,,,,
56.00,0.00,89.30,f_4_h.6,405006150#1_3,115.84,0.00,0.00,veh_human,108.57,125.69,,,,,,,,,
56.00,0.00,89.30,f_4_h.7,405006150#1_2,132.55,0.00,0.00,veh_human,125.30,122.69,,,,,,,,,
56.00,-0.00,89.30,f_4_h.8,405006150#1_2,125.55,0.00,0.00,veh_human,118.30,122.60,,,,,,,,,
56.00,-0.00,89.30,f_4_h.9,405006150#1_2,118.55,0.00,0.00,veh_human,111.30,122.52,,,,,,,,,
56.00,0.00,89.30,f_5_b.0,405006150#1_1,149.85,0.00,0.00,bike_human,142.63,119.70,,,,,,,,,
56.00,-1.53,89.31,f_6_h.0,405006150#1_4,120.74,0.00,10.95,veh_human,113.44,128.94,,,,,,,,,
56.00,0.43,89.31,f_6_h.1,405006150#1_4,69.30,0.00,12.86,veh_human,62.00,128.32,,,,,,,,,
56.00,0.85,89.30,f_6_h.2,405006150#1_2,6.43,0.00,0.16,veh_human,-0.80,121.16,,,,,,,,,
56.00,0.00,359.97,f_8_b.0,401208131#0_2,23.45,0.00,7.50,bike_human,176.34,173.37,,,,,,,,,
56.00,-0.70,359.97,f_8_h.15,401208131#0_2,5.94,0.00,9.07,veh_human,176.35,155.86,,,,,,,,,
56.00,0.86,359.97,f_8_h.16,401208131#0_1,36.56,0.00,17.17,veh_human,179.53,186.48,,,,,,,,,
56.00,0.82,359.68,f_8_h.17,401208126#3_3,60.75,0.00,13.01,veh_human,176.00,105.83,,,,,,,,,
56.00,1.26,0.28,f_8_h.18,:Junc1_6_0,2.45,0.00,14.88,veh_human,179.20,116.46,,,,,,,,,
56.00,1.70,359.68,f_8_h.19,401208126#3_2,35.20,0.00,10.13,veh_human,179.34,80.28,,,,,,,,,
56.00,1.78,359.68,f_8_h.20,401208126#3_2,14.03,0.00,5.02,veh_human,179.46,59.12,,,,,,,,,
56.00,0.45,179.93,fc_00.3,401208129#0_1,0.42,0.00,15.34,veh_av,152.27,113.73,,,,,,,,,
56.00,0.00,89.30,fc_04.0,405006150#1_3,136.84,0.00,0.00,veh_av,129.57,125.94,,,,,,,,,
56.00,-0.00,89.30,fc_04.1,405006150#1_1,105.54,0.00,0.00,veh_av,98.33,119.16,,,,,,,,,
56.00,0.10,89.30,fc_04.2,405006150#1_1,98.28,0.00,0.25,veh_av,91.07,119.07,,,,,,,,,
56.00,2.07,89.30,fc_04.3,405006150#1_3,33.34,0.00,10.61,veh_av,26.07,124.68,,,,,,,,,
56.00,0.56,359.97,fc_08.4,401208131#0_1,17.56,0.00,16.27,veh_av,179.54,167.49,,,,,,,,,
56.00,0.00,359.68,fc_08.5,401208126#3_2,6.06,0.00,0.46,veh_av,179.51,51.15,,,,,,,,,
56.00,3.50,359.68,fc_08.6,401208126#3_1,5.45,0.00,1.40,veh_av,182.71,50.56,,,,,,,,,
56.00,0.00,269.61,fc_12.0,401217076#2_3,111.14,0.00,0.00,veh_av,189.10,137.94,,,,,,,,,
56.00,0.00,269.53,fc_12.1,401217076#2_2,105.14,0.00,0.00,veh_av,195.11,141.18,,,,,,,,,
56.00,0.00,269.53,fc_12.2,401217076#2_2,99.14,0.00,0.00,veh_av,201.11,141.23,,,,,,,,,
56.00,0.00,269.53,fc_12.3,401217076#2_3,91.14,0.00,0.00,veh_av,209.10,138.10,,,,,,,,,
56.00,0.00,269.53,fc_12.4,401217076#2_3,78.14,0.00,0.00,veh_av,222.10,138.20,,,,,,,,,
56.00,-0.00,269.53,fc_12.5,401217076#2_2,68.84,0.00,0.00,veh_av,231.40,141.48,,,,,,,,,
56.00,-0.00,269.53,fc_12.6,401217076#2_2,62.84,0.00,0.00,veh_av,237.40,141.53,,,,,,,,,
56.00,-0.00,269.53,fc_12.7,401217076#2_2,49.84,0.00,0.00,veh_av,250.39,141.63,,,,,,,,,
56.00,-0.00,269.53,fc_12.8,401217076#2_2,43.84,0.00,0.00,veh_av,256.39,141.68,,,,,,,,,
56.00,2.12,269.53,fc_12.9,401217076#2_3,14.34,0.00,6.49,veh_av,285.90,138.72,,,,,,,,,
56.00,0.28,269.53,fc_14.0,401217076#2_1,49.43,0.00,13.45,veh_av,250.79,144.84,,,,,,,,,
56.00,,,,,,,,,,,359.68,401208126#3,p_8.1,8.45,0.00,0.98,ped_human,185.89,53.58
56.00,,,,,,,,,,,359.68,401208126#3,p_8.0,59.49,0.00,1.18,ped_human,185.61,104.54
56.00,,,,,,,,,,,180.22,401208128#2,p_3.0,0.00,0.00,0.00,ped_human,146.11,224.22
56.00,,,,,,,,,,,89.30,405006150#1,p_4.0,17.67,0.00,1.37,ped_human,10.51,114.89
56.10,0.67,179.53,f_0_h.17,401208129#0_1,65.58,0.00,18.03,veh_human,152.80,48.53,,,,,,,,,
56.10,0.46,179.53,f_0_h.18,401208129#0_1,19.46,0.00,16.02,veh_human,152.42,94.68,,,,,,,,,
56.10,1.12,180.22,f_0_h.19,401208128#2_2,68.65,0.00,14.03,veh_human,152.24,155.53,,,,,,,,,
56.10,1.81,180.22,f_0_h.20,401208128#2_2,29.38,0.00,9.44,veh_human,152.40,194.81,,,,,,,,,
56.10,1.72,180.22,f_0_h.21,401208128#2_2,12.12,0.00,4.08,veh_human,152.46,212.07,,,,,,,,,
56.10,-1.94,180.22,f_0_h.22,401208128#2_1,6.22,0.00,0.63,veh_human,149.29,217.99,,,,,,,,,
56.10,-0.57,359.68,f_11_h.0,401208126#3_6,67.89,0.00,0.00,veh_human,166.36,113.02,,,,,,,,,
56.10,0.00,269.53,f_12_b.0,401217076#2_2,85.64,0.00,0.00,bike_human,214.60,141.34,,,,,,,,,
56.10,0.00,269.60,f_12_h.0,401217076#2_2,111.14,0.00,0.00,veh_human,189.11,141.14,,,,,,,,,
56.10,0.00,269.53,f_12_h.1,401217076#2_3,104.14,0.00,0.00,veh_human,196.10,137.99,,,,,,,,,
56.10,-0.00,269.53,f_12_h.10,401217076#2_3,57.14,0.00,0.00,veh_human,243.11,138.37,,,,,,,,,
56.10,-0.02,269.53,f_12_h.11,401217076#2_3,50.12,0.00,0.02,veh_human,250.13,138.43,,,,,,,,,
56.10,-0.19,269.53,f_12_h.12,401217076#2_3,42.86,0.00,0.23,veh_human,257.38,138.49,,,,,,,,,
56.10,-1.02,269.53,f_12_h.13,401217076#2_3,34.11,0.00,1.50,veh_human,266.13,138.56,,,,,,,,,
56.10,-0.81,269.53,f_12_h.14,401217076#2_2,35.81,0.00,0.94,veh_human,264.42,141.75,,,,,,,,,
56.10,-1.45,269.53,f_12_h.15,401217076#2_2,23.60,0.00,3.80,veh_human,276.63,141.85,,,,,,,,,
56.10,1.87,269.53,f_12_h.16,401217076#2_2,5.66,0.00,1.35,veh_human,294.56,141.99,,,,,,,,,
56.10,0.00,269.53,f_12_h.2,401217076#2_3,97.14,0.00,0.00,veh_human,203.10,138.05,,,,,,,,,
56.10,0.00,269.53,f_12_h.3,401217076#2_2,92.14,0.00,0.00,veh_human,208.10,141.29,,,,,,,,,
56.10,0.00,269.53,f_12_h.4,401217076#2_3,84.14,0.00,0.00,veh_human,216.10,138.15,,,,,,,,,
56.10,0.00,269.53,f_12_h.5,401217076#2_3,71.14,0.00,0.00,veh_human,229.10,138.26,,,,,,,,,
56.10,0.00,269.53,f_12_h.6,401217076#2_2,81.84,0.00,0.00,veh_human,218.40,141.37,,,,,,,,,
56.10,0.00,269.53,f_12_h.7,401217076#2_2,74.84,0.00,0.00,veh_human,225.40,141.43,,,,,,,,,
56.10,-0.00,269.53,f_12_h.8,401217076#2_3,64.14,0.00,0.00,veh_human,236.10,138.32,,,,,,,,,
56.10,-0.00,269.53,f_12_h.9,401217076#2_2,55.84,0.00,0.00,veh_human,244.40,141.58,,,,,,,,,
56.10,-0.11,269.58,f_14_h.0,401217076#2_1,110.89,0.00,0.17,veh_human,189.36,144.34,,,,,,,,,
56.10,0.00,269.61,f_15_h.0,401217076#2_4,111.13,0.00,0.00,veh_human,189.10,134.74,,,,,,,,,
56.10,1.99,269.53,f_15_h.1,401217076#2_1,5.40,0.00,1.00,veh_human,294.80,145.20,,,,,,,,,
56.10,0.00,180.22,f_3_h.1,401208128#2_1,56.41,0.00,8.10,veh_human,149.09,167.77,,,,,,,,,
56.10,0.00,89.30,f_4_b.0,405006150#1_2,136.35,0.00,0.00,bike_human,129.10,122.73,,,,,,,,,
56.10,0.00,89.30,f_4_b.1,405006150#1_3,109.34,0.00,0.00,bike_human,102.07,125.61,,,,,,,,,
56.10,-0.10,89.30,f_4_b.2,405006150#1_3,91.92,0.00,0.11,bike_human,84.65,125.40,,,,,,,,,
56.10,-0.04,89.30,f_4_b.3,405006150#1_2,38.41,0.00,7.00,bike_human,31.18,121.55,,,,,,,,,
56.10,1.50,89.30,f_4_b.4,405006150#1_1,1.99,0.00,0.45,bike_human,-5.20,117.90,,,,,,,,,
56.10,0.00,89.30,f_4_h.0,405006150#1_2,149.85,0.00,0.00,veh_human,142.60,122.90,,,,,,,,,
56.10,0.00,89.30,f_4_h.1,405006150#1_3,149.84,0.00,0.00,veh_human,142.57,126.10,,,,,,,,,
56.10,-0.00,89.30,f_4_h.10,405006150#1_2,111.55,0.00,0.00,veh_human,104.30,122.43,,,,,,,,,
56.10,-0.00,89.30,f_4_h.11,405006150#1_3,105.54,0.00,0.00,veh_human,98.27,125.56,,,,,,,,,
56.10,-0.07,89.30,f_4_h.12,405006150#1_2,104.47,0.00,0.07,veh_human,97.22,122.35,,,,,,,,,
56.10,-0.00,89.30,f_4_h.13,405006150#1_3,98.54,0.00,0.00,veh_human,91.27,125.48,,,,,,,,,
56.10,-0.34,89.30,f_4_h.14,405006150#1_2,91.13,0.00,0.53,veh_human,83.89,122.19,,,,,,,,,
56.10,-0.45,89.30,f_4_h.15,405006150#1_3,87.37,0.00,0.65,veh_human,80.10,125.34,,,,,,,,,
56.10,-0.84,89.30,f_4_h.16,405006150#1_2,82.20,0.00,1.59,veh_human,74.96,122.08,,,,,,,,,
56.10,-2.04,89.30,f_4_h.17,405006150#1_3,75.15,0.00,3.98,veh_human,67.88,125.19,,,,,,,,,
56.10,1.73,89.30,f_4_h.18,405006150#1_2,15.09,0.00,4.93,veh_human,7.86,121.26,,,,,,,,,
56.10,0.00,89.30,f_4_h.2,405006150#1_2,142.85,0.00,0.00,veh_human,135.60,122.81,,,,,,,,,
56.10,0.00,89.30,f_4_h.3,405006150#1_3,142.84,0.00,0.00,veh_human,135.57,126.01,,,,,,,,,
56.10,0.00,89.30,f_4_h.4,405006150#1_3,129.84,0.00,0.00,veh_human,122.57,125.86,,,,,,,,,
56.10,0.00,89.30,f_4_h.5,405006150#1_3,122.84,0.00,0.00,veh_human,115.57,125.77,,,,,,,,,
56.10,0.00,89.30,f_4_h.6,405006150#1_3,115.84,0.00,0.00,veh_human,108.57,125.69,,,,,,,,,
56.10,0.00,89.30,f_4_h.7,405006150#1_2,132.55,0.00,0.00,veh_human,125.30,122.69,,,,,,,,,
56.10,-0.00,89.30,f_4_h.8,405006150#1_2,125.55,0.00,0.00,veh_human,118.30,122.60,,,,,,,,,
56.10,-0.00,89.30,f_4_h.9,405006150#1_2,118.55,0.00,0.00,veh_human,111.30,122.52,,,,,,,,,
56.10,0.00,89.30,f_5_b.0,405006150#1_1,149.85,0.00,0.00,bike_human,142.63,119.70,,,,,,,,,
56.10,-1.60,89.31,f_6_h.0,405006150#1_4,121.82,0.00,10.79,veh_human,114.52,128.96,,,,,,,,,
56.10,0.39,89.31,f_6_h.1,405006150#1_4,70.59,0.00,12.90,veh_human,63.29,128.34,,,,,,,,,
56.10,1.11,89.30,f_6_h.2,405006150#1_2,6.45,0.00,0.28,veh_human,-0.78,121.16,,,,,,,,,
56.10,0.00,359.97,f_8_b.0,401208131#0_2,24.20,0.00,7.50,bike_human,176.34,174.12,,,,,,,,,
56.10,-0.68,359.97,f_8_h.15,401208131#0_2,6.84,0.00,9.00,veh_human,176.35,156.76,,,,,,,,,
56.10,0.84,359.97,f_8_h.16,401208131#0_1,38.28,0.00,17.26,veh_human,179.53,188.21,,,,,,,,,
56.10,0.76,359.68,f_8_h.17,401208126#3_3,62.06,0.00,13.09,veh_human,176.00,107.14,,,,,,,,,
56.10,1.24,0.56,f_8_h.18,:Junc1_6_0,3.95,0.00,15.01,veh_human,179.21,117.96,,,,,,,,,
56.10,1.69,359.68,f_8_h.19,401208126#3_2,36.23,0.00,10.29,veh_human,179.34,81.31,,,,,,,,,
56.10,1.78,359.68,f_8_h.20,401208126#3_2,14.55,0.00,5.19,veh_human,179.46,59.64,,,,,,,,,
56.10,0.45,179.83,fc_00.3,401208129#0_1,1.96,0.00,15.38,veh_av,152.28,112.19,,,,,,,,,
56.10,0.00,89.30,fc_04.0,405006150#1_3,136.84,0.00,0.00,veh_av,129.57,125.94,,,,,,,,,
56.10,-0.00,89.30,fc_04.1,405006150#1_1,105.54,0.00,0.00,veh_av,98.33,119.16,,,,,,,,,
56.10,-1.94,89.30,fc_04.2,405006150#1_1,98.28,0.00,0.06,veh_av,91.08,119.07,,,,,,,,,
56.10,1.89,89.30,fc_04.3,405006150#1_3,34.42,0.00,10.80,veh_av,27.15,124.70,,,,,,,,,
56.10,0.57,359.97,fc_08.4,401208131#0_1,19.20,0.00,16.32,veh_av,179.54,169.12,,,,,,,,,
56.10,0.00,359.68,fc_08.5,401208126#3_2,6.10,0.00,0.46,veh_av,179.51,51.20,,,,,,,,,
56.10,3.50,359.68,fc_08.6,401208126#3_1,5.62,0.00,1.75,veh_av,182.71,50.74,,,,,,,,,
56.10,0.00,269.61,fc_12.0,401217076#2_3,111.14,0.00,0.00,veh_av,189.10,137.94,,,,,,,,,
56.10,0.00,269.53,fc_12.1,401217076#2_2,105.14,0.00,0.00,veh_av,195.11,141.18,,,,,,,,,
56.10,0.00,269.53,fc_12.2,401217076#2_2,99.14,0.00,0.00,veh_av,201.11,141.23,,,,,,,,,
56.10,0.00,269.53,fc_12.3,401217076#2_3,91.14,0.00,0.00,veh_av,209.10,138.10,,,,,,,,,
56.10,0.00,269.53,fc_12.4,401217076#2_3,78.14,0.00,0.00,veh_av,222.10,138.20,,,,,,,,,
56.10,-0.00,269.53,fc_12.5,401217076#2_2,68.84,0.00,0.00,veh_av,231.40,141.48,,,,,,,,,
56.10,-0.00,269.53,fc_12.6,401217076#2_2,62.84,0.00,0.00,veh_av,237.40,141.53,,,,,,,,,
56.10,-0.00,269.53,fc_12.7,401217076#2_2,49.84,0.00,0.00,veh_av,250.39,141.63,,,,,,,,,
56.10,-0.00,269.53,fc_12.8,401217076#2_2,43.84,0.00,0.00,veh_av,256.39,141.68,,,,,,,,,
56.10,1.84,269.53,fc_12.9,401217076#2_3,15.01,0.00,6.68,veh_av,285.24,138.72,,,,,,,,,
56.10,0.18,269.53,fc_14.0,401217076#2_1,50.78,0.00,13.47,veh_av,249.45,144.83,,,,,,,,,
56.10,,,,,,,,,,,359.68,401208126#3,p_8.1,8.56,0.00,1.06,ped_human,185.89,53.69
56.10,,,,,,,,,,,359.68,401208126#3,p_8.0,59.63,0.00,1.36,ped_human,185.61,104.68
56.10,,,,,,,,,,,180.22,401208128#2,p_3.0,0.11,0.00,1.13,ped_human,146.11,224.11
56.10,,,,,,,,,,,89.30,405006150#1,p_4.0,17.80,0.00,1.25,ped_human,10.64,114.90
56.20,0.65,179.53,f_0_h.17,401208129#0_1,67.39,0.00,18.09,veh_human,152.82,46.72,,,,,,,,,
56.20,0.45,179.53,f_0_h.18,401208129#0_1,21.07,0.00,16.07,veh_human,152.44,93.07,,,,,,,,,
56.20,1.09,180.22,f_0_h.19,401208128#2_2,70.06,0.00,14.14,veh_human,152.24,154.12,,,,,,,,,
56.20,1.80,180.22,f_0_h.20,401208128#2_2,30.34,0.00,9.62,veh_human,152.39,193.85,,,,,,,,,
56.20,1.73,180.22,f_0_h.21,401208128#2_2,12.55,0.00,4.26,veh_human,152.46,211.64,,,,,,,,,
56.20,-1.94,180.22,f_0_h.22,401208128#2_1,6.26,0.00,0.44,veh_human,149.29,217.94,,,,,,,,,
56.20,2.00,359.68,f_11_h.0,401208126#3_6,67.91,0.00,0.20,veh_human,166.36,113.04,,,,,,,,,
56.20,0.00,269.53,f_12_b.0,401217076#2_2,85.64,0.00,0.00,bike_human,214.60,141.34,,,,,,,,,
56.20,0.00,269.60,f_12_h.0,401217076#2_2,111.14,0.00,0.00,veh_human,189.11,141.14,,,,,,,,,
56.20,0.00,269.53,f_12_h.1,401217076#2_3,104.14,0.00,0.00,veh_human,196.10,137.99,,,,,,,,,
56.20,-0.00,269.53,f_12_h.10,401217076#2_3,57.14,0.00,0.00,veh_human,243.11,138.37,,,,,,,,,
56.20,-0.02,269.53,f_12_h.11,401217076#2_3,50.12,0.00,0.02,veh_human,250.13,138.43,,,,,,,,,
56.20,-0.17,269.53,f_12_h.12,401217076#2_3,42.88,0.00,0.21,veh_human,257.36,138.49,,,,,,,,,
56.20,-0.97,269.53,f_12_h.13,401217076#2_3,34.25,0.00,1.40,veh_human,265.99,138.56,,,,,,,,,
56.20,-0.75,269.53,f_12_h.14,401217076#2_2,35.90,0.00,0.86,veh_human,264.33,141.75,,,,,,,,,
56.20,-1.48,269.53,f_12_h.15,401217076#2_2,23.96,0.00,3.65,veh_human,276.26,141.84,,,,,,,,,
56.20,1.86,269.53,f_12_h.16,401217076#2_2,5.82,0.00,1.53,veh_human,294.40,141.99,,,,,,,,,
56.20,0.00,269.53,f_12_h.2,401217076#2_3,97.14,0.00,0.00,veh_human,203.10,138.05,,,,,,,,,
56.20,0.00,269.53,f_12_h.3,401217076#2_2,92.14,0.00,0.00,veh_human,208.10,141.29,,,,,,,,,
56.20,0.00,269.53,f_12_h.4,401217076#2_3,84.14,0.00,0.00,veh_human,216.10,138.15,,,,,,,,,
56.20,0.00,269.53,f_12_h.5,401217076#2_3,71.14,0.00,0.00,veh_human,229.10,138.26,,,,,,,,,
56.20,0.00,269.53,f_12_h.6,401217076#2_2,81.84,0.00,0.00,veh_human,218.40,141.37,,,,,,,,,
56.20,0.00,269.53,f_12_h.7,401217076#2_2,74.84,0.00,0.00,veh_human,225.40,141.43,,,,,,,,,
56.20,-0.00,269.53,f_12_h.8,401217076#2_3,64.14,0.00,0.00,veh_human,236.10,138.32,,,,,,,,,
56.20,-0.00,269.53,f_12_h.9,401217076#2_2,55.84,0.00,0.00,veh_human,244.40,141.58,,,,,,,,,
56.20,-0.11,269.58,f_14_h.0,401217076#2_1,110.91,0.00,0.16,veh_human,189.34,144.34,,,,,,,,,
56.20,0.00,269.61,f_15_h.0,401217076#2_4,111.13,0.00,0.00,veh_human,189.10,134.74,,,,,,,,,
56.20,-1.94,269.53,f_15_h.1,401217076#2_1,5.48,0.00,0.80,veh_human,294.72,145.20,,,,,,,,,
56.20,0.00,180.22,f_3_h.1,401208128#2_1,57.22,0.00,8.10,veh_human,149.09,166.95,,,,,,,,,
56.20,0.00,89.30,f_4_b.0,405006150#1_2,136.35,0.00,0.00,bike_human,129.10,122.73,,,,,,,,,
56.20,0.00,89.30,f_4_b.1,405006150#1_3,109.34,0.00,0.00,bike_human,102.07,125.61,,,,,,,,,
56.20,-0.09,89.30,f_4_b.2,405006150#1_3,91.93,0.00,0.10,bike_human,84.66,125.40,,,,,,,,,
56.20,-0.05,89.30,f_4_b.3,405006150#1_2,39.11,0.00,7.00,bike_human,31.88,121.55,,,,,,,,,
56.20,1.50,89.30,f_4_b.4,405006150#1_1,2.05,0.00,0.60,bike_human,-5.14,117.90,,,,,,,,,
56.20,0.00,89.30,f_4_h.0,405006150#1_2,149.85,0.00,0.00,veh_human,142.60,122.90,,,,,,,,,
56.20,0.00,89.30,f_4_h.1,405006150#1_3,149.84,0.00,0.00,veh_human,142.57,126.10,,,,,,,,,
56.20,-0.00,89.30,f_4_h.10,405006150#1_2,111.55,0.00,0.00,veh_human,104.30,122.43,,,,,,,,,
56.20,-0.00,89.30,f_4_h.11,405006150#1_3,105.54,0.00,0.00,veh_human,98.27,125.56,,,,,,,,,
56.20,-0.06,89.30,f_4_h.12,405006150#1_2,104.48,0.00,0.07,veh_human,97.23,122.35,,,,,,,,,
56.20,-0.00,89.30,f_4_h.13,405006150#1_3,98.54,0.00,0.00,veh_human,91.27,125.48,,,,,,,,,
56.20,-0.38,89.30,f_4_h.14,405006150#1_2,91.18,0.00,0.49,veh_human,83.94,122.19,,,,,,,,,
56.20,-0.43,89.30,f_4_h.15,405006150#1_3,87.43,0.00,0.61,veh_human,80.16,125.34,,,,,,,,,
56.20,-0.81,89.30,f_4_h.16,405006150#1_2,82.35,0.00,1.51,veh_human,75.11,122.08,,,,,,,,,
56.20,-2.00,89.30,f_4_h.17,405006150#1_3,75.53,0.00,3.78,veh_human,68.26,125.20,,,,,,,,,
56.20,1.71,89.30,f_4_h.18,405006150#1_2,15.60,0.00,5.10,veh_human,8.37,121.27,,,,,,,,,
56.20,0.00,89.30,f_4_h.2,405006150#1_2,142.85,0.00,0.00,veh_human,135.60,122.81,,,,,,,,,
56.20,0.00,89.30,f_4_h.3,405006150#1_3,142.84,0.00,0.00,veh_human,135.57,126.01,,,,,,,,,
56.20,0.00,89.30,f_4_h.4,405006150#1_3,129.84,0.00,0.00,veh_human,122.57,125.86,,,,,,,,,
56.20,0.00,89.30,f_4_h.5,405006150#1_3,122.84,0.00,0.00,veh_human,115.57,125.77,,,,,,,,,
56.20,0.00,89.30,f_4_h.6,405006150#1_3,115.84,0.00,0.00,veh_human,108.57,125.69,,,,,,,,,
56.20,0.00,89.30,f_4_h.7,405006150#1_2,132.55,0.00,0.00,veh_human,125.30,122.69,,,,,,,,,
56.20,-0.00,89.30,f_4_h.8,405006150#1_2,125.55,0.00,0.00,veh_human,118.30,122.60,,,,,,,,,
56.20,-0.00,89.30,f_4_h.9,405006150#1_2,118.55,0.00,0.00,veh_human,111.30,122.52,,,,,,,,,
56.20,0.00,89.30,f_5_b.0,405006150#1_1,149.85,0.00,0.00,bike_human,142.63,119.70,,,,,,,,,
56.20,-1.67,89.31,f_6_h.0,405006150#1_4,122.88,0.00,10.62,veh_human,115.58,128.97,,,,,,,,,
56.20,0.34,89.31,f_6_h.1,405006150#1_4,71.89,0.00,12.93,veh_human,64.58,128.35,,,,,,,,,
56.20,1.27,89.30,f_6_h.2,405006150#1_3,6.49,0.00,0.40,veh_human,-0.78,124.36,,,,,,,,,
56.20,0.00,359.97,f_8_b.0,401208131#0_2,24.95,0.00,7.50,bike_human,176.34,174.87,,,,,,,,,
56.20,-0.66,359.97,f_8_h.15,401208131#0_2,7.73,0.00,8.93,veh_human,176.35,157.65,,,,,,,,,
56.20,0.82,359.97,f_8_h.16,401208131#0_1,40.02,0.00,17.34,veh_human,179.53,189.94,,,,,,,,,
56.20,0.71,359.68,f_8_h.17,401208126#3_3,63.37,0.00,13.16,veh_human,175.99,108.45,,,,,,,,,
56.20,1.22,0.61,f_8_h.18,:Junc1_6_0,5.46,0.00,15.13,veh_human,179.23,119.47,,,,,,,,,
56.20,1.68,359.68,f_8_h.19,401208126#3_2,37.28,0.00,10.46,veh_human,179.33,82.36,,,,,,,,,
56.20,1.78,359.68,f_8_h.20,401208126#3_2,15.09,0.00,5.37,veh_human,179.46,60.18,,,,,,,,,
56.20,0.44,179.71,fc_00.3,401208129#0_1,3.50,0.00,15.42,veh_av,152.29,110.65,,,,,,,,,
56.20,0.00,89.30,fc_04.0,405006150#1_3,136.84,0.00,0.00,veh_av,129.57,125.94,,,,,,,,,
56.20,-0.00,89.30,fc_04.1,405006150#1_1,105.54,0.00,0.00,veh_av,98.33,119.16,,,,,,,,,
56.20,0.77,89.30,fc_04.2,405006150#1_1,98.30,0.00,0.14,veh_av,91.09,119.07,,,,,,,,,
56.20,1.71,89.30,fc_04.3,405006150#1_3,35.52,0.00,10.97,veh_av,28.25,124.71,,,,,,,,,
56.20,0.57,359.97,fc_08.4,401208131#0_1,20.84,0.00,16.38,veh_av,179.54,170.76,,,,,,,,,
56.20,0.00,359.68,fc_08.5,401208126#3_2,6.15,0.00,0.46,veh_av,179.51,51.25,,,,,,,,,
56.20,3.50,359.68,fc_08.6,401208126#3_1,5.83,0.00,2.10,veh_av,182.71,50.95,,,,,,,,,
56.20,0.00,269.61,fc_12.0,401217076#2_3,111.14,0.00,0.00,veh_av,189.10,137.94,,,,,,,,,
56.20,0.00,269.53,fc_12.1,401217076#2_2,105.14,0.00,0.00,veh_av,195.11,141.18,,,,,,,,,
56.20,0.00,269.53,fc_12.2,401217076#2_2,99.14,0.00,0.00,veh_av,201.11,141.23,,,,,,,,,
56.20,0.00,269.53,fc_12.3,401217076#2_3,91.14,0.00,0.00,veh_av,209.10,138.10,,,,,,,,,
56.20,0.00,269.53,fc_12.4,401217076#2_3,78.14,0.00,0.00,veh_av,222.10,138.20,,,,,,,,,
56.20,-0.00,269.53,fc_12.5,401217076#2_2,68.84,0.00,0.00,veh_av,231.40,141.48,,,,,,,,,
56.20,-0.00,269.53,fc_12.6,401217076#2_2,62.84,0.00,0.00,veh_av,237.40,141.53,,,,,,,,,
56.20,-0.00,269.53,fc_12.7,401217076#2_2,49.84,0.00,0.00,veh_av,250.39,141.63,,,,,,,,,
56.20,-0.00,269.53,fc_12.8,401217076#2_2,43.84,0.00,0.00,veh_av,256.39,141.68,,,,,,,,,
56.20,1.51,269.53,fc_12.9,401217076#2_3,15.69,0.00,6.83,veh_av,284.55,138.71,,,,,,,,,
56.20,0.09,269.53,fc_14.0,401217076#2_1,52.13,0.00,13.48,veh_av,248.10,144.82,,,,,,,,,
56.20,,,,,,,,,,,359.68,401208126#3,p_8.1,8.66,0.00,1.05,ped_human,185.89,53.79
56.20,,,,,,,,,,,359.68,401208126#3,p_8.0,59.76,0.00,1.29,ped_human,185.61,104.81
56.20,,,,,,,,,,,180.22,401208128#2,p_3.0,0.22,0.00,1.11,ped_human,146.11,224.00
56.20,,,,,,,,,,,89.30,405006150#1,p_4.0,17.94,0.00,1.39,ped_human,10.78,114.90
56.30,0.63,179.53,f_0_h.17,401208129#0_1,69.21,0.00,18.16,veh_human,152.83,44.90,,,,,,,,,
56.30,0.45,179.53,f_0_h.18,401208129#0_1,22.68,0.00,16.11,veh_human,152.45,91.46,,,,,,,,,
56.30,1.07,180.22,f_0_h.19,401208128#2_2,71.49,0.00,14.25,veh_human,152.23,152.69,,,,,,,,,
56.30,1.79,180.22,f_0_h.20,401208128#2_2,31.32,0.00,9.80,veh_human,152.39,192.87,,,,,,,,,
56.30,1.74,180.22,f_0_h.21,401208128#2_2,12.99,0.00,4.43,veh_human,152.46,211.20,,,,,,,,,
56.30,-1.94,180.22,f_0_h.22,401208128#2_1,6.29,0.00,0.24,veh_human,149.29,217.92,,,,,,,,,
56.30,-2.00,359.68,f_11_h.0,401208126#3_6,67.91,0.00,0.00,veh_human,166.36,113.04,,,,,,,,,
56.30,0.00,269.53,f_12_b.0,401217076#2_2,85.64,0.00,0.00,bike_human,214.60,141.34,,,,,,,,,
56.30,0.00,269.60,f_12_h.0,401217076#2_2,111.14,0.00,0.00,veh_human,189.11,141.14,,,,,,,,,
56.30,0.00,269.53,f_12_h.1,401217076#2_3,104.14,0.00,0.00,veh_human,196.10,137.99,,,,,,,,,
56.30,-0.00,269.53,f_12_h.10,401217076#2_3,57.14,0.00,0.00,veh_human,243.11,138.37,,,,,,,,,
56.30,-0.01,269.53,f_12_h.11,401217076#2_3,50.12,0.00,0.02,veh_human,250.13,138.43,,,,,,,,,
56.30,-0.16,269.53,f_12_h.12,401217076#2_3,42.90,0.00,0.19,veh_human,257.34,138.49,,,,,,,,,
56.30,-0.92,269.53,f_12_h.13,401217076#2_3,34.39,0.00,1.31,veh_human,265.86,138.56,,,,,,,,,
56.30,-0.70,269.53,f_12_h.14,401217076#2_2,35.98,0.00,0.79,veh_human,264.25,141.75,,,,,,,,,
56.30,-1.51,269.53,f_12_h.15,401217076#2_2,24.31,0.00,3.50,veh_human,275.91,141.84,,,,,,,,,
56.30,1.84,269.53,f_12_h.16,401217076#2_2,5.99,0.00,1.72,veh_human,294.23,141.99,,,,,,,,,
56.30,0.00,269.53,f_12_h.2,401217076#2_3,97.14,0.00,0.00,veh_human,203.10,138.05,,,,,,,,,
56.30,0.00,269.53,f_12_h.3,401217076#2_2,92.14,0.00,0.00,veh_human,208.10,141.29,,,,,,,,,
56.30,0.00,269.53,f_12_h.4,401217076#2_3,84.14,0.00,0.00,veh_human,216.10,138.15,,,,,,,,,
56.30,0.00,269.53,f_12_h.5,401217076#2_3,71.14,0.00,0.00,veh_human,229.10,138.26,,,,,,,,,
56.30,0.00,269.53,f_12_h.6,401217076#2_2,81.84,0.00,0.00,veh_human,218.40,141.37,,,,,,,,,
56.30,0.00,269.53,f_12_h.7,401217076#2_2,74.84,0.00,0.00,veh_human,225.40,141.43,,,,,,,,,
56.30,0.00,269.53,f_12_h.8,401217076#2_3,64.14,0.00,0.00,veh_human,236.10,138.32,,,,,,,,,
56.30,-0.00,269.53,f_12_h.9,401217076#2_2,55.84,0.00,0.00,veh_human,244.40,141.58,,,,,,,,,
56.30,-0.10,269.58,f_14_h.0,401217076#2_1,110.92,0.00,0.15,veh_human,189.33,144.34,,,,,,,,,
56.30,0.00,269.61,f_15_h.0,401217076#2_4,111.13,0.00,0.00,veh_human,189.10,134.74,,,,,,,,,
56.30,-1.94,269.53,f_15_h.1,401217076#2_1,5.54,0.00,0.61,veh_human,294.66,145.19,,,,,,,,,
56.30,0.00,180.22,f_3_h.1,401208128#2_1,58.03,0.00,8.10,veh_human,149.08,166.14,,,,,,,,,
56.30,0.00,89.30,f_4_b.0,405006150#1_2,136.35,0.00,0.00,bike_human,129.10,122.73,,,,,,,,,
56.30,0.00,89.30,f_4_b.1,405006150#1_3,109.34,0.00,0.00,bike_human,102.07,125.61,,,,,,,,,
56.30,-0.09,89.30,f_4_b.2,405006150#1_3,91.94,0.00,0.09,bike_human,84.67,125.40,,,,,,,,,
56.30,-0.06,89.30,f_4_b.3,405006150#1_2,39.81,0.00,6.99,bike_human,32.58,121.56,,,,,,,,,
56.30,1.50,89.30,f_4_b.4,405006150#1_1,2.12,0.00,0.75,bike_human,-5.07,117.91,,,,,,,,,
56.30,0.00,89.30,f_4_h.0,405006150#1_2,149.85,0.00,0.00,veh_human,142.60,122.90,,,,,,,,,
56.30,0.00,89.30,f_4_h.1,405006150#1_3,149.84,0.00,0.00,veh_human,142.57,126.10,,,,,,,,,
56.30,-0.00,89.30,f_4_h.10,405006150#1_2,111.55,0.00,0.00,veh_human,104.30,122.43,,,,,,,,,
56.30,-0.00,89.30,f_4_h.11,405006150#1_3,105.54,0.00,0.00,veh_human,98.27,125.56,,,,,,,,,
56.30,-0.06,89.30,f_4_h.12,405006150#1_2,104.48,0.00,0.06,veh_human,97.24,122.35,,,,,,,,,
56.30,-0.00,89.30,f_4_h.13,405006150#1_3,98.54,0.00,0.00,veh_human,91.27,125.48,,,,,,,,,
56.30,-0.34,89.30,f_4_h.14,405006150#1_2,91.23,0.00,0.46,veh_human,83.99,122.19,,,,,,,,,
56.30,-0.40,89.30,f_4_h.15,405006150#1_3,87.49,0.00,0.57,veh_human,80.22,125.34,,,,,,,,,
56.30,-0.77,89.30,f_4_h.16,405006150#1_2,82.49,0.00,1.43,veh_human,75.25,122.08,,,,,,,,,
56.30,-1.95,89.30,f_4_h.17,405006150#1_3,75.89,0.00,3.59,veh_human,68.62,125.20,,,,,,,,,
56.30,1.69,89.30,f_4_h.18,405006150#1_2,16.13,0.00,5.27,veh_human,8.90,121.28,,,,,,,,,
56.30,0.00,89.30,f_4_h.2,405006150#1_2,142.85,0.00,0.00,veh_human,135.60,122.81,,,,,,,,,
56.30,0.00,89.30,f_4_h.3,405006150#1_3,142.84,0.00,0.00,veh_human,135.57,126.01,,,,,,,,,
56.30,0.00,89.30,f_4_h.4,405006150#1_3,129.84,0.00,0.00,veh_human,122.57,125.86,,,,,,,,,
56.30,0.00,89.30,f_4_h.5,405006150#1_3,122.84,0.00,0.00,veh_human,115.57,125.77,,,,,,,,,
56.30,0.00,89.30,f_4_h.6,405006150#1_3,115.84,0.00,0.00,veh_human,108.57,125.69,,,,,,,,,
56.30,0.00,89.30,f_4_h.7,405006150#1_2,132.55,0.00,0.00,veh_human,125.30,122.69,,,,,,,,,
56.30,-0.00,89.30,f_4_h.8,405006150#1_2,125.55,0.00,0.00,veh_human,118.30,122.60,,,,,,,,,
56.30,-0.00,89.30,f_4_h.9,405006150#1_2,118.55,0.00,0.00,veh_human,111.30,122.52,,,,,,,,,
56.30,0.00,89.30,f_5_b.0,405006150#1_1,149.85,0.00,0.00,bike_human,142.63,119.70,,,,,,,,,
56.30,-1.73,89.31,f_6_h.0,405006150#1_4,123.93,0.00,10.45,veh_human,116.63,128.98,,,,,,,,,
56.30,0.30,89.31,f_6_h.1,405006150#1_4,73.18,0.00,12.96,veh_human,65.88,128.37,,,,,,,,,
56.30,1.99,89.31,f_6_h.2,405006150#1_4,6.55,0.00,0.60,veh_human,-0.76,127.56,,,,,,,,,
56.30,0.00,359.97,f_8_b.0,401208131#0_2,25.70,0.00,7.50,bike_human,176.34,175.62,,,,,,,,,
56.30,-0.65,359.97,f_8_h.15,401208131#0_2,8.62,0.00,8.87,veh_human,176.35,158.54,,,,,,,,,
56.30,0.80,359.97,f_8_h.16,401208131#0_1,41.76,0.00,17.42,veh_human,179.53,191.68,,,,,,,,,
56.30,0.66,359.68,f_8_h.17,401208126#3_3,64.70,0.00,13.22,veh_human,175.98,109.78,,,,,,,,,
56.30,1.20,0.61,f_8_h.18,:Junc1_6_0,6.98,0.00,15.25,veh_human,179.24,121.00,,,,,,,,,
56.30,1.66,359.68,f_8_h.19,401208126#3_2,38.34,0.00,10.63,veh_human,179.33,83.42,,,,,,,,,
56.30,1.79,359.68,f_8_h.20,401208126#3_2,15.64,0.00,5.55,veh_human,179.45,60.73,,,,,,,,,
56.30,0.44,179.59,fc_00.3,401208129#0_1,5.05,0.00,15.47,veh_av,152.31,109.10,,,,,,,,,
56.30,0.00,89.30,fc_04.0,405006150#1_3,136.84,0.00,0.00,veh_av,129.57,125.94,,,,,,,,,
56.30,-0.00,89.30,fc_04.1,405006150#1_1,105.54,0.00,0.00,veh_av,98.33,119.16,,,,,,,,,
56.30,0.43,89.30,fc_04.2,405006150#1_1,98.32,0.00,0.18,veh_av,91.11,119.07,,,,,,,,,
56.30,1.51,89.30,fc_04.3,405006150#1_3,36.63,0.00,11.12,veh_av,29.36,124.72,,,,,,,,,
56.30,0.58,359.97,fc_08.4,401208131#0_1,22.48,0.00,16.44,veh_av,179.54,172.41,,,,,,,,,
56.30,0.00,359.68,fc_08.5,401208126#3_2,6.19,0.00,0.46,veh_av,179.51,51.29,,,,,,,,,
56.30,3.50,359.68,fc_08.6,401208126#3_1,6.08,0.00,2.45,veh_av,182.71,51.19,,,,,,,,,
56.30,0.00,269.61,fc_12.0,401217076#2_3,111.14,0.00,0.00,veh_av,189.10,137.94,,,,,,,,,
56.30,0.00,269.53,fc_12.1,401217076#2_2,105.14,0.00,0.00,veh_av,195.11,141.18,,,,,,,,,
56.30,0.00,269.53,fc_12.2,401217076#2_2,99.14,0.00,0.00,veh_av,201.11,141.23,,,,,,,,,
56.30,0.00,269.53,fc_12.3,401217076#2_3,91.14,0.00,0.00,veh_av,209.10,138.10,,,,,,,,,
56.30,0.00,269.53,fc_12.4,401217076#2_3,78.14,0.00,0.00,veh_av,222.10,138.20,,,,,,,,,
56.30,-0.00,269.53,fc_12.5,401217076#2_2,68.84,0.00,0.00,veh_av,231.40,141.48,,,,,,,,,
56.30,-0.00,269.53,fc_12.6,401217076#2_2,62.84,0.00,0.00,veh_av,237.40,141.53,,,,,,,,,
56.30,-0.00,269.53,fc_12.7,401217076#2_2,49.84,0.00,0.00,veh_av,250.39,141.63,,,,,,,,,
56.30,-0.00,269.53,fc_12.8,401217076#2_2,43.84,0.00,0.00,veh_av,256.39,141.68,,,,,,,,,
56.30,1.16,269.53,fc_12.9,401217076#2_3,16.39,0.00,6.94,veh_av,283.86,138.71,,,,,,,,,
56.30,0.00,269.53,fc_14.0,401217076#2_1,53.47,0.00,13.48,veh_av,246.75,144.80,,,,,,,,,
56.30,,,,,,,,,,,359.68,401208126#3,p_8.1,8.78,0.00,1.13,ped_human,185.89,53.91
56.30,,,,,,,,,,,359.68,401208126#3,p_8.0,59.87,0.00,1.11,ped_human,185.61,104.92
56.30,,,,,,,,,,,180.22,401208128#2,p_3.0,0.33,0.00,1.10,ped_human,146.11,223.89
56.30,,,,,,,,,,,89.30,405006150#1,p_4.0,18.07,0.00,1.37,ped_human,10.92,114.90
56.40,0.61,179.53,f_0_h.17,401208129#0_1,71.03,0.00,18.22,veh_human,152.85,43.08,,,,,,,,,
56.40,0.44,179.53,f_0_h.18,401208129#0_1,24.30,0.00,16.16,veh_human,152.46,89.84,,,,,,,,,
56.40,1.05,180.22,f_0_h.19,401208128#2_2,72.92,0.00,14.35,veh_human,152.22,151.26,,,,,,,,,
56.40,1.78,180.22,f_0_h.20,401208128#2_2,32.31,0.00,9.98,veh_human,152.38,191.87,,,,,,,,,
56.40,1.75,180.22,f_0_h.21,401208128#2_2,13.45,0.00,4.61,veh_human,152.46,210.74,,,,,,,,,
56.40,-1.94,180.22,f_0_h.22,401208128#2_2,6.29,0.00,0.05,veh_human,152.49,217.90,,,,,,,,,
56.40,0.00,180.22,f_0_h.23,401208128#2_1,5.10,0.00,0.00,veh_human,149.29,219.11,,,,,,,,,
56.40,2.00,359.68,f_11_h.0,401208126#3_6,67.93,0.00,0.20,veh_human,166.36,113.06,,,,,,,,,
56.40,0.00,269.53,f_12_b.0,401217076#2_2,85.64,0.00,0.00,bike_human,214.60,141.34,,,,,,,,,
56.40,0.00,269.60,f_12_h.0,401217076#2_2,111.14,0.00,0.00,veh_human,189.11,141.14,,,,,,,,,
56.40,0.00,269.53,f_12_h.1,401217076#2_3,104.14,0.00,0.00,veh_human,196.10,137.99,,,,,,,,,
56.40,-0.00,269.53,f_12_h.10,401217076#2_3,57.14,0.00,0.00,veh_human,243.11,138.37,,,,,,,,,
56.40,-0.01,269.53,f_12_h.11,401217076#2_3,50.12,0.00,0.02,veh_human,250.12,138.43,,,,,,,,,
56.40,-0.15,269.53,f_12_h.12,401217076#2_3,42.92,0.00,0.18,veh_human,257.33,138.49,,,,,,,,,
56.40,-0.86,269.53,f_12_h.13,401217076#2_3,34.51,0.00,1.22,veh_human,265.74,138.56,,,,,,,,,
56.40,-0.65,269.53,f_12_h.14,401217076#2_2,36.05,0.00,0.73,veh_human,264.18,141.75,,,,,,,,,
56.40,-1.52,269.53,f_12_h.15,401217076#2_2,24.65,0.00,3.35,veh_human,275.58,141.84,,,,,,,,,
56.40,1.81,269.53,f_12_h.16,401217076#2_2,6.18,0.00,1.90,veh_human,294.04,141.99,,,,,,,,,
56.40,0.00,269.53,f_12_h.2,401217076#2_3,97.14,0.00,0.00,veh_human,203.10,138.05,,,,,,,,,
56.40,0.00,269.53,f_12_h.3,401217076#2_2,92.14,0.00,0.00,veh_human,208.10,141.29,,,,,,,,,
56.40,0.00,269.53,f_12_h.4,401217076#2_3,84.14,0.00,0.00,veh_human,216.10,138.15,,,,,,,,,
56.40,0.00,269.53,f_12_h.5,401217076#2_3,71.14,0.00,0.00,veh_human,229.10,138.26,,,,,,,,,
56.40,0.00,269.53,f_12_h.6,401217076#2_2,81.84,0.00,0.00,veh_human,218.40,141.37,,,,,,,,,
56.40,0.00,269.53,f_12_h.7,401217076#2_2,74.84,0.00,0.00,veh_human,225.40,141.43,,,,,,,,,
56.40,0.00,269.53,f_12_h.8,401217076#2_3,64.14,0.00,0.00,veh_human,236.10,138.32,,,,,,,,,
56.40,-0.00,269.53,f_12_h.9,401217076#2_2,55.84,0.00,0.00,veh_human,244.40,141.58,,,,,,,,,
56.40,-0.09,269.58,f_14_h.0,401217076#2_1,110.94,0.00,0.14,veh_human,189.31,144.34,,,,,,,,,
56.40,0.00,269.61,f_15_h.0,401217076#2_4,111.13,0.00,0.00,veh_human,189.10,134.74,,,,,,,,,
56.40,-1.94,269.53,f_15_h.1,401217076#2_1,5.58,0.00,0.41,veh_human,294.62,145.19,,,,,,,,,
56.40,0.00,180.22,f_3_h.1,401208128#2_1,58.85,0.00,8.10,veh_human,149.08,165.33,,,,,,,,,
56.40,0.00,89.30,f_4_b.0,405006150#1_2,136.35,0.00,0.00,bike_human,129.10,122.73,,,,,,,,,
56.40,0.00,89.30,f_4_b.1,405006150#1_3,109.34,0.00,0.00,bike_human,102.07,125.61,,,,,,,,,
56.40,-0.08,89.30,f_4_b.2,405006150#1_3,91.95,0.00,0.09,bike_human,84.68,125.40,,,,,,,,,
56.40,-0.08,89.30,f_4_b.3,405006150#1_2,40.51,0.00,6.98,bike_human,33.28,121.57,,,,,,,,,
56.40,1.50,89.30,f_4_b.4,405006150#1_1,2.21,0.00,0.90,bike_human,-4.98,117.91,,,,,,,,,
56.40,0.00,89.30,f_4_h.0,405006150#1_2,149.85,0.00,0.00,veh_human,142.60,122.90,,,,,,,,,
56.40,0.00,89.30,f_4_h.1,405006150#1_3,149.84,0.00,0.00,veh_human,142.57,126.10,,,,,,,,,
56.40,-0.00,89.30,f_4_h.10,405006150#1_2,111.55,0.00,0.00,veh_human,104.30,122.43,,,,,,,,,
56.40,-0.00,89.30,f_4_h.11,405006150#1_3,105.54,0.00,0.00,veh_human,98.27,125.56,,,,,,,,,
56.40,-0.05,89.30,f_4_h.12,405006150#1_2,104.49,0.00,0.06,veh_human,97.24,122.35,,,,,,,,,
56.40,-0.00,89.30,f_4_h.13,405006150#1_3,98.54,0.00,0.00,veh_human,91.27,125.48,,,,,,,,,
56.40,-0.13,89.30,f_4_h.14,405006150#1_2,91.27,0.00,0.44,veh_human,84.03,122.19,,,,,,,,,
56.40,-0.38,89.30,f_4_h.15,405006150#1_3,87.54,0.00,0.53,veh_human,80.27,125.34,,,,,,,,,
56.40,-0.74,89.30,f_4_h.16,405006150#1_2,82.63,0.00,1.35,veh_human,75.39,122.08,,,,,,,,,
56.40,-1.89,89.30,f_4_h.17,405006150#1_3,76.23,0.00,3.40,veh_human,68.96,125.20,,,,,,,,,
56.40,1.66,89.30,f_4_h.18,405006150#1_2,16.67,0.00,5.43,veh_human,9.44,121.28,,,,,,,,,
56.40,0.00,89.30,f_4_h.2,405006150#1_2,142.85,0.00,0.00,veh_human,135.60,122.81,,,,,,,,,
56.40,0.00,89.30,f_4_h.3,405006150#1_3,142.84,0.00,0.00,veh_human,135.57,126.01,,,,,,,,,
56.40,0.00,89.30,f_4_h.4,405006150#1_3,129.84,0.00,0.00,veh_human,122.57,125.86,,,,,,,,,
56.40,0.00,89.30,f_4_h.5,405006150#1_3,122.84,0.00,0.00,veh_human,115.57,125.77,,,,,,,,,
56.40,0.00,89.30,f_4_h.6,405006150#1_3,115.84,0.00,0.00,veh_human,108.57,125.69,,,,,,,,,
56.40,0.00,89.30,f_4_h.7,405006150#1_2,132.55,0.00,0.00,veh_human,125.30,122.69,,,,,,,,,
56.40,-0.00,89.30,f_4_h.8,405006150#1_2,125.55,0.00,0.00,veh_human,118.30,122.60,,,,,,,,,
56.40,-0.00,89.30,f_4_h.9,405006150#1_2,118.55,0.00,0.00,veh_human,111.30,122.52,,,,,,,,,
56.40,0.00,89.30,f_5_b.0,405006150#1_1,149.85,0.00,0.00,bike_human,142.63,119.70,,,,,,,,,
56.40,-1.80,89.31,f_6_h.0,405006150#1_4,124.95,0.00,10.27,veh_human,117.65,129.00,,,,,,,,,
56.40,0.27,89.31,f_6_h.1,405006150#1_4,74.48,0.00,12.99,veh_human,67.17,128.38,,,,,,,,,
56.40,2.00,89.31,f_6_h.2,405006150#1_4,6.63,0.00,0.80,veh_human,-0.68,127.56,,,,,,,,,
56.40,0.00,359.97,f_8_b.0,401208131#0_2,26.45,0.00,7.50,bike_human,176.34,176.37,,,,,,,,,
56.40,-0.63,359.97,f_8_h.15,401208131#0_2,9.50,0.00,8.81,veh_human,176.34,159.42,,,,,,,,,
56.40,0.77,359.97,f_8_h.16,401208131#0_1,43.51,0.00,17.49,veh_human,179.53,193.43,,,,,,,,,
56.40,0.60,359.68,f_8_h.17,401208126#3_3,66.02,0.00,13.28,veh_human,175.97,111.10,,,,,,,,,
56.40,1.17,0.61,f_8_h.18,:Junc1_6_0,8.52,0.00,15.36,veh_human,179.26,122.54,,,,,,,,,
56.40,1.65,359.68,f_8_h.19,401208126#3_2,39.42,0.00,10.79,veh_human,179.32,84.50,,,,,,,,,
56.40,1.79,359.68,f_8_h.20,401208126#3_2,16.22,0.00,5.73,veh_human,179.45,61.31,,,,,,,,,
56.40,0.43,179.53,fc_00.3,401208129#0_1,6.60,0.00,15.51,veh_av,152.32,107.55,,,,,,,,,
56.40,0.00,89.30,fc_04.0,405006150#1_3,136.84,0.00,0.00,veh_av,129.57,125.94,,,,,,,,,
56.40,-0.00,89.30,fc_04.1,405006150#1_1,105.54,0.00,0.00,veh_av,98.33,119.16,,,,,,,,,
56.40,0.17,89.30,fc_04.2,405006150#1_1,98.34,0.00,0.20,veh_av,91.13,119.07,,,,,,,,,
56.40,1.31,89.30,fc_04.3,405006150#1_3,37.76,0.00,11.25,veh_av,30.49,124.74,,,,,,,,,
56.40,0.58,359.97,fc_08.4,401208131#0_1,24.13,0.00,16.50,veh_av,179.54,174.06,,,,,,,,,
56.40,0.00,359.68,fc_08.5,401208126#3_3,6.24,0.00,0.46,veh_av,176.31,51.33,,,,,,,,,
56.40,3.49,359.68,fc_08.6,401208126#3_1,6.36,0.00,2.80,veh_av,182.70,51.47,,,,,,,,,
56.40,0.00,269.61,fc_12.0,401217076#2_3,111.14,0.00,0.00,veh_av,189.10,137.94,,,,,,,,,
56.40,0.00,269.53,fc_12.1,401217076#2_2,105.14,0.00,0.00,veh_av,195.11,141.18,,,,,,,,,
56.40,0.00,269.53,fc_12.2,401217076#2_2,99.14,0.00,0.00,veh_av,201.11,141.23,,,,,,,,,
56.40,0.00,269.53,fc_12.3,401217076#2_3,91.14,0.00,0.00,veh_av,209.10,138.10,,,,,,,,,
56.40,0.00,269.53,fc_12.4,401217076#2_3,78.14,0.00,0.00,veh_av,222.10,138.20,,,,,,,,,
56.40,0.00,269.53,fc_12.5,401217076#2_2,68.84,0.00,0.00,veh_av,231.40,141.48,,,,,,,,,
56.40,-0.00,269.53,fc_12.6,401217076#2_2,62.84,0.00,0.00,veh_av,237.40,141.53,,,,,,,,,
56.40,-0.00,269.53,fc_12.7,401217076#2_2,49.84,0.00,0.00,veh_av,250.39,141.63,,,,,,,,,
56.40,-0.00,269.53,fc_12.8,401217076#2_2,43.84,0.00,0.00,veh_av,256.39,141.68,,,,,,,,,
56.40,0.78,269.53,fc_12.9,401217076#2_3,17.09,0.00,7.02,veh_av,283.16,138.70,,,,,,,,,
56.40,-0.08,269.53,fc_14.0,401217076#2_1,54.82,0.00,13.47,veh_av,245.40,144.79,,,,,,,,,
56.40,,,,,,,,,,,359.68,401208126#3,p_8.1,8.88,0.00,0.98,ped_human,185.89,54.00
56.40,,,,,,,,,,,359.68,401208126#3,p_8.0,60.01,0.00,1.37,ped_human,185.61,105.05
56.40,,,,,,,,,,,180.22,401208128#2,p_3.0,0.45,0.00,1.15,ped_human,146.11,223.77
56.40,,,,,,,,,,,89.30,405006150#1,p_4.0,18.21,0.00,1.35,ped_human,11.05,114.90
56.50,0.43,179.53,f_0_h.18,401208129#0_1,25.92,0.00,16.20,veh_human,152.48,88.22,,,,,,,,,
56.50,1.02,180.21,f_0_h.19,:Junc1_18_0,0.09,0.00,14.45,veh_human,152.22,149.81,,,,,,,,,
56.50,1.77,180.22,f_0_h.20,401208128#2_2,33.33,0.00,10.15,veh_human,152.38,190.86,,,,,,,,,
56.50,1.76,180.22,f_0_h.21,401208128#2_2,13.93,0.00,4.78,veh_human,152.46,210.26,,,,,,,,,
56.50,0.22,180.22,f_0_h.22,401208128#2_2,6.30,0.00,0.07,veh_human,152.49,217.89,,,,,,,,,
56.50,2.00,180.22,f_0_h.23,401208128#2_1,5.12,0.00,0.20,veh_human,149.29,219.09,,,,,,,,,
56.50,-2.00,359.68,f_11_h.0,401208126#3_6,67.93,0.00,0.00,veh_human,166.36,113.06,,,,,,,,,
56.50,0.00,269.53,f_12_b.0,401217076#2_2,85.64,0.00,0.00,bike_human,214.60,141.34,,,,,,,,,
56.50,0.00,269.60,f_12_h.0,401217076#2_2,111.14,0.00,0.00,veh_human,189.11,141.14,,,,,,,,,
56.50,0.00,269.53,f_12_h.1,401217076#2_3,104.14,0.00,0.00,veh_human,196.10,137.99,,,,,,,,,
56.50,-0.00,269.53,f_12_h.10,401217076#2_3,57.14,0.00,0.00,veh_human,243.11,138.37,,,,,,,,,
56.50,-0.01,269.53,f_12_h.11,401217076#2_3,50.12,0.00,0.01,veh_human,250.12,138.43,,,,,,,,,
56.50,-0.14,269.53,f_12_h.12,401217076#2_3,42.94,0.00,0.17,veh_human,257.31,138.49,,,,,,,,,
56.50,-0.81,269.53,f_12_h.13,401217076#2_3,34.62,0.00,1.14,veh_human,265.63,138.56,,,,,,,,,
56.50,-0.60,269.53,f_12_h.14,401217076#2_2,36.12,0.00,0.67,veh_human,264.11,141.75,,,,,,,,,
56.50,-1.52,269.53,f_12_h.15,401217076#2_2,24.97,0.00,3.20,veh_human,275.26,141.84,,,,,,,,,
56.50,1.79,269.53,f_12_h.16,401217076#2_2,6.39,0.00,2.08,veh_human,293.84,141.99,,,,,,,,,
56.50,0.00,269.53,f_12_h.2,401217076#2_3,97.14,0.00,0.00,veh_human,203.10,138.05,,,,,,,,,
56.50,0.00,269.53,f_12_h.3,401217076#2_2,92.14,0.00,0.00,veh_human,208.10,141.29,,,,,,,,,
56.50,0.00,269.53,f_12_h.4,401217076#2_3,84.14,0.00,0.00,veh_human,216.10,138.15,,,,,,,,,
56.50,0.00,269.53,f_12_h.5,401217076#2_3,71.14,0.00,0.00,veh_human,229.10,138.26,,,,,,,,,
56.50,0.00,269.53,f_12_h.6,401217076#2_2,81.84,0.00,0.00,veh_human,218.40,141.37,,,,,,,,,
56.50,0.00,269.53,f_12_h.7,401217076#2_2,74.84,0.00,0.00,veh_human,225.40,141.43,,,,,,,,,
56.50,0.00,269.53,f_12_h.8,401217076#2_3,64.14,0.00,0.00,veh_human,236.10,138.32,,,,,,,,,
56.50,-0.00,269.53,f_12_h.9,401217076#2_2,55.84,0.00,0.00,veh_human,244.40,141.58,,,,,,,,,
56.50,-0.09,269.58,f_14_h.0,401217076#2_1,110.95,0.00,0.13,veh_human,189.30,144.34,,,,,,,,,
56.50,0.00,269.61,f_15_h.0,401217076#2_4,111.13,0.00,0.00,veh_human,189.10,134.74,,,,,,,,,
56.50,-1.94,269.53,f_15_h.1,401217076#2_1,5.60,0.00,0.22,veh_human,294.60,145.19,,,,,,,,,
56.50,-0.02,180.22,f_3_h.1,401208128#2_1,59.66,0.00,8.10,veh_human,149.08,164.52,,,,,,,,,
56.50,0.00,89.30,f_4_b.0,405006150#1_2,136.35,0.00,0.00,bike_human,129.10,122.73,,,,,,,,,
56.50,0.00,89.30,f_4_b.1,405006150#1_3,109.34,0.00,0.00,bike_human,102.07,125.61,,,,,,,,,
56.50,-0.07,89.30,f_4_b.2,405006150#1_3,91.96,0.00,0.08,bike_human,84.69,125.40,,,,,,,,,
56.50,-0.09,89.30,f_4_b.3,405006150#1_2,41.21,0.00,6.98,bike_human,33.97,121.58,,,,,,,,,
56.50,1.50,89.30,f_4_b.4,405006150#1_1,2.32,0.00,1.05,bike_human,-4.87,117.91,,,,,,,,,
56.50,0.00,89.30,f_4_h.0,405006150#1_2,149.85,0.00,0.00,veh_human,142.60,122.90,,,,,,,,,
56.50,0.00,89.30,f_4_h.1,405006150#1_3,149.84,0.00,0.00,veh_human,142.57,126.10,,,,,,,,,
56.50,-0.00,89.30,f_4_h.10,405006150#1_2,111.55,0.00,0.00,veh_human,104.30,122.43,,,,,,,,,
56.50,-0.00,89.30,f_4_h.11,405006150#1_3,105.54,0.00,0.00,veh_human,98.27,125.56,,,,,,,,,
56.50,-0.05,89.30,f_4_h.12,405006150#1_2,104.49,0.00,0.05,veh_human,97.25,122.35,,,,,,,,,
56.50,-0.00,89.30,f_4_h.13,405006150#1_3,98.54,0.00,0.00,veh_human,91.27,125.48,,,,,,,,,
56.50,-0.14,89.30,f_4_h.14,405006150#1_2,91.31,0.00,0.43,veh_human,84.07,122.19,,,,,,,,,
56.50,-0.35,89.30,f_4_h.15,405006150#1_3,87.59,0.00,0.49,veh_human,80.32,125.34,,,,,,,,,
56.50,-0.70,89.30,f_4_h.16,405006150#1_2,82.76,0.00,1.28,veh_human,75.51,122.08,,,,,,,,,
56.50,-1.83,89.30,f_4_h.17,405006150#1_3,76.55,0.00,3.22,veh_human,69.28,125.21,,,,,,,,,
56.50,1.64,89.30,f_4_h.18,405006150#1_2,17.23,0.00,5.60,veh_human,10.00,121.29,,,,,,,,,
56.50,0.00,89.30,f_4_h.2,405006150#1_2,142.85,0.00,0.00,veh_human,135.60,122.81,,,,,,,,,
56.50,0.00,89.30,f_4_h.3,405006150#1_3,142.84,0.00,0.00,veh_human,135.57,126.01,,,,,,,,,
56.50,0.00,89.30,f_4_h.4,405006150#1_3,129.84,0.00,0.00,veh_human,122.57,125.86,,,,,,,,,
56.50,0.00,89.30,f_4_h.5,405006150#1_3,122.84,0.00,0.00,veh_human,115.57,125.77,,,,,,,,,
56.50,0.00,89.30,f_4_h.6,405006150#1_3,115.84,0.00,0.00,veh_human,108.57,125.69,,,,,,,,,
56.50,0.00,89.30,f_4_h.7,405006150#1_2,132.55,0.00,0.00,veh_human,125.30,122.69,,,,,,,,,
56.50,-0.00,89.30,f_4_h.8,405006150#1_2,125.55,0.00,0.00,veh_human,118.30,122.60,,,,,,,,,
56.50,-0.00,89.30,f_4_h.9,405006150#1_2,118.55,0.00,0.00,veh_human,111.30,122.52,,,,,,,,,
56.50,0.00,89.30,f_5_b.0,405006150#1_1,149.85,0.00,0.00,bike_human,142.63,119.70,,,,,,,,,
56.50,-1.87,89.31,f_6_h.0,405006150#1_4,125.96,0.00,10.08,veh_human,118.66,129.01,,,,,,,,,
56.50,0.23,89.31,f_6_h.1,405006150#1_4,75.78,0.00,13.01,veh_human,68.48,128.40,,,,,,,,,
56.50,2.00,89.31,f_6_h.2,405006150#1_4,6.73,0.00,1.00,veh_human,-0.58,127.56,,,,,,,,,
56.50,0.00,359.97,f_8_b.0,401208131#0_2,27.20,0.00,7.50,bike_human,176.34,177.12,,,,,,,,,
56.50,-0.61,359.97,f_8_h.15,401208131#0_2,10.38,0.00,8.74,veh_human,176.34,160.30,,,,,,,,,
56.50,0.75,359.97,f_8_h.16,401208131#0_1,45.27,0.00,17.57,veh_human,179.53,195.19,,,,,,,,,
56.50,0.55,359.68,f_8_h.17,401208126#3_3,67.36,0.00,13.34,veh_human,175.97,112.44,,,,,,,,,
56.50,1.15,0.61,f_8_h.18,:Junc1_6_0,10.07,0.00,15.48,veh_human,179.28,124.09,,,,,,,,,
56.50,1.64,359.68,f_8_h.19,401208126#3_2,40.52,0.00,10.96,veh_human,179.32,85.59,,,,,,,,,
56.50,1.79,359.68,f_8_h.20,401208126#3_2,16.81,0.00,5.91,veh_human,179.45,61.90,,,,,,,,,
56.50,0.42,179.53,fc_00.3,401208129#0_1,8.15,0.00,15.55,veh_av,152.33,105.99,,,,,,,,,
56.50,0.00,89.30,fc_04.0,405006150#1_3,136.84,0.00,0.00,veh_av,129.57,125.94,,,,,,,,,
56.50,-0.00,89.30,fc_04.1,405006150#1_1,105.54,0.00,0.00,veh_av,98.33,119.16,,,,,,,,,
56.50,0.00,89.30,fc_04.2,405006150#1_1,98.36,0.00,0.20,veh_av,91.15,119.07,,,,,,,,,
56.50,1.10,89.30,fc_04.3,405006150#1_3,38.89,0.00,11.36,veh_av,31.62,124.75,,,,,,,,,
56.50,0.58,359.97,fc_08.4,401208131#0_1,25.78,0.00,16.56,veh_av,179.54,175.71,,,,,,,,,
56.50,3.50,359.68,fc_08.5,401208126#3_3,6.32,0.00,0.81,veh_av,176.30,51.41,,,,,,,,,
56.50,3.22,359.68,fc_08.6,401208126#3_2,6.67,0.00,3.12,veh_av,179.50,51.77,,,,,,,,,
56.50,0.00,359.68,fc_08.7,401208126#3_1,5.10,0.00,0.00,veh_av,182.71,50.21,,,,,,,,,
56.50,0.00,269.61,fc_12.0,401217076#2_3,111.14,0.00,0.00,veh_av,189.10,137.94,,,,,,,,,
56.50,0.00,269.53,fc_12.1,401217076#2_2,105.14,0.00,0.00,veh_av,195.11,141.18,,,,,,,,,
56.50,0.00,269.53,fc_12.2,401217076#2_2,99.14,0.00,0.00,veh_av,201.11,141.23,,,,,,,,,
56.50,0.00,269.53,fc_12.3,401217076#2_3,91.14,0.00,0.00,veh_av,209.10,138.10,,,,,,,,,
56.50,0.00,269.53,fc_12.4,401217076#2_3,78.14,0.00,0.00,veh_av,222.10,138.20,,,,,,,,,
56.50,0.00,269.53,fc_12.5,401217076#2_2,68.84,0.00,0.00,veh_av,231.40,141.48,,,,,,,,,
56.50,-0.00,269.53,fc_12.6,401217076#2_2,62.84,0.00,0.00,veh_av,237.40,141.53,,,,,,,,,
56.50,-0.00,269.53,fc_12.7,401217076#2_2,49.84,0.00,0.00,veh_av,250.39,141.63,,,,,,,,,
56.50,-0.00,269.53,fc_12.8,401217076#2_2,43.84,0.00,0.00,veh_av,256.39,141.68,,,,,,,,,
56.50,0.37,269.53,fc_12.9,401217076#2_3,17.80,0.00,7.06,veh_av,282.45,138.69,,,,,,,,,
56.50,-0.17,269.53,fc_14.0,401217076#2_1,56.17,0.00,13.46,veh_av,244.06,144.78,,,,,,,,,
56.50,,,,,,,,,,,359.68,401208126#3,p_8.1,8.99,0.00,1.13,ped_human,185.89,54.12
56.50,,,,,,,,,,,359.68,401208126#3,p_8.0,60.13,0.00,1.24,ped_human,185.61,105.18
56.50,,,,,,,,,,,180.22,401208128#2,p_3.0,0.56,0.00,1.12,ped_human,146.11,223.66
56.50,,,,,,,,,,,89.30,405006150#1,p_4.0,18.36,0.00,1.47,ped_human,11.20,114.90
56.60,0.91,179.53,f_0_h.18,401208129#0_1,27.54,0.00,16.29,veh_human,152.49,86.59,,,,,,,,,
56.60,1.00,180.12,f_0_h.19,:Junc1_18_0,1.54,0.00,14.55,veh_human,152.22,148.36,,,,,,,,,
56.60,1.76,180.22,f_0_h.20,401208128#2_2,34.36,0.00,10.33,veh_human,152.38,189.82,,,,,,,,,
56.60,1.76,180.22,f_0_h.21,401208128#2_2,14.42,0.00,4.96,veh_human,152.45,209.76,,,,,,,,,
56.60,0.78,180.22,f_0_h.22,401208128#2_2,6.32,0.00,0.15,veh_human,152.49,217.87,,,,,,,,,
56.60,2.00,180.22,f_0_h.23,401208128#2_1,5.16,0.00,0.40,veh_human,149.29,219.05,,,,,,,,,
56.60,2.00,359.68,f_11_h.0,401208126#3_6,67.95,0.00,0.20,veh_human,166.36,113.08,,,,,,,,,
56.60,0.00,269.53,f_12_b.0,401217076#2_2,85.64,0.00,0.00,bike_human,214.60,141.34,,,,,,,,,
56.60,0.00,269.60,f_12_h.0,401217076#2_2,111.14,0.00,0.00,veh_human,189.11,141.14,,,,,,,,,
56.60,0.00,269.53,f_12_h.1,401217076#2_3,104.14,0.00,0.00,veh_human,196.10,137.99,,,,,,,,,
56.60,-0.00,269.53,f_12_h.10,401217076#2_3,57.14,0.00,0.00,veh_human,243.11,138.37,,,,,,,,,
56.60,-0.01,269.53,f_12_h.11,401217076#2_3,50.12,0.00,0.01,veh_human,250.12,138.43,,,,,,,,,
56.60,-0.13,269.53,f_12_h.12,401217076#2_3,42.95,0.00,0.15,veh_human,257.29,138.49,,,,,,,,,
56.60,-0.77,269.53,f_12_h.13,401217076#2_3,34.73,0.00,1.07,veh_human,265.52,138.56,,,,,,,,,
56.60,-0.55,269.53,f_12_h.14,401217076#2_2,36.18,0.00,0.61,veh_human,264.05,141.75,,,,,,,,,
56.60,-1.51,269.53,f_12_h.15,401217076#2_2,25.27,0.00,3.05,veh_human,274.95,141.83,,,,,,,,,
56.60,1.76,269.53,f_12_h.16,401217076#2_2,6.61,0.00,2.25,veh_human,293.61,141.99,,,,,,,,,
56.60,0.00,269.53,f_12_h.2,401217076#2_3,97.14,0.00,0.00,veh_human,203.10,138.05,,,,,,,,,
56.60,0.00,269.53,f_12_h.3,401217076#2_2,92.14,0.00,0.00,veh_human,208.10,141.29,,,,,,,,,
56.60,0.00,269.53,f_12_h.4,401217076#2_3,84.14,0.00,0.00,veh_human,216.10,138.15,,,,,,,,,
56.60,0.00,269.53,f_12_h.5,401217076#2_3,71.14,0.00,0.00,veh_human,229.10,138.26,,,,,,,,,
56.60,0.00,269.53,f_12_h.6,401217076#2_2,81.84,0.00,0.00,veh_human,218.40,141.37,,,,,,,,,
56.60,0.00,269.53,f_12_h.7,401217076#2_2,74.84,0.00,0.00,veh_human,225.40,141.43,,,,,,,,,
56.60,0.00,269.53,f_12_h.8,401217076#2_3,64.14,0.00,0.00,veh_human,236.10,138.32,,,,,,,,,
56.60,-0.00,269.53,f_12_h.9,401217076#2_2,55.84,0.00,0.00,veh_human,244.40,141.58,,,,,,,,,
56.60,-0.08,269.59,f_14_h.0,401217076#2_1,110.96,0.00,0.12,veh_human,189.29,144.34,,,,,,,,,
56.60,0.00,269.61,f_15_h.0,401217076#2_4,111.13,0.00,0.00,veh_human,189.10,134.74,,,,,,,,,
56.60,-1.94,269.53,f_15_h.1,401217076#2_1,5.61,0.00,0.02,veh_human,294.60,145.19,,,,,,,,,
56.60,-0.17,180.22,f_3_h.1,401208128#2_1,60.46,0.00,8.09,veh_human,149.07,163.71,,,,,,,,,
56.60,0.00,89.30,f_4_b.0,405006150#1_2,136.35,0.00,0.00,bike_human,129.10,122.73,,,,,,,,,
56.60,0.00,89.30,f_4_b.1,405006150#1_3,109.34,0.00,0.00,bike_human,102.07,125.61,,,,,,,,,
56.60,-0.07,89.30,f_4_b.2,405006150#1_3,91.96,0.00,0.07,bike_human,84.69,125.40,,,,,,,,,
56.60,-0.10,89.30,f_4_b.3,405006150#1_2,41.91,0.00,6.97,bike_human,34.67,121.59,,,,,,,,,
56.60,1.50,89.30,f_4_b.4,405006150#1_1,2.44,0.00,1.20,bike_human,-4.75,117.91,,,,,,,,,
56.60,0.00,89.30,f_4_h.0,405006150#1_2,149.85,0.00,0.00,veh_human,142.60,122.90,,,,,,,,,
56.60,0.00,89.30,f_4_h.1,405006150#1_3,149.84,0.00,0.00,veh_human,142.57,126.10,,,,,,,,,
56.60,-0.00,89.30,f_4_h.10,405006150#1_2,111.55,0.00,0.00,veh_human,104.30,122.43,,,,,,,,,
56.60,-0.00,89.30,f_4_h.11,405006150#1_3,105.54,0.00,0.00,veh_human,98.27,125.56,,,,,,,,,
56.60,-0.04,89.30,f_4_h.12,405006150#1_2,104.50,0.00,0.05,veh_human,97.25,122.35,,,,,,,,,
56.60,-0.00,89.30,f_4_h.13,405006150#1_3,98.54,0.00,0.00,veh_human,91.27,125.48,,,,,,,,,
56.60,-0.20,89.30,f_4_h.14,405006150#1_2,91.36,0.00,0.41,veh_human,84.11,122.19,,,,,,,,,
56.60,-0.33,89.30,f_4_h.15,405006150#1_3,87.63,0.00,0.46,veh_human,80.36,125.34,,,,,,,,,
56.60,-0.67,89.30,f_4_h.16,405006150#1_2,82.88,0.00,1.22,veh_human,75.64,122.09,,,,,,,,,
56.60,-1.77,89.30,f_4_h.17,405006150#1_3,76.86,0.00,3.04,veh_human,69.59,125.21,,,,,,,,,
56.60,1.61,89.30,f_4_h.18,405006150#1_2,17.81,0.00,5.76,veh_human,10.57,121.30,,,,,,,,,
56.60,0.00,89.30,f_4_h.2,405006150#1_2,142.85,0.00,0.00,veh_human,135.60,122.81,,,,,,,,,
56.60,0.00,89.30,f_4_h.3,405006150#1_3,142.84,0.00,0.00,veh_human,135.57,126.01,,,,,,,,,
56.60,0.00,89.30,f_4_h.4,405006150#1_3,129.84,0.00,0.00,veh_human,122.57,125.86,,,,,,,,,
56.60,0.00,89.30,f_4_h.5,405006150#1_3,122.84,0.00,0.00,veh_human,115.57,125.77,,,,,,,,,
56.60,0.00,89.30,f_4_h.6,405006150#1_3,115.84,0.00,0.00,veh_human,108.57,125.69,,,,,,,,,
56.60,0.00,89.30,f_4_h.7,405006150#1_2,132.55,0.00,0.00,veh_human,125.30,122.69,,,,,,,,,
56.60,-0.00,89.30,f_4_h.8,405006150#1_2,125.55,0.00,0.00,veh_human,118.30,122.60,,,,,,,,,
56.60,-0.00,89.30,f_4_h.9,405006150#1_2,118.55,0.00,0.00,veh_human,111.30,122.52,,,,,,,,,
56.60,0.00,89.30,f_5_b.0,405006150#1_1,149.85,0.00,0.00,bike_human,142.63,119.70,,,,,,,,,
56.60,-1.94,89.31,f_6_h.0,405006150#1_4,126.95,0.00,9.89,veh_human,119.65,129.02,,,,,,,,,
56.60,0.19,89.31,f_6_h.1,405006150#1_4,77.08,0.00,13.03,veh_human,69.78,128.42,,,,,,,,,
56.60,2.00,89.31,f_6_h.2,405006150#1_4,6.85,0.00,1.20,veh_human,-0.46,127.56,,,,,,,,,
56.60,0.00,359.97,f_8_b.0,401208131#0_2,27.95,0.00,7.50,bike_human,176.33,177.87,,,,,,,,,
56.60,-0.59,359.97,f_8_h.15,401208131#0_2,11.24,0.00,8.69,veh_human,176.34,161.16,,,,,,,,,
56.60,0.73,359.97,f_8_h.16,401208131#0_1,47.03,0.00,17.64,veh_human,179.52,196.95,,,,,,,,,
56.60,0.49,359.75,f_8_h.17,401208126#3_3,68.70,0.00,13.39,veh_human,175.96,113.78,,,,,,,,,
56.60,1.13,0.61,f_8_h.18,:Junc1_6_0,11.63,0.00,15.59,veh_human,179.29,125.65,,,,,,,,,
56.60,1.62,359.68,f_8_h.19,401208126#3_2,41.63,0.00,11.12,veh_human,179.31,86.70,,,,,,,,,
56.60,1.79,359.68,f_8_h.20,401208126#3_2,17.41,0.00,6.09,veh_human,179.44,62.50,,,,,,,,,
56.60,0.42,179.53,fc_00.3,401208129#0_1,9.71,0.00,15.60,veh_av,152.34,104.43,,,,,,,,,
56.60,0.00,89.30,fc_04.0,405006150#1_3,136.84,0.00,0.00,veh_av,129.57,125.94,,,,,,,,,
56.60,-0.00,89.30,fc_04.1,405006150#1_1,105.54,0.00,0.00,veh_av,98.33,119.16,,,,,,,,,
56.60,-1.94,89.30,fc_04.2,405006150#1_1,98.36,0.00,0.00,veh_av,91.15,119.07,,,,,,,,,
56.60,0.89,89.30,fc_04.3,405006150#1_3,40.04,0.00,11.45,veh_av,32.77,124.77,,,,,,,,,
56.60,0.58,359.97,fc_08.4,401208131#0_1,27.45,0.00,16.61,veh_av,179.54,177.37,,,,,,,,,
56.60,3.50,359.68,fc_08.5,401208126#3_3,6.44,0.00,1.16,veh_av,176.30,51.53,,,,,,,,,
56.60,3.19,359.68,fc_08.6,401208126#3_2,7.02,0.00,3.44,veh_av,179.50,52.11,,,,,,,,,
56.60,3.50,359.68,fc_08.7,401208126#3_1,5.13,0.00,0.35,veh_av,182.71,50.25,,,,,,,,,
56.60,0.00,269.61,fc_12.0,401217076#2_3,111.14,0.00,0.00,veh_av,189.10,137.94,,,,,,,,,
56.60,0.00,269.53,fc_12.1,401217076#2_2,105.14,0.00,0.00,veh_av,195.11,141.18,,,,,,,,,
56.60,0.00,269.53,fc_12.2,401217076#2_2,99.14,0.00,0.00,veh_av,201.11,141.23,,,,,,,,,
56.60,0.00,269.53,fc_12.3,401217076#2_3,91.14,0.00,0.00,veh_av,209.10,138.10,,,,,,,,,
56.60,0.00,269.53,fc_12.4,401217076#2_3,78.14,0.00,0.00,veh_av,222.10,138.20,,,,,,,,,
56.60,0.00,269.53,fc_12.5,401217076#2_2,68.84,0.00,0.00,veh_av,231.40,141.48,,,,,,,,,
56.60,-0.00,269.53,fc_12.6,401217076#2_2,62.84,0.00,0.00,veh_av,237.40,141.53,,,,,,,,,
56.60,-0.00,269.53,fc_12.7,401217076#2_2,49.84,0.00,0.00,veh_av,250.39,141.63,,,,,,,,,
56.60,-0.00,269.53,fc_12.8,401217076#2_2,43.84,0.00,0.00,veh_av,256.39,141.68,,,,,,,,,
56.60,-0.05,269.53,fc_12.9,401217076#2_3,18.50,0.00,7.06,veh_av,281.75,138.69,,,,,,,,,
56.60,-0.25,269.53,fc_14.0,401217076#2_1,57.51,0.00,13.43,veh_av,242.72,144.77,,,,,,,,,
56.60,,,,,,,,,,,359.68,401208126#3,p_8.1,9.09,0.00,1.02,ped_human,185.89,54.22
56.60,,,,,,,,,,,359.68,401208126#3,p_8.0,60.25,0.00,1.19,ped_human,185.61,105.30
56.60,,,,,,,,,,,180.22,401208128#2,p_3.0,0.68,0.00,1.19,ped_human,146.11,223.54
56.60,,,,,,,,,,,89.30,405006150#1,p_4.0,18.49,0.00,1.35,ped_human,11.33,114.90
56.70,0.89,179.53,f_0_h.18,401208129#0_1,29.18,0.00,16.38,veh_human,152.50,84.95,,,,,,,,,
56.70,0.98,180.03,f_0_h.19,:Junc1_18_0,3.01,0.00,14.65,veh_human,152.22,146.90,,,,,,,,,
56.70,1.75,180.22,f_0_h.20,401208128#2_2,35.41,0.00,10.50,veh_human,152.37,188.77,,,,,,,,,
56.70,1.77,180.22,f_0_h.21,401208128#2_2,14.94,0.00,5.13,veh_human,152.45,209.25,,,,,,,,,
56.70,1.08,180.22,f_0_h.22,401208128#2_2,6.34,0.00,0.26,veh_human,152.49,217.85,,,,,,,,,
56.70,2.00,180.22,f_0_h.23,401208128#2_1,5.22,0.00,0.60,veh_human,149.29,218.99,,,,,,,,,
56.70,-2.00,359.68,f_11_h.0,401208126#3_6,67.95,0.00,0.00,veh_human,166.36,113.08,,,,,,,,,
56.70,0.00,269.53,f_12_b.0,401217076#2_2,85.64,0.00,0.00,bike_human,214.60,141.34,,,,,,,,,
56.70,0.00,269.60,f_12_h.0,401217076#2_2,111.14,0.00,0.00,veh_human,189.11,141.14,,,,,,,,,
56.70,0.00,269.53,f_12_h.1,401217076#2_3,104.14,0.00,0.00,veh_human,196.10,137.99,,,,,,,,,
56.70,-0.00,269.53,f_12_h.10,401217076#2_3,57.14,0.00,0.00,veh_human,243.11,138.37,,,,,,,,,
56.70,-0.01,269.53,f_12_h.11,401217076#2_3,50.13,0.00,0.01,veh_human,250.12,138.43,,,,,,,,,
56.70,-0.12,269.53,f_12_h.12,401217076#2_3,42.97,0.00,0.14,veh_human,257.28,138.49,,,,,,,,,
56.70,-0.72,269.53,f_12_h.13,401217076#2_3,34.83,0.00,0.99,veh_human,265.42,138.56,,,,,,,,,
56.70,-0.51,269.53,f_12_h.14,401217076#2_2,36.23,0.00,0.56,veh_human,264.00,141.74,,,,,,,,,
56.70,-1.50,269.53,f_12_h.15,401217076#2_2,25.56,0.00,2.90,veh_human,274.67,141.83,,,,,,,,,
56.70,1.72,269.53,f_12_h.16,401217076#2_2,6.85,0.00,2.42,veh_human,293.37,141.98,,,,,,,,,
56.70,0.00,269.53,f_12_h.2,401217076#2_3,97.14,0.00,0.00,veh_human,203.10,138.05,,,,,,,,,
56.70,0.00,269.53,f_12_h.3,401217076#2_2,92.14,0.00,0.00,veh_human,208.10,141.29,,,,,,,,,
56.70,0.00,269.53,f_12_h.4,401217076#2_3,84.14,0.00,0.00,veh_human,216.10,138.15,,,,,,,,,
56.70,0.00,269.53,f_12_h.5,401217076#2_3,71.14,0.00,0.00,veh_human,229.10,138.26,,,,,,,,,
56.70,0.00,269.53,f_12_h.6,401217076#2_2,81.84,0.00,0.00,veh_human,218.40,141.37,,,,,,,,,
56.70,0.00,269.53,f_12_h.7,401217076#2_2,74.84,0.00,0.00,veh_human,225.40,141.43,,,,,,,,,
56.70,0.00,269.53,f_12_h.8,401217076#2_3,64.14,0.00,0.00,veh_human,236.10,138.32,,,,,,,,,
56.70,-0.00,269.53,f_12_h.9,401217076#2_2,55.84,0.00,0.00,veh_human,244.40,141.58,,,,,,,,,
56.70,-0.08,269.59,f_14_h.0,401217076#2_1,110.97,0.00,0.11,veh_human,189.28,144.34,,,,,,,,,
56.70,0.00,269.61,f_15_h.0,401217076#2_4,111.13,0.00,0.00,veh_human,189.10,134.74,,,,,,,,,
56.70,-0.25,269.53,f_15_h.1,401217076#2_1,5.61,0.00,0.00,veh_human,294.60,145.19,,,,,,,,,
56.70,-0.31,180.22,f_3_h.1,401208128#2_1,61.27,0.00,8.05,veh_human,149.07,162.91,,,,,,,,,
56.70,0.00,89.30,f_4_b.0,405006150#1_2,136.35,0.00,0.00,bike_human,129.10,122.73,,,,,,,,,
56.70,0.00,89.30,f_4_b.1,405006150#1_3,109.34,0.00,0.00,bike_human,102.07,125.61,,,,,,,,,
56.70,-0.06,89.30,f_4_b.2,405006150#1_3,91.97,0.00,0.07,bike_human,84.70,125.40,,,,,,,,,
56.70,-0.11,89.30,f_4_b.3,405006150#1_2,42.60,0.00,6.95,bike_human,35.37,121.60,,,,,,,,,
56.70,1.50,89.30,f_4_b.4,405006150#1_1,2.57,0.00,1.35,bike_human,-4.62,117.91,,,,,,,,,
56.70,0.00,89.30,f_4_h.0,405006150#1_2,149.85,0.00,0.00,veh_human,142.60,122.90,,,,,,,,,
56.70,0.00,89.30,f_4_h.1,405006150#1_3,149.84,0.00,0.00,veh_human,142.57,126.10,,,,,,,,,
56.70,-0.00,89.30,f_4_h.10,405006150#1_2,111.55,0.00,0.00,veh_human,104.30,122.43,,,,,,,,,
56.70,-0.00,89.30,f_4_h.11,405006150#1_3,105.54,0.00,0.00,veh_human,98.27,125.56,,,,,,,,,
56.70,-0.04,89.30,f_4_h.12,405006150#1_2,104.50,0.00,0.04,veh_human,97.26,122.35,,,,,,,,,
56.70,-0.00,89.30,f_4_h.13,405006150#1_3,98.54,0.00,0.00,veh_human,91.27,125.48,,,,,,,,,
56.70,-0.23,89.30,f_4_h.14,405006150#1_2,91.39,0.00,0.39,veh_human,84.15,122.19,,,,,,,,,
56.70,-0.31,89.30,f_4_h.15,405006150#1_3,87.68,0.00,0.43,veh_human,80.41,125.34,,,,,,,,,
56.70,-0.63,89.30,f_4_h.16,405006150#1_2,82.99,0.00,1.15,veh_human,75.75,122.09,,,,,,,,,
56.70,-1.71,89.30,f_4_h.17,405006150#1_3,77.14,0.00,2.87,veh_human,69.87,125.22,,,,,,,,,
56.70,1.58,89.30,f_4_h.18,405006150#1_2,18.40,0.00,5.91,veh_human,11.16,121.30,,,,,,,,,
56.70,0.00,89.30,f_4_h.2,405006150#1_2,142.85,0.00,0.00,veh_human,135.60,122.81,,,,,,,,,
56.70,0.00,89.30,f_4_h.3,405006150#1_3,142.84,0.00,0.00,veh_human,135.57,126.01,,,,,,,,,
56.70,0.00,89.30,f_4_h.4,405006150#1_3,129.84,0.00,0.00,veh_human,122.57,125.86,,,,,,,,,
56.70,0.00,89.30,f_4_h.5,405006150#1_3,122.84,0.00,0.00,veh_human,115.57,125.77,,,,,,,,,
56.70,0.00,89.30,f_4_h.6,405006150#1_3,115.84,0.00,0.00,veh_human,108.57,125.69,,,,,,,,,
56.70,0.00,89.30,f_4_h.7,405006150#1_2,132.55,0.00,0.00,veh_human,125.30,122.69,,,,,,,,,
56.70,0.00,89.30,f_4_h.8,405006150#1_2,125.55,0.00,0.00,veh_human,118.30,122.60,,,,,,,,,
56.70,-0.00,89.30,f_4_h.9,405006150#1_2,118.55,0.00,0.00,veh_human,111.30,122.52,,,,,,,,,
56.70,0.00,89.30,f_5_b.0,405006150#1_1,149.85,0.00,0.00,bike_human,142.63,119.70,,,,,,,,,
56.70,-2.01,89.31,f_6_h.0,405006150#1_4,127.92,0.00,9.69,veh_human,120.62,129.03,,,,,,,,,
56.70,0.15,89.31,f_6_h.1,405006150#1_4,78.39,0.00,13.04,veh_human,71.08,128.43,,,,,,,,,
56.70,2.00,89.31,f_6_h.2,405006150#1_4,6.99,0.00,1.40,veh_human,-0.32,127.56,,,,,,,,,
56.70,0.00,359.97,f_8_b.0,401208131#0_2,28.70,0.00,7.50,bike_human,176.33,178.62,,,,,,,,,
56.70,-0.58,359.97,f_8_h.15,401208131#0_2,12.11,0.00,8.63,veh_human,176.34,162.03,,,,,,,,,
56.70,0.71,359.97,f_8_h.16,401208131#0_1,48.80,0.00,17.71,veh_human,179.52,198.73,,,,,,,,,
56.70,0.43,0.03,f_8_h.17,:Junc1_6_1,1.09,0.00,13.43,veh_human,175.98,115.12,,,,,,,,,
56.70,1.11,0.61,f_8_h.18,:Junc1_6_0,13.20,0.00,15.70,veh_human,179.31,127.22,,,,,,,,,
56.70,1.61,359.68,f_8_h.19,401208126#3_2,42.76,0.00,11.28,veh_human,179.30,87.83,,,,,,,,,
56.70,1.79,359.68,f_8_h.20,401208126#3_2,18.04,0.00,6.27,veh_human,179.44,63.13,,,,,,,,,
56.70,0.46,179.53,fc_00.3,401208129#0_1,11.28,0.00,15.64,veh_av,152.36,102.87,,,,,,,,,
56.70,0.00,89.30,fc_04.0,405006150#1_3,136.84,0.00,0.00,veh_av,129.57,125.94,,,,,,,,,
56.70,-0.00,89.30,fc_04.1,405006150#1_1,105.54,0.00,0.00,veh_av,98.33,119.16,,,,,,,,,
56.70,0.77,89.30,fc_04.2,405006150#1_1,98.36,0.00,0.08,veh_av,91.16,119.07,,,,,,,,,
56.70,0.67,89.30,fc_04.3,405006150#1_3,41.19,0.00,11.52,veh_av,33.92,124.78,,,,,,,,,
56.70,0.57,359.97,fc_08.4,401208131#0_1,29.11,0.00,16.67,veh_av,179.53,179.04,,,,,,,,,
56.70,3.50,359.68,fc_08.5,401208126#3_3,6.59,0.00,1.51,veh_av,176.30,51.68,,,,,,,,,
56.70,3.17,359.68,fc_08.6,401208126#3_2,7.39,0.00,3.76,veh_av,179.50,52.49,,,,,,,,,
56.70,3.50,359.68,fc_08.7,401208126#3_1,5.20,0.00,0.70,veh_av,182.71,50.32,,,,,,,,,
56.70,0.00,269.61,fc_12.0,401217076#2_3,111.14,0.00,0.00,veh_av,189.10,137.94,,,,,,,,,
56.70,0.00,269.53,fc_12.1,401217076#2_2,105.14,0.00,0.00,veh_av,195.11,141.18,,,,,,,,,
56.70,0.00,269.53,fc_12.2,401217076#2_2,99.14,0.00,0.00,veh_av,201.11,141.23,,,,,,,,,
56.70,0.00,269.53,fc_12.3,401217076#2_3,91.14,0.00,0.00,veh_av,209.10,138.10,,,,,,,,,
56.70,0.00,269.53,fc_12.4,401217076#2_3,78.14,0.00,0.00,veh_av,222.10,138.20,,,,,,,,,
56.70,0.00,269.53,fc_12.5,401217076#2_2,68.84,0.00,0.00,veh_av,231.40,141.48,,,,,,,,,
56.70,-0.00,269.53,fc_12.6,401217076#2_2,62.84,0.00,0.00,veh_av,237.40,141.53,,,,,,,,,
56.70,-0.00,269.53,fc_12.7,401217076#2_2,49.84,0.00,0.00,veh_av,250.39,141.63,,,,,,,,,
56.70,-0.00,269.53,fc_12.8,401217076#2_2,43.84,0.00,0.00,veh_av,256.39,141.68,,,,,,,,,
56.70,-0.47,269.53,fc_12.9,401217076#2_3,19.20,0.00,7.01,veh_av,281.04,138.68,,,,,,,,,
56.70,-0.33,269.53,fc_14.0,401217076#2_1,58.85,0.00,13.40,veh_av,241.38,144.76,,,,,,,,,
56.70,,,,,,,,,,,359.68,401208126#3,p_8.1,9.20,0.00,1.09,ped_human,185.89,54.33
56.70,,,,,,,,,,,359.68,401208126#3,p_8.0,60.38,0.00,1.34,ped_human,185.60,105.43
56.70,,,,,,,,,,,180.22,401208128#2,p_3.0,0.80,0.00,1.16,ped_human,146.11,223.43
56.70,,,,,,,,,,,89.30,405006150#1,p_4.0,18.64,0.00,1.47,ped_human,11.48,114.91
56.80,0.86,179.53,f_0_h.18,401208129#0_1,30.83,0.00,16.47,veh_human,152.52,83.30,,,,,,,,,
56.80,0.95,179.94,f_0_h.19,:Junc1_18_0,4.48,0.00,14.75,veh_human,152.23,145.42,,,,,,,,,
56.80,1.74,180.22,f_0_h.20,401208128#2_2,36.48,0.00,10.68,veh_human,152.37,187.70,,,,,,,,,
56.80,1.77,180.22,f_0_h.21,401208128#2_2,15.47,0.00,5.31,veh_human,152.45,208.72,,,,,,,,,
56.80,1.27,180.22,f_0_h.22,401208128#2_2,6.38,0.00,0.38,veh_human,152.49,217.81,,,,,,,,,
56.80,2.00,180.22,f_0_h.23,401208128#2_1,5.30,0.00,0.80,veh_human,149.29,218.91,,,,,,,,,
56.80,0.00,359.68,f_11_h.0,401208126#3_6,67.95,0.00,0.00,veh_human,166.36,113.08,,,,,,,,,
56.80,0.00,269.53,f_12_b.0,401217076#2_2,85.64,0.00,0.00,bike_human,214.60,141.34,,,,,,,,,
56.80,0.00,269.60,f_12_h.0,401217076#2_2,111.14,0.00,0.00,veh_human,189.11,141.14,,,,,,,,,
56.80,0.00,269.53,f_12_h.1,401217076#2_3,104.14,0.00,0.00,veh_human,196.10,137.99,,,,,,,,,
56.80,-0.00,269.53,f_12_h.10,401217076#2_3,57.14,0.00,0.00,veh_human,243.11,138.37,,,,,,,,,
56.80,-0.01,269.53,f_12_h.11,401217076#2_3,50.13,0.00,0.01,veh_human,250.12,138.43,,,,,,,,,
56.80,-0.11,269.53,f_12_h.12,401217076#2_3,42.98,0.00,0.13,veh_human,257.27,138.49,,,,,,,,,
56.80,-0.68,269.53,f_12_h.13,401217076#2_3,34.92,0.00,0.93,veh_human,265.33,138.56,,,,,,,,,
56.80,-0.47,269.53,f_12_h.14,401217076#2_2,36.29,0.00,0.51,veh_human,263.94,141.74,,,,,,,,,
56.80,-1.47,269.53,f_12_h.15,401217076#2_2,25.84,0.00,2.75,veh_human,274.39,141.83,,,,,,,,,
56.80,1.68,269.53,f_12_h.16,401217076#2_2,7.11,0.00,2.59,veh_human,293.11,141.98,,,,,,,,,
56.80,0.00,269.53,f_12_h.2,401217076#2_3,97.14,0.00,0.00,veh_human,203.10,138.05,,,,,,,,,
56.80,0.00,269.53,f_12_h.3,401217076#2_2,92.14,0.00,0.00,veh_human,208.10,141.29,,,,,,,,,
56.80,0.00,269.53,f_12_h.4,401217076#2_3,84.14,0.00,0.00,veh_human,216.10,138.15,,,,,,,,,
56.80,0.00,269.53,f_12_h.5,401217076#2_3,71.14,0.00,0.00,veh_human,229.10,138.26,,,,,,,,,
56.80,0.00,269.53,f_12_h.6,401217076#2_2,81.84,0.00,0.00,veh_human,218.40,141.37,,,,,,,,,
56.80,0.00,269.53,f_12_h.7,401217076#2_2,74.84,0.00,0.00,veh_human,225.40,141.43,,,,,,,,,
56.80,0.00,269.53,f_12_h.8,401217076#2_3,64.14,0.00,0.00,veh_human,236.10,138.32,,,,,,,,,
56.80,-0.00,269.53,f_12_h.9,401217076#2_2,55.84,0.00,0.00,veh_human,244.40,141.58,,,,,,,,,
56.80,-0.07,269.59,f_14_h.0,401217076#2_1,110.98,0.00,0.11,veh_human,189.27,144.34,,,,,,,,,
56.80,0.00,269.61,f_15_h.0,401217076#2_4,111.13,0.00,0.00,veh_human,189.10,134.74,,,,,,,,,
56.80,2.00,269.53,f_15_h.1,401217076#2_1,5.63,0.00,0.20,veh_human,294.58,145.19,,,,,,,,,
56.80,-0.46,180.22,f_3_h.1,401208128#2_1,62.07,0.00,8.01,veh_human,149.07,162.11,,,,,,,,,
56.80,0.00,89.30,f_4_b.0,405006150#1_2,136.35,0.00,0.00,bike_human,129.10,122.73,,,,,,,,,
56.80,0.00,89.30,f_4_b.1,405006150#1_3,109.34,0.00,0.00,bike_human,102.07,125.61,,,,,,,,,
56.80,-0.06,89.30,f_4_b.2,405006150#1_3,91.98,0.00,0.06,bike_human,84.71,125.40,,,,,,,,,
56.80,-0.12,89.30,f_4_b.3,405006150#1_2,43.30,0.00,6.94,bike_human,36.06,121.61,,,,,,,,,
56.80,1.50,89.30,f_4_b.4,405006150#1_1,2.72,0.00,1.50,bike_human,-4.47,117.91,,,,,,,,,
56.80,0.00,89.30,f_4_h.0,405006150#1_2,149.85,0.00,0.00,veh_human,142.60,122.90,,,,,,,,,
56.80,0.00,89.30,f_4_h.1,405006150#1_3,149.84,0.00,0.00,veh_human,142.57,126.10,,,,,,,,,
56.80,-0.00,89.30,f_4_h.10,405006150#1_2,111.55,0.00,0.00,veh_human,104.30,122.43,,,,,,,,,
56.80,-0.00,89.30,f_4_h.11,405006150#1_3,105.54,0.00,0.00,veh_human,98.27,125.56,,,,,,,,,
56.80,-0.04,89.30,f_4_h.12,405006150#1_2,104.51,0.00,0.04,veh_human,97.26,122.35,,,,,,,,,
56.80,-0.00,89.30,f_4_h.13,405006150#1_3,98.54,0.00,0.00,veh_human,91.27,125.48,,,,,,,,,
56.80,-0.20,89.30,f_4_h.14,405006150#1_2,91.43,0.00,0.37,veh_human,84.19,122.19,,,,,,,,,
56.80,-0.29,89.30,f_4_h.15,405006150#1_3,87.72,0.00,0.40,veh_human,80.45,125.34,,,,,,,,,
56.80,-0.60,89.30,f_4_h.16,405006150#1_2,83.10,0.00,1.09,veh_human,75.86,122.09,,,,,,,,,
56.80,-1.65,89.30,f_4_h.17,405006150#1_3,77.41,0.00,2.70,veh_human,70.14,125.22,,,,,,,,,
56.80,1.54,89.30,f_4_h.18,405006150#1_2,19.00,0.00,6.07,veh_human,11.77,121.31,,,,,,,,,
56.80,0.00,89.30,f_4_h.2,405006150#1_2,142.85,0.00,0.00,veh_human,135.60,122.81,,,,,,,,,
56.80,0.00,89.30,f_4_h.3,405006150#1_3,142.84,0.00,0.00,veh_human,135.57,126.01,,,,,,,,,
56.80,0.00,89.30,f_4_h.4,405006150#1_3,129.84,0.00,0.00,veh_human,122.57,125.86,,,,,,,,,
56.80,0.00,89.30,f_4_h.5,405006150#1_3,122.84,0.00,0.00,veh_human,115.57,125.77,,,,,,,,,
56.80,0.00,89.30,f_4_h.6,405006150#1_3,115.84,0.00,0.00,veh_human,108.57,125.69,,,,,,,,,
56.80,0.00,89.30,f_4_h.7,405006150#1_2,132.55,0.00,0.00,veh_human,125.30,122.69,,,,,,,,,
56.80,0.00,89.30,f_4_h.8,405006150#1_2,125.55,0.00,0.00,veh_human,118.30,122.60,,,,,,,,,
56.80,-0.00,89.30,f_4_h.9,405006150#1_2,118.55,0.00,0.00,veh_human,111.30,122.52,,,,,,,,,
56.80,0.00,89.30,f_5_b.0,405006150#1_1,149.85,0.00,0.00,bike_human,142.63,119.70,,,,,,,,,
56.80,-2.07,89.31,f_6_h.0,405006150#1_4,128.87,0.00,9.48,veh_human,121.57,129.04,,,,,,,,,
56.80,0.11,89.31,f_6_h.1,405006150#1_4,79.69,0.00,13.05,veh_human,72.39,128.45,,,,,,,,,
56.80,2.00,89.31,f_6_h.2,405006150#1_4,7.15,0.00,1.60,veh_human,-0.16,127.57,,,,,,,,,
56.80,0.00,359.97,f_8_b.0,401208131#0_2,29.45,0.00,7.50,bike_human,176.33,179.37,,,,,,,,,
56.80,-0.56,359.97,f_8_h.15,401208131#0_2,12.96,0.00,8.57,veh_human,176.34,162.88,,,,,,,,,
56.80,0.69,359.97,f_8_h.16,401208131#0_1,50.58,0.00,17.78,veh_human,179.52,200.50,,,,,,,,,
56.80,0.38,0.28,f_8_h.17,:Junc1_6_1,2.44,0.00,13.47,veh_human,176.00,116.47,,,,,,,,,
56.80,1.09,0.61,f_8_h.18,:Junc1_6_0,14.78,0.00,15.81,veh_human,179.33,128.80,,,,,,,,,
56.80,1.60,359.68,f_8_h.19,401208126#3_2,43.90,0.00,11.44,veh_human,179.30,88.97,,,,,,,,,
56.80,1.79,359.68,f_8_h.20,401208126#3_2,18.69,0.00,6.44,veh_human,179.44,63.78,,,,,,,,,
56.80,0.49,179.53,fc_00.3,401208129#0_1,12.85,0.00,15.69,veh_av,152.37,101.30,,,,,,,,,
56.80,0.00,89.30,fc_04.0,405006150#1_3,136.84,0.00,0.00,veh_av,129.57,125.94,,,,,,,,,
56.80,-0.00,89.30,fc_04.1,405006150#1_1,105.54,0.00,0.00,veh_av,98.33,119.16,,,,,,,,,
56.80,0.44,89.30,fc_04.2,405006150#1_1,98.38,0.00,0.12,veh_av,91.17,119.07,,,,,,,,,
56.80,0.46,89.30,fc_04.3,405006150#1_3,42.35,0.00,11.56,veh_av,35.08,124.79,,,,,,,,,
56.80,0.57,359.97,fc_08.4,401208131#0_1,30.79,0.00,16.73,veh_av,179.53,180.71,,,,,,,,,
56.80,3.50,359.68,fc_08.5,401208126#3_3,6.77,0.00,1.86,veh_av,176.30,51.86,,,,,,,,,
56.80,3.14,359.68,fc_08.6,401208126#3_2,7.80,0.00,4.07,veh_av,179.50,52.89,,,,,,,,,
56.80,3.50,359.68,fc_08.7,401208126#3_1,5.31,0.00,1.05,veh_av,182.71,50.42,,,,,,,,,
56.80,0.00,269.61,fc_12.0,401217076#2_3,111.14,0.00,0.00,veh_av,189.10,137.94,,,,,,,,,
56.80,0.00,269.53,fc_12.1,401217076#2_2,105.14,0.00,0.00,veh_av,195.11,141.18,,,,,,,,,
56.80,0.00,269.53,fc_12.2,401217076#2_2,99.14,0.00,0.00,veh_av,201.11,141.23,,,,,,,,,
56.80,0.00,269.53,fc_12.3,401217076#2_3,91.14,0.00,0.00,veh_av,209.10,138.10,,,,,,,,,
56.80,0.00,269.53,fc_12.4,401217076#2_3,78.14,0.00,0.00,veh_av,222.10,138.20,,,,,,,,,
56.80,0.00,269.53,fc_12.5,401217076#2_2,68.84,0.00,0.00,veh_av,231.40,141.48,,,,,,,,,
56.80,-0.00,269.53,fc_12.6,401217076#2_2,62.84,0.00,0.00,veh_av,237.40,141.53,,,,,,,,,
56.80,-0.00,269.53,fc_12.7,401217076#2_2,49.84,0.00,0.00,veh_av,250.39,141.63,,,,,,,,,
56.80,-0.00,269.53,fc_12.8,401217076#2_2,43.84,0.00,0.00,veh_av,256.39,141.68,,,,,,,,,
56.80,-0.88,269.53,fc_12.9,401217076#2_3,19.90,0.00,6.92,veh_av,280.35,138.68,,,,,,,,,
56.80,-0.41,269.53,fc_14.0,401217076#2_1,60.19,0.00,13.36,veh_av,240.04,144.75,,,,,,,,,
56.80,,,,,,,,,,,359.68,401208126#3,p_8.1,9.31,0.00,1.13,ped_human,185.89,54.44
56.80,,,,,,,,,,,359.68,401208126#3,p_8.0,60.50,0.00,1.12,ped_human,185.60,105.54
56.80,,,,,,,,,,,180.22,401208128#2,p_3.0,0.92,0.00,1.21,ped_human,146.11,223.30
56.80,,,,,,,,,,,89.30,405006150#1,p_4.0,18.79,0.00,1.48,ped_human,11.63,114.91
56.90,0.84,179.53,f_0_h.18,401208129#0_1,32.48,0.00,16.55,veh_human,152.53,81.65,,,,,,,,,
56.90,0.93,179.92,f_0_h.19,:Junc1_18_0,5.96,0.00,14.84,veh_human,152.23,143.94,,,,,,,,,
56.90,1.73,180.22,f_0_h.20,401208128#2_2,37.57,0.00,10.85,veh_human,152.36,186.62,,,,,,,,,
56.90,1.78,180.22,f_0_h.21,401208128#2_2,16.02,0.00,5.49,veh_human,152.45,208.17,,,,,,,,,
56.90,1.39,180.22,f_0_h.22,401208128#2_2,6.43,0.00,0.52,veh_human,152.48,217.76,,,,,,,,,
56.90,2.00,180.22,f_0_h.23,401208128#2_1,5.40,0.00,1.00,veh_human,149.29,218.81,,,,,,,,,
56.90,0.00,359.68,f_11_h.0,401208126#3_6,67.95,0.00,0.00,veh_human,166.36,113.08,,,,,,,,,
56.90,0.00,269.53,f_12_b.0,401217076#2_2,85.64,0.00,0.00,bike_human,214.60,141.34,,,,,,,,,
56.90,0.00,269.60,f_12_h.0,401217076#2_2,111.14,0.00,0.00,veh_human,189.11,141.14,,,,,,,,,
56.90,0.00,269.53,f_12_h.1,401217076#2_3,104.14,0.00,0.00,veh_human,196.10,137.99,,,,,,,,,
56.90,-0.00,269.53,f_12_h.10,401217076#2_3,57.14,0.00,0.00,veh_human,243.11,138.37,,,,,,,,,
56.90,-0.01,269.53,f_12_h.11,401217076#2_3,50.13,0.00,0.01,veh_human,250.12,138.43,,,,,,,,,
56.90,-0.10,269.53,f_12_h.12,401217076#2_3,42.99,0.00,0.12,veh_human,257.25,138.49,,,,,,,,,
56.90,-0.63,269.53,f_12_h.13,401217076#2_3,35.01,0.00,0.86,veh_human,265.24,138.55,,,,,,,,,
56.90,-0.43,269.53,f_12_h.14,401217076#2_2,36.33,0.00,0.47,veh_human,263.90,141.74,,,,,,,,,
56.90,-1.44,269.53,f_12_h.15,401217076#2_2,26.10,0.00,2.61,veh_human,274.13,141.83,,,,,,,,,
56.90,1.64,269.53,f_12_h.16,401217076#2_2,7.39,0.00,2.76,veh_human,292.83,141.98,,,,,,,,,
56.90,0.00,269.53,f_12_h.2,401217076#2_3,97.14,0.00,0.00,veh_human,203.10,138.05,,,,,,,,,
56.90,0.00,269.53,f_12_h.3,401217076#2_2,92.14,0.00,0.00,veh_human,208.10,141.29,,,,,,,,,
56.90,0.00,269.53,f_12_h.4,401217076#2_3,84.14,0.00,0.00,veh_human,216.10,138.15,,,,,,,,,
56.90,0.00,269.53,f_12_h.5,401217076#2_3,71.14,0.00,0.00,veh_human,229.10,138.26,,,,,,,,,
56.90,0.00,269.53,f_12_h.6,401217076#2_2,81.84,0.00,0.00,veh_human,218.40,141.37,,,,,,,,,
56.90,0.00,269.53,f_12_h.7,401217076#2_2,74.84,0.00,0.00,veh_human,225.40,141.43,,,,,,,,,
56.90,0.00,269.53,f_12_h.8,401217076#2_3,64.14,0.00,0.00,veh_human,236.10,138.32,,,,,,,,,
56.90,-0.00,269.53,f_12_h.9,401217076#2_2,55.84,0.00,0.00,veh_human,244.40,141.58,,,,,,,,,
56.90,-0.07,269.59,f_14_h.0,401217076#2_1,110.99,0.00,0.10,veh_human,189.26,144.34,,,,,,,,,
56.90,0.00,269.61,f_15_h.0,401217076#2_4,111.13,0.00,0.00,veh_human,189.10,134.74,,,,,,,,,
56.90,2.00,269.53,f_15_h.1,401217076#2_1,5.67,0.00,0.40,veh_human,294.54,145.19,,,,,,,,,
56.90,-0.62,180.22,f_3_h.1,401208128#2_1,62.87,0.00,7.95,veh_human,149.06,161.31,,,,,,,,,
56.90,0.00,89.30,f_4_b.0,405006150#1_2,136.35,0.00,0.00,bike_human,129.10,122.73,,,,,,,,,
56.90,0.00,89.30,f_4_b.1,405006150#1_3,109.34,0.00,0.00,bike_human,102.07,125.61,,,,,,,,,
56.90,-0.05,89.30,f_4_b.2,405006150#1_3,91.98,0.00,0.06,bike_human,84.71,125.40,,,,,,,,,
56.90,-0.13,89.30,f_4_b.3,405006150#1_2,43.99,0.00,6.93,bike_human,36.75,121.61,,,,,,,,,
56.90,1.49,89.30,f_4_b.4,405006150#1_1,2.89,0.00,1.65,bike_human,-4.30,117.92,,,,,,,,,
56.90,0.00,89.30,f_4_h.0,405006150#1_2,149.85,0.00,0.00,veh_human,142.60,122.90,,,,,,,,,
56.90,0.00,89.30,f_4_h.1,405006150#1_3,149.84,0.00,0.00,veh_human,142.57,126.10,,,,,,,,,
56.90,-0.00,89.30,f_4_h.10,405006150#1_2,111.55,0.00,0.00,veh_human,104.30,122.43,,,,,,,,,
56.90,-0.00,89.30,f_4_h.11,405006150#1_3,105.54,0.00,0.00,veh_human,98.27,125.56,,,,,,,,,
56.90,-0.03,89.30,f_4_h.12,405006150#1_2,104.51,0.00,0.04,veh_human,97.27,122.35,,,,,,,,,
56.90,-0.00,89.30,f_4_h.13,405006150#1_3,98.54,0.00,0.00,veh_human,91.27,125.48,,,,,,,,,
56.90,-0.18,89.30,f_4_h.14,405006150#1_2,91.47,0.00,0.35,veh_human,84.22,122.19,,,,,,,,,
56.90,-0.27,89.30,f_4_h.15,405006150#1_3,87.75,0.00,0.37,veh_human,80.48,125.34,,,,,,,,,
56.90,-0.57,89.30,f_4_h.16,405006150#1_2,83.21,0.00,1.04,veh_human,75.96,122.09,,,,,,,,,
56.90,-1.58,89.30,f_4_h.17,405006150#1_3,77.67,0.00,2.55,veh_human,70.40,125.22,,,,,,,,,
56.90,1.51,89.30,f_4_h.18,405006150#1_2,19.63,0.00,6.22,veh_human,12.39,121.32,,,,,,,,,
56.90,0.00,89.30,f_4_h.2,405006150#1_2,142.85,0.00,0.00,veh_human,135.60,122.81,,,,,,,,,
56.90,0.00,89.30,f_4_h.3,405006150#1_3,142.84,0.00,0.00,veh_human,135.57,126.01,,,,,,,,,
56.90,0.00,89.30,f_4_h.4,405006150#1_3,129.84,0.00,0.00,veh_human,122.57,125.86,,,,,,,,,
56.90,0.00,89.30,f_4_h.5,405006150#1_3,122.84,0.00,0.00,veh_human,115.57,125.77,,,,,,,,,
56.90,0.00,89.30,f_4_h.6,405006150#1_3,115.84,0.00,0.00,veh_human,108.57,125.69,,,,,,,,,
56.90,0.00,89.30,f_4_h.7,405006150#1_2,132.55,0.00,0.00,veh_human,125.30,122.69,,,,,,,,,
56.90,0.00,89.30,f_4_h.8,405006150#1_2,125.55,0.00,0.00,veh_human,118.30,122.60,,,,,,,,,
56.90,-0.00,89.30,f_4_h.9,405006150#1_2,118.55,0.00,0.00,veh_human,111.30,122.52,,,,,,,,,
56.90,0.00,89.30,f_5_b.0,405006150#1_1,149.85,0.00,0.00,bike_human,142.63,119.70,,,,,,,,,
56.90,-2.14,89.31,f_6_h.0,405006150#1_4,129.79,0.00,9.27,veh_human,122.49,129.05,,,,,,,,,
56.90,0.07,89.31,f_6_h.1,405006150#1_4,81.00,0.00,13.06,veh_human,73.69,128.46,,,,,,,,,
56.90,2.00,89.31,f_6_h.2,405006150#1_4,7.33,0.00,1.80,veh_human,0.02,127.57,,,,,,,,,
56.90,0.00,359.97,f_8_b.0,401208131#0_2,30.20,0.00,7.50,bike_human,176.33,180.12,,,,,,,,,
56.90,-0.54,359.97,f_8_h.15,401208131#0_2,13.82,0.00,8.52,veh_human,176.34,163.74,,,,,,,,,
56.90,0.67,359.97,f_8_h.16,401208131#0_1,52.36,0.00,17.85,veh_human,179.52,202.29,,,,,,,,,
56.90,0.32,0.53,f_8_h.17,:Junc1_6_1,3.79,0.00,13.50,veh_human,176.01,117.82,,,,,,,,,
56.90,1.06,0.61,f_8_h.18,:Junc1_6_0,16.37,0.00,15.92,veh_human,179.34,130.40,,,,,,,,,
56.90,1.58,359.68,f_8_h.19,401208126#3_2,45.06,0.00,11.60,veh_human,179.29,90.13,,,,,,,,,
56.90,1.79,359.68,f_8_h.20,401208126#3_2,19.35,0.00,6.62,veh_human,179.43,64.44,,,,,,,,,
56.90,0.51,179.53,fc_00.3,401208129#0_1,14.42,0.00,15.74,veh_av,152.38,99.72,,,,,,,,,
56.90,0.00,89.30,fc_04.0,405006150#1_3,136.84,0.00,0.00,veh_av,129.57,125.94,,,,,,,,,
56.90,-0.00,89.30,fc_04.1,405006150#1_1,105.54,0.00,0.00,veh_av,98.33,119.16,,,,,,,,,
56.90,0.20,89.30,fc_04.2,405006150#1_1,98.39,0.00,0.14,veh_av,91.18,119.07,,,,,,,,,
56.90,0.24,89.30,fc_04.3,405006150#1_3,43.51,0.00,11.59,veh_av,36.24,124.81,,,,,,,,,
56.90,0.56,359.97,fc_08.4,401208131#0_1,32.46,0.00,16.78,veh_av,179.53,182.39,,,,,,,,,
56.90,3.50,359.68,fc_08.5,401208126#3_3,6.99,0.00,2.21,veh_av,176.30,52.08,,,,,,,,,
56.90,3.11,359.68,fc_08.6,401208126#3_2,8.24,0.00,4.38,veh_av,179.49,53.33,,,,,,,,,
56.90,-1.94,359.68,fc_08.7,401208126#3_1,5.40,0.00,0.86,veh_av,182.71,50.51,,,,,,,,,
56.90,0.00,269.61,fc_12.0,401217076#2_3,111.14,0.00,0.00,veh_av,189.10,137.94,,,,,,,,,
56.90,0.00,269.53,fc_12.1,401217076#2_2,105.14,0.00,0.00,veh_av,195.11,141.18,,,,,,,,,
56.90,0.00,269.53,fc_12.2,401217076#2_2,99.14,0.00,0.00,veh_av,201.11,141.23,,,,,,,,,
56.90,0.00,269.53,fc_12.3,401217076#2_3,91.14,0.00,0.00,veh_av,209.10,138.10,,,,,,,,,
56.90,0.00,269.53,fc_12.4,401217076#2_3,78.14,0.00,0.00,veh_av,222.10,138.20,,,,,,,,,
56.90,0.00,269.53,fc_12.5,401217076#2_2,68.84,0.00,0.00,veh_av,231.40,141.48,,,,,,,,,
56.90,0.00,269.53,fc_12.6,401217076#2_2,62.84,0.00,0.00,veh_av,237.40,141.53,,,,,,,,,
56.90,-0.00,269.53,fc_12.7,401217076#2_2,49.84,0.00,0.00,veh_av,250.39,141.63,,,,,,,,,
56.90,-0.00,269.53,fc_12.8,401217076#2_2,43.84,0.00,0.00,veh_av,256.39,141.68,,,,,,,,,
56.90,-1.27,269.53,fc_12.9,401217076#2_3,20.58,0.00,6.79,veh_av,279.67,138.67,,,,,,,,,
56.90,-0.49,269.53,fc_14.0,401217076#2_1,61.52,0.00,13.31,veh_av,238.71,144.74,,,,,,,,,
56.90,,,,,,,,,,,359.68,401208126#3,p_8.1,9.42,0.00,1.03,ped_human,185.89,54.54
56.90,,,,,,,,,,,359.68,401208126#3,p_8.0,60.61,0.00,1.13,ped_human,185.60,105.65
56.90,,,,,,,,,,,180.22,401208128#2,p_3.0,1.03,0.00,1.12,ped_human,146.11,223.19
56.90,,,,,,,,,,,89.30,405006150#1,p_4.0,18.94,0.00,1.49,ped_human,11.78,114.91
57.00,0.82,179.53,f_0_h.18,401208129#0_1,34.15,0.00,16.63,veh_human,152.54,79.98,,,,,,,,,
57.00,0.91,179.92,f_0_h.19,:Junc1_18_0,7.46,0.00,14.93,veh_human,152.23,142.45,,,,,,,,,
57.00,1.71,180.22,f_0_h.20,401208128#2_2,38.67,0.00,11.02,veh_human,152.36,185.52,,,,,,,,,
57.00,1.78,180.22,f_0_h.21,401208128#2_2,16.58,0.00,5.67,veh_human,152.45,207.60,,,,,,,,,
57.00,1.47,180.22,f_0_h.22,401208128#2_2,6.50,0.00,0.67,veh_human,152.48,217.69,,,,,,,,,
57.00,2.00,180.22,f_0_h.23,401208128#2_1,5.52,0.00,1.20,veh_human,149.29,218.69,,,,,,,,,
57.00,0.00,359.68,f_11_h.0,401208126#3_6,67.95,0.00,0.00,veh_human,166.36,113.08,,,,,,,,,
57.00,0.00,269.53,f_12_b.0,401217076#2_2,85.64,0.00,0.00,bike_human,214.60,141.34,,,,,,,,,
57.00,0.00,269.60,f_12_h.0,401217076#2_2,111.14,0.00,0.00,veh_human,189.11,141.14,,,,,,,,,
57.00,0.00,269.53,f_12_h.1,401217076#2_3,104.14,0.00,0.00,veh_human,196.10,137.99,,,,,,,,,
57.00,-0.00,269.53,f_12_h.10,401217076#2_3,57.14,0.00,0.00,veh_human,243.11,138.37,,,,,,,,,
57.00,-0.01,269.53,f_12_h.11,401217076#2_3,50.13,0.00,0.01,veh_human,250.12,138.43,,,,,,,,,
57.00,-0.09,269.53,f_12_h.12,401217076#2_3,43.00,0.00,0.11,veh_human,257.24,138.49,,,,,,,,,
57.00,-0.59,269.53,f_12_h.13,401217076#2_3,35.09,0.00,0.80,veh_human,265.16,138.55,,,,,,,,,
57.00,-0.40,269.53,f_12_h.14,401217076#2_2,36.38,0.00,0.43,veh_human,263.85,141.74,,,,,,,,,
57.00,-1.41,269.53,f_12_h.15,401217076#2_2,26.34,0.00,2.46,veh_human,273.88,141.83,,,,,,,,,
57.00,1.59,269.53,f_12_h.16,401217076#2_2,7.68,0.00,2.92,veh_human,292.54,141.98,,,,,,,,,
57.00,0.00,269.53,f_12_h.2,401217076#2_3,97.14,0.00,0.00,veh_human,203.10,138.05,,,,,,,,,
57.00,0.00,269.53,f_12_h.3,401217076#2_2,92.14,0.00,0.00,veh_human,208.10,141.29,,,,,,,,,
57.00,0.00,269.53,f_12_h.4,401217076#2_3,84.14,0.00,0.00,veh_human,216.10,138.15,,,,,,,,,
57.00,0.00,269.53,f_12_h.5,401217076#2_3,71.14,0.00,0.00,veh_human,229.10,138.26,,,,,,,,,
57.00,0.00,269.53,f_12_h.6,401217076#2_2,81.84,0.00,0.00,veh_human,218.40,141.37,,,,,,,,,
57.00,0.00,269.53,f_12_h.7,401217076#2_2,74.84,0.00,0.00,veh_human,225.40,141.43,,,,,,,,,
57.00,0.00,269.53,f_12_h.8,401217076#2_3,64.14,0.00,0.00,veh_human,236.10,138.32,,,,,,,,,
57.00,-0.00,269.53,f_12_h.9,401217076#2_2,55.84,0.00,0.00,veh_human,244.40,141.58,,,,,,,,,
57.00,-0.06,269.59,f_14_h.0,401217076#2_1,111.00,0.00,0.09,veh_human,189.25,144.34,,,,,,,,,
57.00,0.00,269.61,f_15_h.0,401217076#2_4,111.13,0.00,0.00,veh_human,189.10,134.74,,,,,,,,,
57.00,2.00,269.53,f_15_h.1,401217076#2_1,5.73,0.00,0.60,veh_human,294.48,145.19,,,,,,,,,
57.00,-0.77,180.22,f_3_h.1,401208128#2_1,63.65,0.00,7.87,veh_human,149.06,160.52,,,,,,,,,
57.00,0.00,89.30,f_4_b.0,405006150#1_2,136.35,0.00,0.00,bike_human,129.10,122.73,,,,,,,,,
57.00,0.00,89.30,f_4_b.1,405006150#1_3,109.34,0.00,0.00,bike_human,102.07,125.61,,,,,,,,,
57.00,-0.05,89.30,f_4_b.2,405006150#1_3,91.99,0.00,0.05,bike_human,84.72,125.40,,,,,,,,,
57.00,-0.15,89.30,f_4_b.3,405006150#1_2,44.68,0.00,6.91,bike_human,37.44,121.62,,,,,,,,,
57.00,1.49,89.30,f_4_b.4,405006150#1_1,3.07,0.00,1.80,bike_human,-4.12,117.92,,,,,,,,,
57.00,0.00,89.30,f_4_h.0,405006150#1_2,149.85,0.00,0.00,veh_human,142.60,122.90,,,,,,,,,
57.00,0.00,89.30,f_4_h.1,405006150#1_3,149.84,0.00,0.00,veh_human,142.57,126.10,,,,,,,,,
57.00,-0.00,89.30,f_4_h.10,405006150#1_2,111.55,0.00,0.00,veh_human,104.30,122.43,,,,,,,,,
57.00,-0.00,89.30,f_4_h.11,405006150#1_3,105.54,0.00,0.00,veh_human,98.27,125.56,,,,,,,,,
57.00,-0.03,89.30,f_4_h.12,405006150#1_2,104.51,0.00,0.03,veh_human,97.27,122.35,,,,,,,,,
57.00,-0.00,89.30,f_4_h.13,405006150#1_3,98.54,0.00,0.00,veh_human,91.27,125.48,,,,,,,,,
57.00,-0.17,89.30,f_4_h.14,405006150#1_2,91.50,0.00,0.33,veh_human,84.26,122.19,,,,,,,,,
57.00,-0.25,89.30,f_4_h.15,405006150#1_3,87.79,0.00,0.35,veh_human,80.52,125.34,,,,,,,,,
57.00,-0.54,89.30,f_4_h.16,405006150#1_2,83.30,0.00,0.98,veh_human,76.06,122.09,,,,,,,,,
57.00,-1.51,89.30,f_4_h.17,405006150#1_3,77.91,0.00,2.39,veh_human,70.64,125.23,,,,,,,,,
57.00,1.47,89.30,f_4_h.18,405006150#1_2,20.26,0.00,6.37,veh_human,13.03,121.33,,,,,,,,,
57.00,0.00,89.30,f_4_h.2,405006150#1_2,142.85,0.00,0.00,veh_human,135.60,122.81,,,,,,,,,
57.00,0.00,89.30,f_4_h.3,405006150#1_3,142.84,0.00,0.00,veh_human,135.57,126.01,,,,,,,,,
57.00,0.00,89.30,f_4_h.4,405006150#1_3,129.84,0.00,0.00,veh_human,122.57,125.86,,,,,,,,,
57.00,0.00,89.30,f_4_h.5,405006150#1_3,122.84,0.00,0.00,veh_human,115.57,125.77,,,,,,,,,
57.00,0.00,89.30,f_4_h.6,405006150#1_3,115.84,0.00,0.00,veh_human,108.57,125.69,,,,,,,,,
57.00,0.00,89.30,f_4_h.7,405006150#1_2,132.55,0.00,0.00,veh_human,125.30,122.69,,,,,,,,,
57.00,0.00,89.30,f_4_h.8,405006150#1_2,125.55,0.00,0.00,veh_human,118.30,122.60,,,,,,,,,
57.00,-0.00,89.30,f_4_h.9,405006150#1_2,118.55,0.00,0.00,veh_human,111.30,122.52,,,,,,,,,
57.00,0.00,89.30,f_5_b.0,405006150#1_1,149.85,0.00,0.00,bike_human,142.63,119.70,,,,,,,,,
57.00,-2.20,89.31,f_6_h.0,405006150#1_4,130.70,0.00,9.05,veh_human,123.40,129.07,,,,,,,,,
57.00,0.03,89.31,f_6_h.1,405006150#1_4,82.31,0.00,13.06,veh_human,75.00,128.48,,,,,,,,,
57.00,2.00,89.31,f_6_h.2,405006150#1_4,7.53,0.00,2.00,veh_human,0.22,127.57,,,,,,,,,
57.00,0.00,359.97,f_8_b.0,401208131#0_2,30.95,0.00,7.50,bike_human,176.33,180.87,,,,,,,,,
57.00,-0.52,359.97,f_8_h.15,401208131#0_2,14.66,0.00,8.47,veh_human,176.34,164.58,,,,,,,,,
57.00,0.65,359.97,f_8_h.16,401208131#0_1,54.16,0.00,17.91,veh_human,179.52,204.08,,,,,,,,,
57.00,0.26,0.61,f_8_h.17,:Junc1_6_1,5.14,0.00,13.53,veh_human,176.02,119.17,,,,,,,,,
57.00,1.04,0.61,f_8_h.18,:Junc1_6_0,17.97,0.00,16.02,veh_human,179.36,132.00,,,,,,,,,
57.00,1.56,359.68,f_8_h.19,401208126#3_2,46.24,0.00,11.75,veh_human,179.28,91.31,,,,,,,,,
57.00,1.78,359.68,f_8_h.20,401208126#3_2,20.03,0.00,6.80,veh_human,179.43,65.12,,,,,,,,,
57.00,0.53,179.53,fc_00.3,401208129#0_1,16.00,0.00,15.79,veh_av,152.40,98.14,,,,,,,,,
57.00,0.00,89.30,fc_04.0,405006150#1_3,136.84,0.00,0.00,veh_av,129.57,125.94,,,,,,,,,
57.00,-0.00,89.30,fc_04.1,405006150#1_1,105.54,0.00,0.00,veh_av,98.33,119.16,,,,,,,,,
57.00,0.04,89.30,fc_04.2,405006150#1_1,98.41,0.00,0.15,veh_av,91.20,119.07,,,,,,,,,
57.00,0.02,89.30,fc_04.3,405006150#1_3,44.67,0.00,11.59,veh_av,37.40,124.82,,,,,,,,,
57.00,0.55,359.97,fc_08.4,401208131#0_1,34.15,0.00,16.84,veh_av,179.53,184.07,,,,,,,,,
57.00,3.50,359.68,fc_08.5,401208126#3_3,7.25,0.00,2.56,veh_av,176.30,52.34,,,,,,,,,
57.00,3.07,359.68,fc_08.6,401208126#3_2,8.71,0.00,4.69,veh_av,179.49,53.80,,,,,,,,,
57.00,-1.94,359.68,fc_08.7,401208126#3_1,5.46,0.00,0.66,veh_av,182.71,50.58,,,,,,,,,
57.00,0.00,269.61,fc_12.0,401217076#2_3,111.14,0.00,0.00,veh_av,189.10,137.94,,,,,,,,,
57.00,0.00,269.53,fc_12.1,401217076#2_2,105.14,0.00,0.00,veh_av,195.11,141.18,,,,,,,,,
57.00,0.00,269.53,fc_12.2,401217076#2_2,99.14,0.00,0.00,veh_av,201.11,141.23,,,,,,,,,
57.00,0.00,269.53,fc_12.3,401217076#2_3,91.14,0.00,0.00,veh_av,209.10,138.10,,,,,,,,,
57.00,0.00,269.53,fc_12.4,401217076#2_3,78.14,0.00,0.00,veh_av,222.10,138.20,,,,,,,,,
57.00,0.00,269.53,fc_12.5,401217076#2_2,68.84,0.00,0.00,veh_av,231.40,141.48,,,,,,,,,
57.00,0.00,269.53,fc_12.6,401217076#2_2,62.84,0.00,0.00,veh_av,237.40,141.53,,,,,,,,,
57.00,-0.00,269.53,fc_12.7,401217076#2_2,49.84,0.00,0.00,veh_av,250.39,141.63,,,,,,,,,
57.00,-0.00,269.53,fc_12.8,401217076#2_2,43.84,0.00,0.00,veh_av,256.39,141.68,,,,,,,,,
57.00,-1.63,269.53,fc_12.9,401217076#2_3,21.24,0.00,6.63,veh_av,279.01,138.67,,,,,,,,,
57.00,-0.57,269.53,fc_14.0,401217076#2_1,62.84,0.00,13.25,veh_av,237.39,144.73,,,,,,,,,
57.00,,,,,,,,,,,359.68,401208126#3,p_8.1,9.51,0.00,0.95,ped_human,185.89,54.64
57.00,,,,,,,,,,,359.68,401208126#3,p_8.0,60.73,0.00,1.25,ped_human,185.60,105.78
57.00,,,,,,,,,,,180.22,401208128#2,p_3.0,1.13,0.00,1.04,ped_human,146.11,223.09
57.00,,,,,,,,,,,89.30,405006150#1,p_4.0,19.08,0.00,1.49,ped_human,11.93,114.91
57.10,0.79,179.53,f_0_h.18,401208129#0_1,35.82,0.00,16.71,veh_human,152.56,78.31,,,,,,,,,
57.10,0.89,179.92,f_0_h.19,:Junc1_18_0,8.96,0.00,15.02,veh_human,152.23,140.95,,,,,,,,,
57.10,1.70,180.22,f_0_h.20,401208128#2_2,39.79,0.00,11.19,veh_human,152.35,184.40,,,,,,,,,
57.10,1.78,180.22,f_0_h.21,401208128#2_2,17.17,0.00,5.85,veh_human,152.44,207.02,,,,,,,,,
57.10,0.61,180.22,f_0_h.22,401208128#2_2,6.57,0.00,0.73,veh_human,152.48,217.62,,,,,,,,,
57.10,2.00,180.22,f_0_h.23,401208128#2_1,5.66,0.00,1.40,veh_human,149.29,218.55,,,,,,,,,
57.10,0.00,359.68,f_11_h.0,401208126#3_6,67.95,0.00,0.00,veh_human,166.36,113.08,,,,,,,,,
57.10,0.00,269.53,f_12_b.0,401217076#2_2,85.64,0.00,0.00,bike_human,214.60,141.34,,,,,,,,,
57.10,0.00,269.60,f_12_h.0,401217076#2_2,111.14,0.00,0.00,veh_human,189.11,141.14,,,,,,,,,
57.10,0.00,269.53,f_12_h.1,401217076#2_3,104.14,0.00,0.00,veh_human,196.10,137.99,,,,,,,,,
57.10,-0.00,269.53,f_12_h.10,401217076#2_3,57.14,0.00,0.00,veh_human,243.11,138.37,,,,,,,,,
57.10,-0.01,269.53,f_12_h.11,401217076#2_3,50.13,0.00,0.01,veh_human,250.12,138.43,,,,,,,,,
57.10,-0.08,269.53,f_12_h.12,401217076#2_3,43.01,0.00,0.10,veh_human,257.23,138.49,,,,,,,,,
57.10,-0.56,269.53,f_12_h.13,401217076#2_3,35.16,0.00,0.75,veh_human,265.09,138.55,,,,,,,,,
57.10,-0.36,269.53,f_12_h.14,401217076#2_2,36.42,0.00,0.40,veh_human,263.81,141.74,,,,,,,,,
57.10,-1.37,269.53,f_12_h.15,401217076#2_2,26.58,0.00,2.33,veh_human,273.65,141.82,,,,,,,,,
57.10,1.53,269.53,f_12_h.16,401217076#2_2,7.99,0.00,3.07,veh_human,292.24,141.97,,,,,,,,,
57.10,0.00,269.53,f_12_h.2,401217076#2_3,97.14,0.00,0.00,veh_human,203.10,138.05,,,,,,,,,
57.10,0.00,269.53,f_12_h.3,401217076#2_2,92.14,0.00,0.00,veh_human,208.10,141.29,,,,,,,,,
57.10,0.00,269.53,f_12_h.4,401217076#2_3,84.14,0.00,0.00,veh_human,216.10,138.15,,,,,,,,,
57.10,0.00,269.53,f_12_h.5,401217076#2_3,71.14,0.00,0.00,veh_human,229.10,138.26,,,,,,,,,
57.10,0.00,269.53,f_12_h.6,401217076#2_2,81.84,0.00,0.00,veh_human,218.40,141.37,,,,,,,,,
57.10,0.00,269.53,f_12_h.7,401217076#2_2,74.84,0.00,0.00,veh_human,225.40,141.43,,,,,,,,,
57.10,0.00,269.53,f_12_h.8,401217076#2_3,64.14,0.00,0.00,veh_human,236.10,138.32,,,,,,,,,
57.10,-0.00,269.53,f_12_h.9,401217076#2_2,55.84,0.00,0.00,veh_human,244.40,141.58,,,,,,,,,
57.10,-0.06,269.59,f_14_h.0,401217076#2_1,111.01,0.00,0.09,veh_human,189.24,144.34,,,,,,,,,
57.10,0.00,269.61,f_15_h.0,401217076#2_4,111.13,0.00,0.00,veh_human,189.10,134.74,,,,,,,,,
57.10,2.00,269.53,f_15_h.1,401217076#2_1,5.81,0.00,0.80,veh_human,294.40,145.19,,,,,,,,,
57.10,-0.92,180.22,f_3_h.1,401208128#2_1,64.43,0.00,7.78,veh_human,149.06,159.75,,,,,,,,,
57.10,0.00,89.30,f_4_b.0,405006150#1_2,136.35,0.00,0.00,bike_human,129.10,122.73,,,,,,,,,
57.10,0.00,89.30,f_4_b.1,405006150#1_3,109.34,0.00,0.00,bike_human,102.07,125.61,,,,,,,,,
57.10,-0.04,89.30,f_4_b.2,405006150#1_3,91.99,0.00,0.05,bike_human,84.72,125.40,,,,,,,,,
57.10,-0.16,89.30,f_4_b.3,405006150#1_2,45.37,0.00,6.90,bike_human,38.13,121.63,,,,,,,,,
57.10,1.49,89.30,f_4_b.4,405006150#1_1,3.26,0.00,1.95,bike_human,-3.93,117.92,,,,,,,,,
57.10,0.00,89.30,f_4_h.0,405006150#1_2,149.85,0.00,0.00,veh_human,142.60,122.90,,,,,,,,,
57.10,0.00,89.30,f_4_h.1,405006150#1_3,149.84,0.00,0.00,veh_human,142.57,126.10,,,,,,,,,
57.10,-0.00,89.30,f_4_h.10,405006150#1_2,111.55,0.00,0.00,veh_human,104.30,122.43,,,,,,,,,
57.10,-0.00,89.30,f_4_h.11,405006150#1_3,105.54,0.00,0.00,veh_human,98.27,125.56,,,,,,,,,
57.10,-0.03,89.30,f_4_h.12,405006150#1_2,104.52,0.00,0.03,veh_human,97.27,122.35,,,,,,,,,
57.10,-0.00,89.30,f_4_h.13,405006150#1_3,98.54,0.00,0.00,veh_human,91.27,125.48,,,,,,,,,
57.10,1.80,89.30,f_4_h.14,405006150#1_2,91.55,0.00,0.51,veh_human,84.31,122.19,,,,,,,,,
57.10,-0.24,89.30,f_4_h.15,405006150#1_3,87.82,0.00,0.32,veh_human,80.55,125.35,,,,,,,,,
57.10,-0.51,89.30,f_4_h.16,405006150#1_2,83.40,0.00,0.93,veh_human,76.16,122.09,,,,,,,,,
57.10,-1.45,89.30,f_4_h.17,405006150#1_3,78.13,0.00,2.25,veh_human,70.86,125.23,,,,,,,,,
57.10,1.44,89.30,f_4_h.18,405006150#1_2,20.91,0.00,6.51,veh_human,13.68,121.33,,,,,,,,,
57.10,0.00,89.30,f_4_h.2,405006150#1_2,142.85,0.00,0.00,veh_human,135.60,122.81,,,,,,,,,
57.10,0.00,89.30,f_4_h.3,405006150#1_3,142.84,0.00,0.00,veh_human,135.57,126.01,,,,,,,,,
57.10,0.00,89.30,f_4_h.4,405006150#1_3,129.84,0.00,0.00,veh_human,122.57,125.86,,,,,,,,,
57.10,0.00,89.30,f_4_h.5,405006150#1_3,122.84,0.00,0.00,veh_human,115.57,125.77,,,,,,,,,
57.10,0.00,89.30,f_4_h.6,405006150#1_3,115.84,0.00,0.00,veh_human,108.57,125.69,,,,,,,,,
57.10,0.00,89.30,f_4_h.7,405006150#1_2,132.55,0.00,0.00,veh_human,125.30,122.69,,,,,,,,,
57.10,0.00,89.30,f_4_h.8,405006150#1_2,125.55,0.00,0.00,veh_human,118.30,122.60,,,,,,,,,
57.10,-0.00,89.30,f_4_h.9,405006150#1_2,118.55,0.00,0.00,veh_human,111.30,122.52,,,,,,,,,
57.10,0.00,89.30,f_5_b.0,405006150#1_1,149.85,0.00,0.00,bike_human,142.63,119.70,,,,,,,,,
57.10,-2.26,89.31,f_6_h.0,405006150#1_4,131.58,0.00,8.82,veh_human,124.28,129.08,,,,,,,,,
57.10,-0.01,89.31,f_6_h.1,405006150#1_4,83.61,0.00,13.06,veh_human,76.31,128.49,,,,,,,,,
57.10,2.00,89.31,f_6_h.2,405006150#1_4,7.75,0.00,2.20,veh_human,0.44,127.57,,,,,,,,,
57.10,0.00,359.97,f_8_b.0,401208131#0_2,31.70,0.00,7.50,bike_human,176.33,181.62,,,,,,,,,
57.10,-0.51,359.97,f_8_h.15,401208131#0_2,15.50,0.00,8.41,veh_human,176.34,165.42,,,,,,,,,
57.10,0.63,359.97,f_8_h.16,401208131#0_1,55.95,0.00,17.98,veh_human,179.52,205.88,,,,,,,,,
57.10,0.21,0.61,f_8_h.17,:Junc1_6_1,6.49,0.00,13.55,veh_human,176.04,120.52,,,,,,,,,
57.10,1.02,0.61,f_8_h.18,:Junc1_6_0,19.58,0.00,16.12,veh_human,179.38,133.62,,,,,,,,,
57.10,1.55,359.68,f_8_h.19,401208126#3_2,47.43,0.00,11.91,veh_human,179.28,92.50,,,,,,,,,
57.10,1.78,359.68,f_8_h.20,401208126#3_2,20.73,0.00,6.98,veh_human,179.42,65.81,,,,,,,,,
57.10,0.54,179.53,fc_00.3,401208129#0_1,17.58,0.00,15.85,veh_av,152.41,96.56,,,,,,,,,
57.10,0.00,89.30,fc_04.0,405006150#1_3,136.84,0.00,0.00,veh_av,129.57,125.94,,,,,,,,,
57.10,-0.00,89.30,fc_04.1,405006150#1_1,105.54,0.00,0.00,veh_av,98.33,119.16,,,,,,,,,
57.10,2.58,89.30,fc_04.2,405006150#1_1,98.45,0.00,0.41,veh_av,91.24,119.07,,,,,,,,,
57.10,-0.20,89.30,fc_04.3,405006150#1_3,45.82,0.00,11.57,veh_av,38.55,124.84,,,,,,,,,
57.10,0.54,359.97,fc_08.4,401208131#0_1,35.84,0.00,16.89,veh_av,179.53,185.76,,,,,,,,,
57.10,3.49,359.68,fc_08.5,401208126#3_3,7.54,0.00,2.91,veh_av,176.30,52.63,,,,,,,,,
57.10,3.03,359.68,fc_08.6,401208126#3_2,9.20,0.00,4.99,veh_av,179.49,54.30,,,,,,,,,
57.10,-1.94,359.68,fc_08.7,401208126#3_1,5.51,0.00,0.47,veh_av,182.71,50.62,,,,,,,,,
57.10,0.00,269.61,fc_12.0,401217076#2_3,111.14,0.00,0.00,veh_av,189.10,137.94,,,,,,,,,
57.10,0.00,269.53,fc_12.1,401217076#2_2,105.14,0.00,0.00,veh_av,195.11,141.18,,,,,,,,,
57.10,0.00,269.53,fc_12.2,401217076#2_2,99.14,0.00,0.00,veh_av,201.11,141.23,,,,,,,,,
57.10,0.00,269.53,fc_12.3,401217076#2_3,91.14,0.00,0.00,veh_av,209.10,138.10,,,,,,,,,
57.10,0.00,269.53,fc_12.4,401217076#2_3,78.14,0.00,0.00,veh_av,222.10,138.20,,,,,,,,,
57.10,0.00,269.53,fc_12.5,401217076#2_2,68.84,0.00,0.00,veh_av,231.40,141.48,,,,,,,,,
57.10,0.00,269.53,fc_12.6,401217076#2_2,62.84,0.00,0.00,veh_av,237.40,141.53,,,,,,,,,
57.10,-0.00,269.53,fc_12.7,401217076#2_2,49.84,0.00,0.00,veh_av,250.39,141.63,,,,,,,,,
57.10,-0.00,269.53,fc_12.8,401217076#2_2,43.84,0.00,0.00,veh_av,256.39,141.68,,,,,,,,,
57.10,-1.95,269.53,fc_12.9,401217076#2_3,21.88,0.00,6.44,veh_av,278.37,138.66,,,,,,,,,
57.10,-0.65,269.53,fc_14.0,401217076#2_1,64.16,0.00,13.19,veh_av,236.07,144.72,,,,,,,,,
57.10,,,,,,,,,,,359.68,401208126#3,p_8.1,9.61,0.00,0.98,ped_human,185.89,54.74
57.10,,,,,,,,,,,359.68,401208126#3,p_8.0,60.86,0.00,1.25,ped_human,185.60,105.90
57.10,,,,,,,,,,,180.22,401208128#2,p_3.0,1.24,0.00,1.08,ped_human,146.11,222.98
57.10,,,,,,,,,,,89.30,405006150#1,p_4.0,19.21,0.00,1.25,ped_human,12.05,114.91
57.20,0.77,179.53,f_0_h.18,401208129#0_1,37.50,0.00,16.79,veh_human,152.57,76.63,,,,,,,,,
57.20,0.87,179.92,f_0_h.19,:Junc1_18_0,10.47,0.00,15.10,veh_human,152.23,139.44,,,,,,,,,
57.20,1.69,180.22,f_0_h.20,401208128#2_2,40.92,0.00,11.36,veh_human,152.35,183.26,,,,,,,,,
57.20,1.78,180.22,f_0_h.21,401208128#2_2,17.77,0.00,6.02,veh_human,152.44,206.42,,,,,,,,,
57.20,0.64,180.22,f_0_h.22,401208128#2_2,6.65,0.00,0.80,veh_human,152.48,217.54,,,,,,,,,
57.20,2.00,180.22,f_0_h.23,401208128#2_1,5.82,0.00,1.60,veh_human,149.29,218.39,,,,,,,,,
57.20,0.00,359.68,f_11_h.0,401208126#3_6,67.95,0.00,0.00,veh_human,166.36,113.08,,,,,,,,,
57.20,0.00,269.53,f_12_b.0,401217076#2_2,85.64,0.00,0.00,bike_human,214.60,141.34,,,,,,,,,
57.20,0.00,269.60,f_12_h.0,401217076#2_2,111.14,0.00,0.00,veh_human,189.11,141.14,,,,,,,,,
57.20,0.00,269.53,f_12_h.1,401217076#2_3,104.14,0.00,0.00,veh_human,196.10,137.99,,,,,,,,,
57.20,-0.00,269.53,f_12_h.10,401217076#2_3,57.14,0.00,0.00,veh_human,243.11,138.37,,,,,,,,,
57.20,-0.01,269.53,f_12_h.11,401217076#2_3,50.13,0.00,0.01,veh_human,250.12,138.43,,,,,,,,,
57.20,-0.08,269.53,f_12_h.12,401217076#2_3,43.02,0.00,0.10,veh_human,257.22,138.49,,,,,,,,,
57.20,-0.52,269.53,f_12_h.13,401217076#2_3,35.23,0.00,0.70,veh_human,265.02,138.55,,,,,,,,,
57.20,-0.33,269.53,f_12_h.14,401217076#2_2,36.45,0.00,0.36,veh_human,263.78,141.74,,,,,,,,,
57.20,-1.33,269.53,f_12_h.15,401217076#2_2,26.80,0.00,2.19,veh_human,273.43,141.82,,,,,,,,,
57.20,1.47,269.53,f_12_h.16,401217076#2_2,8.31,0.00,3.22,veh_human,291.91,141.97,,,,,,,,,
57.20,0.00,269.53,f_12_h.2,401217076#2_3,97.14,0.00,0.00,veh_human,203.10,138.05,,,,,,,,,
57.20,0.00,269.53,f_12_h.3,401217076#2_2,92.14,0.00,0.00,veh_human,208.10,141.29,,,,,,,,,
57.20,0.00,269.53,f_12_h.4,401217076#2_3,84.14,0.00,0.00,veh_human,216.10,138.15,,,,,,,,,
57.20,0.00,269.53,f_12_h.5,401217076#2_3,71.14,0.00,0.00,veh_human,229.10,138.26,,,,,,,,,
57.20,0.00,269.53,f_12_h.6,401217076#2_2,81.84,0.00,0.00,veh_human,218.40,141.37,,,,,,,,,
57.20,0.00,269.53,f_12_h.7,401217076#2_2,74.84,0.00,0.00,veh_human,225.40,141.43,,,,,,,,,
57.20,0.00,269.53,f_12_h.8,401217076#2_3,64.14,0.00,0.00,veh_human,236.10,138.32,,,,,,,,,
57.20,-0.00,269.53,f_12_h.9,401217076#2_2,55.84,0.00,0.00,veh_human,244.40,141.58,,,,,,,,,
57.20,-0.05,269.59,f_14_h.0,401217076#2_1,111.02,0.00,0.08,veh_human,189.23,144.34,,,,,,,,,
57.20,0.00,269.61,f_15_h.0,401217076#2_4,111.13,0.00,0.00,veh_human,189.10,134.74,,,,,,,,,
57.20,2.00,269.53,f_15_h.1,401217076#2_1,5.91,0.00,1.00,veh_human,294.30,145.19,,,,,,,,,
57.20,-1.07,180.22,f_3_h.1,401208128#2_1,65.20,0.00,7.67,veh_human,149.05,158.98,,,,,,,,,
57.20,0.00,89.30,f_4_b.0,405006150#1_2,136.35,0.00,0.00,bike_human,129.10,122.73,,,,,,,,,
57.20,0.00,89.30,f_4_b.1,405006150#1_3,109.34,0.00,0.00,bike_human,102.07,125.61,,,,,,,,,
57.20,-0.04,89.30,f_4_b.2,405006150#1_3,92.00,0.00,0.04,bike_human,84.73,125.40,,,,,,,,,
57.20,-0.17,89.30,f_4_b.3,405006150#1_2,46.06,0.00,6.88,bike_human,38.82,121.64,,,,,,,,,
57.20,1.49,89.30,f_4_b.4,405006150#1_1,3.47,0.00,2.09,bike_human,-3.72,117.92,,,,,,,,,
57.20,0.00,89.30,f_4_h.0,405006150#1_2,149.85,0.00,0.00,veh_human,142.60,122.90,,,,,,,,,
57.20,0.00,89.30,f_4_h.1,405006150#1_3,149.84,0.00,0.00,veh_human,142.57,126.10,,,,,,,,,
57.20,-0.00,89.30,f_4_h.10,405006150#1_2,111.55,0.00,0.00,veh_human,104.30,122.43,,,,,,,,,
57.20,-0.00,89.30,f_4_h.11,405006150#1_3,105.54,0.00,0.00,veh_human,98.27,125.56,,,,,,,,,
57.20,-0.03,89.30,f_4_h.12,405006150#1_2,104.52,0.00,0.03,veh_human,97.27,122.35,,,,,,,,,
57.20,-0.00,89.30,f_4_h.13,405006150#1_3,98.54,0.00,0.00,veh_human,91.27,125.48,,,,,,,,,
57.20,-0.72,89.30,f_4_h.14,405006150#1_2,91.59,0.00,0.44,veh_human,84.35,122.19,,,,,,,,,
57.20,-0.22,89.30,f_4_h.15,405006150#1_3,87.85,0.00,0.30,veh_human,80.58,125.35,,,,,,,,,
57.20,-0.41,89.30,f_4_h.16,405006150#1_2,83.49,0.00,0.89,veh_human,76.24,122.09,,,,,,,,,
57.20,-1.38,89.30,f_4_h.17,405006150#1_3,78.34,0.00,2.11,veh_human,71.07,125.23,,,,,,,,,
57.20,1.40,89.30,f_4_h.18,405006150#1_2,21.58,0.00,6.65,veh_human,14.35,121.34,,,,,,,,,
57.20,0.00,89.30,f_4_h.2,405006150#1_2,142.85,0.00,0.00,veh_human,135.60,122.81,,,,,,,,,
57.20,0.00,89.30,f_4_h.3,405006150#1_3,142.84,0.00,0.00,veh_human,135.57,126.01,,,,,,,,,
57.20,0.00,89.30,f_4_h.4,405006150#1_3,129.84,0.00,0.00,veh_human,122.57,125.86,,,,,,,,,
57.20,0.00,89.30,f_4_h.5,405006150#1_3,122.84,0.00,0.00,veh_human,115.57,125.77,,,,,,,,,
57.20,0.00,89.30,f_4_h.6,405006150#1_3,115.84,0.00,0.00,veh_human,108.57,125.69,,,,,,,,,
57.20,0.00,89.30,f_4_h.7,405006150#1_2,132.55,0.00,0.00,veh_human,125.30,122.69,,,,,,,,,
57.20,0.00,89.30,f_4_h.8,405006150#1_2,125.55,0.00,0.00,veh_human,118.30,122.60,,,,,,,,,
57.20,-0.00,89.30,f_4_h.9,405006150#1_2,118.55,0.00,0.00,veh_human,111.30,122.52,,,,,,,,,
57.20,0.00,89.30,f_5_b.0,405006150#1_1,149.85,0.00,0.00,bike_human,142.63,119.70,,,,,,,,,
57.20,-2.31,89.31,f_6_h.0,405006150#1_4,132.44,0.00,8.59,veh_human,125.14,129.09,,,,,,,,,
57.20,-0.05,89.31,f_6_h.1,405006150#1_4,84.92,0.00,13.06,veh_human,77.61,128.51,,,,,,,,,
57.20,2.00,89.31,f_6_h.2,405006150#1_4,7.99,0.00,2.40,veh_human,0.68,127.58,,,,,,,,,
57.20,0.00,359.97,f_8_b.0,401208131#0_2,32.45,0.00,7.50,bike_human,176.33,182.37,,,,,,,,,
57.20,-0.49,359.97,f_8_h.15,401208131#0_2,16.34,0.00,8.37,veh_human,176.34,166.26,,,,,,,,,
57.20,0.61,359.97,f_8_h.16,401208131#0_1,57.76,0.00,18.04,veh_human,179.52,207.68,,,,,,,,,
57.20,0.15,0.61,f_8_h.17,:Junc1_6_1,7.85,0.00,13.56,veh_human,176.05,121.88,,,,,,,,,
57.20,1.00,0.61,f_8_h.18,:Junc1_6_0,21.21,0.00,16.22,veh_human,179.39,135.24,,,,,,,,,
57.20,1.53,359.68,f_8_h.19,401208126#3_2,48.63,0.00,12.06,veh_human,179.27,93.70,,,,,,,,,
57.20,1.78,359.68,f_8_h.20,401208126#3_2,21.44,0.00,7.16,veh_human,179.42,66.53,,,,,,,,,
57.20,0.55,179.53,fc_00.3,401208129#0_1,19.17,0.00,15.90,veh_av,152.42,94.96,,,,,,,,,
57.20,0.00,89.30,fc_04.0,405006150#1_3,136.84,0.00,0.00,veh_av,129.57,125.94,,,,,,,,,
57.20,-0.00,89.30,fc_04.1,405006150#1_1,105.54,0.00,0.00,veh_av,98.33,119.16,,,,,,,,,
57.20,-1.94,89.30,fc_04.2,405006150#1_1,98.47,0.00,0.21,veh_av,91.26,119.07,,,,,,,,,
57.20,-0.42,89.30,fc_04.3,405006150#1_3,46.98,0.00,11.53,veh_av,39.71,124.85,,,,,,,,,
57.20,0.53,359.97,fc_08.4,401208131#0_1,37.53,0.00,16.94,veh_av,179.53,187.46,,,,,,,,,
57.20,3.49,359.68,fc_08.5,401208126#3_3,7.87,0.00,3.25,veh_av,176.30,52.95,,,,,,,,,
57.20,2.99,359.68,fc_08.6,401208126#3_2,9.73,0.00,5.29,veh_av,179.49,54.83,,,,,,,,,
57.20,-1.94,359.68,fc_08.7,401208126#3_1,5.54,0.00,0.27,veh_av,182.71,50.65,,,,,,,,,
57.20,0.00,269.61,fc_12.0,401217076#2_3,111.14,0.00,0.00,veh_av,189.10,137.94,,,,,,,,,
57.20,0.00,269.53,fc_12.1,401217076#2_2,105.14,0.00,0.00,veh_av,195.11,141.18,,,,,,,,,
57.20,0.00,269.53,fc_12.2,401217076#2_2,99.14,0.00,0.00,veh_av,201.11,141.23,,,,,,,,,
57.20,0.00,269.53,fc_12.3,401217076#2_3,91.14,0.00,0.00,veh_av,209.10,138.10,,,,,,,,,
57.20,0.00,269.53,fc_12.4,401217076#2_3,78.14,0.00,0.00,veh_av,222.10,138.20,,,,,,,,,
57.20,0.00,269.53,fc_12.5,401217076#2_2,68.84,0.00,0.00,veh_av,231.40,141.48,,,,,,,,,
57.20,0.00,269.53,fc_12.6,401217076#2_2,62.84,0.00,0.00,veh_av,237.40,141.53,,,,,,,,,
57.20,-0.00,269.53,fc_12.7,401217076#2_2,49.84,0.00,0.00,veh_av,250.39,141.63,,,,,,,,,
57.20,-0.00,269.53,fc_12.8,401217076#2_2,43.84,0.00,0.00,veh_av,256.39,141.68,,,,,,,,,
57.20,-2.23,269.53,fc_12.9,401217076#2_3,22.50,0.00,6.21,veh_av,277.74,138.66,,,,,,,,,
57.20,-0.73,269.53,fc_14.0,401217076#2_1,65.47,0.00,13.11,veh_av,234.76,144.71,,,,,,,,,
57.20,,,,,,,,,,,359.68,401208126#3,p_8.1,9.72,0.00,1.15,ped_human,185.89,54.85
57.20,,,,,,,,,,,359.68,401208126#3,p_8.0,60.99,0.00,1.27,ped_human,185.60,106.03
57.20,,,,,,,,,,,180.22,401208128#2,p_3.0,1.35,0.00,1.03,ped_human,146.10,222.88
57.20,,,,,,,,,,,89.30,405006150#1,p_4.0,19.35,0.00,1.39,ped_human,12.19,114.91
57.30,0.75,179.53,f_0_h.18,401208129#0_1,39.19,0.00,16.86,veh_human,152.59,74.94,,,,,,,,,
57.30,0.85,179.92,f_0_h.19,:Junc1_18_0,11.99,0.00,15.19,veh_human,152.24,137.92,,,,,,,,,
57.30,1.67,180.22,f_0_h.20,401208128#2_2,42.08,0.00,11.53,veh_human,152.35,182.11,,,,,,,,,
57.30,1.79,180.22,f_0_h.21,401208128#2_2,18.39,0.00,6.20,veh_human,152.44,205.80,,,,,,,,,
57.30,0.67,180.22,f_0_h.22,401208128#2_2,6.74,0.00,0.86,veh_human,152.48,217.45,,,,,,,,,
57.30,1.99,180.22,f_0_h.23,401208128#2_1,6.00,0.00,1.80,veh_human,149.29,218.21,,,,,,,,,
57.30,0.00,359.68,f_11_h.0,401208126#3_6,67.95,0.00,0.00,veh_human,166.36,113.08,,,,,,,,,
57.30,0.00,269.53,f_12_b.0,401217076#2_2,85.64,0.00,0.00,bike_human,214.60,141.34,,,,,,,,,
57.30,0.00,269.60,f_12_h.0,401217076#2_2,111.14,0.00,0.00,veh_human,189.11,141.14,,,,,,,,,
57.30,0.00,269.53,f_12_h.1,401217076#2_3,104.14,0.00,0.00,veh_human,196.10,137.99,,,,,,,,,
57.30,-0.00,269.53,f_12_h.10,401217076#2_3,57.14,0.00,0.00,veh_human,243.11,138.37,,,,,,,,,
57.30,-0.01,269.53,f_12_h.11,401217076#2_3,50.13,0.00,0.01,veh_human,250.11,138.43,,,,,,,,,
57.30,-0.07,269.53,f_12_h.12,401217076#2_3,43.03,0.00,0.09,veh_human,257.21,138.49,,,,,,,,,
57.30,-0.49,269.53,f_12_h.13,401217076#2_3,35.30,0.00,0.65,veh_human,264.95,138.55,,,,,,,,,
57.30,-0.31,269.53,f_12_h.14,401217076#2_2,36.48,0.00,0.33,veh_human,263.75,141.74,,,,,,,,,
57.30,-1.28,269.53,f_12_h.15,401217076#2_2,27.00,0.00,2.07,veh_human,273.22,141.82,,,,,,,,,
57.30,1.40,269.53,f_12_h.16,401217076#2_2,8.64,0.00,3.36,veh_human,291.58,141.97,,,,,,,,,
57.30,0.00,269.53,f_12_h.2,401217076#2_3,97.14,0.00,0.00,veh_human,203.10,138.05,,,,,,,,,
57.30,0.00,269.53,f_12_h.3,401217076#2_2,92.14,0.00,0.00,veh_human,208.10,141.29,,,,,,,,,
57.30,0.00,269.53,f_12_h.4,401217076#2_3,84.14,0.00,0.00,veh_human,216.10,138.15,,,,,,,,,
57.30,0.00,269.53,f_12_h.5,401217076#2_3,71.14,0.00,0.00,veh_human,229.10,138.26,,,,,,,,,
57.30,0.00,269.53,f_12_h.6,401217076#2_2,81.84,0.00,0.00,veh_human,218.40,141.37,,,,,,,,,
57.30,0.00,269.53,f_12_h.7,401217076#2_2,74.84,0.00,0.00,veh_human,225.40,141.43,,,,,,,,,
57.30,0.00,269.53,f_12_h.8,401217076#2_3,64.14,0.00,0.00,veh_human,236.10,138.32,,,,,,,,,
57.30,-0.00,269.53,f_12_h.9,401217076#2_2,55.84,0.00,0.00,veh_human,244.40,141.58,,,,,,,,,
57.30,-0.05,269.59,f_14_h.0,401217076#2_1,111.03,0.00,0.08,veh_human,189.22,144.34,,,,,,,,,
57.30,0.00,269.61,f_15_h.0,401217076#2_4,111.13,0.00,0.00,veh_human,189.10,134.74,,,,,,,,,
57.30,-1.94,269.53,f_15_h.1,401217076#2_1,5.99,0.00,0.80,veh_human,294.22,145.19,,,,,,,,,
57.30,-1.22,180.22,f_3_h.1,401208128#2_1,65.95,0.00,7.55,veh_human,149.05,158.22,,,,,,,,,
57.30,0.00,89.30,f_4_b.0,405006150#1_2,136.35,0.00,0.00,bike_human,129.10,122.73,,,,,,,,,
57.30,0.00,89.30,f_4_b.1,405006150#1_3,109.34,0.00,0.00,bike_human,102.07,125.61,,,,,,,,,
57.30,-0.04,89.30,f_4_b.2,405006150#1_3,92.00,0.00,0.04,bike_human,84.73,125.40,,,,,,,,,
57.30,-0.18,89.30,f_4_b.3,405006150#1_2,46.74,0.00,6.86,bike_human,39.51,121.65,,,,,,,,,
57.30,1.49,89.30,f_4_b.4,405006150#1_1,3.70,0.00,2.24,bike_human,-3.49,117.92,,,,,,,,,
57.30,0.00,89.30,f_4_h.0,405006150#1_2,149.85,0.00,0.00,veh_human,142.60,122.90,,,,,,,,,
57.30,0.00,89.30,f_4_h.1,405006150#1_3,149.84,0.00,0.00,veh_human,142.57,126.10,,,,,,,,,
57.30,-0.00,89.30,f_4_h.10,405006150#1_2,111.55,0.00,0.00,veh_human,104.30,122.43,,,,,,,,,
57.30,-0.00,89.30,f_4_h.11,405006150#1_3,105.54,0.00,0.00,veh_human,98.27,125.56,,,,,,,,,
57.30,-0.02,89.30,f_4_h.12,405006150#1_2,104.52,0.00,0.03,veh_human,97.28,122.35,,,,,,,,,
57.30,-0.00,89.30,f_4_h.13,405006150#1_3,98.54,0.00,0.00,veh_human,91.27,125.48,,,,,,,,,
57.30,1.77,89.30,f_4_h.14,405006150#1_2,91.66,0.00,0.62,veh_human,84.41,122.19,,,,,,,,,
57.30,-0.21,89.30,f_4_h.15,405006150#1_3,87.88,0.00,0.28,veh_human,80.61,125.35,,,,,,,,,
57.30,-0.40,89.30,f_4_h.16,405006150#1_2,83.57,0.00,0.85,veh_human,76.33,122.09,,,,,,,,,
57.30,-1.32,89.30,f_4_h.17,405006150#1_3,78.54,0.00,1.98,veh_human,71.27,125.23,,,,,,,,,
57.30,1.35,89.30,f_4_h.18,405006150#1_2,22.26,0.00,6.79,veh_human,15.02,121.35,,,,,,,,,
57.30,0.00,89.30,f_4_h.2,405006150#1_2,142.85,0.00,0.00,veh_human,135.60,122.81,,,,,,,,,
57.30,0.00,89.30,f_4_h.3,405006150#1_3,142.84,0.00,0.00,veh_human,135.57,126.01,,,,,,,,,
57.30,0.00,89.30,f_4_h.4,405006150#1_3,129.84,0.00,0.00,veh_human,122.57,125.86,,,,,,,,,
57.30,0.00,89.30,f_4_h.5,405006150#1_3,122.84,0.00,0.00,veh_human,115.57,125.77,,,,,,,,,
57.30,0.00,89.30,f_4_h.6,405006150#1_3,115.84,0.00,0.00,veh_human,108.57,125.69,,,,,,,,,
57.30,0.00,89.30,f_4_h.7,405006150#1_2,132.55,0.00,0.00,veh_human,125.30,122.69,,,,,,,,,
57.30,0.00,89.30,f_4_h.8,405006150#1_2,125.55,0.00,0.00,veh_human,118.30,122.60,,,,,,,,,
57.30,-0.00,89.30,f_4_h.9,405006150#1_2,118.55,0.00,0.00,veh_human,111.30,122.52,,,,,,,,,
57.30,0.00,89.30,f_5_b.0,405006150#1_1,149.85,0.00,0.00,bike_human,142.63,119.70,,,,,,,,,
57.30,-2.36,89.31,f_6_h.0,405006150#1_4,133.28,0.00,8.35,veh_human,125.97,129.10,,,,,,,,,
57.30,-0.09,89.31,f_6_h.1,405006150#1_4,86.22,0.00,13.05,veh_human,78.92,128.53,,,,,,,,,
57.30,2.00,89.31,f_6_h.2,405006150#1_4,8.25,0.00,2.60,veh_human,0.94,127.58,,,,,,,,,
57.30,0.00,359.97,f_8_b.0,401208131#0_2,33.20,0.00,7.50,bike_human,176.33,183.12,,,,,,,,,
57.30,-0.47,359.97,f_8_h.15,401208131#0_2,17.17,0.00,8.32,veh_human,176.34,167.09,,,,,,,,,
57.30,0.59,359.97,f_8_h.16,401208131#0_1,59.57,0.00,18.10,veh_human,179.52,209.49,,,,,,,,,
57.30,0.09,0.61,f_8_h.17,:Junc1_6_1,9.21,0.00,13.57,veh_human,176.07,123.24,,,,,,,,,
57.30,0.98,0.61,f_8_h.18,:Junc1_6_0,22.84,0.00,16.32,veh_human,179.41,136.87,,,,,,,,,
57.30,1.51,359.68,f_8_h.19,401208126#3_2,49.85,0.00,12.21,veh_human,179.26,94.93,,,,,,,,,
57.30,1.78,359.68,f_8_h.20,401208126#3_2,22.18,0.00,7.34,veh_human,179.42,67.26,,,,,,,,,
57.30,0.56,179.53,fc_00.3,401208129#0_1,20.77,0.00,15.96,veh_av,152.43,93.37,,,,,,,,,
57.30,0.00,89.30,fc_04.0,405006150#1_3,136.84,0.00,0.00,veh_av,129.57,125.94,,,,,,,,,
57.30,-0.00,89.30,fc_04.1,405006150#1_1,105.54,0.00,0.00,veh_av,98.33,119.16,,,,,,,,,
57.30,-1.94,89.30,fc_04.2,405006150#1_1,98.47,0.00,0.02,veh_av,91.26,119.07,,,,,,,,,
57.30,-0.63,89.30,fc_04.3,405006150#1_3,48.12,0.00,11.46,veh_av,40.85,124.86,,,,,,,,,
57.30,0.52,359.97,fc_08.4,401208131#0_1,39.23,0.00,17.00,veh_av,179.53,189.16,,,,,,,,,
57.30,3.49,359.68,fc_08.5,401208126#3_3,8.23,0.00,3.60,veh_av,176.29,53.31,,,,,,,,,
57.30,2.94,359.68,fc_08.6,401208126#3_2,10.29,0.00,5.58,veh_av,179.48,55.39,,,,,,,,,
57.30,-1.94,359.68,fc_08.7,401208126#3_1,5.54,0.00,0.08,veh_av,182.71,50.66,,,,,,,,,
57.30,0.00,269.61,fc_12.0,401217076#2_3,111.14,0.00,0.00,veh_av,189.10,137.94,,,,,,,,,
57.30,0.00,269.53,fc_12.1,401217076#2_2,105.14,0.00,0.00,veh_av,195.11,141.18,,,,,,,,,
57.30,0.00,269.53,fc_12.2,401217076#2_2,99.14,0.00,0.00,veh_av,201.11,141.23,,,,,,,,,
57.30,0.00,269.53,fc_12.3,401217076#2_3,91.14,0.00,0.00,veh_av,209.10,138.10,,,,,,,,,
57.30,0.00,269.53,fc_12.4,401217076#2_3,78.14,0.00,0.00,veh_av,222.10,138.20,,,,,,,,,
57.30,0.00,269.53,fc_12.5,401217076#2_2,68.84,0.00,0.00,veh_av,231.40,141.48,,,,,,,,,
57.30,0.00,269.53,fc_12.6,401217076#2_2,62.84,0.00,0.00,veh_av,237.40,141.53,,,,,,,,,
57.30,-0.00,269.53,fc_12.7,401217076#2_2,49.84,0.00,0.00,veh_av,250.39,141.63,,,,,,,,,
57.30,-0.00,269.53,fc_12.8,401217076#2_2,43.84,0.00,0.00,veh_av,256.39,141.68,,,,,,,,,
57.30,-2.46,269.53,fc_12.9,401217076#2_3,23.10,0.00,5.97,veh_av,277.15,138.65,,,,,,,,,
57.30,-0.81,269.53,fc_14.0,401217076#2_1,66.77,0.00,13.03,veh_av,233.46,144.70,,,,,,,,,
57.30,,,,,,,,,,,359.68,401208126#3,p_8.1,9.83,0.00,1.06,ped_human,185.89,54.96
57.30,,,,,,,,,,,359.68,401208126#3,p_8.0,61.10,0.00,1.19,ped_human,185.60,106.15
57.30,,,,,,,,,,,180.22,401208128#2,p_3.0,1.45,0.00,1.08,ped_human,146.10,222.77
57.30,,,,,,,,,,,89.30,405006150#1,p_4.0,19.48,0.00,1.34,ped_human,12.32,114.92
57.40,0.72,179.53,f_0_h.18,401208129#0_1,40.88,0.00,16.94,veh_human,152.60,73.25,,,,,,,,,
57.40,0.83,179.92,f_0_h.19,:Junc1_18_0,13.52,0.00,15.27,veh_human,152.24,136.40,,,,,,,,,
57.40,1.66,180.22,f_0_h.20,401208128#2_2,43.25,0.00,11.70,veh_human,152.34,180.94,,,,,,,,,
57.40,1.79,180.22,f_0_h.21,401208128#2_2,19.03,0.00,6.38,veh_human,152.44,205.16,,,,,,,,,
57.40,0.68,180.22,f_0_h.22,401208128#2_2,6.83,0.00,0.93,veh_human,152.48,217.36,,,,,,,,,
57.40,1.99,180.22,f_0_h.23,401208128#2_1,6.20,0.00,2.00,veh_human,149.29,218.01,,,,,,,,,
57.40,0.00,359.68,f_11_h.0,401208126#3_6,67.95,0.00,0.00,veh_human,166.36,113.08,,,,,,,,,
57.40,0.00,269.53,f_12_b.0,401217076#2_2,85.64,0.00,0.00,bike_human,214.60,141.34,,,,,,,,,
57.40,0.00,269.60,f_12_h.0,401217076#2_2,111.14,0.00,0.00,veh_human,189.11,141.14,,,,,,,,,
57.40,0.00,269.53,f_12_h.1,401217076#2_3,104.14,0.00,0.00,veh_human,196.10,137.99,,,,,,,,,
57.40,-0.00,269.53,f_12_h.10,401217076#2_3,57.14,0.00,0.00,veh_human,243.11,138.37,,,,,,,,,
57.40,-0.01,269.53,f_12_h.11,401217076#2_3,50.13,0.00,0.01,veh_human,250.11,138.43,,,,,,,,,
57.40,-0.07,269.53,f_12_h.12,401217076#2_3,43.04,0.00,0.08,veh_human,257.21,138.49,,,,,,,,,
57.40,-0.45,269.53,f_12_h.13,401217076#2_3,35.36,0.00,0.60,veh_human,264.89,138.55,,,,,,,,,
57.40,-0.28,269.53,f_12_h.14,401217076#2_2,36.52,0.00,0.30,veh_human,263.71,141.74,,,,,,,,,
57.40,-1.23,269.53,f_12_h.15,401217076#2_2,27.20,0.00,1.94,veh_human,273.03,141.82,,,,,,,,,
57.40,1.32,269.53,f_12_h.16,401217076#2_2,8.99,0.00,3.49,veh_human,291.23,141.97,,,,,,,,,
57.40,0.00,269.53,f_12_h.2,401217076#2_3,97.14,0.00,0.00,veh_human,203.10,138.05,,,,,,,,,
57.40,0.00,269.53,f_12_h.3,401217076#2_2,92.14,0.00,0.00,veh_human,208.10,141.29,,,,,,,,,
57.40,0.00,269.53,f_12_h.4,401217076#2_3,84.14,0.00,0.00,veh_human,216.10,138.15,,,,,,,,,
57.40,0.00,269.53,f_12_h.5,401217076#2_3,71.14,0.00,0.00,veh_human,229.10,138.26,,,,,,,,,
57.40,0.00,269.53,f_12_h.6,401217076#2_2,81.84,0.00,0.00,veh_human,218.40,141.37,,,,,,,,,
57.40,0.00,269.53,f_12_h.7,401217076#2_2,74.84,0.00,0.00,veh_human,225.40,141.43,,,,,,,,,
57.40,0.00,269.53,f_12_h.8,401217076#2_3,64.14,0.00,0.00,veh_human,236.10,138.32,,,,,,,,,
57.40,-0.00,269.53,f_12_h.9,401217076#2_2,55.84,0.00,0.00,veh_human,244.40,141.58,,,,,,,,,
57.40,-0.05,269.59,f_14_h.0,401217076#2_1,111.03,0.00,0.07,veh_human,189.22,144.34,,,,,,,,,
57.40,0.00,269.61,f_15_h.0,401217076#2_4,111.13,0.00,0.00,veh_human,189.10,134.74,,,,,,,,,
57.40,-1.94,269.53,f_15_h.1,401217076#2_1,6.05,0.00,0.61,veh_human,294.16,145.19,,,,,,,,,
57.40,-1.37,180.22,f_3_h.1,401208128#2_1,66.69,0.00,7.41,veh_human,149.05,157.48,,,,,,,,,
57.40,0.00,89.30,f_4_b.0,405006150#1_2,136.35,0.00,0.00,bike_human,129.10,122.73,,,,,,,,,
57.40,0.00,89.30,f_4_b.1,405006150#1_3,109.34,0.00,0.00,bike_human,102.07,125.61,,,,,,,,,
57.40,-0.03,89.30,f_4_b.2,405006150#1_3,92.00,0.00,0.04,bike_human,84.73,125.40,,,,,,,,,
57.40,-0.19,89.30,f_4_b.3,405006150#1_2,47.43,0.00,6.84,bike_human,40.19,121.66,,,,,,,,,
57.40,1.48,89.30,f_4_b.4,405006150#1_1,3.94,0.00,2.39,bike_human,-3.25,117.93,,,,,,,,,
57.40,0.00,89.30,f_4_h.0,405006150#1_2,149.85,0.00,0.00,veh_human,142.60,122.90,,,,,,,,,
57.40,0.00,89.30,f_4_h.1,405006150#1_3,149.84,0.00,0.00,veh_human,142.57,126.10,,,,,,,,,
57.40,-0.00,89.30,f_4_h.10,405006150#1_2,111.55,0.00,0.00,veh_human,104.30,122.43,,,,,,,,,
57.40,-0.00,89.30,f_4_h.11,405006150#1_3,105.54,0.00,0.00,veh_human,98.27,125.56,,,,,,,,,
57.40,-0.02,89.30,f_4_h.12,405006150#1_2,104.52,0.00,0.02,veh_human,97.28,122.35,,,,,,,,,
57.40,-0.00,89.30,f_4_h.13,405006150#1_3,98.54,0.00,0.00,veh_human,91.27,125.48,,,,,,,,,
57.40,1.71,89.30,f_4_h.14,405006150#1_2,91.73,0.00,0.79,veh_human,84.49,122.19,,,,,,,,,
57.40,-0.19,89.30,f_4_h.15,405006150#1_3,87.91,0.00,0.26,veh_human,80.64,125.35,,,,,,,,,
57.40,-0.30,89.30,f_4_h.16,405006150#1_2,83.65,0.00,0.82,veh_human,76.41,122.09,,,,,,,,,
57.40,-1.25,89.30,f_4_h.17,405006150#1_3,78.73,0.00,1.85,veh_human,71.46,125.24,,,,,,,,,
57.40,1.31,89.30,f_4_h.18,405006150#1_2,22.95,0.00,6.92,veh_human,15.72,121.36,,,,,,,,,
57.40,0.00,89.30,f_4_h.2,405006150#1_2,142.85,0.00,0.00,veh_human,135.60,122.81,,,,,,,,,
57.40,0.00,89.30,f_4_h.3,405006150#1_3,142.84,0.00,0.00,veh_human,135.57,126.01,,,,,,,,,
57.40,0.00,89.30,f_4_h.4,405006150#1_3,129.84,0.00,0.00,veh_human,122.57,125.86,,,,,,,,,
57.40,0.00,89.30,f_4_h.5,405006150#1_3,122.84,0.00,0.00,veh_human,115.57,125.77,,,,,,,,,
57.40,0.00,89.30,f_4_h.6,405006150#1_3,115.84,0.00,0.00,veh_human,108.57,125.69,,,,,,,,,
57.40,0.00,89.30,f_4_h.7,405006150#1_2,132.55,0.00,0.00,veh_human,125.30,122.69,,,,,,,,,
57.40,0.00,89.30,f_4_h.8,405006150#1_2,125.55,0.00,0.00,veh_human,118.30,122.60,,,,,,,,,
57.40,-0.00,89.30,f_4_h.9,405006150#1_2,118.55,0.00,0.00,veh_human,111.30,122.52,,,,,,,,,
57.40,0.00,89.30,f_5_b.0,405006150#1_1,149.85,0.00,0.00,bike_human,142.63,119.70,,,,,,,,,
57.40,-2.41,89.31,f_6_h.0,405006150#1_4,134.09,0.00,8.11,veh_human,126.79,129.11,,,,,,,,,
57.40,-0.14,89.31,f_6_h.1,405006150#1_4,87.52,0.00,13.03,veh_human,80.22,128.54,,,,,,,,,
57.40,2.00,89.31,f_6_h.2,405006150#1_4,8.53,0.00,2.80,veh_human,1.22,127.58,,,,,,,,,
57.40,0.00,359.97,f_8_b.0,401208131#0_2,33.95,0.00,7.50,bike_human,176.33,183.87,,,,,,,,,
57.40,-0.45,359.97,f_8_h.15,401208131#0_2,18.00,0.00,8.27,veh_human,176.34,167.92,,,,,,,,,
57.40,0.57,359.97,f_8_h.16,401208131#0_1,61.38,0.00,18.15,veh_human,179.52,211.30,,,,,,,,,
57.40,0.04,0.61,f_8_h.17,:Junc1_6_1,10.56,0.00,13.58,veh_human,176.08,124.60,,,,,,,,,
57.40,0.95,0.61,f_8_h.18,:Junc1_6_0,24.48,0.00,16.42,veh_human,179.43,138.52,,,,,,,,,
57.40,1.50,359.68,f_8_h.19,401208126#3_2,51.09,0.00,12.36,veh_human,179.26,96.16,,,,,,,,,
57.40,1.77,359.68,f_8_h.20,401208126#3_2,22.93,0.00,7.51,veh_human,179.41,68.01,,,,,,,,,
57.40,0.56,179.53,fc_00.3,401208129#0_1,22.37,0.00,16.02,veh_av,152.45,91.77,,,,,,,,,
57.40,0.00,89.30,fc_04.0,405006150#1_3,136.84,0.00,0.00,veh_av,129.57,125.94,,,,,,,,,
57.40,-0.00,89.30,fc_04.1,405006150#1_1,105.54,0.00,0.00,veh_av,98.33,119.16,,,,,,,,,
57.40,0.21,89.30,fc_04.2,405006150#1_1,98.47,0.00,0.04,veh_av,91.26,119.07,,,,,,,,,
57.40,-0.84,89.30,fc_04.3,405006150#1_3,49.26,0.00,11.38,veh_av,41.99,124.88,,,,,,,,,
57.40,0.51,359.97,fc_08.4,401208131#0_1,40.94,0.00,17.05,veh_av,179.53,190.86,,,,,,,,,
57.40,3.48,359.68,fc_08.5,401208126#3_3,8.62,0.00,3.95,veh_av,176.29,53.71,,,,,,,,,
57.40,2.88,359.68,fc_08.6,401208126#3_2,10.88,0.00,5.87,veh_av,179.48,55.97,,,,,,,,,
57.40,-0.78,359.68,fc_08.7,401208126#3_1,5.54,0.00,0.00,veh_av,182.71,50.66,,,,,,,,,
57.40,0.00,269.61,fc_12.0,401217076#2_3,111.14,0.00,0.00,veh_av,189.10,137.94,,,,,,,,,
57.40,0.00,269.53,fc_12.1,401217076#2_2,105.14,0.00,0.00,veh_av,195.11,141.18,,,,,,,,,
57.40,0.00,269.53,fc_12.2,401217076#2_2,99.14,0.00,0.00,veh_av,201.11,141.23,,,,,,,,,
57.40,0.00,269.53,fc_12.3,401217076#2_3,91.14,0.00,0.00,veh_av,209.10,138.10,,,,,,,,,
57.40,0.00,269.53,fc_12.4,401217076#2_3,78.14,0.00,0.00,veh_av,222.10,138.20,,,,,,,,,
57.40,0.00,269.53,fc_12.5,401217076#2_2,68.84,0.00,0.00,veh_av,231.40,141.48,,,,,,,,,
57.40,0.00,269.53,fc_12.6,401217076#2_2,62.84,0.00,0.00,veh_av,237.40,141.53,,,,,,,,,
57.40,-0.00,269.53,fc_12.7,401217076#2_2,49.84,0.00,0.00,veh_av,250.39,141.63,,,,,,,,,
57.40,-0.00,269.53,fc_12.8,401217076#2_2,43.84,0.00,0.00,veh_av,256.39,141.68,,,,,,,,,
57.40,-2.64,269.53,fc_12.9,401217076#2_3,23.67,0.00,5.70,veh_av,276.58,138.65,,,,,,,,,
57.40,-0.89,269.53,fc_14.0,401217076#2_1,68.07,0.00,12.94,veh_av,232.16,144.69,,,,,,,,,
57.40,,,,,,,,,,,359.68,401208126#3,p_8.1,9.93,0.00,1.00,ped_human,185.88,55.06
57.40,,,,,,,,,,,359.68,401208126#3,p_8.0,61.23,0.00,1.29,ped_human,185.60,106.28
57.40,,,,,,,,,,,180.22,401208128#2,p_3.0,1.56,0.00,1.07,ped_human,146.10,222.66
57.40,,,,,,,,,,,89.30,405006150#1,p_4.0,19.63,0.00,1.51,ped_human,12.48,114.92
57.50,0.70,179.53,f_0_h.18,401208129#0_1,42.58,0.00,17.01,veh_human,152.61,71.55,,,,,,,,,
57.50,0.81,179.92,f_0_h.19,:Junc1_18_0,15.05,0.00,15.35,veh_human,152.24,134.86,,,,,,,,,
57.50,1.65,180.22,f_0_h.20,401208128#2_2,44.43,0.00,11.86,veh_human,152.34,179.75,,,,,,,,,
57.50,1.79,180.22,f_0_h.21,401208128#2_2,19.69,0.00,6.56,veh_human,152.43,204.50,,,,,,,,,
57.50,0.70,180.22,f_0_h.22,401208128#2_2,6.93,0.00,1.00,veh_human,152.48,217.26,,,,,,,,,
57.50,1.99,180.22,f_0_h.23,401208128#2_1,6.42,0.00,2.20,veh_human,149.28,217.79,,,,,,,,,
57.50,0.00,359.68,f_11_h.0,401208126#3_6,67.95,0.00,0.00,veh_human,166.36,113.08,,,,,,,,,
57.50,0.00,269.53,f_12_b.0,401217076#2_2,85.64,0.00,0.00,bike_human,214.60,141.34,,,,,,,,,
57.50,0.00,269.60,f_12_h.0,401217076#2_2,111.14,0.00,0.00,veh_human,189.11,141.14,,,,,,,,,
57.50,0.00,269.53,f_12_h.1,401217076#2_3,104.14,0.00,0.00,veh_human,196.10,137.99,,,,,,,,,
57.50,-0.00,269.53,f_12_h.10,401217076#2_3,57.14,0.00,0.00,veh_human,243.11,138.37,,,,,,,,,
57.50,-0.01,269.53,f_12_h.11,401217076#2_3,50.13,0.00,0.01,veh_human,250.11,138.43,,,,,,,,,
57.50,-0.06,269.53,f_12_h.12,401217076#2_3,43.05,0.00,0.08,veh_human,257.20,138.49,,,,,,,,,
57.50,-0.42,269.53,f_12_h.13,401217076#2_3,35.41,0.00,0.56,veh_human,264.84,138.55,,,,,,,,,
57.50,-0.26,269.53,f_12_h.14,401217076#2_2,36.54,0.00,0.28,veh_human,263.69,141.74,,,,,,,,,
57.50,-1.18,269.53,f_12_h.15,401217076#2_2,27.38,0.00,1.83,veh_human,272.85,141.82,,,,,,,,,
57.50,1.24,269.53,f_12_h.16,401217076#2_2,9.35,0.00,3.61,veh_human,290.87,141.96,,,,,,,,,
57.50,0.00,269.53,f_12_h.2,401217076#2_3,97.14,0.00,0.00,veh_human,203.10,138.05,,,,,,,,,
57.50,0.00,269.53,f_12_h.3,401217076#2_2,92.14,0.00,0.00,veh_human,208.10,141.29,,,,,,,,,
57.50,0.00,269.53,f_12_h.4,401217076#2_3,84.14,0.00,0.00,veh_human,216.10,138.15,,,,,,,,,
57.50,0.00,269.53,f_12_h.5,401217076#2_3,71.14,0.00,0.00,veh_human,229.10,138.26,,,,,,,,,
57.50,0.00,269.53,f_12_h.6,401217076#2_2,81.84,0.00,0.00,veh_human,218.40,141.37,,,,,,,,,
57.50,0.00,269.53,f_12_h.7,401217076#2_2,74.84,0.00,0.00,veh_human,225.40,141.43,,,,,,,,,
57.50,0.00,269.53,f_12_h.8,401217076#2_3,64.14,0.00,0.00,veh_human,236.10,138.32,,,,,,,,,
57.50,-0.00,269.53,f_12_h.9,401217076#2_2,55.84,0.00,0.00,veh_human,244.40,141.58,,,,,,,,,
57.50,-0.04,269.59,f_14_h.0,401217076#2_1,111.04,0.00,0.07,veh_human,189.21,144.34,,,,,,,,,
57.50,0.00,269.61,f_15_h.0,401217076#2_4,111.13,0.00,0.00,veh_human,189.10,134.74,,,,,,,,,
57.50,-1.94,269.53,f_15_h.1,401217076#2_1,6.09,0.00,0.42,veh_human,294.11,145.19,,,,,,,,,
57.50,-1.50,180.22,f_3_h.1,401208128#2_1,67.42,0.00,7.26,veh_human,149.05,156.75,,,,,,,,,
57.50,0.00,89.30,f_4_b.0,405006150#1_2,136.35,0.00,0.00,bike_human,129.10,122.73,,,,,,,,,
57.50,0.00,89.30,f_4_b.1,405006150#1_3,109.34,0.00,0.00,bike_human,102.07,125.61,,,,,,,,,
57.50,-0.03,89.30,f_4_b.2,405006150#1_3,92.01,0.00,0.03,bike_human,84.74,125.40,,,,,,,,,
57.50,-0.20,89.30,f_4_b.3,405006150#1_2,48.11,0.00,6.82,bike_human,40.87,121.66,,,,,,,,,
57.50,1.48,89.30,f_4_b.4,405006150#1_1,4.19,0.00,2.54,bike_human,-3.00,117.93,,,,,,,,,
57.50,0.00,89.30,f_4_h.0,405006150#1_2,149.85,0.00,0.00,veh_human,142.60,122.90,,,,,,,,,
57.50,0.00,89.30,f_4_h.1,405006150#1_3,149.84,0.00,0.00,veh_human,142.57,126.10,,,,,,,,,
57.50,-0.00,89.30,f_4_h.10,405006150#1_2,111.55,0.00,0.00,veh_human,104.30,122.43,,,,,,,,,
57.50,-0.00,89.30,f_4_h.11,405006150#1_3,105.54,0.00,0.00,veh_human,98.27,125.56,,,,,,,,,
57.50,-0.02,89.30,f_4_h.12,405006150#1_2,104.53,0.00,0.02,veh_human,97.28,122.35,,,,,,,,,
57.50,-0.00,89.30,f_4_h.13,405006150#1_3,98.54,0.00,0.00,veh_human,91.27,125.48,,,,,,,,,
57.50,1.65,89.30,f_4_h.14,405006150#1_2,91.83,0.00,0.95,veh_human,84.59,122.19,,,,,,,,,
57.50,-0.18,89.30,f_4_h.15,405006150#1_3,87.93,0.00,0.24,veh_human,80.66,125.35,,,,,,,,,
57.50,-0.21,89.30,f_4_h.16,405006150#1_2,83.73,0.00,0.80,veh_human,76.49,122.10,,,,,,,,,
57.50,-1.19,89.30,f_4_h.17,405006150#1_3,78.90,0.00,1.74,veh_human,71.63,125.24,,,,,,,,,
57.50,1.27,89.30,f_4_h.18,405006150#1_2,23.65,0.00,7.04,veh_human,16.42,121.37,,,,,,,,,
57.50,0.00,89.30,f_4_h.2,405006150#1_2,142.85,0.00,0.00,veh_human,135.60,122.81,,,,,,,,,
57.50,0.00,89.30,f_4_h.3,405006150#1_3,142.84,0.00,0.00,veh_human,135.57,126.01,,,,,,,,,
57.50,0.00,89.30,f_4_h.4,405006150#1_3,129.84,0.00,0.00,veh_human,122.57,125.86,,,,,,,,,
57.50,0.00,89.30,f_4_h.5,405006150#1_3,122.84,0.00,0.00,veh_human,115.57,125.77,,,,,,,,,
57.50,0.00,89.30,f_4_h.6,405006150#1_3,115.84,0.00,0.00,veh_human,108.57,125.69,,,,,,,,,
57.50,0.00,89.30,f_4_h.7,405006150#1_2,132.55,0.00,0.00,veh_human,125.30,122.69,,,,,,,,,
57.50,0.00,89.30,f_4_h.8,405006150#1_2,125.55,0.00,0.00,veh_human,118.30,122.60,,,,,,,,,
57.50,-0.00,89.30,f_4_h.9,405006150#1_2,118.55,0.00,0.00,veh_human,111.30,122.52,,,,,,,,,
57.50,0.00,89.30,f_5_b.0,405006150#1_1,149.85,0.00,0.00,bike_human,142.63,119.70,,,,,,,,,
57.50,-2.45,89.31,f_6_h.0,405006150#1_4,134.87,0.00,7.87,veh_human,127.57,129.12,,,,,,,,,
57.50,-0.19,89.31,f_6_h.1,405006150#1_4,88.83,0.00,13.01,veh_human,81.52,128.56,,,,,,,,,
57.50,2.00,89.31,f_6_h.2,405006150#1_4,8.83,0.00,3.00,veh_human,1.52,127.59,,,,,,,,,
57.50,0.00,359.97,f_8_b.0,401208131#0_2,34.70,0.00,7.50,bike_human,176.33,184.62,,,,,,,,,
57.50,-0.44,359.97,f_8_h.15,401208131#0_2,18.82,0.00,8.23,veh_human,176.34,168.74,,,,,,,,,
57.50,0.55,359.97,f_8_h.16,401208131#0_1,63.20,0.00,18.21,veh_human,179.52,213.12,,,,,,,,,
57.50,-0.02,0.61,f_8_h.17,:Junc1_6_1,11.92,0.00,13.57,veh_human,176.10,125.95,,,,,,,,,
57.50,0.93,0.61,f_8_h.18,:Junc1_6_0,26.13,0.00,16.51,veh_human,179.45,140.17,,,,,,,,,
57.50,1.48,359.68,f_8_h.19,401208126#3_2,52.34,0.00,12.51,veh_human,179.25,97.41,,,,,,,,,
57.50,1.77,359.68,f_8_h.20,401208126#3_2,23.70,0.00,7.69,veh_human,179.41,68.78,,,,,,,,,
57.50,0.56,179.53,fc_00.3,401208129#0_1,23.98,0.00,16.07,veh_av,152.46,90.16,,,,,,,,,
57.50,0.00,89.30,fc_04.0,405006150#1_3,136.84,0.00,0.00,veh_av,129.57,125.94,,,,,,,,,
57.50,-0.00,89.30,fc_04.1,405006150#1_1,105.54,0.00,0.00,veh_av,98.33,119.16,,,,,,,,,
57.50,0.10,89.30,fc_04.2,405006150#1_1,98.48,0.00,0.05,veh_av,91.27,119.07,,,,,,,,,
57.50,-1.04,89.30,fc_04.3,405006150#1_3,50.39,0.00,11.28,veh_av,43.12,124.89,,,,,,,,,
57.50,0.50,359.97,fc_08.4,401208131#0_1,42.65,0.00,17.10,veh_av,179.53,192.57,,,,,,,,,
57.50,3.47,359.68,fc_08.5,401208126#3_3,9.05,0.00,4.30,veh_av,176.29,54.14,,,,,,,,,
57.50,2.82,359.68,fc_08.6,401208126#3_2,11.49,0.00,6.15,veh_av,179.48,56.59,,,,,,,,,
57.50,0.00,359.68,fc_08.7,401208126#3_1,5.54,0.00,0.00,veh_av,182.71,50.66,,,,,,,,,
57.50,0.00,269.61,fc_12.0,401217076#2_3,111.14,0.00,0.00,veh_av,189.10,137.94,,,,,,,,,
57.50,0.00,269.53,fc_12.1,401217076#2_2,105.14,0.00,0.00,veh_av,195.11,141.18,,,,,,,,,
57.50,0.00,269.53,fc_12.2,401217076#2_2,99.14,0.00,0.00,veh_av,201.11,141.23,,,,,,,,,
57.50,0.00,269.53,fc_12.3,401217076#2_3,91.14,0.00,0.00,veh_av,209.10,138.10,,,,,,,,,
57.50,0.00,269.53,fc_12.4,401217076#2_3,78.14,0.00,0.00,veh_av,222.10,138.20,,,,,,,,,
57.50,0.00,269.53,fc_12.5,401217076#2_2,68.84,0.00,0.00,veh_av,231.40,141.48,,,,,,,,,
57.50,0.00,269.53,fc_12.6,401217076#2_2,62.84,0.00,0.00,veh_av,237.40,141.53,,,,,,,,,
57.50,-0.00,269.53,fc_12.7,401217076#2_2,49.84,0.00,0.00,veh_av,250.39,141.63,,,,,,,,,
57.50,-0.00,269.53,fc_12.8,401217076#2_2,43.84,0.00,0.00,veh_av,256.39,141.68,,,,,,,,,
57.50,-2.77,269.53,fc_12.9,401217076#2_3,24.21,0.00,5.43,veh_av,276.04,138.64,,,,,,,,,
57.50,-0.97,269.53,fc_14.0,401217076#2_1,69.35,0.00,12.85,veh_av,230.88,144.67,,,,,,,,,
57.50,,,,,,,,,,,359.68,401208126#3,p_8.1,10.03,0.00,1.00,ped_human,185.88,55.16
57.50,,,,,,,,,,,359.68,401208126#3,p_8.0,61.35,0.00,1.20,ped_human,185.60,106.40
57.50,,,,,,,,,,,180.22,401208128#2,p_3.0,1.68,0.00,1.20,ped_human,146.10,222.54
57.50,,,,,,,,,,,89.30,405006150#1,p_4.0,19.76,0.00,1.28,ped_human,12.60,114.92
57.60,0.68,179.53,f_0_h.18,401208129#0_1,44.29,0.00,17.08,veh_human,152.63,69.84,,,,,,,,,
57.60,0.79,179.92,f_0_h.19,:Junc1_18_0,16.59,0.00,15.43,veh_human,152.24,133.32,,,,,,,,,
57.60,1.63,180.22,f_0_h.20,401208128#2_2,45.63,0.00,12.02,veh_human,152.33,178.55,,,,,,,,,
57.60,1.79,180.22,f_0_h.21,401208128#2_2,20.36,0.00,6.74,veh_human,152.43,203.83,,,,,,,,,
57.60,0.71,180.22,f_0_h.22,401208128#2_2,7.04,0.00,1.07,veh_human,152.48,217.15,,,,,,,,,
57.60,1.99,180.22,f_0_h.23,401208128#2_1,6.66,0.00,2.39,veh_human,149.28,217.55,,,,,,,,,
57.60,0.00,359.68,f_11_h.0,401208126#3_6,67.95,0.00,0.00,veh_human,166.36,113.08,,,,,,,,,
57.60,0.00,269.53,f_12_b.0,401217076#2_2,85.64,0.00,0.00,bike_human,214.60,141.34,,,,,,,,,
57.60,0.00,269.60,f_12_h.0,401217076#2_2,111.14,0.00,0.00,veh_human,189.11,141.14,,,,,,,,,
57.60,0.00,269.53,f_12_h.1,401217076#2_3,104.14,0.00,0.00,veh_human,196.10,137.99,,,,,,,,,
57.60,-0.00,269.53,f_12_h.10,401217076#2_3,57.14,0.00,0.00,veh_human,243.11,138.37,,,,,,,,,
57.60,-0.01,269.53,f_12_h.11,401217076#2_3,50.13,0.00,0.01,veh_human,250.11,138.43,,,,,,,,,
57.60,-0.06,269.53,f_12_h.12,401217076#2_3,43.05,0.00,0.07,veh_human,257.19,138.49,,,,,,,,,
57.60,-0.39,269.53,f_12_h.13,401217076#2_3,35.46,0.00,0.52,veh_human,264.78,138.55,,,,,,,,,
57.60,-0.24,269.53,f_12_h.14,401217076#2_2,36.57,0.00,0.25,veh_human,263.66,141.74,,,,,,,,,
57.60,-1.13,269.53,f_12_h.15,401217076#2_2,27.55,0.00,1.71,veh_human,272.68,141.82,,,,,,,,,
57.60,1.14,269.53,f_12_h.16,401217076#2_2,9.73,0.00,3.73,veh_human,290.50,141.96,,,,,,,,,
57.60,0.00,269.53,f_12_h.2,401217076#2_3,97.14,0.00,0.00,veh_human,203.10,138.05,,,,,,,,,
57.60,0.00,269.53,f_12_h.3,401217076#2_2,92.14,0.00,0.00,veh_human,208.10,141.29,,,,,,,,,
57.60,0.00,269.53,f_12_h.4,401217076#2_3,84.14,0.00,0.00,veh_human,216.10,138.15,,,,,,,,,
57.60,0.00,269.53,f_12_h.5,401217076#2_3,71.14,0.00,0.00,veh_human,229.10,138.26,,,,,,,,,
57.60,0.00,269.53,f_12_h.6,401217076#2_2,81.84,0.00,0.00,veh_human,218.40,141.37,,,,,,,,,
57.60,0.00,269.53,f_12_h.7,401217076#2_2,74.84,0.00,0.00,veh_human,225.40,141.43,,,,,,,,,
57.60,0.00,269.53,f_12_h.8,401217076#2_3,64.14,0.00,0.00,veh_human,236.10,138.32,,,,,,,,,
57.60,-0.00,269.53,f_12_h.9,401217076#2_2,55.84,0.00,0.00,veh_human,244.40,141.58,,,,,,,,,
57.60,-0.04,269.59,f_14_h.0,401217076#2_1,111.05,0.00,0.06,veh_human,189.20,144.34,,,,,,,,,
57.60,0.00,269.61,f_15_h.0,401217076#2_4,111.13,0.00,0.00,veh_human,189.10,134.74,,,,,,,,,
57.60,-1.94,269.53,f_15_h.1,401217076#2_1,6.11,0.00,0.22,veh_human,294.09,145.19,,,,,,,,,
57.60,-1.63,180.22,f_3_h.1,401208128#2_1,68.13,0.00,7.10,veh_human,149.04,156.04,,,,,,,,,
57.60,0.00,89.30,f_4_b.0,405006150#1_2,136.35,0.00,0.00,bike_human,129.10,122.73,,,,,,,,,
57.60,0.00,89.30,f_4_b.1,405006150#1_3,109.34,0.00,0.00,bike_human,102.07,125.61,,,,,,,,,
57.60,-0.03,89.30,f_4_b.2,405006150#1_3,92.01,0.00,0.03,bike_human,84.74,125.40,,,,,,,,,
57.60,-0.21,89.30,f_4_b.3,405006150#1_2,48.79,0.00,6.80,bike_human,41.55,121.67,,,,,,,,,
57.60,1.47,89.30,f_4_b.4,405006150#1_1,4.46,0.00,2.69,bike_human,-2.73,117.93,,,,,,,,,
57.60,0.00,89.30,f_4_h.0,405006150#1_2,149.85,0.00,0.00,veh_human,142.60,122.90,,,,,,,,,
57.60,0.00,89.30,f_4_h.1,405006150#1_3,149.84,0.00,0.00,veh_human,142.57,126.10,,,,,,,,,
57.60,-0.00,89.30,f_4_h.10,405006150#1_2,111.55,0.00,0.00,veh_human,104.30,122.43,,,,,,,,,
57.60,-0.00,89.30,f_4_h.11,405006150#1_3,105.54,0.00,0.00,veh_human,98.27,125.56,,,,,,,,,
57.60,-0.02,89.30,f_4_h.12,405006150#1_2,104.53,0.00,0.02,veh_human,97.28,122.35,,,,,,,,,
57.60,-0.00,89.30,f_4_h.13,405006150#1_3,98.54,0.00,0.00,veh_human,91.27,125.48,,,,,,,,,
57.60,1.57,89.30,f_4_h.14,405006150#1_2,91.94,0.00,1.11,veh_human,84.70,122.20,,,,,,,,,
57.60,-0.17,89.30,f_4_h.15,405006150#1_3,87.95,0.00,0.23,veh_human,80.68,125.35,,,,,,,,,
57.60,-0.11,89.30,f_4_h.16,405006150#1_2,83.81,0.00,0.79,veh_human,76.57,122.10,,,,,,,,,
57.60,-1.12,89.30,f_4_h.17,405006150#1_3,79.06,0.00,1.62,veh_human,71.79,125.24,,,,,,,,,
57.60,1.22,89.30,f_4_h.18,405006150#1_2,24.37,0.00,7.16,veh_human,17.14,121.38,,,,,,,,,
57.60,0.00,89.30,f_4_h.2,405006150#1_2,142.85,0.00,0.00,veh_human,135.60,122.81,,,,,,,,,
57.60,0.00,89.30,f_4_h.3,405006150#1_3,142.84,0.00,0.00,veh_human,135.57,126.01,,,,,,,,,
57.60,0.00,89.30,f_4_h.4,405006150#1_3,129.84,0.00,0.00,veh_human,122.57,125.86,,,,,,,,,
57.60,0.00,89.30,f_4_h.5,405006150#1_3,122.84,0.00,0.00,veh_human,115.57,125.77,,,,,,,,,
57.60,0.00,89.30,f_4_h.6,405006150#1_3,115.84,0.00,0.00,veh_human,108.57,125.69,,,,,,,,,
57.60,0.00,89.30,f_4_h.7,405006150#1_2,132.55,0.00,0.00,veh_human,125.30,122.69,,,,,,,,,
57.60,0.00,89.30,f_4_h.8,405006150#1_2,125.55,0.00,0.00,veh_human,118.30,122.60,,,,,,,,,
57.60,-0.00,89.30,f_4_h.9,405006150#1_2,118.55,0.00,0.00,veh_human,111.30,122.52,,,,,,,,,
57.60,0.00,89.30,f_5_b.0,405006150#1_1,149.85,0.00,0.00,bike_human,142.63,119.70,,,,,,,,,
57.60,-2.49,89.31,f_6_h.0,405006150#1_4,135.64,0.00,7.62,veh_human,128.33,129.13,,,,,,,,,
57.60,-0.25,89.31,f_6_h.1,405006150#1_4,90.13,0.00,12.99,veh_human,82.82,128.57,,,,,,,,,
57.60,1.99,89.31,f_6_h.2,405006150#1_4,9.15,0.00,3.20,veh_human,1.84,127.59,,,,,,,,,
57.60,0.00,359.97,f_8_b.0,401208131#0_2,35.45,0.00,7.50,bike_human,176.33,185.37,,,,,,,,,
57.60,-0.42,359.97,f_8_h.15,401208131#0_2,19.64,0.00,8.19,veh_human,176.34,169.56,,,,,,,,,
57.60,0.53,359.97,f_8_h.16,401208131#0_1,65.03,0.00,18.26,veh_human,179.51,214.95,,,,,,,,,
57.60,-0.07,0.61,f_8_h.17,:Junc1_6_1,13.28,0.00,13.57,veh_human,176.11,127.31,,,,,,,,,
57.60,0.91,0.61,f_8_h.18,:Junc1_6_0,27.79,0.00,16.60,veh_human,179.46,141.83,,,,,,,,,
57.60,1.46,359.68,f_8_h.19,401208126#3_2,53.61,0.00,12.66,veh_human,179.24,98.68,,,,,,,,,
57.60,1.77,359.68,f_8_h.20,401208126#3_2,24.48,0.00,7.87,veh_human,179.40,69.57,,,,,,,,,
57.60,0.56,179.53,fc_00.3,401208129#0_1,25.59,0.00,16.13,veh_av,152.47,88.54,,,,,,,,,
57.60,0.00,89.30,fc_04.0,405006150#1_3,136.84,0.00,0.00,veh_av,129.57,125.94,,,,,,,,,
57.60,-0.00,89.30,fc_04.1,405006150#1_1,105.54,0.00,0.00,veh_av,98.33,119.16,,,,,,,,,
57.60,0.03,89.30,fc_04.2,405006150#1_1,98.48,0.00,0.05,veh_av,91.27,119.07,,,,,,,,,
57.60,-1.24,89.30,fc_04.3,405006150#1_3,51.50,0.00,11.15,veh_av,44.23,124.90,,,,,,,,,
57.60,0.49,359.97,fc_08.4,401208131#0_1,44.36,0.00,17.15,veh_av,179.53,194.28,,,,,,,,,
57.60,3.46,359.68,fc_08.5,401208126#3_3,9.51,0.00,4.64,veh_av,176.29,54.60,,,,,,,,,
57.60,2.76,359.68,fc_08.6,401208126#3_2,12.14,0.00,6.43,veh_av,179.47,57.23,,,,,,,,,
57.60,2.05,359.68,fc_08.7,401208126#3_2,5.56,0.00,0.21,veh_av,179.51,50.66,,,,,,,,,
57.60,0.00,359.68,fc_08.8,401208126#3_1,5.10,0.00,0.00,veh_av,182.71,50.21,,,,,,,,,
57.60,0.00,269.61,fc_12.0,401217076#2_3,111.14,0.00,0.00,veh_av,189.10,137.94,,,,,,,,,
57.60,0.00,269.53,fc_12.1,401217076#2_2,105.14,0.00,0.00,veh_av,195.11,141.18,,,,,,,,,
57.60,0.00,269.53,fc_12.2,401217076#2_2,99.14,0.00,0.00,veh_av,201.11,141.23,,,,,,,,,
57.60,0.00,269.53,fc_12.3,401217076#2_3,91.14,0.00,0.00,veh_av,209.10,138.10,,,,,,,,,
57.60,0.00,269.53,fc_12.4,401217076#2_3,78.14,0.00,0.00,veh_av,222.10,138.20,,,,,,,,,
57.60,0.00,269.53,fc_12.5,401217076#2_2,68.84,0.00,0.00,veh_av,231.40,141.48,,,,,,,,,
57.60,0.00,269.53,fc_12.6,401217076#2_2,62.84,0.00,0.00,veh_av,237.40,141.53,,,,,,,,,
57.60,-0.00,269.53,fc_12.7,401217076#2_2,49.84,0.00,0.00,veh_av,250.39,141.63,,,,,,,,,
57.60,-0.00,269.53,fc_12.8,401217076#2_2,43.84,0.00,0.00,veh_av,256.39,141.68,,,,,,,,,
57.60,-2.86,269.53,fc_12.9,401217076#2_3,24.73,0.00,5.14,veh_av,275.52,138.64,,,,,,,,,
57.60,-1.05,269.53,fc_14.0,401217076#2_1,70.63,0.00,12.74,veh_av,229.60,144.66,,,,,,,,,
57.60,,,,,,,,,,,359.68,401208126#3,p_8.1,10.15,0.00,1.16,ped_human,185.88,55.27
57.60,,,,,,,,,,,359.68,401208126#3,p_8.0,61.49,0.00,1.33,ped_human,185.60,106.53
57.60,,,,,,,,,,,180.22,401208128#2,p_3.0,1.79,0.00,1.06,ped_human,146.10,222.43
57.60,,,,,,,,,,,89.30,405006150#1,p_4.0,19.90,0.00,1.42,ped_human,12.75,114.92
57.70,0.66,179.53,f_0_h.18,401208129#0_1,46.00,0.00,17.14,veh_human,152.64,68.12,,,,,,,,,
57.70,0.77,179.92,f_0_h.19,:Junc1_18_0,18.15,0.00,15.51,veh_human,152.25,131.77,,,,,,,,,
57.70,1.61,180.22,f_0_h.20,401208128#2_2,46.85,0.00,12.18,veh_human,152.33,177.33,,,,,,,,,
57.70,1.79,180.22,f_0_h.21,401208128#2_2,21.05,0.00,6.92,veh_human,152.43,203.14,,,,,,,,,
57.70,0.72,180.22,f_0_h.22,401208128#2_2,7.15,0.00,1.14,veh_human,152.48,217.04,,,,,,,,,
57.70,1.99,180.22,f_0_h.23,401208128#2_1,6.92,0.00,2.59,veh_human,149.28,217.29,,,,,,,,,
57.70,0.00,359.68,f_11_h.0,401208126#3_6,67.95,0.00,0.00,veh_human,166.36,113.08,,,,,,,,,
57.70,0.00,269.53,f_12_b.0,401217076#2_2,85.64,0.00,0.00,bike_human,214.60,141.34,,,,,,,,,
57.70,0.00,269.60,f_12_h.0,401217076#2_2,111.14,0.00,0.00,veh_human,189.11,141.14,,,,,,,,,
57.70,0.00,269.53,f_12_h.1,401217076#2_3,104.14,0.00,0.00,veh_human,196.10,137.99,,,,,,,,,
57.70,-0.00,269.53,f_12_h.10,401217076#2_3,57.14,0.00,0.00,veh_human,243.11,138.37,,,,,,,,,
57.70,-0.00,269.53,f_12_h.11,401217076#2_3,50.13,0.00,0.01,veh_human,250.11,138.43,,,,,,,,,
57.70,-0.05,269.53,f_12_h.12,401217076#2_3,43.06,0.00,0.06,veh_human,257.19,138.49,,,,,,,,,
57.70,-0.37,269.53,f_12_h.13,401217076#2_3,35.51,0.00,0.48,veh_human,264.73,138.55,,,,,,,,,
57.70,-0.22,269.53,f_12_h.14,401217076#2_2,36.59,0.00,0.23,veh_human,263.64,141.74,,,,,,,,,
57.70,-1.08,269.53,f_12_h.15,401217076#2_2,27.71,0.00,1.60,veh_human,272.52,141.81,,,,,,,,,
57.70,1.04,269.53,f_12_h.16,401217076#2_2,10.11,0.00,3.83,veh_human,290.11,141.96,,,,,,,,,
57.70,0.00,269.53,f_12_h.2,401217076#2_3,97.14,0.00,0.00,veh_human,203.10,138.05,,,,,,,,,
57.70,0.00,269.53,f_12_h.3,401217076#2_2,92.14,0.00,0.00,veh_human,208.10,141.29,,,,,,,,,
57.70,0.00,269.53,f_12_h.4,401217076#2_3,84.14,0.00,0.00,veh_human,216.10,138.15,,,,,,,,,
57.70,0.00,269.53,f_12_h.5,401217076#2_3,71.14,0.00,0.00,veh_human,229.10,138.26,,,,,,,,,
57.70,0.00,269.53,f_12_h.6,401217076#2_2,81.84,0.00,0.00,veh_human,218.40,141.37,,,,,,,,,
57.70,0.00,269.53,f_12_h.7,401217076#2_2,74.84,0.00,0.00,veh_human,225.40,141.43,,,,,,,,,
57.70,0.00,269.53,f_12_h.8,401217076#2_3,64.14,0.00,0.00,veh_human,236.10,138.32,,,,,,,,,
57.70,-0.00,269.53,f_12_h.9,401217076#2_2,55.84,0.00,0.00,veh_human,244.40,141.58,,,,,,,,,
57.70,-0.04,269.59,f_14_h.0,401217076#2_1,111.05,0.00,0.06,veh_human,189.20,144.34,,,,,,,,,
57.70,0.00,269.61,f_15_h.0,401217076#2_4,111.13,0.00,0.00,veh_human,189.10,134.74,,,,,,,,,
57.70,-1.94,269.53,f_15_h.1,401217076#2_1,6.11,0.00,0.03,veh_human,294.09,145.19,,,,,,,,,
57.70,-1.75,180.22,f_3_h.1,401208128#2_1,68.82,0.00,6.92,veh_human,149.04,155.35,,,,,,,,,
57.70,0.00,89.30,f_4_b.0,405006150#1_2,136.35,0.00,0.00,bike_human,129.10,122.73,,,,,,,,,
57.70,0.00,89.30,f_4_b.1,405006150#1_3,109.34,0.00,0.00,bike_human,102.07,125.61,,,,,,,,,
57.70,-0.03,89.30,f_4_b.2,405006150#1_3,92.01,0.00,0.03,bike_human,84.74,125.40,,,,,,,,,
57.70,-0.22,89.30,f_4_b.3,405006150#1_2,49.47,0.00,6.78,bike_human,42.23,121.68,,,,,,,,,
57.70,1.47,89.30,f_4_b.4,405006150#1_1,4.74,0.00,2.83,bike_human,-2.45,117.94,,,,,,,,,
57.70,0.00,89.30,f_4_h.0,405006150#1_2,149.85,0.00,0.00,veh_human,142.60,122.90,,,,,,,,,
57.70,0.00,89.30,f_4_h.1,405006150#1_3,149.84,0.00,0.00,veh_human,142.57,126.10,,,,,,,,,
57.70,-0.00,89.30,f_4_h.10,405006150#1_2,111.55,0.00,0.00,veh_human,104.30,122.43,,,,,,,,,
57.70,-0.00,89.30,f_4_h.11,405006150#1_3,105.54,0.00,0.00,veh_human,98.27,125.56,,,,,,,,,
57.70,-0.02,89.30,f_4_h.12,405006150#1_2,104.53,0.00,0.02,veh_human,97.29,122.35,,,,,,,,,
57.70,-0.00,89.30,f_4_h.13,405006150#1_3,98.54,0.00,0.00,veh_human,91.27,125.48,,,,,,,,,
57.70,1.48,89.30,f_4_h.14,405006150#1_2,92.07,0.00,1.26,veh_human,84.82,122.20,,,,,,,,,
57.70,-0.16,89.30,f_4_h.15,405006150#1_3,87.97,0.00,0.21,veh_human,80.70,125.35,,,,,,,,,
57.70,-0.02,89.30,f_4_h.16,405006150#1_2,83.89,0.00,0.79,veh_human,76.65,122.10,,,,,,,,,
57.70,-1.06,89.30,f_4_h.17,405006150#1_3,79.21,0.00,1.52,veh_human,71.94,125.24,,,,,,,,,
57.70,1.17,89.30,f_4_h.18,405006150#1_2,25.10,0.00,7.28,veh_human,17.86,121.38,,,,,,,,,
57.70,0.00,89.30,f_4_h.2,405006150#1_2,142.85,0.00,0.00,veh_human,135.60,122.81,,,,,,,,,
57.70,0.00,89.30,f_4_h.3,405006150#1_3,142.84,0.00,0.00,veh_human,135.57,126.01,,,,,,,,,
57.70,0.00,89.30,f_4_h.4,405006150#1_3,129.84,0.00,0.00,veh_human,122.57,125.86,,,,,,,,,
57.70,0.00,89.30,f_4_h.5,405006150#1_3,122.84,0.00,0.00,veh_human,115.57,125.77,,,,,,,,,
57.70,0.00,89.30,f_4_h.6,405006150#1_3,115.84,0.00,0.00,veh_human,108.57,125.69,,,,,,,,,
57.70,0.00,89.30,f_4_h.7,405006150#1_2,132.55,0.00,0.00,veh_human,125.30,122.69,,,,,,,,,
57.70,0.00,89.30,f_4_h.8,405006150#1_2,125.55,0.00,0.00,veh_human,118.30,122.60,,,,,,,,,
57.70,-0.00,89.30,f_4_h.9,405006150#1_2,118.55,0.00,0.00,veh_human,111.30,122.52,,,,,,,,,
57.70,0.00,89.30,f_5_b.0,405006150#1_1,149.85,0.00,0.00,bike_human,142.63,119.70,,,,,,,,,
57.70,-2.52,89.31,f_6_h.0,405006150#1_4,136.37,0.00,7.37,veh_human,129.07,129.13,,,,,,,,,
57.70,-0.31,89.31,f_6_h.1,405006150#1_4,91.42,0.00,12.96,veh_human,84.12,128.59,,,,,,,,,
57.70,1.99,89.31,f_6_h.2,405006150#1_4,9.49,0.00,3.40,veh_human,2.18,127.60,,,,,,,,,
57.70,0.00,359.97,f_8_b.0,401208131#0_2,36.20,0.00,7.50,bike_human,176.33,186.12,,,,,,,,,
57.70,-0.40,359.97,f_8_h.15,401208131#0_2,20.46,0.00,8.15,veh_human,176.34,170.38,,,,,,,,,
57.70,0.52,359.97,f_8_h.16,401208131#0_1,66.86,0.00,18.31,veh_human,179.51,216.78,,,,,,,,,
57.70,-0.12,0.61,f_8_h.17,:Junc1_6_1,14.63,0.00,13.55,veh_human,176.12,128.67,,,,,,,,,
57.70,0.89,0.61,f_8_h.18,:Junc1_6_0,29.46,0.00,16.69,veh_human,179.48,143.50,,,,,,,,,
57.70,1.44,359.68,f_8_h.19,401208126#3_2,54.89,0.00,12.80,veh_human,179.24,99.96,,,,,,,,,
57.70,1.76,359.68,f_8_h.20,401208126#3_2,25.29,0.00,8.04,veh_human,179.40,70.37,,,,,,,,,
57.70,0.56,179.53,fc_00.3,401208129#0_1,27.21,0.00,16.18,veh_av,152.49,86.92,,,,,,,,,
57.70,0.00,89.30,fc_04.0,405006150#1_3,136.84,0.00,0.00,veh_av,129.57,125.94,,,,,,,,,
57.70,-0.00,89.30,fc_04.1,405006150#1_1,105.54,0.00,0.00,veh_av,98.33,119.16,,,,,,,,,
57.70,2.62,89.30,fc_04.2,405006150#1_1,98.51,0.00,0.31,veh_av,91.31,119.08,,,,,,,,,
57.70,-1.43,89.30,fc_04.3,405006150#1_3,52.60,0.00,11.01,veh_av,45.33,124.92,,,,,,,,,
57.70,0.48,359.97,fc_08.4,401208131#0_1,46.08,0.00,17.20,veh_av,179.53,196.00,,,,,,,,,
57.70,3.45,359.68,fc_08.5,401208126#3_3,10.01,0.00,4.99,veh_av,176.28,55.10,,,,,,,,,
57.70,2.70,359.68,fc_08.6,401208126#3_2,12.81,0.00,6.70,veh_av,179.47,57.90,,,,,,,,,
57.70,2.09,359.68,fc_08.7,401208126#3_2,5.61,0.00,0.41,veh_av,179.51,50.70,,,,,,,,,
57.70,3.50,359.68,fc_08.8,401208126#3_1,5.13,0.00,0.35,veh_av,182.71,50.25,,,,,,,,,
57.70,0.00,269.61,fc_12.0,401217076#2_3,111.14,0.00,0.00,veh_av,189.10,137.94,,,,,,,,,
57.70,0.00,269.53,fc_12.1,401217076#2_2,105.14,0.00,0.00,veh_av,195.11,141.18,,,,,,,,,
57.70,0.00,269.53,fc_12.2,401217076#2_2,99.14,0.00,0.00,veh_av,201.11,141.23,,,,,,,,,
57.70,0.00,269.53,fc_12.3,401217076#2_3,91.14,0.00,0.00,veh_av,209.10,138.10,,,,,,,,,
57.70,0.00,269.53,fc_12.4,401217076#2_3,78.14,0.00,0.00,veh_av,222.10,138.20,,,,,,,,,
57.70,0.00,269.53,fc_12.5,401217076#2_2,68.84,0.00,0.00,veh_av,231.40,141.48,,,,,,,,,
57.70,0.00,269.53,fc_12.6,401217076#2_2,62.84,0.00,0.00,veh_av,237.40,141.53,,,,,,,,,
57.70,-0.00,269.53,fc_12.7,401217076#2_2,49.84,0.00,0.00,veh_av,250.39,141.63,,,,,,,,,
57.70,-0.00,269.53,fc_12.8,401217076#2_2,43.84,0.00,0.00,veh_av,256.39,141.68,,,,,,,,,
57.70,-2.92,269.53,fc_12.9,401217076#2_3,25.21,0.00,4.85,veh_av,275.04,138.63,,,,,,,,,
57.70,-1.13,269.53,fc_14.0,401217076#2_1,71.89,0.00,12.63,veh_av,228.34,144.65,,,,,,,,,
57.70,,,,,,,,,,,359.68,401208126#3,p_8.1,10.26,0.00,1.11,ped_human,185.88,55.38
57.70,,,,,,,,,,,359.68,401208126#3,p_8.0,61.60,0.00,1.11,ped_human,185.60,106.64
57.70,,,,,,,,,,,180.22,401208128#2,p_3.0,1.90,0.00,1.14,ped_human,146.10,222.32
57.70,,,,,,,,,,,89.30,405006150#1,p_4.0,20.04,0.00,1.36,ped_human,12.88,114.92
57.80,0.64,179.53,f_0_h.18,401208129#0_1,47.72,0.00,17.20,veh_human,152.66,66.40,,,,,,,,,
57.80,0.75,179.92,f_0_h.19,:Junc1_18_0,19.70,0.00,15.58,veh_human,152.25,130.21,,,,,,,,,
57.80,1.60,180.22,f_0_h.20,401208128#2_2,48.09,0.00,12.34,veh_human,152.32,176.10,,,,,,,,,
57.80,1.78,180.22,f_0_h.21,401208128#2_2,21.76,0.00,7.10,veh_human,152.42,202.43,,,,,,,,,
57.80,0.73,180.22,f_0_h.22,401208128#2_2,7.27,0.00,1.22,veh_human,152.48,216.91,,,,,,,,,
57.80,1.99,180.22,f_0_h.23,401208128#2_1,7.20,0.00,2.79,veh_human,149.28,217.01,,,,,,,,,
57.80,0.00,359.68,f_11_h.0,401208126#3_6,67.95,0.00,0.00,veh_human,166.36,113.08,,,,,,,,,
57.80,0.00,269.53,f_12_b.0,401217076#2_2,85.64,0.00,0.00,bike_human,214.60,141.34,,,,,,,,,
57.80,0.00,269.60,f_12_h.0,401217076#2_2,111.14,0.00,0.00,veh_human,189.11,141.14,,,,,,,,,
57.80,0.00,269.53,f_12_h.1,401217076#2_3,104.14,0.00,0.00,veh_human,196.10,137.99,,,,,,,,,
57.80,-0.00,269.53,f_12_h.10,401217076#2_3,57.14,0.00,0.00,veh_human,243.11,138.37,,,,,,,,,
57.80,-0.00,269.53,f_12_h.11,401217076#2_3,50.13,0.00,0.01,veh_human,250.11,138.43,,,,,,,,,
57.80,-0.05,269.53,f_12_h.12,401217076#2_3,43.07,0.00,0.06,veh_human,257.18,138.49,,,,,,,,,
57.80,-0.34,269.53,f_12_h.13,401217076#2_3,35.56,0.00,0.45,veh_human,264.69,138.55,,,,,,,,,
57.80,-0.20,269.53,f_12_h.14,401217076#2_2,36.61,0.00,0.21,veh_human,263.62,141.74,,,,,,,,,
57.80,-1.03,269.53,f_12_h.15,401217076#2_2,27.86,0.00,1.50,veh_human,272.37,141.81,,,,,,,,,
57.80,0.93,269.53,f_12_h.16,401217076#2_2,10.50,0.00,3.92,veh_human,289.72,141.95,,,,,,,,,
57.80,0.00,269.53,f_12_h.2,401217076#2_3,97.14,0.00,0.00,veh_human,203.10,138.05,,,,,,,,,
57.80,0.00,269.53,f_12_h.3,401217076#2_2,92.14,0.00,0.00,veh_human,208.10,141.29,,,,,,,,,
57.80,0.00,269.53,f_12_h.4,401217076#2_3,84.14,0.00,0.00,veh_human,216.10,138.15,,,,,,,,,
57.80,0.00,269.53,f_12_h.5,401217076#2_3,71.14,0.00,0.00,veh_human,229.10,138.26,,,,,,,,,
57.80,0.00,269.53,f_12_h.6,401217076#2_2,81.84,0.00,0.00,veh_human,218.40,141.37,,,,,,,,,
57.80,0.00,269.53,f_12_h.7,401217076#2_2,74.84,0.00,0.00,veh_human,225.40,141.43,,,,,,,,,
57.80,0.00,269.53,f_12_h.8,401217076#2_3,64.14,0.00,0.00,veh_human,236.10,138.32,,,,,,,,,
57.80,-0.00,269.53,f_12_h.9,401217076#2_2,55.84,0.00,0.00,veh_human,244.39,141.58,,,,,,,,,
57.80,-0.04,269.59,f_14_h.0,401217076#2_1,111.06,0.00,0.05,veh_human,189.19,144.34,,,,,,,,,
57.80,0.00,269.61,f_15_h.0,401217076#2_4,111.13,0.00,0.00,veh_human,189.10,134.74,,,,,,,,,
57.80,-0.26,269.53,f_15_h.1,401217076#2_1,6.11,0.00,0.00,veh_human,294.09,145.19,,,,,,,,,
57.80,-1.86,180.22,f_3_h.1,401208128#2_1,69.49,0.00,6.74,veh_human,149.04,154.68,,,,,,,,,
57.80,0.00,89.30,f_4_b.0,405006150#1_2,136.35,0.00,0.00,bike_human,129.10,122.73,,,,,,,,,
57.80,0.00,89.30,f_4_b.1,405006150#1_3,109.34,0.00,0.00,bike_human,102.07,125.61,,,,,,,,,
57.80,-0.02,89.30,f_4_b.2,405006150#1_3,92.01,0.00,0.03,bike_human,84.74,125.40,,,,,,,,,
57.80,-0.23,89.30,f_4_b.3,405006150#1_2,50.14,0.00,6.76,bike_human,42.91,121.69,,,,,,,,,
57.80,1.46,89.30,f_4_b.4,405006150#1_1,5.04,0.00,2.98,bike_human,-2.15,117.94,,,,,,,,,
57.80,0.00,89.30,f_4_h.0,405006150#1_2,149.85,0.00,0.00,veh_human,142.60,122.90,,,,,,,,,
57.80,0.00,89.30,f_4_h.1,405006150#1_3,149.84,0.00,0.00,veh_human,142.57,126.10,,,,,,,,,
57.80,-0.00,89.30,f_4_h.10,405006150#1_2,111.55,0.00,0.00,veh_human,104.30,122.43,,,,,,,,,
57.80,-0.00,89.30,f_4_h.11,405006150#1_3,105.54,0.00,0.00,veh_human,98.27,125.56,,,,,,,,,
57.80,-0.02,89.30,f_4_h.12,405006150#1_2,104.53,0.00,0.02,veh_human,97.29,122.35,,,,,,,,,
57.80,-0.00,89.30,f_4_h.13,405006150#1_3,98.54,0.00,0.00,veh_human,91.27,125.48,,,,,,,,,
57.80,-2.15,89.30,f_4_h.14,405006150#1_2,92.17,0.00,1.04,veh_human,84.93,122.20,,,,,,,,,
57.80,-0.15,89.30,f_4_h.15,405006150#1_3,87.99,0.00,0.19,veh_human,80.72,125.35,,,,,,,,,
57.80,0.07,89.30,f_4_h.16,405006150#1_2,83.97,0.00,0.79,veh_human,76.73,122.10,,,,,,,,,
57.80,-1.00,89.30,f_4_h.17,405006150#1_3,79.36,0.00,1.42,veh_human,72.09,125.24,,,,,,,,,
57.80,1.12,89.30,f_4_h.18,405006150#1_2,25.84,0.00,7.39,veh_human,18.60,121.39,,,,,,,,,
57.80,0.00,89.30,f_4_h.2,405006150#1_2,142.85,0.00,0.00,veh_human,135.60,122.81,,,,,,,,,
57.80,0.00,89.30,f_4_h.3,405006150#1_3,142.84,0.00,0.00,veh_human,135.57,126.01,,,,,,,,,
57.80,0.00,89.30,f_4_h.4,405006150#1_3,129.84,0.00,0.00,veh_human,122.57,125.86,,,,,,,,,
57.80,0.00,89.30,f_4_h.5,405006150#1_3,122.84,0.00,0.00,veh_human,115.57,125.77,,,,,,,,,
57.80,0.00,89.30,f_4_h.6,405006150#1_3,115.84,0.00,0.00,veh_human,108.57,125.69,,,,,,,,,
57.80,0.00,89.30,f_4_h.7,405006150#1_2,132.55,0.00,0.00,veh_human,125.30,122.69,,,,,,,,,
57.80,0.00,89.30,f_4_h.8,405006150#1_2,125.55,0.00,0.00,veh_human,118.30,122.60,,,,,,,,,
57.80,-0.00,89.30,f_4_h.9,405006150#1_2,118.55,0.00,0.00,veh_human,111.30,122.52,,,,,,,,,
57.80,0.00,89.30,f_5_b.0,405006150#1_1,149.85,0.00,0.00,bike_human,142.63,119.70,,,,,,,,,
57.80,-2.54,89.31,f_6_h.0,405006150#1_4,137.08,0.00,7.11,veh_human,129.78,129.14,,,,,,,,,
57.80,-0.38,89.31,f_6_h.1,405006150#1_4,92.71,0.00,12.92,veh_human,85.41,128.60,,,,,,,,,
57.80,1.99,89.31,f_6_h.2,405006150#1_4,9.85,0.00,3.60,veh_human,2.54,127.60,,,,,,,,,
57.80,0.00,359.97,f_8_b.0,401208131#0_2,36.95,0.00,7.50,bike_human,176.33,186.87,,,,,,,,,
57.80,-0.39,359.97,f_8_h.15,401208131#0_2,21.27,0.00,8.11,veh_human,176.34,171.19,,,,,,,,,
57.80,0.50,359.97,f_8_h.16,401208131#0_1,68.70,0.00,18.36,veh_human,179.51,218.62,,,,,,,,,
57.80,-0.18,0.61,f_8_h.17,:Junc1_6_1,15.99,0.00,13.54,veh_human,176.14,130.02,,,,,,,,,
57.80,-4.50,0.61,f_8_h.18,:Junc1_6_0,31.08,0.00,16.24,veh_human,179.50,145.13,,,,,,,,,
57.80,1.42,359.68,f_8_h.19,401208126#3_2,56.18,0.00,12.94,veh_human,179.23,101.25,,,,,,,,,
57.80,1.76,359.68,f_8_h.20,401208126#3_2,26.11,0.00,8.22,veh_human,179.40,71.19,,,,,,,,,
57.80,0.55,179.53,fc_00.3,401208129#0_1,28.83,0.00,16.24,veh_av,152.50,85.30,,,,,,,,,
57.80,0.00,89.30,fc_04.0,405006150#1_3,136.84,0.00,0.00,veh_av,129.57,125.94,,,,,,,,,
57.80,-0.00,89.30,fc_04.1,405006150#1_1,105.54,0.00,0.00,veh_av,98.33,119.16,,,,,,,,,
57.80,-1.94,89.30,fc_04.2,405006150#1_1,98.53,0.00,0.12,veh_av,91.32,119.08,,,,,,,,,
57.80,-1.61,89.30,fc_04.3,405006150#1_3,53.69,0.00,10.85,veh_av,46.42,124.93,,,,,,,,,
57.80,0.47,359.97,fc_08.4,401208131#0_1,47.80,0.00,17.24,veh_av,179.52,197.73,,,,,,,,,
57.80,3.44,359.68,fc_08.5,401208126#3_3,10.55,0.00,5.33,veh_av,176.28,55.64,,,,,,,,,
57.80,2.63,359.68,fc_08.6,401208126#3_2,13.50,0.00,6.96,veh_av,179.47,58.60,,,,,,,,,
57.80,2.78,359.68,fc_08.7,401208126#3_2,5.67,0.00,0.69,veh_av,179.51,50.77,,,,,,,,,
57.80,3.50,359.68,fc_08.8,401208126#3_1,5.20,0.00,0.70,veh_av,182.71,50.32,,,,,,,,,
57.80,0.00,269.61,fc_12.0,401217076#2_3,111.14,0.00,0.00,veh_av,189.10,137.94,,,,,,,,,
57.80,0.00,269.53,fc_12.1,401217076#2_2,105.14,0.00,0.00,veh_av,195.11,141.18,,,,,,,,,
57.80,0.00,269.53,fc_12.2,401217076#2_2,99.14,0.00,0.00,veh_av,201.11,141.23,,,,,,,,,
57.80,0.00,269.53,fc_12.3,401217076#2_3,91.14,0.00,0.00,veh_av,209.10,138.10,,,,,,,,,
57.80,0.00,269.53,fc_12.4,401217076#2_3,78.14,0.00,0.00,veh_av,222.10,138.20,,,,,,,,,
57.80,0.00,269.53,fc_12.5,401217076#2_2,68.84,0.00,0.00,veh_av,231.40,141.48,,,,,,,,,
57.80,0.00,269.53,fc_12.6,401217076#2_2,62.84,0.00,0.00,veh_av,237.40,141.53,,,,,,,,,
57.80,-0.00,269.53,fc_12.7,401217076#2_2,49.84,0.00,0.00,veh_av,250.39,141.63,,,,,,,,,
57.80,-0.00,269.53,fc_12.8,401217076#2_2,43.84,0.00,0.00,veh_av,256.39,141.68,,,,,,,,,
57.80,-2.94,269.53,fc_12.9,401217076#2_3,25.67,0.00,4.55,veh_av,274.58,138.63,,,,,,,,,
57.80,-1.21,269.53,fc_14.0,401217076#2_1,73.14,0.00,12.51,veh_av,227.09,144.64,,,,,,,,,
57.80,,,,,,,,,,,359.68,401208126#3,p_8.1,10.35,0.00,0.94,ped_human,185.88,55.48
57.80,,,,,,,,,,,359.68,401208126#3,p_8.0,61.72,0.00,1.22,ped_human,185.60,106.77
57.80,,,,,,,,,,,180.22,401208128#2,p_3.0,2.00,0.00,1.04,ped_human,146.10,222.22
57.80,,,,,,,,,,,89.30,405006150#1,p_4.0,20.18,0.00,1.35,ped_human,13.02,114.92
57.90,0.62,179.53,f_0_h.18,401208129#0_1,49.45,0.00,17.27,veh_human,152.67,64.67,,,,,,,,,
57.90,0.74,179.92,f_0_h.19,:Junc1_18_0,21.27,0.00,15.66,veh_human,152.25,128.65,,,,,,,,,
57.90,1.58,180.22,f_0_h.20,401208128#2_2,49.34,0.00,12.50,veh_human,152.32,174.85,,,,,,,,,
57.90,1.78,180.22,f_0_h.21,401208128#2_2,22.49,0.00,7.27,veh_human,152.42,201.70,,,,,,,,,
57.90,0.74,180.22,f_0_h.22,401208128#2_3,7.40,0.00,1.29,veh_human,155.68,216.78,,,,,,,,,
57.90,1.99,180.22,f_0_h.23,401208128#2_1,7.49,0.00,2.99,veh_human,149.28,216.71,,,,,,,,,
57.90,0.00,359.68,f_11_h.0,401208126#3_6,67.95,0.00,0.00,veh_human,166.36,113.08,,,,,,,,,
57.90,0.00,269.53,f_12_b.0,401217076#2_2,85.64,0.00,0.00,bike_human,214.60,141.34,,,,,,,,,
57.90,0.00,269.60,f_12_h.0,401217076#2_2,111.14,0.00,0.00,veh_human,189.11,141.14,,,,,,,,,
57.90,0.00,269.53,f_12_h.1,401217076#2_3,104.14,0.00,0.00,veh_human,196.10,137.99,,,,,,,,,
57.90,-0.00,269.53,f_12_h.10,401217076#2_3,57.14,0.00,0.00,veh_human,243.11,138.37,,,,,,,,,
57.90,-0.00,269.53,f_12_h.11,401217076#2_3,50.13,0.00,0.00,veh_human,250.11,138.43,,,,,,,,,
57.90,-0.05,269.53,f_12_h.12,401217076#2_3,43.07,0.00,0.06,veh_human,257.17,138.49,,,,,,,,,
57.90,-0.32,269.53,f_12_h.13,401217076#2_3,35.60,0.00,0.42,veh_human,264.65,138.55,,,,,,,,,
57.90,-0.18,269.53,f_12_h.14,401217076#2_2,36.63,0.00,0.19,veh_human,263.60,141.74,,,,,,,,,
57.90,-0.97,269.53,f_12_h.15,401217076#2_2,28.00,0.00,1.40,veh_human,272.23,141.81,,,,,,,,,
57.90,0.82,269.53,f_12_h.16,401217076#2_2,10.90,0.00,4.01,veh_human,289.32,141.95,,,,,,,,,
57.90,0.00,269.53,f_12_h.2,401217076#2_3,97.14,0.00,0.00,veh_human,203.10,138.05,,,,,,,,,
57.90,0.00,269.53,f_12_h.3,401217076#2_2,92.14,0.00,0.00,veh_human,208.10,141.29,,,,,,,,,
57.90,0.00,269.53,f_12_h.4,401217076#2_3,84.14,0.00,0.00,veh_human,216.10,138.15,,,,,,,,,
57.90,0.00,269.53,f_12_h.5,401217076#2_3,71.14,0.00,0.00,veh_human,229.10,138.26,,,,,,,,,
57.90,0.00,269.53,f_12_h.6,401217076#2_2,81.84,0.00,0.00,veh_human,218.40,141.37,,,,,,,,,
57.90,0.00,269.53,f_12_h.7,401217076#2_2,74.84,0.00,0.00,veh_human,225.40,141.43,,,,,,,,,
57.90,0.00,269.53,f_12_h.8,401217076#2_3,64.14,0.00,0.00,veh_human,236.10,138.32,,,,,,,,,
57.90,-0.00,269.53,f_12_h.9,401217076#2_2,55.84,0.00,0.00,veh_human,244.39,141.58,,,,,,,,,
57.90,-0.03,269.59,f_14_h.0,401217076#2_1,111.06,0.00,0.05,veh_human,189.19,144.34,,,,,,,,,
57.90,0.00,269.61,f_15_h.0,401217076#2_4,111.13,0.00,0.00,veh_human,189.10,134.74,,,,,,,,,
57.90,0.00,269.53,f_15_h.1,401217076#2_1,6.11,0.00,0.00,veh_human,294.09,145.19,,,,,,,,,
57.90,-1.96,180.22,f_3_h.1,401208128#2_1,70.15,0.00,6.54,veh_human,149.04,154.02,,,,,,,,,
57.90,0.00,89.30,f_4_b.0,405006150#1_2,136.35,0.00,0.00,bike_human,129.10,122.73,,,,,,,,,
57.90,0.00,89.30,f_4_b.1,405006150#1_3,109.34,0.00,0.00,bike_human,102.07,125.61,,,,,,,,,
57.90,-0.02,89.30,f_4_b.2,405006150#1_3,92.02,0.00,0.02,bike_human,84.75,125.40,,,,,,,,,
57.90,-0.24,89.30,f_4_b.3,405006150#1_2,50.82,0.00,6.73,bike_human,43.58,121.70,,,,,,,,,
57.90,1.45,89.30,f_4_b.4,405006150#1_2,5.35,0.00,3.12,bike_human,-1.88,121.14,,,,,,,,,
57.90,0.00,89.30,f_4_h.0,405006150#1_2,149.85,0.00,0.00,veh_human,142.60,122.90,,,,,,,,,
57.90,0.00,89.30,f_4_h.1,405006150#1_3,149.84,0.00,0.00,veh_human,142.57,126.10,,,,,,,,,
57.90,-0.00,89.30,f_4_h.10,405006150#1_2,111.55,0.00,0.00,veh_human,104.30,122.43,,,,,,,,,
57.90,-0.00,89.30,f_4_h.11,405006150#1_3,105.54,0.00,0.00,veh_human,98.27,125.56,,,,,,,,,
57.90,-0.01,89.30,f_4_h.12,405006150#1_2,104.53,0.00,0.02,veh_human,97.29,122.35,,,,,,,,,
57.90,-0.00,89.30,f_4_h.13,405006150#1_3,98.54,0.00,0.00,veh_human,91.27,125.48,,,,,,,,,
57.90,1.48,89.30,f_4_h.14,405006150#1_2,92.29,0.00,1.19,veh_human,85.05,122.20,,,,,,,,,
57.90,-0.14,89.30,f_4_h.15,405006150#1_3,88.01,0.00,0.18,veh_human,80.74,125.35,,,,,,,,,
57.90,0.05,89.30,f_4_h.16,405006150#1_2,84.05,0.00,0.80,veh_human,76.81,122.10,,,,,,,,,
57.90,-0.95,89.30,f_4_h.17,405006150#1_3,79.49,0.00,1.32,veh_human,72.22,125.24,,,,,,,,,
57.90,1.07,89.30,f_4_h.18,405006150#1_2,26.59,0.00,7.50,veh_human,19.35,121.40,,,,,,,,,
57.90,0.00,89.30,f_4_h.2,405006150#1_2,142.85,0.00,0.00,veh_human,135.60,122.81,,,,,,,,,
57.90,0.00,89.30,f_4_h.3,405006150#1_3,142.84,0.00,0.00,veh_human,135.57,126.01,,,,,,,,,
57.90,0.00,89.30,f_4_h.4,405006150#1_3,129.84,0.00,0.00,veh_human,122.57,125.86,,,,,,,,,
57.90,0.00,89.30,f_4_h.5,405006150#1_3,122.84,0.00,0.00,veh_human,115.57,125.77,,,,,,,,,
57.90,0.00,89.30,f_4_h.6,405006150#1_3,115.84,0.00,0.00,veh_human,108.57,125.69,,,,,,,,,
57.90,0.00,89.30,f_4_h.7,405006150#1_2,132.55,0.00,0.00,veh_human,125.30,122.69,,,,,,,,,
57.90,0.00,89.30,f_4_h.8,405006150#1_2,125.55,0.00,0.00,veh_human,118.30,122.60,,,,,,,,,
57.90,-0.00,89.30,f_4_h.9,405006150#1_2,118.55,0.00,0.00,veh_human,111.30,122.52,,,,,,,,,
57.90,0.00,89.30,f_5_b.0,405006150#1_1,149.85,0.00,0.00,bike_human,142.63,119.70,,,,,,,,,
57.90,0.00,89.30,f_5_h.0,405006150#1_1,5.10,0.00,0.00,veh_human,-2.09,117.94,,,,,,,,,
57.90,-2.56,89.31,f_6_h.0,405006150#1_4,137.77,0.00,6.86,veh_human,130.47,129.15,,,,,,,,,
57.90,-0.44,89.31,f_6_h.1,405006150#1_4,94.00,0.00,12.88,veh_human,86.70,128.62,,,,,,,,,
57.90,1.99,89.31,f_6_h.2,405006150#1_4,10.23,0.00,3.79,veh_human,2.92,127.60,,,,,,,,,
57.90,0.00,359.97,f_8_b.0,401208131#0_2,37.70,0.00,7.50,bike_human,176.33,187.62,,,,,,,,,
57.90,-0.37,359.97,f_8_h.15,401208131#0_2,22.07,0.00,8.07,veh_human,176.34,171.99,,,,,,,,,
57.90,0.48,359.97,f_8_h.16,401208131#0_1,70.54,0.00,18.41,veh_human,179.51,220.46,,,,,,,,,
57.90,-0.23,0.61,f_8_h.17,:Junc1_6_1,17.34,0.00,13.51,veh_human,176.15,131.37,,,,,,,,,
57.90,1.01,0.61,f_8_h.18,:Junc1_6_0,32.72,0.00,16.34,veh_human,179.52,146.77,,,,,,,,,
57.90,1.36,359.68,f_8_h.19,401208126#3_2,57.49,0.00,13.08,veh_human,179.22,102.56,,,,,,,,,
57.90,1.75,359.68,f_8_h.20,401208126#3_2,26.95,0.00,8.39,veh_human,179.39,72.03,,,,,,,,,
57.90,0.55,179.53,fc_00.3,401208129#0_1,30.46,0.00,16.29,veh_av,152.51,83.67,,,,,,,,,
57.90,0.00,89.30,fc_04.0,405006150#1_3,136.84,0.00,0.00,veh_av,129.57,125.94,,,,,,,,,
57.90,-0.00,89.30,fc_04.1,405006150#1_1,105.54,0.00,0.00,veh_av,98.33,119.16,,,,,,,,,
57.90,2.50,89.30,fc_04.2,405006150#1_1,98.56,0.00,0.37,veh_av,91.35,119.08,,,,,,,,,
57.90,-1.79,89.30,fc_04.3,405006150#1_3,54.76,0.00,10.67,veh_av,47.49,124.94,,,,,,,,,
57.90,0.46,359.97,fc_08.4,401208131#0_1,49.53,0.00,17.29,veh_av,179.52,199.46,,,,,,,,,
57.90,3.42,359.68,fc_08.5,401208126#3_3,11.11,0.00,5.68,veh_av,176.28,56.20,,,,,,,,,
57.90,2.56,359.68,fc_08.6,401208126#3_2,14.23,0.00,7.22,veh_av,179.46,59.32,,,,,,,,,
57.90,3.06,359.68,fc_08.7,401208126#3_2,5.77,0.00,1.00,veh_av,179.51,50.87,,,,,,,,,
57.90,-1.94,359.68,fc_08.8,401208126#3_1,5.26,0.00,0.51,veh_av,182.71,50.37,,,,,,,,,
57.90,0.00,269.61,fc_12.0,401217076#2_3,111.14,0.00,0.00,veh_av,189.10,137.94,,,,,,,,,
57.90,0.00,269.53,fc_12.1,401217076#2_2,105.14,0.00,0.00,veh_av,195.11,141.18,,,,,,,,,
57.90,0.00,269.53,fc_12.2,401217076#2_2,99.14,0.00,0.00,veh_av,201.11,141.23,,,,,,,,,
57.90,0.00,269.53,fc_12.3,401217076#2_3,91.14,0.00,0.00,veh_av,209.10,138.10,,,,,,,,,
57.90,0.00,269.53,fc_12.4,401217076#2_3,78.14,0.00,0.00,veh_av,222.10,138.20,,,,,,,,,
57.90,0.00,269.53,fc_12.5,401217076#2_2,68.84,0.00,0.00,veh_av,231.40,141.48,,,,,,,,,
57.90,0.00,269.53,fc_12.6,401217076#2_2,62.84,0.00,0.00,veh_av,237.40,141.53,,,,,,,,,
57.90,-0.00,269.53,fc_12.7,401217076#2_2,49.84,0.00,0.00,veh_av,250.39,141.63,,,,,,,,,
57.90,-0.00,269.53,fc_12.8,401217076#2_2,43.84,0.00,0.00,veh_av,256.39,141.68,,,,,,,,,
57.90,-2.93,269.53,fc_12.9,401217076#2_3,26.09,0.00,4.26,veh_av,274.15,138.63,,,,,,,,,
57.90,-1.30,269.53,fc_14.0,401217076#2_1,74.38,0.00,12.38,veh_av,225.85,144.63,,,,,,,,,
57.90,,,,,,,,,,,359.68,401208126#3,p_8.1,10.47,0.00,1.14,ped_human,185.88,55.59
57.90,,,,,,,,,,,359.68,401208126#3,p_8.0,61.85,0.00,1.25,ped_human,185.60,106.89
57.90,,,,,,,,,,,180.22,401208128#2,p_3.0,2.11,0.00,1.02,ped_human,146.10,222.11
57.90,,,,,,,,,,,89.30,405006150#1,p_4.0,20.31,0.00,1.33,ped_human,13.15,114.93
58.00,0.60,179.53,f_0_h.18,401208129#0_1,51.18,0.00,17.33,veh_human,152.68,62.94,,,,,,,,,
58.00,0.72,179.92,f_0_h.19,:Junc1_18_0,22.84,0.00,15.73,veh_human,152.25,127.08,,,,,,,,,
58.00,1.56,180.22,f_0_h.20,401208128#2_2,50.60,0.00,12.66,veh_human,152.31,173.58,,,,,,,,,
58.00,1.78,180.22,f_0_h.21,401208128#2_2,23.23,0.00,7.45,veh_human,152.42,200.95,,,,,,,,,
58.00,2.00,180.22,f_0_h.22,401208128#2_3,7.55,0.00,1.49,veh_human,155.68,216.63,,,,,,,,,
58.00,1.64,180.22,f_0_h.23,401208128#2_2,7.81,0.00,3.16,veh_human,152.48,216.38,,,,,,,,,
58.00,0.00,359.68,f_11_h.0,401208126#3_6,67.95,0.00,0.00,veh_human,166.36,113.08,,,,,,,,,
58.00,0.00,269.53,f_12_b.0,401217076#2_2,85.64,0.00,0.00,bike_human,214.60,141.34,,,,,,,,,
58.00,0.00,269.60,f_12_h.0,401217076#2_2,111.14,0.00,0.00,veh_human,189.11,141.14,,,,,,,,,
58.00,0.00,269.53,f_12_h.1,401217076#2_3,104.14,0.00,0.00,veh_human,196.10,137.99,,,,,,,,,
58.00,-0.00,269.53,f_12_h.10,401217076#2_3,57.14,0.00,0.00,veh_human,243.11,138.37,,,,,,,,,
58.00,-0.00,269.53,f_12_h.11,401217076#2_3,50.13,0.00,0.00,veh_human,250.11,138.43,,,,,,,,,
58.00,-0.04,269.53,f_12_h.12,401217076#2_3,43.08,0.00,0.05,veh_human,257.17,138.49,,,,,,,,,
58.00,-0.30,269.53,f_12_h.13,401217076#2_3,35.64,0.00,0.39,veh_human,264.61,138.55,,,,,,,,,
58.00,-0.17,269.53,f_12_h.14,401217076#2_2,36.65,0.00,0.18,veh_human,263.58,141.74,,,,,,,,,
58.00,-0.92,269.53,f_12_h.15,401217076#2_2,28.13,0.00,1.31,veh_human,272.09,141.81,,,,,,,,,
58.00,0.69,269.53,f_12_h.16,401217076#2_2,11.31,0.00,4.07,veh_human,288.91,141.95,,,,,,,,,
58.00,0.00,269.53,f_12_h.2,401217076#2_3,97.14,0.00,0.00,veh_human,203.10,138.05,,,,,,,,,
58.00,0.00,269.53,f_12_h.3,401217076#2_2,92.14,0.00,0.00,veh_human,208.10,141.29,,,,,,,,,
58.00,0.00,269.53,f_12_h.4,401217076#2_3,84.14,0.00,0.00,veh_human,216.10,138.15,,,,,,,,,
58.00,0.00,269.53,f_12_h.5,401217076#2_3,71.14,0.00,0.00,veh_human,229.10,138.26,,,,,,,,,
58.00,0.00,269.53,f_12_h.6,401217076#2_2,81.84,0.00,0.00,veh_human,218.40,141.37,,,,,,,,,
58.00,0.00,269.53,f_12_h.7,401217076#2_2,74.84,0.00,0.00,veh_human,225.40,141.43,,,,,,,,,
58.00,0.00,269.53,f_12_h.8,401217076#2_3,64.14,0.00,0.00,veh_human,236.10,138.32,,,,,,,,,
58.00,-0.00,269.53,f_12_h.9,401217076#2_2,55.84,0.00,0.00,veh_human,244.39,141.58,,,,,,,,,
58.00,-0.04,269.60,f_14_h.0,401217076#2_1,111.07,0.00,0.05,veh_human,189.18,144.34,,,,,,,,,
58.00,0.00,269.61,f_15_h.0,401217076#2_4,111.13,0.00,0.00,veh_human,189.10,134.74,,,,,,,,,
58.00,2.00,269.53,f_15_h.1,401217076#2_1,6.13,0.00,0.20,veh_human,294.07,145.19,,,,,,,,,
58.00,-2.05,180.22,f_3_h.1,401208128#2_1,70.78,0.00,6.33,veh_human,149.03,153.39,,,,,,,,,
58.00,0.00,89.30,f_4_b.0,405006150#1_2,136.35,0.00,0.00,bike_human,129.10,122.73,,,,,,,,,
58.00,0.00,89.30,f_4_b.1,405006150#1_3,109.34,0.00,0.00,bike_human,102.07,125.61,,,,,,,,,
58.00,-0.02,89.30,f_4_b.2,405006150#1_3,92.02,0.00,0.02,bike_human,84.75,125.40,,,,,,,,,
58.00,-0.25,89.30,f_4_b.3,405006150#1_2,51.49,0.00,6.71,bike_human,44.25,121.70,,,,,,,,,
58.00,1.40,89.30,f_4_b.4,405006150#1_2,5.68,0.00,3.26,bike_human,-1.55,121.15,,,,,,,,,
58.00,0.00,89.30,f_4_h.0,405006150#1_2,149.85,0.00,0.00,veh_human,142.60,122.90,,,,,,,,,
58.00,0.00,89.30,f_4_h.1,405006150#1_3,149.84,0.00,0.00,veh_human,142.57,126.10,,,,,,,,,
58.00,-0.00,89.30,f_4_h.10,405006150#1_2,111.55,0.00,0.00,veh_human,104.30,122.43,,,,,,,,,
58.00,-0.00,89.30,f_4_h.11,405006150#1_3,105.54,0.00,0.00,veh_human,98.27,125.56,,,,,,,,,
58.00,-0.01,89.30,f_4_h.12,405006150#1_2,104.53,0.00,0.01,veh_human,97.29,122.35,,,,,,,,,
58.00,-0.00,89.30,f_4_h.13,405006150#1_3,98.54,0.00,0.00,veh_human,91.27,125.48,,,,,,,,,
58.00,-2.15,89.30,f_4_h.14,405006150#1_2,92.39,0.00,0.98,veh_human,85.14,122.20,,,,,,,,,
58.00,-0.13,89.30,f_4_h.15,405006150#1_3,88.03,0.00,0.17,veh_human,80.76,125.35,,,,,,,,,
58.00,0.11,89.30,f_4_h.16,405006150#1_2,84.13,0.00,0.81,veh_human,76.89,122.10,,,,,,,,,
58.00,-0.89,89.30,f_4_h.17,405006150#1_3,79.61,0.00,1.23,veh_human,72.34,125.25,,,,,,,,,
58.00,1.02,89.30,f_4_h.18,405006150#1_3,27.35,0.00,7.60,veh_human,20.08,124.61,,,,,,,,,
58.00,0.00,89.30,f_4_h.2,405006150#1_2,142.85,0.00,0.00,veh_human,135.60,122.81,,,,,,,,,
58.00,0.00,89.30,f_4_h.3,405006150#1_3,142.84,0.00,0.00,veh_human,135.57,126.01,,,,,,,,,
58.00,0.00,89.30,f_4_h.4,405006150#1_3,129.84,0.00,0.00,veh_human,122.57,125.86,,,,,,,,,
58.00,0.00,89.30,f_4_h.5,405006150#1_3,122.84,0.00,0.00,veh_human,115.57,125.77,,,,,,,,,
58.00,0.00,89.30,f_4_h.6,405006150#1_3,115.84,0.00,0.00,veh_human,108.57,125.69,,,,,,,,,
58.00,0.00,89.30,f_4_h.7,405006150#1_2,132.55,0.00,0.00,veh_human,125.30,122.69,,,,,,,,,
58.00,0.00,89.30,f_4_h.8,405006150#1_2,125.55,0.00,0.00,veh_human,118.30,122.60,,,,,,,,,
58.00,-0.00,89.30,f_4_h.9,405006150#1_2,118.55,0.00,0.00,veh_human,111.30,122.52,,,,,,,,,
58.00,0.00,89.30,f_5_b.0,405006150#1_1,149.85,0.00,0.00,bike_human,142.63,119.70,,,,,,,,,
58.00,2.00,89.30,f_5_h.0,405006150#1_1,5.12,0.00,0.20,veh_human,-2.07,117.94,,,,,,,,,
58.00,-2.57,89.31,f_6_h.0,405006150#1_4,138.43,0.00,6.60,veh_human,131.13,129.16,,,,,,,,,
58.00,-0.50,89.31,f_6_h.1,405006150#1_4,95.28,0.00,12.83,veh_human,87.98,128.64,,,,,,,,,
58.00,1.99,89.31,f_6_h.2,405006150#1_4,10.63,0.00,3.99,veh_human,3.32,127.61,,,,,,,,,
58.00,0.00,359.97,f_8_b.0,401208131#0_2,38.45,0.00,7.50,bike_human,176.33,188.37,,,,,,,,,
58.00,-0.36,359.97,f_8_h.15,401208131#0_2,22.88,0.00,8.04,veh_human,176.34,172.80,,,,,,,,,
58.00,0.47,359.97,f_8_h.16,401208131#0_1,72.38,0.00,18.46,veh_human,179.51,222.30,,,,,,,,,
58.00,-0.28,0.61,f_8_h.17,:Junc1_6_1,18.69,0.00,13.49,veh_human,176.17,132.72,,,,,,,,,
58.00,0.99,0.61,f_8_h.18,:Junc1_6_0,34.36,0.00,16.44,veh_human,179.53,148.41,,,,,,,,,
58.00,1.34,359.68,f_8_h.19,401208126#3_2,58.81,0.00,13.21,veh_human,179.21,103.88,,,,,,,,,
58.00,1.75,359.68,f_8_h.20,401208126#3_2,27.81,0.00,8.57,veh_human,179.39,72.89,,,,,,,,,
58.00,0.54,179.53,fc_00.3,401208129#0_1,32.10,0.00,16.35,veh_av,152.53,82.03,,,,,,,,,
58.00,0.00,180.22,fc_00.4,401208128#2_1,5.10,0.00,0.00,veh_av,149.29,219.11,,,,,,,,,
58.00,0.00,89.30,fc_04.0,405006150#1_3,136.84,0.00,0.00,veh_av,129.57,125.94,,,,,,,,,
58.00,-0.00,89.30,fc_04.1,405006150#1_1,105.54,0.00,0.00,veh_av,98.33,119.16,,,,,,,,,
58.00,-1.94,89.30,fc_04.2,405006150#1_1,98.58,0.00,0.17,veh_av,91.37,119.08,,,,,,,,,
58.00,-1.96,89.30,fc_04.3,405006150#1_3,55.80,0.00,10.48,veh_av,48.53,124.96,,,,,,,,,
58.00,0.45,359.97,fc_08.4,401208131#0_1,51.27,0.00,17.33,veh_av,179.52,201.19,,,,,,,,,
58.00,3.40,359.68,fc_08.5,401208126#3_3,11.72,0.00,6.02,veh_av,176.27,56.80,,,,,,,,,
58.00,2.49,359.68,fc_08.6,401208126#3_2,14.97,0.00,7.47,veh_av,179.46,60.06,,,,,,,,,
58.00,3.21,359.68,fc_08.7,401208126#3_2,5.91,0.00,1.32,veh_av,179.51,51.00,,,,,,,,,
58.00,-1.94,359.68,fc_08.8,401208126#3_1,5.29,0.00,0.31,veh_av,182.71,50.40,,,,,,,,,
58.00,0.00,269.61,fc_12.0,401217076#2_3,111.14,0.00,0.00,veh_av,189.10,137.94,,,,,,,,,
58.00,0.00,269.53,fc_12.1,401217076#2_2,105.14,0.00,0.00,veh_av,195.11,141.18,,,,,,,,,
58.00,0.00,269.53,fc_12.2,401217076#2_2,99.14,0.00,0.00,veh_av,201.11,141.23,,,,,,,,,
58.00,0.00,269.53,fc_12.3,401217076#2_3,91.14,0.00,0.00,veh_av,209.10,138.10,,,,,,,,,
58.00,0.00,269.53,fc_12.4,401217076#2_3,78.14,0.00,0.00,veh_av,222.10,138.20,,,,,,,,,
58.00,0.00,269.53,fc_12.5,401217076#2_2,68.84,0.00,0.00,veh_av,231.40,141.48,,,,,,,,,
58.00,0.00,269.53,fc_12.6,401217076#2_2,62.84,0.00,0.00,veh_av,237.40,141.53,,,,,,,,,
58.00,-0.00,269.53,fc_12.7,401217076#2_2,49.84,0.00,0.00,veh_av,250.39,141.63,,,,,,,,,
58.00,-0.00,269.53,fc_12.8,401217076#2_2,43.84,0.00,0.00,veh_av,256.39,141.68,,,,,,,,,
58.00,-2.90,269.53,fc_12.9,401217076#2_3,26.49,0.00,3.97,veh_av,273.76,138.62,,,,,,,,,
58.00,-1.39,269.53,fc_14.0,401217076#2_1,75.60,0.00,12.24,veh_av,224.63,144.62,,,,,,,,,
58.00,,,,,,,,,,,359.68,401208126#3,p_8.1,10.56,0.00,0.97,ped_human,185.88,55.69
58.00,,,,,,,,,,,359.68,401208126#3,p_8.0,61.97,0.00,1.22,ped_human,185.60,107.01
58.00,,,,,,,,,,,180.22,401208128#2,p_3.0,2.21,0.00,1.05,ped_human,146.10,222.01
58.00,,,,,,,,,,,89.30,405006150#1,p_4.0,20.46,0.00,1.47,ped_human,13.30,114.93
58.10,0.58,179.53,f_0_h.18,401208129#0_1,52.92,0.00,17.38,veh_human,152.70,61.20,,,,,,,,,
58.10,0.70,179.92,f_0_h.19,:Junc1_18_0,24.42,0.00,15.80,veh_human,152.25,125.50,,,,,,,,,
58.10,1.55,180.22,f_0_h.20,401208128#2_2,51.88,0.00,12.81,veh_human,152.31,172.30,,,,,,,,,
58.10,1.78,180.22,f_0_h.21,401208128#2_2,24.00,0.00,7.63,veh_human,152.42,200.19,,,,,,,,,
58.10,2.00,180.22,f_0_h.22,401208128#2_3,7.72,0.00,1.69,veh_human,155.68,216.46,,,,,,,,,
58.10,1.63,180.22,f_0_h.23,401208128#2_2,8.14,0.00,3.32,veh_human,152.48,216.05,,,,,,,,,
58.10,0.00,359.68,f_11_h.0,401208126#3_6,67.95,0.00,0.00,veh_human,166.36,113.08,,,,,,,,,
58.10,0.00,269.53,f_12_b.0,401217076#2_2,85.64,0.00,0.00,bike_human,214.60,141.34,,,,,,,,,
58.10,0.00,269.60,f_12_h.0,401217076#2_2,111.14,0.00,0.00,veh_human,189.11,141.14,,,,,,,,,
58.10,0.00,269.53,f_12_h.1,401217076#2_3,104.14,0.00,0.00,veh_human,196.10,137.99,,,,,,,,,
58.10,-0.00,269.53,f_12_h.10,401217076#2_3,57.14,0.00,0.00,veh_human,243.11,138.37,,,,,,,,,
58.10,-0.00,269.53,f_12_h.11,401217076#2_3,50.14,0.00,0.00,veh_human,250.11,138.43,,,,,,,,,
58.10,-0.04,269.53,f_12_h.12,401217076#2_3,43.08,0.00,0.05,veh_human,257.16,138.49,,,,,,,,,
58.10,-0.28,269.53,f_12_h.13,401217076#2_3,35.67,0.00,0.36,veh_human,264.57,138.55,,,,,,,,,
58.10,-0.15,269.53,f_12_h.14,401217076#2_2,36.67,0.00,0.16,veh_human,263.56,141.74,,,,,,,,,
58.10,-0.87,269.53,f_12_h.15,401217076#2_2,28.26,0.00,1.22,veh_human,271.97,141.81,,,,,,,,,
58.10,0.56,269.53,f_12_h.16,401217076#2_2,11.72,0.00,4.13,veh_human,288.50,141.94,,,,,,,,,
58.10,0.00,269.53,f_12_h.2,401217076#2_3,97.14,0.00,0.00,veh_human,203.10,138.05,,,,,,,,,
58.10,0.00,269.53,f_12_h.3,401217076#2_2,92.14,0.00,0.00,veh_human,208.10,141.29,,,,,,,,,
58.10,0.00,269.53,f_12_h.4,401217076#2_3,84.14,0.00,0.00,veh_human,216.10,138.15,,,,,,,,,
58.10,0.00,269.53,f_12_h.5,401217076#2_3,71.14,0.00,0.00,veh_human,229.10,138.26,,,,,,,,,
58.10,0.00,269.53,f_12_h.6,401217076#2_2,81.84,0.00,0.00,veh_human,218.40,141.37,,,,,,,,,
58.10,0.00,269.53,f_12_h.7,401217076#2_2,74.84,0.00,0.00,veh_human,225.40,141.43,,,,,,,,,
58.10,0.00,269.53,f_12_h.8,401217076#2_3,64.14,0.00,0.00,veh_human,236.10,138.32,,,,,,,,,
58.10,-0.00,269.53,f_12_h.9,401217076#2_2,55.84,0.00,0.00,veh_human,244.39,141.58,,,,,,,,,
58.10,0.07,269.60,f_14_h.0,401217076#2_1,111.07,0.00,0.05,veh_human,189.18,144.34,,,,,,,,,
58.10,0.00,269.61,f_15_h.0,401217076#2_4,111.13,0.00,0.00,veh_human,189.10,134.74,,,,,,,,,
58.10,2.00,269.53,f_15_h.1,401217076#2_1,6.17,0.00,0.40,veh_human,294.03,145.19,,,,,,,,,
58.10,-2.13,180.22,f_3_h.1,401208128#2_1,71.39,0.00,6.12,veh_human,149.03,152.78,,,,,,,,,
58.10,0.00,89.30,f_4_b.0,405006150#1_2,136.35,0.00,0.00,bike_human,129.10,122.73,,,,,,,,,
58.10,0.00,89.30,f_4_b.1,405006150#1_3,109.34,0.00,0.00,bike_human,102.07,125.61,,,,,,,,,
58.10,-0.02,89.30,f_4_b.2,405006150#1_3,92.02,0.00,0.02,bike_human,84.75,125.40,,,,,,,,,
58.10,-0.26,89.30,f_4_b.3,405006150#1_2,52.16,0.00,6.68,bike_human,44.92,121.71,,,,,,,,,
58.10,1.43,89.30,f_4_b.4,405006150#1_2,6.02,0.00,3.41,bike_human,-1.21,121.15,,,,,,,,,
58.10,0.00,89.30,f_4_h.0,405006150#1_2,149.85,0.00,0.00,veh_human,142.60,122.90,,,,,,,,,
58.10,0.00,89.30,f_4_h.1,405006150#1_3,149.84,0.00,0.00,veh_human,142.57,126.10,,,,,,,,,
58.10,-0.00,89.30,f_4_h.10,405006150#1_2,111.55,0.00,0.00,veh_human,104.30,122.43,,,,,,,,,
58.10,-0.00,89.30,f_4_h.11,405006150#1_3,105.54,0.00,0.00,veh_human,98.27,125.56,,,,,,,,,
58.10,-0.01,89.30,f_4_h.12,405006150#1_2,104.54,0.00,0.01,veh_human,97.29,122.35,,,,,,,,,
58.10,-0.00,89.30,f_4_h.13,405006150#1_3,98.54,0.00,0.00,veh_human,91.27,125.48,,,,,,,,,
58.10,1.49,89.30,f_4_h.14,405006150#1_2,92.50,0.00,1.12,veh_human,85.26,122.20,,,,,,,,,
58.10,-0.12,89.30,f_4_h.15,405006150#1_3,88.04,0.00,0.16,veh_human,80.77,125.35,,,,,,,,,
58.10,0.08,89.30,f_4_h.16,405006150#1_2,84.21,0.00,0.82,veh_human,76.97,122.10,,,,,,,,,
58.10,-0.84,89.30,f_4_h.17,405006150#1_3,79.73,0.00,1.15,veh_human,72.46,125.25,,,,,,,,,
58.10,1.46,89.30,f_4_h.18,405006150#1_3,28.12,0.00,7.75,veh_human,20.85,124.62,,,,,,,,,
58.10,0.00,89.30,f_4_h.2,405006150#1_2,142.85,0.00,0.00,veh_human,135.60,122.81,,,,,,,,,
58.10,0.00,89.30,f_4_h.3,405006150#1_3,142.84,0.00,0.00,veh_human,135.57,126.01,,,,,,,,,
58.10,0.00,89.30,f_4_h.4,405006150#1_3,129.84,0.00,0.00,veh_human,122.57,125.86,,,,,,,,,
58.10,0.00,89.30,f_4_h.5,405006150#1_3,122.84,0.00,0.00,veh_human,115.57,125.77,,,,,,,,,
58.10,0.00,89.30,f_4_h.6,405006150#1_3,115.84,0.00,0.00,veh_human,108.57,125.69,,,,,,,,,
58.10,0.00,89.30,f_4_h.7,405006150#1_2,132.55,0.00,0.00,veh_human,125.30,122.69,,,,,,,,,
58.10,0.00,89.30,f_4_h.8,405006150#1_2,125.55,0.00,0.00,veh_human,118.30,122.60,,,,,,,,,
58.10,-0.00,89.30,f_4_h.9,405006150#1_2,118.55,0.00,0.00,veh_human,111.30,122.52,,,,,,,,,
58.10,0.00,89.30,f_5_b.0,405006150#1_1,149.85,0.00,0.00,bike_human,142.63,119.70,,,,,,,,,
58.10,2.00,89.30,f_5_h.0,405006150#1_1,5.16,0.00,0.40,veh_human,-2.03,117.94,,,,,,,,,
58.10,-2.58,89.31,f_6_h.0,405006150#1_4,139.06,0.00,6.34,veh_human,131.76,129.17,,,,,,,,,
58.10,-0.57,89.31,f_6_h.1,405006150#1_4,96.56,0.00,12.77,veh_human,89.26,128.65,,,,,,,,,
58.10,1.99,89.31,f_6_h.2,405006150#1_4,11.05,0.00,4.19,veh_human,3.74,127.61,,,,,,,,,
58.10,0.00,359.97,f_8_b.0,401208131#0_2,39.20,0.00,7.50,bike_human,176.33,189.12,,,,,,,,,
58.10,-0.34,359.97,f_8_h.15,401208131#0_2,23.68,0.00,8.00,veh_human,176.34,173.60,,,,,,,,,
58.10,-0.33,0.61,f_8_h.17,:Junc1_6_1,20.03,0.00,13.45,veh_human,176.18,134.07,,,,,,,,,
58.10,0.97,0.59,f_8_h.18,401208131#0_1,0.14,0.00,16.54,veh_human,179.55,150.07,,,,,,,,,
58.10,1.32,359.68,f_8_h.19,401208126#3_2,60.15,0.00,13.34,veh_human,179.21,105.21,,,,,,,,,
58.10,1.74,359.68,f_8_h.20,401208126#3_2,28.68,0.00,8.74,veh_human,179.38,73.76,,,,,,,,,
58.10,0.53,179.53,fc_00.3,401208129#0_1,33.74,0.00,16.40,veh_av,152.54,80.39,,,,,,,,,
58.10,3.50,180.22,fc_00.4,401208128#2_1,5.13,0.00,0.35,veh_av,149.29,219.07,,,,,,,,,
58.10,0.00,89.30,fc_04.0,405006150#1_3,136.84,0.00,0.00,veh_av,129.57,125.94,,,,,,,,,
58.10,-0.00,89.30,fc_04.1,405006150#1_1,105.54,0.00,0.00,veh_av,98.33,119.16,,,,,,,,,
58.10,-1.75,89.30,fc_04.2,405006150#1_1,98.58,0.00,0.00,veh_av,91.37,119.08,,,,,,,,,
58.10,-2.12,89.30,fc_04.3,405006150#1_3,56.83,0.00,10.26,veh_av,49.56,124.97,,,,,,,,,
58.10,0.43,359.97,fc_08.4,401208131#0_1,53.00,0.00,17.38,veh_av,179.52,202.93,,,,,,,,,
58.10,3.38,359.68,fc_08.5,401208126#3_3,12.35,0.00,6.35,veh_av,176.27,57.44,,,,,,,,,
58.10,2.42,359.68,fc_08.6,401208126#3_2,15.74,0.00,7.71,veh_av,179.45,60.83,,,,,,,,,
58.10,3.29,359.68,fc_08.7,401208126#3_2,6.07,0.00,1.65,veh_av,179.51,51.17,,,,,,,,,
58.10,-1.94,359.68,fc_08.8,401208126#3_1,5.30,0.00,0.12,veh_av,182.71,50.41,,,,,,,,,
58.10,0.00,269.61,fc_12.0,401217076#2_3,111.14,0.00,0.00,veh_av,189.10,137.94,,,,,,,,,
58.10,0.00,269.53,fc_12.1,401217076#2_2,105.14,0.00,0.00,veh_av,195.11,141.18,,,,,,,,,
58.10,0.00,269.53,fc_12.2,401217076#2_2,99.14,0.00,0.00,veh_av,201.11,141.23,,,,,,,,,
58.10,0.00,269.53,fc_12.3,401217076#2_3,91.14,0.00,0.00,veh_av,209.10,138.10,,,,,,,,,
58.10,0.00,269.53,fc_12.4,401217076#2_3,78.14,0.00,0.00,veh_av,222.10,138.20,,,,,,,,,
58.10,0.00,269.53,fc_12.5,401217076#2_2,68.84,0.00,0.00,veh_av,231.40,141.48,,,,,,,,,
58.10,0.00,269.53,fc_12.6,401217076#2_2,62.84,0.00,0.00,veh_av,237.40,141.53,,,,,,,,,
58.10,-0.00,269.53,fc_12.7,401217076#2_2,49.84,0.00,0.00,veh_av,250.39,141.63,,,,,,,,,
58.10,-0.00,269.53,fc_12.8,401217076#2_2,43.84,0.00,0.00,veh_av,256.39,141.68,,,,,,,,,
58.10,-2.84,269.53,fc_12.9,401217076#2_3,26.86,0.00,3.69,veh_av,273.39,138.62,,,,,,,,,
58.10,-1.47,269.53,fc_14.0,401217076#2_1,76.81,0.00,12.09,veh_av,223.42,144.61,,,,,,,,,
58.10,,,,,,,,,,,359.68,401208126#3,p_8.1,10.66,0.00,0.94,ped_human,185.88,55.78
58.10,,,,,,,,,,,359.68,401208126#3,p_8.0,62.08,0.00,1.13,ped_human,185.60,107.12
58.10,,,,,,,,,,,180.22,401208128#2,p_3.0,2.32,0.00,1.05,ped_human,146.10,221.90
58.10,,,,,,,,,,,89.30,405006150#1,p_4.0,20.60,0.00,1.49,ped_human,13.45,114.93
58.20,0.56,179.53,f_0_h.18,401208129#0_1,54.66,0.00,17.44,veh_human,152.71,59.46,,,,,,,,,
58.20,0.68,179.92,f_0_h.19,:Junc1_18_0,26.01,0.00,15.87,veh_human,152.26,123.91,,,,,,,,,
58.20,1.53,180.22,f_0_h.20,401208128#2_2,53.18,0.00,12.97,veh_human,152.30,171.00,,,,,,,,,
58.20,1.77,180.22,f_0_h.21,401208128#2_2,24.78,0.00,7.81,veh_human,152.41,199.41,,,,,,,,,
58.20,2.00,180.22,f_0_h.22,401208128#2_3,7.91,0.00,1.89,veh_human,155.68,216.27,,,,,,,,,
58.20,1.64,180.22,f_0_h.23,401208128#2_2,8.49,0.00,3.48,veh_human,152.48,215.70,,,,,,,,,
58.20,0.00,359.68,f_11_h.0,401208126#3_6,67.95,0.00,0.00,veh_human,166.36,113.08,,,,,,,,,
58.20,0.00,269.53,f_12_b.0,401217076#2_2,85.64,0.00,0.00,bike_human,214.60,141.34,,,,,,,,,
58.20,0.00,269.60,f_12_h.0,401217076#2_2,111.14,0.00,0.00,veh_human,189.11,141.14,,,,,,,,,
58.20,0.00,269.53,f_12_h.1,401217076#2_3,104.14,0.00,0.00,veh_human,196.10,137.99,,,,,,,,,
58.20,-0.00,269.53,f_12_h.10,401217076#2_3,57.14,0.00,0.00,veh_human,243.11,138.37,,,,,,,,,
58.20,-0.00,269.53,f_12_h.11,401217076#2_3,50.14,0.00,0.00,veh_human,250.11,138.43,,,,,,,,,
58.20,-0.04,269.53,f_12_h.12,401217076#2_3,43.09,0.00,0.04,veh_human,257.16,138.49,,,,,,,,,
58.20,-0.26,269.53,f_12_h.13,401217076#2_3,35.71,0.00,0.33,veh_human,264.54,138.55,,,,,,,,,
58.20,-0.14,269.53,f_12_h.14,401217076#2_2,36.68,0.00,0.15,veh_human,263.55,141.74,,,,,,,,,
58.20,-0.82,269.53,f_12_h.15,401217076#2_2,28.37,0.00,1.14,veh_human,271.86,141.81,,,,,,,,,
58.20,0.43,269.53,f_12_h.16,401217076#2_2,12.14,0.00,4.17,veh_human,288.08,141.94,,,,,,,,,
58.20,0.00,269.53,f_12_h.2,401217076#2_3,97.14,0.00,0.00,veh_human,203.10,138.05,,,,,,,,,
58.20,0.00,269.53,f_12_h.3,401217076#2_2,92.14,0.00,0.00,veh_human,208.10,141.29,,,,,,,,,
58.20,0.00,269.53,f_12_h.4,401217076#2_3,84.14,0.00,0.00,veh_human,216.10,138.15,,,,,,,,,
58.20,0.00,269.53,f_12_h.5,401217076#2_3,71.14,0.00,0.00,veh_human,229.10,138.26,,,,,,,,,
58.20,0.00,269.53,f_12_h.6,401217076#2_2,81.84,0.00,0.00,veh_human,218.40,141.37,,,,,,,,,
58.20,0.00,269.53,f_12_h.7,401217076#2_2,74.84,0.00,0.00,veh_human,225.40,141.43,,,,,,,,,
58.20,0.00,269.53,f_12_h.8,401217076#2_3,64.14,0.00,0.00,veh_human,236.10,138.32,,,,,,,,,
58.20,-0.00,269.53,f_12_h.9,401217076#2_2,55.84,0.00,0.00,veh_human,244.39,141.58,,,,,,,,,
58.20,-0.54,269.60,f_14_h.0,401217076#2_1,111.07,0.00,0.00,veh_human,189.18,144.34,,,,,,,,,
58.20,0.00,269.61,f_15_h.0,401217076#2_4,111.13,0.00,0.00,veh_human,189.10,134.74,,,,,,,,,
58.20,2.00,269.53,f_15_h.1,401217076#2_1,6.23,0.00,0.60,veh_human,293.97,145.19,,,,,,,,,
58.20,-2.19,180.22,f_3_h.1,401208128#2_1,71.98,0.00,5.90,veh_human,149.03,152.19,,,,,,,,,
58.20,0.00,89.30,f_4_b.0,405006150#1_2,136.35,0.00,0.00,bike_human,129.10,122.73,,,,,,,,,
58.20,0.00,89.30,f_4_b.1,405006150#1_3,109.34,0.00,0.00,bike_human,102.07,125.61,,,,,,,,,
58.20,-0.02,89.30,f_4_b.2,405006150#1_3,92.02,0.00,0.02,bike_human,84.75,125.40,,,,,,,,,
58.20,-0.27,89.30,f_4_b.3,405006150#1_2,52.82,0.00,6.65,bike_human,45.58,121.72,,,,,,,,,
58.20,1.42,89.30,f_4_b.4,405006150#1_2,6.37,0.00,3.55,bike_human,-0.86,121.16,,,,,,,,,
58.20,0.00,89.30,f_4_h.0,405006150#1_2,149.85,0.00,0.00,veh_human,142.60,122.90,,,,,,,,,
58.20,0.00,89.30,f_4_h.1,405006150#1_3,149.84,0.00,0.00,veh_human,142.57,126.10,,,,,,,,,
58.20,-0.00,89.30,f_4_h.10,405006150#1_2,111.55,0.00,0.00,veh_human,104.30,122.43,,,,,,,,,
58.20,-0.00,89.30,f_4_h.11,405006150#1_3,105.54,0.00,0.00,veh_human,98.27,125.56,,,,,,,,,
58.20,-0.01,89.30,f_4_h.12,405006150#1_2,104.54,0.00,0.01,veh_human,97.29,122.35,,,,,,,,,
58.20,-0.00,89.30,f_4_h.13,405006150#1_3,98.54,0.00,0.00,veh_human,91.27,125.48,,,,,,,,,
58.20,1.39,89.30,f_4_h.14,405006150#1_2,92.63,0.00,1.26,veh_human,85.38,122.20,,,,,,,,,
58.20,-0.11,89.30,f_4_h.15,405006150#1_3,88.06,0.00,0.15,veh_human,80.79,125.35,,,,,,,,,
58.20,0.12,89.30,f_4_h.16,405006150#1_2,84.30,0.00,0.83,veh_human,77.05,122.10,,,,,,,,,
58.20,-0.79,89.30,f_4_h.17,405006150#1_3,79.83,0.00,1.07,veh_human,72.56,125.25,,,,,,,,,
58.20,1.41,89.30,f_4_h.18,405006150#1_3,28.91,0.00,7.89,veh_human,21.64,124.63,,,,,,,,,
58.20,0.00,89.30,f_4_h.2,405006150#1_2,142.85,0.00,0.00,veh_human,135.60,122.81,,,,,,,,,
58.20,0.00,89.30,f_4_h.3,405006150#1_3,142.84,0.00,0.00,veh_human,135.57,126.01,,,,,,,,,
58.20,0.00,89.30,f_4_h.4,405006150#1_3,129.84,0.00,0.00,veh_human,122.57,125.86,,,,,,,,,
58.20,0.00,89.30,f_4_h.5,405006150#1_3,122.84,0.00,0.00,veh_human,115.57,125.77,,,,,,,,,
58.20,0.00,89.30,f_4_h.6,405006150#1_3,115.84,0.00,0.00,veh_human,108.57,125.69,,,,,,,,,
58.20,0.00,89.30,f_4_h.7,405006150#1_2,132.55,0.00,0.00,veh_human,125.30,122.69,,,,,,,,,
58.20,0.00,89.30,f_4_h.8,405006150#1_2,125.55,0.00,0.00,veh_human,118.30,122.60,,,,,,,,,
58.20,-0.00,89.30,f_4_h.9,405006150#1_2,118.55,0.00,0.00,veh_human,111.30,122.52,,,,,,,,,
58.20,0.00,89.30,f_5_b.0,405006150#1_1,149.85,0.00,0.00,bike_human,142.63,119.70,,,,,,,,,
58.20,2.00,89.30,f_5_h.0,405006150#1_1,5.22,0.00,0.60,veh_human,-1.97,117.94,,,,,,,,,
58.20,-2.57,89.31,f_6_h.0,405006150#1_4,139.67,0.00,6.08,veh_human,132.37,129.17,,,,,,,,,
58.20,-0.64,89.31,f_6_h.1,405006150#1_4,97.83,0.00,12.70,veh_human,90.53,128.67,,,,,,,,,
58.20,1.98,89.31,f_6_h.2,405006150#1_4,11.49,0.00,4.39,veh_human,4.18,127.62,,,,,,,,,
58.20,0.00,359.97,f_8_b.0,401208131#0_2,39.95,0.00,7.50,bike_human,176.33,189.87,,,,,,,,,
58.20,-0.33,359.97,f_8_h.15,401208131#0_2,24.48,0.00,7.97,veh_human,176.34,174.40,,,,,,,,,
58.20,-0.38,0.61,f_8_h.17,:Junc1_6_1,21.37,0.00,13.41,veh_human,176.20,135.41,,,,,,,,,
58.20,0.95,0.38,f_8_h.18,401208131#0_1,1.80,0.00,16.63,veh_human,179.55,151.73,,,,,,,,,
58.20,1.30,359.68,f_8_h.19,401208126#3_2,61.49,0.00,13.47,veh_human,179.20,106.56,,,,,,,,,
58.20,1.73,359.68,f_8_h.20,401208126#3_2,29.57,0.00,8.92,veh_human,179.38,74.65,,,,,,,,,
58.20,0.52,179.53,fc_00.3,401208129#0_1,35.38,0.00,16.45,veh_av,152.55,78.75,,,,,,,,,
58.20,3.50,180.22,fc_00.4,401208128#2_1,5.20,0.00,0.70,veh_av,149.29,219.00,,,,,,,,,
58.20,0.00,89.30,fc_04.0,405006150#1_3,136.84,0.00,0.00,veh_av,129.57,125.94,,,,,,,,,
58.20,-0.00,89.30,fc_04.1,405006150#1_1,105.54,0.00,0.00,veh_av,98.33,119.16,,,,,,,,,
58.20,0.00,89.30,fc_04.2,405006150#1_1,98.58,0.00,0.00,veh_av,91.37,119.08,,,,,,,,,
58.20,-2.27,89.30,fc_04.3,405006150#1_3,57.83,0.00,10.04,veh_av,50.56,124.98,,,,,,,,,
58.20,1.36,359.97,fc_08.4,401208131#0_1,54.75,0.00,17.51,veh_av,179.52,204.68,,,,,,,,,
58.20,3.35,359.68,fc_08.5,401208126#3_3,13.02,0.00,6.69,veh_av,176.27,58.11,,,,,,,,,
58.20,2.34,359.68,fc_08.6,401208126#3_2,16.54,0.00,7.94,veh_av,179.45,61.63,,,,,,,,,
58.20,3.34,359.68,fc_08.7,401208126#3_2,6.27,0.00,1.98,veh_av,179.51,51.37,,,,,,,,,
58.20,3.50,359.68,fc_08.8,401208126#3_1,5.34,0.00,0.47,veh_av,182.71,50.46,,,,,,,,,
58.20,0.00,269.61,fc_12.0,401217076#2_3,111.14,0.00,0.00,veh_av,189.10,137.94,,,,,,,,,
58.20,0.00,269.53,fc_12.1,401217076#2_2,105.14,0.00,0.00,veh_av,195.11,141.18,,,,,,,,,
58.20,0.00,269.53,fc_12.2,401217076#2_2,99.14,0.00,0.00,veh_av,201.11,141.23,,,,,,,,,
58.20,0.00,269.53,fc_12.3,401217076#2_3,91.14,0.00,0.00,veh_av,209.10,138.10,,,,,,,,,
58.20,0.00,269.53,fc_12.4,401217076#2_3,78.14,0.00,0.00,veh_av,222.10,138.20,,,,,,,,,
58.20,0.00,269.53,fc_12.5,401217076#2_2,68.84,0.00,0.00,veh_av,231.40,141.48,,,,,,,,,
58.20,0.00,269.53,fc_12.6,401217076#2_2,62.84,0.00,0.00,veh_av,237.40,141.53,,,,,,,,,
58.20,-0.00,269.53,fc_12.7,401217076#2_2,49.84,0.00,0.00,veh_av,250.39,141.63,,,,,,,,,
58.20,-0.00,269.53,fc_12.8,401217076#2_2,43.84,0.00,0.00,veh_av,256.39,141.68,,,,,,,,,
58.20,-2.78,269.53,fc_12.9,401217076#2_3,27.20,0.00,3.41,veh_av,273.05,138.62,,,,,,,,,
58.20,-1.56,269.53,fc_14.0,401217076#2_1,78.01,0.00,11.94,veh_av,222.23,144.60,,,,,,,,,
58.20,,,,,,,,,,,359.68,401208126#3,p_8.1,10.77,0.00,1.15,ped_human,185.88,55.90
58.20,,,,,,,,,,,359.68,401208126#3,p_8.0,62.21,0.00,1.34,ped_human,185.59,107.26
58.20,,,,,,,,,,,180.22,401208128#2,p_3.0,2.43,0.00,1.10,ped_human,146.10,221.79
58.20,,,,,,,,,,,89.30,405006150#1,p_4.0,20.74,0.00,1.33,ped_human,13.58,114.93
58.30,0.54,179.53,f_0_h.18,401208129#0_1,56.41,0.00,17.49,veh_human,152.73,57.71,,,,,,,,,
58.30,0.67,179.92,f_0_h.19,:Junc1_18_0,27.60,0.00,15.94,veh_human,152.26,122.32,,,,,,,,,
58.30,1.51,180.22,f_0_h.20,401208128#2_2,54.49,0.00,13.12,veh_human,152.30,169.69,,,,,,,,,
58.30,1.77,180.22,f_0_h.21,401208128#2_2,25.58,0.00,7.98,veh_human,152.41,198.61,,,,,,,,,
58.30,2.00,180.22,f_0_h.22,401208128#2_3,8.12,0.00,2.09,veh_human,155.68,216.06,,,,,,,,,
58.30,1.65,180.22,f_0_h.23,401208128#2_2,8.85,0.00,3.65,veh_human,152.48,215.33,,,,,,,,,
58.30,0.00,359.68,f_11_h.0,401208126#3_6,67.95,0.00,0.00,veh_human,166.36,113.08,,,,,,,,,
58.30,0.00,269.53,f_12_b.0,401217076#2_2,85.64,0.00,0.00,bike_human,214.60,141.34,,,,,,,,,
58.30,0.00,269.60,f_12_h.0,401217076#2_2,111.14,0.00,0.00,veh_human,189.11,141.14,,,,,,,,,
58.30,0.00,269.53,f_12_h.1,401217076#2_3,104.14,0.00,0.00,veh_human,196.10,137.99,,,,,,,,,
58.30,-0.00,269.53,f_12_h.10,401217076#2_3,57.14,0.00,0.00,veh_human,243.11,138.37,,,,,,,,,
58.30,-0.00,269.53,f_12_h.11,401217076#2_3,50.14,0.00,0.00,veh_human,250.11,138.43,,,,,,,,,
58.30,-0.03,269.53,f_12_h.12,401217076#2_3,43.09,0.00,0.04,veh_human,257.16,138.49,,,,,,,,,
58.30,-0.24,269.53,f_12_h.13,401217076#2_3,35.74,0.00,0.31,veh_human,264.51,138.55,,,,,,,,,
58.30,-0.13,269.53,f_12_h.14,401217076#2_2,36.69,0.00,0.14,veh_human,263.54,141.74,,,,,,,,,
58.30,-0.78,269.53,f_12_h.15,401217076#2_2,28.48,0.00,1.06,veh_human,271.75,141.81,,,,,,,,,
58.30,0.28,269.53,f_12_h.16,401217076#2_2,12.56,0.00,4.20,veh_human,287.66,141.94,,,,,,,,,
58.30,0.00,269.53,f_12_h.2,401217076#2_3,97.14,0.00,0.00,veh_human,203.10,138.05,,,,,,,,,
58.30,0.00,269.53,f_12_h.3,401217076#2_2,92.14,0.00,0.00,veh_human,208.10,141.29,,,,,,,,,
58.30,0.00,269.53,f_12_h.4,401217076#2_3,84.14,0.00,0.00,veh_human,216.10,138.15,,,,,,,,,
58.30,0.00,269.53,f_12_h.5,401217076#2_3,71.14,0.00,0.00,veh_human,229.10,138.26,,,,,,,,,
58.30,0.00,269.53,f_12_h.6,401217076#2_2,81.84,0.00,0.00,veh_human,218.40,141.37,,,,,,,,,
58.30,0.00,269.53,f_12_h.7,401217076#2_2,74.84,0.00,0.00,veh_human,225.40,141.43,,,,,,,,,
58.30,0.00,269.53,f_12_h.8,401217076#2_3,64.14,0.00,0.00,veh_human,236.10,138.32,,,,,,,,,
58.30,-0.00,269.53,f_12_h.9,401217076#2_2,55.84,0.00,0.00,veh_human,244.39,141.58,,,,,,,,,
58.30,2.00,269.60,f_14_h.0,401217076#2_1,111.09,0.00,0.20,veh_human,189.16,144.34,,,,,,,,,
58.30,0.00,269.61,f_15_h.0,401217076#2_4,111.13,0.00,0.00,veh_human,189.10,134.74,,,,,,,,,
58.30,2.00,269.53,f_15_h.1,401217076#2_1,6.31,0.00,0.80,veh_human,293.89,145.19,,,,,,,,,
58.30,-2.23,180.22,f_3_h.1,401208128#2_1,72.55,0.00,5.68,veh_human,149.03,151.62,,,,,,,,,
58.30,0.00,89.30,f_4_b.0,405006150#1_2,136.35,0.00,0.00,bike_human,129.10,122.73,,,,,,,,,
58.30,0.00,89.30,f_4_b.1,405006150#1_3,109.34,0.00,0.00,bike_human,102.07,125.61,,,,,,,,,
58.30,-0.01,89.30,f_4_b.2,405006150#1_3,92.02,0.00,0.02,bike_human,84.75,125.40,,,,,,,,,
58.30,-0.28,89.30,f_4_b.3,405006150#1_2,53.48,0.00,6.63,bike_human,46.25,121.73,,,,,,,,,
58.30,1.41,89.30,f_4_b.4,405006150#1_2,6.74,0.00,3.69,bike_human,-0.49,121.16,,,,,,,,,
58.30,0.00,89.30,f_4_h.0,405006150#1_2,149.85,0.00,0.00,veh_human,142.60,122.90,,,,,,,,,
58.30,0.00,89.30,f_4_h.1,405006150#1_3,149.84,0.00,0.00,veh_human,142.57,126.10,,,,,,,,,
58.30,-0.00,89.30,f_4_h.10,405006150#1_2,111.55,0.00,0.00,veh_human,104.30,122.43,,,,,,,,,
58.30,-0.00,89.30,f_4_h.11,405006150#1_3,105.54,0.00,0.00,veh_human,98.27,125.56,,,,,,,,,
58.30,-0.01,89.30,f_4_h.12,405006150#1_2,104.54,0.00,0.01,veh_human,97.29,122.35,,,,,,,,,
58.30,-0.00,89.30,f_4_h.13,405006150#1_3,98.54,0.00,0.00,veh_human,91.27,125.48,,,,,,,,,
58.30,1.28,89.30,f_4_h.14,405006150#1_2,92.76,0.00,1.39,veh_human,85.52,122.21,,,,,,,,,
58.30,-0.10,89.30,f_4_h.15,405006150#1_3,88.07,0.00,0.13,veh_human,80.80,125.35,,,,,,,,,
58.30,0.17,89.30,f_4_h.16,405006150#1_2,84.38,0.00,0.85,veh_human,77.14,122.10,,,,,,,,,
58.30,-0.74,89.30,f_4_h.17,405006150#1_3,79.93,0.00,1.00,veh_human,72.66,125.25,,,,,,,,,
58.30,1.35,89.30,f_4_h.18,405006150#1_3,29.71,0.00,8.03,veh_human,22.44,124.64,,,,,,,,,
58.30,0.00,89.30,f_4_h.2,405006150#1_2,142.85,0.00,0.00,veh_human,135.60,122.81,,,,,,,,,
58.30,0.00,89.30,f_4_h.3,405006150#1_3,142.84,0.00,0.00,veh_human,135.57,126.01,,,,,,,,,
58.30,0.00,89.30,f_4_h.4,405006150#1_3,129.84,0.00,0.00,veh_human,122.57,125.86,,,,,,,,,
58.30,0.00,89.30,f_4_h.5,405006150#1_3,122.84,0.00,0.00,veh_human,115.57,125.77,,,,,,,,,
58.30,0.00,89.30,f_4_h.6,405006150#1_3,115.84,0.00,0.00,veh_human,108.57,125.69,,,,,,,,,
58.30,0.00,89.30,f_4_h.7,405006150#1_2,132.55,0.00,0.00,veh_human,125.30,122.69,,,,,,,,,
58.30,0.00,89.30,f_4_h.8,405006150#1_2,125.55,0.00,0.00,veh_human,118.30,122.60,,,,,,,,,
58.30,-0.00,89.30,f_4_h.9,405006150#1_2,118.55,0.00,0.00,veh_human,111.30,122.52,,,,,,,,,
58.30,0.00,89.30,f_5_b.0,405006150#1_1,149.85,0.00,0.00,bike_human,142.63,119.70,,,,,,,,,
58.30,2.00,89.30,f_5_h.0,405006150#1_1,5.30,0.00,0.80,veh_human,-1.89,117.94,,,,,,,,,
58.30,-2.56,89.31,f_6_h.0,405006150#1_4,140.25,0.00,5.83,veh_human,132.95,129.18,,,,,,,,,
58.30,-0.71,89.31,f_6_h.1,405006150#1_4,99.09,0.00,12.63,veh_human,91.79,128.68,,,,,,,,,
58.30,1.98,89.31,f_6_h.2,405006150#1_4,11.95,0.00,4.59,veh_human,4.64,127.62,,,,,,,,,
58.30,0.00,359.97,f_8_b.0,401208131#0_2,40.70,0.00,7.50,bike_human,176.33,190.62,,,,,,,,,
58.30,-0.31,359.97,f_8_h.15,401208131#0_2,25.27,0.00,7.94,veh_human,176.34,175.19,,,,,,,,,
58.30,-0.43,0.61,f_8_h.17,:Junc1_6_1,22.71,0.00,13.37,veh_human,176.21,136.75,,,,,,,,,
58.30,0.94,0.16,f_8_h.18,401208131#0_1,3.47,0.00,16.73,veh_human,179.55,153.40,,,,,,,,,
58.30,1.28,359.68,f_8_h.19,401208126#3_2,62.85,0.00,13.60,veh_human,179.19,107.92,,,,,,,,,
58.30,1.73,359.68,f_8_h.20,401208126#3_2,30.48,0.00,9.09,veh_human,179.37,75.56,,,,,,,,,
58.30,0.51,179.53,fc_00.3,401208129#0_1,37.03,0.00,16.50,veh_av,152.57,77.09,,,,,,,,,
58.30,3.50,180.22,fc_00.4,401208128#2_1,5.31,0.00,1.05,veh_av,149.29,218.90,,,,,,,,,
58.30,0.00,89.30,fc_04.0,405006150#1_3,136.84,0.00,0.00,veh_av,129.57,125.94,,,,,,,,,
58.30,-0.00,89.30,fc_04.1,405006150#1_1,105.54,0.00,0.00,veh_av,98.33,119.16,,,,,,,,,
58.30,0.00,89.30,fc_04.2,405006150#1_1,98.58,0.00,0.00,veh_av,91.37,119.08,,,,,,,,,
58.30,-2.41,89.30,fc_04.3,405006150#1_3,58.81,0.00,9.80,veh_av,51.54,124.99,,,,,,,,,
58.30,1.29,359.97,fc_08.4,401208131#0_1,56.52,0.00,17.64,veh_av,179.52,206.44,,,,,,,,,
58.30,3.32,359.68,fc_08.5,401208126#3_3,13.72,0.00,7.02,veh_av,176.26,58.81,,,,,,,,,
58.30,2.27,359.68,fc_08.6,401208126#3_2,17.35,0.00,8.17,veh_av,179.44,62.44,,,,,,,,,
58.30,3.37,359.68,fc_08.7,401208126#3_2,6.50,0.00,2.32,veh_av,179.50,51.60,,,,,,,,,
58.30,-1.94,359.68,fc_08.8,401208126#3_1,5.37,0.00,0.27,veh_av,182.71,50.49,,,,,,,,,
58.30,0.00,269.61,fc_12.0,401217076#2_3,111.14,0.00,0.00,veh_av,189.10,137.94,,,,,,,,,
58.30,0.00,269.53,fc_12.1,401217076#2_2,105.14,0.00,0.00,veh_av,195.11,141.18,,,,,,,,,
58.30,0.00,269.53,fc_12.2,401217076#2_2,99.14,0.00,0.00,veh_av,201.11,141.23,,,,,,,,,
58.30,0.00,269.53,fc_12.3,401217076#2_3,91.14,0.00,0.00,veh_av,209.10,138.10,,,,,,,,,
58.30,0.00,269.53,fc_12.4,401217076#2_3,78.14,0.00,0.00,veh_av,222.10,138.20,,,,,,,,,
58.30,0.00,269.53,fc_12.5,401217076#2_2,68.84,0.00,0.00,veh_av,231.40,141.48,,,,,,,,,
58.30,0.00,269.53,fc_12.6,401217076#2_2,62.84,0.00,0.00,veh_av,237.40,141.53,,,,,,,,,
58.30,-0.00,269.53,fc_12.7,401217076#2_2,49.84,0.00,0.00,veh_av,250.39,141.63,,,,,,,,,
58.30,-0.00,269.53,fc_12.8,401217076#2_2,43.84,0.00,0.00,veh_av,256.39,141.68,,,,,,,,,
58.30,-2.69,269.53,fc_12.9,401217076#2_3,27.51,0.00,3.14,veh_av,272.73,138.62,,,,,,,,,
58.30,-1.68,269.53,fc_14.0,401217076#2_1,79.18,0.00,11.77,veh_av,221.05,144.59,,,,,,,,,
58.30,,,,,,,,,,,359.68,401208126#3,p_8.1,10.86,0.00,0.95,ped_human,185.88,55.99
58.30,,,,,,,,,,,359.68,401208126#3,p_8.0,62.34,0.00,1.27,ped_human,185.59,107.38
58.30,,,,,,,,,,,180.22,401208128#2,p_3.0,2.55,0.00,1.24,ped_human,146.10,221.67
58.30,,,,,,,,,,,89.30,405006150#1,p_4.0,20.86,0.00,1.23,ped_human,13.70,114.93
58.40,0.52,179.53,f_0_h.18,401208129#0_1,58.17,0.00,17.55,veh_human,152.74,55.95,,,,,,,,,
58.40,0.65,179.92,f_0_h.19,:Junc1_18_0,29.20,0.00,16.00,veh_human,152.26,120.72,,,,,,,,,
58.40,1.49,180.22,f_0_h.20,401208128#2_2,55.82,0.00,13.27,veh_human,152.29,168.36,,,,,,,,,
58.40,1.76,180.22,f_0_h.21,401208128#2_2,26.39,0.00,8.16,veh_human,152.41,197.79,,,,,,,,,
58.40,2.00,180.22,f_0_h.22,401208128#2_3,8.35,0.00,2.29,veh_human,155.68,215.83,,,,,,,,,
58.40,1.66,180.22,f_0_h.23,401208128#2_2,9.24,0.00,3.81,veh_human,152.47,214.95,,,,,,,,,
58.40,0.00,359.68,f_11_h.0,401208126#3_6,67.95,0.00,0.00,veh_human,166.36,113.08,,,,,,,,,
58.40,0.00,269.53,f_12_b.0,401217076#2_2,85.64,0.00,0.00,bike_human,214.60,141.34,,,,,,,,,
58.40,0.00,269.60,f_12_h.0,401217076#2_2,111.14,0.00,0.00,veh_human,189.11,141.14,,,,,,,,,
58.40,0.00,269.53,f_12_h.1,401217076#2_3,104.14,0.00,0.00,veh_human,196.10,137.99,,,,,,,,,
58.40,-0.00,269.53,f_12_h.10,401217076#2_3,57.14,0.00,0.00,veh_human,243.11,138.37,,,,,,,,,
58.40,-0.00,269.53,f_12_h.11,401217076#2_3,50.14,0.00,0.00,veh_human,250.11,138.43,,,,,,,,,
58.40,-0.03,269.53,f_12_h.12,401217076#2_3,43.09,0.00,0.04,veh_human,257.15,138.49,,,,,,,,,
58.40,-0.22,269.53,f_12_h.13,401217076#2_3,35.77,0.00,0.29,veh_human,264.48,138.55,,,,,,,,,
58.40,-0.12,269.53,f_12_h.14,401217076#2_2,36.71,0.00,0.12,veh_human,263.52,141.74,,,,,,,,,
58.40,-0.73,269.53,f_12_h.15,401217076#2_2,28.57,0.00,0.99,veh_human,271.65,141.81,,,,,,,,,
58.40,0.14,269.53,f_12_h.16,401217076#2_2,12.98,0.00,4.22,veh_human,287.24,141.93,,,,,,,,,
58.40,0.00,269.53,f_12_h.2,401217076#2_3,97.14,0.00,0.00,veh_human,203.10,138.05,,,,,,,,,
58.40,0.00,269.53,f_12_h.3,401217076#2_2,92.14,0.00,0.00,veh_human,208.10,141.29,,,,,,,,,
58.40,0.00,269.53,f_12_h.4,401217076#2_3,84.14,0.00,0.00,veh_human,216.10,138.15,,,,,,,,,
58.40,0.00,269.53,f_12_h.5,401217076#2_3,71.14,0.00,0.00,veh_human,229.10,138.26,,,,,,,,,
58.40,0.00,269.53,f_12_h.6,401217076#2_2,81.84,0.00,0.00,veh_human,218.40,141.37,,,,,,,,,
58.40,0.00,269.53,f_12_h.7,401217076#2_2,74.84,0.00,0.00,veh_human,225.40,141.43,,,,,,,,,
58.40,0.00,269.53,f_12_h.8,401217076#2_3,64.14,0.00,0.00,veh_human,236.10,138.32,,,,,,,,,
58.40,-0.00,269.53,f_12_h.9,401217076#2_2,55.84,0.00,0.00,veh_human,244.39,141.58,,,,,,,,,
58.40,-2.00,269.60,f_14_h.0,401217076#2_1,111.09,0.00,0.00,veh_human,189.16,144.34,,,,,,,,,
58.40,0.00,269.61,f_15_h.0,401217076#2_4,111.13,0.00,0.00,veh_human,189.10,134.74,,,,,,,,,
58.40,2.00,269.53,f_15_h.1,401217076#2_1,6.41,0.00,1.00,veh_human,293.79,145.19,,,,,,,,,
58.40,-2.27,180.22,f_3_h.1,401208128#2_1,73.10,0.00,5.45,veh_human,149.02,151.07,,,,,,,,,
58.40,0.00,89.30,f_4_b.0,405006150#1_2,136.35,0.00,0.00,bike_human,129.10,122.73,,,,,,,,,
58.40,0.00,89.30,f_4_b.1,405006150#1_3,109.34,0.00,0.00,bike_human,102.07,125.61,,,,,,,,,
58.40,-0.01,89.30,f_4_b.2,405006150#1_3,92.03,0.00,0.02,bike_human,84.76,125.40,,,,,,,,,
58.40,-0.29,89.30,f_4_b.3,405006150#1_2,54.14,0.00,6.60,bike_human,46.91,121.74,,,,,,,,,
58.40,1.40,89.30,f_4_b.4,405006150#1_2,7.13,0.00,3.83,bike_human,-0.10,121.17,,,,,,,,,
58.40,0.00,89.30,f_4_h.0,405006150#1_2,149.85,0.00,0.00,veh_human,142.60,122.90,,,,,,,,,
58.40,0.00,89.30,f_4_h.1,405006150#1_3,149.84,0.00,0.00,veh_human,142.57,126.10,,,,,,,,,
58.40,-0.00,89.30,f_4_h.10,405006150#1_2,111.55,0.00,0.00,veh_human,104.30,122.43,,,,,,,,,
58.40,-0.00,89.30,f_4_h.11,405006150#1_3,105.54,0.00,0.00,veh_human,98.27,125.56,,,,,,,,,
58.40,-0.01,89.30,f_4_h.12,405006150#1_2,104.54,0.00,0.01,veh_human,97.29,122.35,,,,,,,,,
58.40,-0.00,89.30,f_4_h.13,405006150#1_3,98.54,0.00,0.00,veh_human,91.27,125.48,,,,,,,,,
58.40,1.15,89.30,f_4_h.14,405006150#1_2,92.91,0.00,1.51,veh_human,85.67,122.21,,,,,,,,,
58.40,-0.10,89.30,f_4_h.15,405006150#1_3,88.08,0.00,0.13,veh_human,80.81,125.35,,,,,,,,,
58.40,0.22,89.30,f_4_h.16,405006150#1_2,84.47,0.00,0.87,veh_human,77.23,122.10,,,,,,,,,
58.40,-0.69,89.30,f_4_h.17,405006150#1_3,80.03,0.00,0.93,veh_human,72.76,125.25,,,,,,,,,
58.40,1.29,89.30,f_4_h.18,405006150#1_3,30.53,0.00,8.15,veh_human,23.26,124.65,,,,,,,,,
58.40,0.00,89.30,f_4_h.2,405006150#1_2,142.85,0.00,0.00,veh_human,135.60,122.81,,,,,,,,,
58.40,0.00,89.30,f_4_h.3,405006150#1_3,142.84,0.00,0.00,veh_human,135.57,126.01,,,,,,,,,
58.40,0.00,89.30,f_4_h.4,405006150#1_3,129.84,0.00,0.00,veh_human,122.57,125.86,,,,,,,,,
58.40,0.00,89.30,f_4_h.5,405006150#1_3,122.84,0.00,0.00,veh_human,115.57,125.77,,,,,,,,,
58.40,0.00,89.30,f_4_h.6,405006150#1_3,115.84,0.00,0.00,veh_human,108.57,125.69,,,,,,,,,
58.40,0.00,89.30,f_4_h.7,405006150#1_2,132.55,0.00,0.00,veh_human,125.30,122.69,,,,,,,,,
58.40,0.00,89.30,f_4_h.8,405006150#1_2,125.55,0.00,0.00,veh_human,118.30,122.60,,,,,,,,,
58.40,-0.00,89.30,f_4_h.9,405006150#1_2,118.55,0.00,0.00,veh_human,111.30,122.52,,,,,,,,,
58.40,0.00,89.30,f_5_b.0,405006150#1_1,149.85,0.00,0.00,bike_human,142.63,119.70,,,,,,,,,
58.40,2.00,89.30,f_5_h.0,405006150#1_1,5.40,0.00,1.00,veh_human,-1.79,117.95,,,,,,,,,
58.40,-2.54,89.31,f_6_h.0,405006150#1_4,140.81,0.00,5.57,veh_human,133.51,129.19,,,,,,,,,
58.40,-0.78,89.31,f_6_h.1,405006150#1_4,100.35,0.00,12.56,veh_human,93.05,128.70,,,,,,,,,
58.40,1.98,89.31,f_6_h.2,405006150#1_4,12.43,0.00,4.79,veh_human,5.12,127.63,,,,,,,,,
58.40,0.00,359.97,f_8_b.0,401208131#0_2,41.45,0.00,7.50,bike_human,176.33,191.37,,,,,,,,,
58.40,-0.30,359.97,f_8_h.15,401208131#0_2,26.06,0.00,7.91,veh_human,176.34,175.98,,,,,,,,,
58.40,-0.47,0.61,f_8_h.17,:Junc1_6_1,24.04,0.00,13.32,veh_human,176.22,138.08,,,,,,,,,
58.40,-4.50,359.97,f_8_h.18,401208131#0_1,5.10,0.00,16.28,veh_human,179.55,155.03,,,,,,,,,
58.40,1.26,359.68,f_8_h.19,401208126#3_2,64.23,0.00,13.73,veh_human,179.18,109.29,,,,,,,,,
58.40,1.72,359.68,f_8_h.20,401208126#3_2,31.41,0.00,9.26,veh_human,179.37,76.49,,,,,,,,,
58.40,0.50,179.53,fc_00.3,401208129#0_1,38.69,0.00,16.55,veh_av,152.58,75.44,,,,,,,,,
58.40,3.50,180.22,fc_00.4,401208128#2_1,5.45,0.00,1.40,veh_av,149.29,218.76,,,,,,,,,
58.40,0.00,89.30,fc_04.0,405006150#1_3,136.84,0.00,0.00,veh_av,129.57,125.94,,,,,,,,,
58.40,-0.00,89.30,fc_04.1,405006150#1_1,105.54,0.00,0.00,veh_av,98.33,119.16,,,,,,,,,
58.40,0.00,89.30,fc_04.2,405006150#1_1,98.58,0.00,0.00,veh_av,91.37,119.08,,,,,,,,,
58.40,-2.54,89.30,fc_04.3,405006150#1_3,59.77,0.00,9.54,veh_av,52.50,125.01,,,,,,,,,
58.40,1.23,359.97,fc_08.4,401208131#0_1,58.30,0.00,17.76,veh_av,179.52,208.22,,,,,,,,,
58.40,3.29,359.68,fc_08.5,401208126#3_3,14.46,0.00,7.35,veh_av,176.26,59.55,,,,,,,,,
58.40,2.20,359.68,fc_08.6,401208126#3_2,18.19,0.00,8.39,veh_av,179.44,63.28,,,,,,,,,
58.40,3.40,359.68,fc_08.7,401208126#3_2,6.77,0.00,2.66,veh_av,179.50,51.86,,,,,,,,,
58.40,-1.94,359.68,fc_08.8,401208126#3_1,5.38,0.00,0.08,veh_av,182.71,50.49,,,,,,,,,
58.40,0.00,269.61,fc_12.0,401217076#2_3,111.14,0.00,0.00,veh_av,189.10,137.94,,,,,,,,,
58.40,0.00,269.53,fc_12.1,401217076#2_2,105.14,0.00,0.00,veh_av,195.11,141.18,,,,,,,,,
58.40,0.00,269.53,fc_12.2,401217076#2_2,99.14,0.00,0.00,veh_av,201.11,141.23,,,,,,,,,
58.40,0.00,269.53,fc_12.3,401217076#2_3,91.14,0.00,0.00,veh_av,209.10,138.10,,,,,,,,,
58.40,0.00,269.53,fc_12.4,401217076#2_3,78.14,0.00,0.00,veh_av,222.10,138.20,,,,,,,,,
58.40,0.00,269.53,fc_12.5,401217076#2_2,68.84,0.00,0.00,veh_av,231.40,141.48,,,,,,,,,
58.40,0.00,269.53,fc_12.6,401217076#2_2,62.84,0.00,0.00,veh_av,237.40,141.53,,,,,,,,,
58.40,-0.00,269.53,fc_12.7,401217076#2_2,49.84,0.00,0.00,veh_av,250.39,141.63,,,,,,,,,
58.40,-0.00,269.53,fc_12.8,401217076#2_2,43.84,0.00,0.00,veh_av,256.39,141.68,,,,,,,,,
58.40,-2.60,269.53,fc_12.9,401217076#2_3,27.80,0.00,2.88,veh_av,272.45,138.61,,,,,,,,,
58.40,-1.66,269.53,fc_14.0,401217076#2_1,80.34,0.00,11.60,veh_av,219.89,144.59,,,,,,,,,
58.40,,,,,,,,,,,359.68,401208126#3,p_8.1,10.97,0.00,1.06,ped_human,185.88,56.10
58.40,,,,,,,,,,,359.68,401208126#3,p_8.0,62.47,0.00,1.26,ped_human,185.59,107.51
58.40,,,,,,,,,,,180.22,401208128#2,p_3.0,2.67,0.00,1.19,ped_human,146.10,221.55
58.40,,,,,,,,,,,89.30,405006150#1,p_4.0,20.99,0.00,1.30,ped_human,13.83,114.93
58.50,0.50,179.53,f_0_h.18,401208129#0_1,59.93,0.00,17.60,veh_human,152.76,54.19,,,,,,,,,
58.50,0.64,179.92,f_0_h.19,:Junc1_18_0,30.81,0.00,16.06,veh_human,152.26,119.12,,,,,,,,,
58.50,1.47,180.22,f_0_h.20,401208128#2_2,57.16,0.00,13.41,veh_human,152.29,167.02,,,,,,,,,
58.50,1.76,180.22,f_0_h.21,401208128#2_2,27.23,0.00,8.34,veh_human,152.40,196.96,,,,,,,,,
58.50,2.00,180.22,f_0_h.22,401208128#2_3,8.60,0.00,2.49,veh_human,155.68,215.58,,,,,,,,,
58.50,1.67,180.22,f_0_h.23,401208128#2_2,9.63,0.00,3.98,veh_human,152.47,214.55,,,,,,,,,
58.50,0.00,359.68,f_11_h.0,401208126#3_6,67.95,0.00,0.00,veh_human,166.36,113.08,,,,,,,,,
58.50,0.00,269.53,f_12_b.0,401217076#2_2,85.64,0.00,0.00,bike_human,214.60,141.34,,,,,,,,,
58.50,0.00,269.60,f_12_h.0,401217076#2_2,111.14,0.00,0.00,veh_human,189.11,141.14,,,,,,,,,
58.50,0.00,269.53,f_12_h.1,401217076#2_3,104.14,0.00,0.00,veh_human,196.10,137.99,,,,,,,,,
58.50,-0.00,269.53,f_12_h.10,401217076#2_3,57.14,0.00,0.00,veh_human,243.11,138.37,,,,,,,,,
58.50,-0.00,269.53,f_12_h.11,401217076#2_3,50.14,0.00,0.00,veh_human,250.11,138.43,,,,,,,,,
58.50,-0.03,269.53,f_12_h.12,401217076#2_3,43.10,0.00,0.03,veh_human,257.15,138.49,,,,,,,,,
58.50,-0.21,269.53,f_12_h.13,401217076#2_3,35.79,0.00,0.27,veh_human,264.45,138.55,,,,,,,,,
58.50,-0.11,269.53,f_12_h.14,401217076#2_2,36.72,0.00,0.11,veh_human,263.51,141.74,,,,,,,,,
58.50,-0.69,269.53,f_12_h.15,401217076#2_2,28.67,0.00,0.92,veh_human,271.56,141.81,,,,,,,,,
58.50,-0.01,269.53,f_12_h.16,401217076#2_2,13.40,0.00,4.22,veh_human,286.82,141.93,,,,,,,,,
58.50,0.00,269.53,f_12_h.2,401217076#2_3,97.14,0.00,0.00,veh_human,203.10,138.05,,,,,,,,,
58.50,0.00,269.53,f_12_h.3,401217076#2_2,92.14,0.00,0.00,veh_human,208.10,141.29,,,,,,,,,
58.50,0.00,269.53,f_12_h.4,401217076#2_3,84.14,0.00,0.00,veh_human,216.10,138.15,,,,,,,,,
58.50,0.00,269.53,f_12_h.5,401217076#2_3,71.14,0.00,0.00,veh_human,229.10,138.26,,,,,,,,,
58.50,0.00,269.53,f_12_h.6,401217076#2_2,81.84,0.00,0.00,veh_human,218.40,141.37,,,,,,,,,
58.50,0.00,269.53,f_12_h.7,401217076#2_2,74.84,0.00,0.00,veh_human,225.40,141.43,,,,,,,,,
58.50,0.00,269.53,f_12_h.8,401217076#2_3,64.14,0.00,0.00,veh_human,236.10,138.32,,,,,,,,,
58.50,-0.00,269.53,f_12_h.9,401217076#2_2,55.84,0.00,0.00,veh_human,244.39,141.58,,,,,,,,,
58.50,2.00,269.60,f_14_h.0,401217076#2_1,111.11,0.00,0.20,veh_human,189.14,144.34,,,,,,,,,
58.50,0.00,269.61,f_15_h.0,401217076#2_4,111.13,0.00,0.00,veh_human,189.10,134.74,,,,,,,,,
58.50,-1.94,269.53,f_15_h.1,401217076#2_1,6.49,0.00,0.80,veh_human,293.71,145.19,,,,,,,,,
58.50,-2.29,180.22,f_3_h.1,401208128#2_1,73.62,0.00,5.22,veh_human,149.02,150.55,,,,,,,,,
58.50,0.00,89.30,f_4_b.0,405006150#1_2,136.35,0.00,0.00,bike_human,129.10,122.73,,,,,,,,,
58.50,0.00,89.30,f_4_b.1,405006150#1_3,109.34,0.00,0.00,bike_human,102.07,125.61,,,,,,,,,
58.50,-0.01,89.30,f_4_b.2,405006150#1_3,92.03,0.00,0.01,bike_human,84.76,125.40,,,,,,,,,
58.50,-0.30,89.30,f_4_b.3,405006150#1_2,54.80,0.00,6.57,bike_human,47.56,121.74,,,,,,,,,
58.50,1.38,89.30,f_4_b.4,405006150#1_2,7.52,0.00,3.97,bike_human,0.29,121.17,,,,,,,,,
58.50,0.00,89.30,f_4_h.0,405006150#1_2,149.85,0.00,0.00,veh_human,142.60,122.90,,,,,,,,,
58.50,0.00,89.30,f_4_h.1,405006150#1_3,149.84,0.00,0.00,veh_human,142.57,126.10,,,,,,,,,
58.50,-0.00,89.30,f_4_h.10,405006150#1_2,111.55,0.00,0.00,veh_human,104.30,122.43,,,,,,,,,
58.50,-0.00,89.30,f_4_h.11,405006150#1_3,105.54,0.00,0.00,veh_human,98.27,125.56,,,,,,,,,
58.50,-0.01,89.30,f_4_h.12,405006150#1_2,104.54,0.00,0.01,veh_human,97.30,122.35,,,,,,,,,
58.50,-0.00,89.30,f_4_h.13,405006150#1_3,98.54,0.00,0.00,veh_human,91.27,125.48,,,,,,,,,
58.50,1.02,89.30,f_4_h.14,405006150#1_2,93.08,0.00,1.61,veh_human,85.83,122.21,,,,,,,,,
58.50,-0.09,89.30,f_4_h.15,405006150#1_3,88.10,0.00,0.12,veh_human,80.83,125.35,,,,,,,,,
58.50,0.26,89.30,f_4_h.16,405006150#1_2,84.56,0.00,0.90,veh_human,77.32,122.11,,,,,,,,,
58.50,-0.65,89.30,f_4_h.17,405006150#1_3,80.11,0.00,0.86,veh_human,72.84,125.25,,,,,,,,,
58.50,1.23,89.30,f_4_h.18,405006150#1_3,31.36,0.00,8.28,veh_human,24.09,124.66,,,,,,,,,
58.50,0.00,89.30,f_4_h.2,405006150#1_2,142.85,0.00,0.00,veh_human,135.60,122.81,,,,,,,,,
58.50,0.00,89.30,f_4_h.3,405006150#1_3,142.84,0.00,0.00,veh_human,135.57,126.01,,,,,,,,,
58.50,0.00,89.30,f_4_h.4,405006150#1_3,129.84,0.00,0.00,veh_human,122.57,125.86,,,,,,,,,
58.50,0.00,89.30,f_4_h.5,405006150#1_3,122.84,0.00,0.00,veh_human,115.57,125.77,,,,,,,,,
58.50,0.00,89.30,f_4_h.6,405006150#1_3,115.84,0.00,0.00,veh_human,108.57,125.69,,,,,,,,,
58.50,0.00,89.30,f_4_h.7,405006150#1_2,132.55,0.00,0.00,veh_human,125.30,122.69,,,,,,,,,
58.50,0.00,89.30,f_4_h.8,405006150#1_2,125.55,0.00,0.00,veh_human,118.30,122.60,,,,,,,,,
58.50,-0.00,89.30,f_4_h.9,405006150#1_2,118.55,0.00,0.00,veh_human,111.30,122.52,,,,,,,,,
58.50,0.00,89.30,f_5_b.0,405006150#1_1,149.85,0.00,0.00,bike_human,142.63,119.70,,,,,,,,,
58.50,2.00,89.30,f_5_h.0,405006150#1_1,5.52,0.00,1.20,veh_human,-1.67,117.95,,,,,,,,,
58.50,-2.52,89.31,f_6_h.0,405006150#1_4,141.34,0.00,5.32,veh_human,134.04,129.19,,,,,,,,,
58.50,-0.85,89.31,f_6_h.1,405006150#1_4,101.60,0.00,12.47,veh_human,94.29,128.71,,,,,,,,,
58.50,1.98,89.31,f_6_h.2,405006150#1_4,12.92,0.00,4.98,veh_human,5.62,127.64,,,,,,,,,
58.50,0.00,359.97,f_8_b.0,401208131#0_2,42.20,0.00,7.50,bike_human,176.33,192.12,,,,,,,,,
58.50,-0.28,359.97,f_8_h.15,401208131#0_2,26.85,0.00,7.88,veh_human,176.34,176.77,,,,,,,,,
58.50,-0.52,0.61,f_8_h.17,:Junc1_6_1,25.37,0.00,13.27,veh_human,176.24,139.41,,,,,,,,,
58.50,1.07,359.97,f_8_h.18,401208131#0_1,6.74,0.00,16.38,veh_human,179.55,156.67,,,,,,,,,
58.50,1.19,359.68,f_8_h.19,401208126#3_2,65.61,0.00,13.85,veh_human,179.18,110.67,,,,,,,,,
58.50,1.71,359.68,f_8_h.20,401208126#3_2,32.35,0.00,9.43,veh_human,179.36,77.43,,,,,,,,,
58.50,0.49,179.53,fc_00.3,401208129#0_1,40.35,0.00,16.60,veh_av,152.60,73.78,,,,,,,,,
58.50,-1.94,180.22,fc_00.4,401208128#2_1,5.57,0.00,1.21,veh_av,149.29,218.64,,,,,,,,,
58.50,0.00,89.30,fc_04.0,405006150#1_3,136.84,0.00,0.00,veh_av,129.57,125.94,,,,,,,,,
58.50,-0.00,89.30,fc_04.1,405006150#1_1,105.54,0.00,0.00,veh_av,98.33,119.16,,,,,,,,,
58.50,0.00,89.30,fc_04.2,405006150#1_1,98.58,0.00,0.00,veh_av,91.37,119.08,,,,,,,,,
58.50,-2.66,89.30,fc_04.3,405006150#1_3,60.70,0.00,9.28,veh_av,53.43,125.02,,,,,,,,,
58.50,1.16,359.97,fc_08.4,401208131#0_1,60.08,0.00,17.88,veh_av,179.52,210.01,,,,,,,,,
58.50,3.24,359.68,fc_08.5,401208126#3_3,15.22,0.00,7.67,veh_av,176.26,60.31,,,,,,,,,
58.50,2.13,359.68,fc_08.6,401208126#3_2,19.05,0.00,8.60,veh_av,179.43,64.14,,,,,,,,,
58.50,3.41,359.68,fc_08.7,401208126#3_2,7.07,0.00,3.00,veh_av,179.50,52.16,,,,,,,,,
58.50,-0.78,359.68,fc_08.8,401208126#3_1,5.38,0.00,0.00,veh_av,182.71,50.49,,,,,,,,,
58.50,0.00,269.61,fc_12.0,401217076#2_3,111.14,0.00,0.00,veh_av,189.10,137.94,,,,,,,,,
58.50,0.00,269.53,fc_12.1,401217076#2_2,105.14,0.00,0.00,veh_av,195.11,141.18,,,,,,,,,
58.50,0.00,269.53,fc_12.2,401217076#2_2,99.14,0.00,0.00,veh_av,201.11,141.23,,,,,,,,,
58.50,0.00,269.53,fc_12.3,401217076#2_3,91.14,0.00,0.00,veh_av,209.10,138.10,,,,,,,,,
58.50,0.00,269.53,fc_12.4,401217076#2_3,78.14,0.00,0.00,veh_av,222.10,138.20,,,,,,,,,
58.50,0.00,269.53,fc_12.5,401217076#2_2,68.84,0.00,0.00,veh_av,231.40,141.48,,,,,,,,,
58.50,0.00,269.53,fc_12.6,401217076#2_2,62.84,0.00,0.00,veh_av,237.40,141.53,,,,,,,,,
58.50,-0.00,269.53,fc_12.7,401217076#2_2,49.84,0.00,0.00,veh_av,250.39,141.63,,,,,,,,,
58.50,-0.00,269.53,fc_12.8,401217076#2_2,43.84,0.00,0.00,veh_av,256.39,141.68,,,,,,,,,
58.50,-2.49,269.53,fc_12.9,401217076#2_3,28.06,0.00,2.63,veh_av,272.18,138.61,,,,,,,,,
58.50,-1.88,269.53,fc_14.0,401217076#2_1,81.49,0.00,11.41,veh_av,218.75,144.58,,,,,,,,,
58.50,,,,,,,,,,,359.68,401208126#3,p_8.1,11.07,0.00,0.99,ped_human,185.88,56.20
58.50,,,,,,,,,,,359.68,401208126#3,p_8.0,62.58,0.00,1.14,ped_human,185.59,107.62
58.50,,,,,,,,,,,180.22,401208128#2,p_3.0,2.80,0.00,1.25,ped_human,146.10,221.42
58.50,,,,,,,,,,,89.30,405006150#1,p_4.0,21.13,0.00,1.42,ped_human,13.97,114.94
58.60,0.49,179.53,f_0_h.18,401208129#0_1,61.69,0.00,17.65,veh_human,152.77,52.42,,,,,,,,,
58.60,0.62,179.92,f_0_h.19,:Junc1_18_0,32.42,0.00,16.13,veh_human,152.27,117.50,,,,,,,,,
58.60,1.45,180.22,f_0_h.20,401208128#2_2,58.52,0.00,13.56,veh_human,152.28,165.67,,,,,,,,,
58.60,1.75,180.22,f_0_h.21,401208128#2_2,28.08,0.00,8.51,veh_human,152.40,196.11,,,,,,,,,
58.60,2.00,180.22,f_0_h.22,401208128#2_3,8.87,0.00,2.69,veh_human,155.68,215.31,,,,,,,,,
58.60,1.67,180.22,f_0_h.23,401208128#2_2,10.05,0.00,4.15,veh_human,152.47,214.14,,,,,,,,,
58.60,0.00,359.68,f_11_h.0,401208126#3_6,67.95,0.00,0.00,veh_human,166.36,113.08,,,,,,,,,
58.60,0.00,269.53,f_12_b.0,401217076#2_2,85.64,0.00,0.00,bike_human,214.60,141.34,,,,,,,,,
58.60,0.00,269.60,f_12_h.0,401217076#2_2,111.14,0.00,0.00,veh_human,189.11,141.14,,,,,,,,,
58.60,0.00,269.53,f_12_h.1,401217076#2_3,104.14,0.00,0.00,veh_human,196.10,137.99,,,,,,,,,
58.60,-0.00,269.53,f_12_h.10,401217076#2_3,57.14,0.00,0.00,veh_human,243.11,138.37,,,,,,,,,
58.60,-0.00,269.53,f_12_h.11,401217076#2_3,50.14,0.00,0.00,veh_human,250.11,138.43,,,,,,,,,
58.60,-0.03,269.53,f_12_h.12,401217076#2_3,43.10,0.00,0.03,veh_human,257.15,138.49,,,,,,,,,
58.60,-0.19,269.53,f_12_h.13,401217076#2_3,35.82,0.00,0.25,veh_human,264.43,138.55,,,,,,,,,
58.60,-0.10,269.53,f_12_h.14,401217076#2_2,36.73,0.00,0.10,veh_human,263.50,141.74,,,,,,,,,
58.60,-0.64,269.53,f_12_h.15,401217076#2_2,28.75,0.00,0.86,veh_human,271.47,141.81,,,,,,,,,
58.60,-0.16,269.53,f_12_h.16,401217076#2_2,13.82,0.00,4.20,veh_human,286.40,141.93,,,,,,,,,
58.60,0.00,269.53,f_12_h.2,401217076#2_3,97.14,0.00,0.00,veh_human,203.10,138.05,,,,,,,,,
58.60,0.00,269.53,f_12_h.3,401217076#2_2,92.14,0.00,0.00,veh_human,208.10,141.29,,,,,,,,,
58.60,0.00,269.53,f_12_h.4,401217076#2_3,84.14,0.00,0.00,veh_human,216.10,138.15,,,,,,,,,
58.60,0.00,269.53,f_12_h.5,401217076#2_3,71.14,0.00,0.00,veh_human,229.10,138.26,,,,,,,,,
58.60,0.00,269.53,f_12_h.6,401217076#2_2,81.84,0.00,0.00,veh_human,218.40,141.37,,,,,,,,,
58.60,0.00,269.53,f_12_h.7,401217076#2_2,74.84,0.00,0.00,veh_human,225.40,141.43,,,,,,,,,
58.60,0.00,269.53,f_12_h.8,401217076#2_3,64.14,0.00,0.00,veh_human,236.10,138.32,,,,,,,,,
58.60,-0.00,269.53,f_12_h.9,401217076#2_2,55.84,0.00,0.00,veh_human,244.39,141.58,,,,,,,,,
58.60,-2.00,269.60,f_14_h.0,401217076#2_1,111.11,0.00,0.00,veh_human,189.14,144.34,,,,,,,,,
58.60,0.00,269.61,f_15_h.0,401217076#2_4,111.13,0.00,0.00,veh_human,189.10,134.74,,,,,,,,,
58.60,-1.94,269.53,f_15_h.1,401217076#2_1,6.55,0.00,0.61,veh_human,293.65,145.19,,,,,,,,,
58.60,-2.30,180.22,f_3_h.1,401208128#2_1,74.12,0.00,4.99,veh_human,149.02,150.05,,,,,,,,,
58.60,0.00,89.30,f_4_b.0,405006150#1_2,136.35,0.00,0.00,bike_human,129.10,122.73,,,,,,,,,
58.60,0.00,89.30,f_4_b.1,405006150#1_3,109.34,0.00,0.00,bike_human,102.07,125.61,,,,,,,,,
58.60,-0.01,89.30,f_4_b.2,405006150#1_3,92.03,0.00,0.01,bike_human,84.76,125.40,,,,,,,,,
58.60,-0.31,89.30,f_4_b.3,405006150#1_2,55.45,0.00,6.54,bike_human,48.22,121.75,,,,,,,,,
58.60,1.36,89.30,f_4_b.4,405006150#1_2,7.93,0.00,4.10,bike_human,0.70,121.18,,,,,,,,,
58.60,0.00,89.30,f_4_h.0,405006150#1_2,149.85,0.00,0.00,veh_human,142.60,122.90,,,,,,,,,
58.60,0.00,89.30,f_4_h.1,405006150#1_3,149.84,0.00,0.00,veh_human,142.57,126.10,,,,,,,,,
58.60,-0.00,89.30,f_4_h.10,405006150#1_2,111.55,0.00,0.00,veh_human,104.30,122.43,,,,,,,,,
58.60,-0.00,89.30,f_4_h.11,405006150#1_3,105.54,0.00,0.00,veh_human,98.27,125.56,,,,,,,,,
58.60,-0.01,89.30,f_4_h.12,405006150#1_2,104.54,0.00,0.01,veh_human,97.30,122.35,,,,,,,,,
58.60,-0.00,89.30,f_4_h.13,405006150#1_3,98.54,0.00,0.00,veh_human,91.27,125.48,,,,,,,,,
58.60,0.88,89.30,f_4_h.14,405006150#1_2,93.25,0.00,1.70,veh_human,86.00,122.21,,,,,,,,,
58.60,-0.08,89.30,f_4_h.15,405006150#1_3,88.11,0.00,0.11,veh_human,80.84,125.35,,,,,,,,,
58.60,0.31,89.30,f_4_h.16,405006150#1_2,84.65,0.00,0.93,veh_human,77.41,122.11,,,,,,,,,
58.60,-0.60,89.30,f_4_h.17,405006150#1_3,80.19,0.00,0.80,veh_human,72.92,125.25,,,,,,,,,
58.60,1.16,89.30,f_4_h.18,405006150#1_3,32.20,0.00,8.39,veh_human,24.93,124.67,,,,,,,,,
58.60,0.00,89.30,f_4_h.2,405006150#1_2,142.85,0.00,0.00,veh_human,135.60,122.81,,,,,,,,,
58.60,0.00,89.30,f_4_h.3,405006150#1_3,142.84,0.00,0.00,veh_human,135.57,126.01,,,,,,,,,
58.60,0.00,89.30,f_4_h.4,405006150#1_3,129.84,0.00,0.00,veh_human,122.57,125.86,,,,,,,,,
58.60,0.00,89.30,f_4_h.5,405006150#1_3,122.84,0.00,0.00,veh_human,115.57,125.77,,,,,,,,,
58.60,0.00,89.30,f_4_h.6,405006150#1_3,115.84,0.00,0.00,veh_human,108.57,125.69,,,,,,,,,
58.60,0.00,89.30,f_4_h.7,405006150#1_2,132.55,0.00,0.00,veh_human,125.30,122.69,,,,,,,,,
58.60,0.00,89.30,f_4_h.8,405006150#1_2,125.55,0.00,0.00,veh_human,118.30,122.60,,,,,,,,,
58.60,-0.00,89.30,f_4_h.9,405006150#1_2,118.55,0.00,0.00,veh_human,111.30,122.52,,,,,,,,,
58.60,0.00,89.30,f_5_b.0,405006150#1_1,149.85,0.00,0.00,bike_human,142.63,119.70,,,,,,,,,
58.60,2.00,89.30,f_5_h.0,405006150#1_1,5.66,0.00,1.40,veh_human,-1.53,117.95,,,,,,,,,
58.60,-2.49,89.31,f_6_h.0,405006150#1_4,141.85,0.00,5.07,veh_human,134.55,129.20,,,,,,,,,
58.60,-0.93,89.31,f_6_h.1,405006150#1_4,102.83,0.00,12.38,veh_human,95.53,128.73,,,,,,,,,
58.60,1.97,89.31,f_6_h.2,405006150#1_4,13.44,0.00,5.18,veh_human,6.13,127.64,,,,,,,,,
58.60,0.00,359.97,f_8_b.0,401208131#0_2,42.95,0.00,7.50,bike_human,176.33,192.87,,,,,,,,,
58.60,-0.27,359.97,f_8_h.15,401208131#0_2,27.63,0.00,7.85,veh_human,176.34,177.55,,,,,,,,,
58.60,-0.56,0.61,f_8_h.17,:Junc1_6_1,26.69,0.00,13.22,veh_human,176.25,140.73,,,,,,,,,
58.60,1.06,359.97,f_8_h.18,401208131#0_1,8.39,0.00,16.49,veh_human,179.55,158.32,,,,,,,,,
58.60,1.17,359.68,f_8_h.19,401208126#3_2,67.01,0.00,13.96,veh_human,179.17,112.07,,,,,,,,,
58.60,1.70,359.68,f_8_h.20,401208126#3_2,33.31,0.00,9.60,veh_human,179.36,78.39,,,,,,,,,
58.60,0.48,179.53,fc_00.3,401208129#0_1,42.02,0.00,16.65,veh_av,152.61,72.11,,,,,,,,,
58.60,-1.94,180.22,fc_00.4,401208128#2_1,5.67,0.00,1.01,veh_av,149.29,218.54,,,,,,,,,
58.60,0.00,89.30,fc_04.0,405006150#1_3,136.84,0.00,0.00,veh_av,129.57,125.94,,,,,,,,,
58.60,-0.00,89.30,fc_04.1,405006150#1_1,105.54,0.00,0.00,veh_av,98.33,119.16,,,,,,,,,
58.60,0.00,89.30,fc_04.2,405006150#1_1,98.58,0.00,0.00,veh_av,91.37,119.08,,,,,,,,,
58.60,-2.78,89.30,fc_04.3,405006150#1_3,61.60,0.00,9.00,veh_av,54.33,125.03,,,,,,,,,
58.60,1.10,359.97,fc_08.4,401208131#0_1,61.88,0.00,17.99,veh_av,179.52,211.80,,,,,,,,,
58.60,3.19,359.68,fc_08.5,401208126#3_3,16.02,0.00,7.99,veh_av,176.25,61.11,,,,,,,,,
58.60,2.07,359.68,fc_08.6,401208126#3_2,19.93,0.00,8.81,veh_av,179.43,65.02,,,,,,,,,
58.60,3.43,359.68,fc_08.7,401208126#3_2,7.40,0.00,3.34,veh_av,179.50,52.50,,,,,,,,,
58.60,0.00,359.68,fc_08.8,401208126#3_1,5.38,0.00,0.00,veh_av,182.71,50.49,,,,,,,,,
58.60,0.00,269.61,fc_12.0,401217076#2_3,111.14,0.00,0.00,veh_av,189.10,137.94,,,,,,,,,
58.60,0.00,269.53,fc_12.1,401217076#2_2,105.14,0.00,0.00,veh_av,195.11,141.18,,,,,,,,,
58.60,0.00,269.53,fc_12.2,401217076#2_2,99.14,0.00,0.00,veh_av,201.11,141.23,,,,,,,,,
58.60,0.00,269.53,fc_12.3,401217076#2_3,91.14,0.00,0.00,veh_av,209.10,138.10,,,,,,,,,
58.60,0.00,269.53,fc_12.4,401217076#2_3,78.14,0.00,0.00,veh_av,222.10,138.20,,,,,,,,,
58.60,0.00,269.53,fc_12.5,401217076#2_2,68.84,0.00,0.00,veh_av,231.40,141.48,,,,,,,,,
58.60,0.00,269.53,fc_12.6,401217076#2_2,62.84,0.00,0.00,veh_av,237.40,141.53,,,,,,,,,
58.60,-0.00,269.53,fc_12.7,401217076#2_2,49.84,0.00,0.00,veh_av,250.39,141.63,,,,,,,,,
58.60,-0.00,269.53,fc_12.8,401217076#2_2,43.84,0.00,0.00,veh_av,256.39,141.68,,,,,,,,,
58.60,-2.38,269.53,fc_12.9,401217076#2_3,28.30,0.00,2.39,veh_av,271.94,138.61,,,,,,,,,
58.60,-1.85,269.53,fc_14.0,401217076#2_1,82.61,0.00,11.23,veh_av,217.63,144.57,,,,,,,,,
58.60,,,,,,,,,,,359.68,401208126#3,p_8.1,11.18,0.00,1.14,ped_human,185.88,56.31
58.60,,,,,,,,,,,359.68,401208126#3,p_8.0,62.69,0.00,1.11,ped_human,185.59,107.74
58.60,,,,,,,,,,,180.22,401208128#2,p_3.0,2.91,0.00,1.17,ped_human,146.10,221.31
58.60,,,,,,,,,,,89.30,405006150#1,p_4.0,21.27,0.00,1.38,ped_human,14.11,114.94
58.70,0.47,179.53,f_0_h.18,401208129#0_1,63.46,0.00,17.69,veh_human,152.78,50.65,,,,,,,,,
58.70,0.60,179.92,f_0_h.19,:Junc1_18_0,34.04,0.00,16.19,veh_human,152.27,115.89,,,,,,,,,
58.70,1.43,180.22,f_0_h.20,401208128#2_2,59.89,0.00,13.70,veh_human,152.28,164.29,,,,,,,,,
58.70,1.75,180.22,f_0_h.21,401208128#2_2,28.94,0.00,8.69,veh_human,152.40,195.24,,,,,,,,,
58.70,2.00,180.22,f_0_h.22,401208128#2_3,9.16,0.00,2.89,veh_human,155.67,215.02,,,,,,,,,
58.70,1.68,180.22,f_0_h.23,401208128#2_2,10.48,0.00,4.31,veh_human,152.47,213.71,,,,,,,,,
58.70,0.00,359.68,f_11_h.0,401208126#3_6,67.95,0.00,0.00,veh_human,166.36,113.08,,,,,,,,,
58.70,0.00,269.53,f_12_b.0,401217076#2_2,85.64,0.00,0.00,bike_human,214.60,141.34,,,,,,,,,
58.70,0.00,269.60,f_12_h.0,401217076#2_2,111.14,0.00,0.00,veh_human,189.11,141.14,,,,,,,,,
58.70,0.00,269.53,f_12_h.1,401217076#2_3,104.14,0.00,0.00,veh_human,196.10,137.99,,,,,,,,,
58.70,-0.00,269.53,f_12_h.10,401217076#2_3,57.14,0.00,0.00,veh_human,243.11,138.37,,,,,,,,,
58.70,-0.00,269.53,f_12_h.11,401217076#2_3,50.14,0.00,0.00,veh_human,250.11,138.43,,,,,,,,,
58.70,-0.02,269.53,f_12_h.12,401217076#2_3,43.10,0.00,0.03,veh_human,257.14,138.49,,,,,,,,,
58.70,-0.18,269.53,f_12_h.13,401217076#2_3,35.84,0.00,0.23,veh_human,264.41,138.55,,,,,,,,,
58.70,-0.09,269.53,f_12_h.14,401217076#2_2,36.74,0.00,0.10,veh_human,263.49,141.74,,,,,,,,,
58.70,-0.60,269.53,f_12_h.15,401217076#2_2,28.83,0.00,0.80,veh_human,271.40,141.80,,,,,,,,,
58.70,-0.31,269.53,f_12_h.16,401217076#2_2,14.24,0.00,4.17,veh_human,285.98,141.92,,,,,,,,,
58.70,0.00,269.53,f_12_h.17,401217076#2_1,5.10,0.00,0.00,veh_human,295.10,145.20,,,,,,,,,
58.70,0.00,269.53,f_12_h.2,401217076#2_3,97.14,0.00,0.00,veh_human,203.10,138.05,,,,,,,,,
58.70,0.00,269.53,f_12_h.3,401217076#2_2,92.14,0.00,0.00,veh_human,208.10,141.29,,,,,,,,,
58.70,0.00,269.53,f_12_h.4,401217076#2_3,84.14,0.00,0.00,veh_human,216.10,138.15,,,,,,,,,
58.70,0.00,269.53,f_12_h.5,401217076#2_3,71.14,0.00,0.00,veh_human,229.10,138.26,,,,,,,,,
58.70,0.00,269.53,f_12_h.6,401217076#2_2,81.84,0.00,0.00,veh_human,218.40,141.37,,,,,,,,,
58.70,0.00,269.53,f_12_h.7,401217076#2_2,74.84,0.00,0.00,veh_human,225.40,141.43,,,,,,,,,
58.70,0.00,269.53,f_12_h.8,401217076#2_3,64.14,0.00,0.00,veh_human,236.10,138.32,,,,,,,,,
58.70,-0.00,269.53,f_12_h.9,401217076#2_2,55.84,0.00,0.00,veh_human,244.39,141.58,,,,,,,,,
58.70,2.00,269.60,f_14_h.0,401217076#2_1,111.13,0.00,0.20,veh_human,189.12,144.34,,,,,,,,,
58.70,0.00,269.61,f_15_h.0,401217076#2_4,111.13,0.00,0.00,veh_human,189.10,134.74,,,,,,,,,
58.70,0.09,269.53,f_15_h.1,401217076#2_2,6.62,0.00,0.62,veh_human,293.61,141.99,,,,,,,,,
58.70,-2.29,180.47,f_3_h.1,:Junc1_17_0,0.32,0.00,4.76,veh_human,149.00,149.58,,,,,,,,,
58.70,0.00,89.30,f_4_b.0,405006150#1_2,136.35,0.00,0.00,bike_human,129.10,122.73,,,,,,,,,
58.70,0.00,89.30,f_4_b.1,405006150#1_3,109.34,0.00,0.00,bike_human,102.07,125.61,,,,,,,,,
58.70,-0.01,89.30,f_4_b.2,405006150#1_3,92.03,0.00,0.01,bike_human,84.76,125.40,,,,,,,,,
58.70,-0.32,89.30,f_4_b.3,405006150#1_2,56.10,0.00,6.50,bike_human,48.87,121.76,,,,,,,,,
58.70,1.34,89.30,f_4_b.4,405006150#1_2,8.36,0.00,4.24,bike_human,1.13,121.18,,,,,,,,,
58.70,0.00,89.30,f_4_h.0,405006150#1_2,149.85,0.00,0.00,veh_human,142.60,122.90,,,,,,,,,
58.70,0.00,89.30,f_4_h.1,405006150#1_3,149.84,0.00,0.00,veh_human,142.57,126.10,,,,,,,,,
58.70,-0.00,89.30,f_4_h.10,405006150#1_2,111.55,0.00,0.00,veh_human,104.30,122.43,,,,,,,,,
58.70,-0.00,89.30,f_4_h.11,405006150#1_3,105.54,0.00,0.00,veh_human,98.27,125.56,,,,,,,,,
58.70,-0.01,89.30,f_4_h.12,405006150#1_2,104.54,0.00,0.01,veh_human,97.30,122.35,,,,,,,,,
58.70,-0.00,89.30,f_4_h.13,405006150#1_3,98.54,0.00,0.00,veh_human,91.27,125.48,,,,,,,,,
58.70,0.73,89.30,f_4_h.14,405006150#1_2,93.42,0.00,1.77,veh_human,86.18,122.21,,,,,,,,,
58.70,-0.08,89.30,f_4_h.15,405006150#1_3,88.12,0.00,0.10,veh_human,80.85,125.35,,,,,,,,,
58.70,0.35,89.30,f_4_h.16,405006150#1_2,84.75,0.00,0.96,veh_human,77.50,122.11,,,,,,,,,
58.70,-0.56,89.30,f_4_h.17,405006150#1_3,80.27,0.00,0.75,veh_human,73.00,125.25,,,,,,,,,
58.70,1.08,89.30,f_4_h.18,405006150#1_3,33.05,0.00,8.50,veh_human,25.78,124.68,,,,,,,,,
58.70,0.00,89.30,f_4_h.2,405006150#1_2,142.85,0.00,0.00,veh_human,135.60,122.81,,,,,,,,,
58.70,0.00,89.30,f_4_h.3,405006150#1_3,142.84,0.00,0.00,veh_human,135.57,126.01,,,,,,,,,
58.70,0.00,89.30,f_4_h.4,405006150#1_3,129.84,0.00,0.00,veh_human,122.57,125.86,,,,,,,,,
58.70,0.00,89.30,f_4_h.5,405006150#1_3,122.84,0.00,0.00,veh_human,115.57,125.77,,,,,,,,,
58.70,0.00,89.30,f_4_h.6,405006150#1_3,115.84,0.00,0.00,veh_human,108.57,125.69,,,,,,,,,
58.70,0.00,89.30,f_4_h.7,405006150#1_2,132.55,0.00,0.00,veh_human,125.30,122.69,,,,,,,,,
58.70,0.00,89.30,f_4_h.8,405006150#1_2,125.55,0.00,0.00,veh_human,118.30,122.60,,,,,,,,,
58.70,-0.00,89.30,f_4_h.9,405006150#1_2,118.55,0.00,0.00,veh_human,111.30,122.52,,,,,,,,,
58.70,0.00,89.30,f_5_b.0,405006150#1_1,149.85,0.00,0.00,bike_human,142.63,119.70,,,,,,,,,
58.70,1.99,89.30,f_5_h.0,405006150#1_1,5.82,0.00,1.60,veh_human,-1.37,117.95,,,,,,,,,
58.70,-2.45,89.31,f_6_h.0,405006150#1_4,142.33,0.00,4.83,veh_human,135.03,129.21,,,,,,,,,
58.70,-1.00,89.31,f_6_h.1,405006150#1_4,104.06,0.00,12.28,veh_human,96.76,128.74,,,,,,,,,
58.70,1.97,89.31,f_6_h.2,405006150#1_4,13.98,0.00,5.38,veh_human,6.67,127.65,,,,,,,,,
58.70,0.00,359.97,f_8_b.0,401208131#0_2,43.70,0.00,7.50,bike_human,176.33,193.62,,,,,,,,,
58.70,-0.26,359.97,f_8_h.15,401208131#0_2,28.42,0.00,7.83,veh_human,176.33,178.34,,,,,,,,,
58.70,-0.60,0.61,f_8_h.17,:Junc1_6_1,28.01,0.00,13.16,veh_human,176.27,142.05,,,,,,,,,
58.70,1.04,359.97,f_8_h.18,401208131#0_1,10.05,0.00,16.59,veh_human,179.54,159.97,,,,,,,,,
58.70,1.15,359.68,f_8_h.19,401208126#3_2,68.41,0.00,14.08,veh_human,179.16,113.48,,,,,,,,,
58.70,1.69,359.68,f_8_h.20,401208126#3_2,34.29,0.00,9.77,veh_human,179.35,79.37,,,,,,,,,
58.70,0.47,179.53,fc_00.3,401208129#0_1,43.69,0.00,16.70,veh_av,152.62,70.44,,,,,,,,,
58.70,-1.94,180.22,fc_00.4,401208128#2_1,5.75,0.00,0.82,veh_av,149.29,218.45,,,,,,,,,
58.70,0.00,89.30,fc_04.0,405006150#1_3,136.84,0.00,0.00,veh_av,129.57,125.94,,,,,,,,,
58.70,-0.00,89.30,fc_04.1,405006150#1_1,105.54,0.00,0.00,veh_av,98.33,119.16,,,,,,,,,
58.70,0.00,89.30,fc_04.2,405006150#1_1,98.58,0.00,0.00,veh_av,91.37,119.08,,,,,,,,,
58.70,-2.88,89.30,fc_04.3,405006150#1_3,62.47,0.00,8.71,veh_av,55.20,125.04,,,,,,,,,
58.70,1.04,359.97,fc_08.4,401208131#0_1,63.69,0.00,18.09,veh_av,179.52,213.61,,,,,,,,,
58.70,3.14,359.68,fc_08.5,401208126#3_3,16.86,0.00,8.31,veh_av,176.25,61.94,,,,,,,,,
58.70,2.00,359.68,fc_08.6,401208126#3_2,20.84,0.00,9.01,veh_av,179.42,65.92,,,,,,,,,
58.70,3.44,359.68,fc_08.7,401208126#3_2,7.77,0.00,3.69,veh_av,179.50,52.87,,,,,,,,,
58.70,0.00,359.68,fc_08.8,401208126#3_1,5.38,0.00,0.00,veh_av,182.71,50.49,,,,,,,,,
58.70,0.00,269.61,fc_12.0,401217076#2_3,111.14,0.00,0.00,veh_av,189.10,137.94,,,,,,,,,
58.70,0.00,269.53,fc_12.1,401217076#2_2,105.14,0.00,0.00,veh_av,195.11,141.18,,,,,,,,,
58.70,0.00,269.53,fc_12.2,401217076#2_2,99.14,0.00,0.00,veh_av,201.11,141.23,,,,,,,,,
58.70,0.00,269.53,fc_12.3,401217076#2_3,91.14,0.00,0.00,veh_av,209.10,138.10,,,,,,,,,
58.70,0.00,269.53,fc_12.4,401217076#2_3,78.14,0.00,0.00,veh_av,222.10,138.20,,,,,,,,,
58.70,0.00,269.53,fc_12.5,401217076#2_2,68.84,0.00,0.00,veh_av,231.40,141.48,,,,,,,,,
58.70,0.00,269.53,fc_12.6,401217076#2_2,62.84,0.00,0.00,veh_av,237.40,141.53,,,,,,,,,
58.70,-0.00,269.53,fc_12.7,401217076#2_2,49.84,0.00,0.00,veh_av,250.39,141.63,,,,,,,,,
58.70,-0.00,269.53,fc_12.8,401217076#2_2,43.84,0.00,0.00,veh_av,256.39,141.68,,,,,,,,,
58.70,-2.26,269.53,fc_12.9,401217076#2_3,28.52,0.00,2.17,veh_av,271.73,138.61,,,,,,,,,
58.70,-2.08,269.53,fc_14.0,401217076#2_1,83.71,0.00,11.02,veh_av,216.53,144.56,,,,,,,,,
58.70,,,,,,,,,,,359.68,401208126#3,p_8.1,11.29,0.00,1.08,ped_human,185.88,56.42
58.70,,,,,,,,,,,359.68,401208126#3,p_8.0,62.82,0.00,1.28,ped_human,185.59,107.86
58.70,,,,,,,,,,,180.22,401208128#2,p_3.0,3.04,0.00,1.26,ped_human,146.10,221.18
58.70,,,,,,,,,,,89.30,405006150#1,p_4.0,21.41,0.00,1.36,ped_human,14.25,114.94
58.80,0.45,179.53,f_0_h.18,401208129#0_1,65.23,0.00,17.74,veh_human,152.80,48.88,,,,,,,,,
58.80,0.59,179.92,f_0_h.19,:Junc1_18_0,35.67,0.00,16.25,veh_human,152.27,114.26,,,,,,,,,
58.80,1.41,180.22,f_0_h.20,401208128#2_2,61.27,0.00,13.84,veh_human,152.27,162.91,,,,,,,,,
58.80,1.74,180.22,f_0_h.21,401208128#2_2,29.83,0.00,8.86,veh_human,152.39,194.36,,,,,,,,,
58.80,2.00,180.22,f_0_h.22,401208128#2_3,9.47,0.00,3.09,veh_human,155.67,214.71,,,,,,,,,
58.80,1.68,180.22,f_0_h.23,401208128#2_2,10.93,0.00,4.48,veh_human,152.47,213.26,,,,,,,,,
58.80,0.00,359.68,f_11_h.0,401208126#3_6,67.95,0.00,0.00,veh_human,166.36,113.08,,,,,,,,,
58.80,0.00,269.53,f_12_b.0,401217076#2_2,85.64,0.00,0.00,bike_human,214.60,141.34,,,,,,,,,
58.80,0.00,269.60,f_12_h.0,401217076#2_2,111.14,0.00,0.00,veh_human,189.11,141.14,,,,,,,,,
58.80,0.00,269.53,f_12_h.1,401217076#2_3,104.14,0.00,0.00,veh_human,196.10,137.99,,,,,,,,,
58.80,-0.00,269.53,f_12_h.10,401217076#2_3,57.14,0.00,0.00,veh_human,243.11,138.37,,,,,,,,,
58.80,-0.00,269.53,f_12_h.11,401217076#2_3,50.14,0.00,0.00,veh_human,250.11,138.43,,,,,,,,,
58.80,-0.02,269.53,f_12_h.12,401217076#2_3,43.11,0.00,0.03,veh_human,257.14,138.49,,,,,,,,,
58.80,-0.16,269.53,f_12_h.13,401217076#2_3,35.86,0.00,0.21,veh_human,264.38,138.55,,,,,,,,,
58.80,-0.08,269.53,f_12_h.14,401217076#2_2,36.75,0.00,0.09,veh_human,263.48,141.74,,,,,,,,,
58.80,-0.56,269.53,f_12_h.15,401217076#2_2,28.91,0.00,0.74,veh_human,271.32,141.80,,,,,,,,,
58.80,-0.45,269.53,f_12_h.16,401217076#2_2,14.65,0.00,4.12,veh_human,285.57,141.92,,,,,,,,,
58.80,2.00,269.53,f_12_h.17,401217076#2_2,5.12,0.00,0.20,veh_human,295.10,142.00,,,,,,,,,
58.80,0.00,269.53,f_12_h.2,401217076#2_3,97.14,0.00,0.00,veh_human,203.10,138.05,,,,,,,,,
58.80,0.00,269.53,f_12_h.3,401217076#2_2,92.14,0.00,0.00,veh_human,208.10,141.29,,,,,,,,,
58.80,0.00,269.53,f_12_h.4,401217076#2_3,84.14,0.00,0.00,veh_human,216.10,138.15,,,,,,,,,
58.80,0.00,269.53,f_12_h.5,401217076#2_3,71.14,0.00,0.00,veh_human,229.10,138.26,,,,,,,,,
58.80,0.00,269.53,f_12_h.6,401217076#2_2,81.84,0.00,0.00,veh_human,218.40,141.37,,,,,,,,,
58.80,0.00,269.53,f_12_h.7,401217076#2_2,74.84,0.00,0.00,veh_human,225.40,141.43,,,,,,,,,
58.80,0.00,269.53,f_12_h.8,401217076#2_3,64.14,0.00,0.00,veh_human,236.10,138.32,,,,,,,,,
58.80,-0.00,269.53,f_12_h.9,401217076#2_2,55.84,0.00,0.00,veh_human,244.39,141.58,,,,,,,,,
58.80,-2.00,269.60,f_14_h.0,401217076#2_1,111.13,0.00,0.00,veh_human,189.12,144.34,,,,,,,,,
58.80,0.00,269.53,f_14_h.1,401217076#2_1,5.10,0.00,0.00,veh_human,295.10,145.20,,,,,,,,,
58.80,0.00,269.61,f_15_h.0,401217076#2_4,111.13,0.00,0.00,veh_human,189.10,134.74,,,,,,,,,
58.80,0.09,269.53,f_15_h.1,401217076#2_3,6.68,0.00,0.63,veh_human,293.57,138.79,,,,,,,,,
58.80,-2.51,180.82,f_3_h.1,:Junc1_17_0,0.77,0.00,4.51,veh_human,148.96,149.13,,,,,,,,,
58.80,0.00,89.30,f_4_b.0,405006150#1_2,136.35,0.00,0.00,bike_human,129.10,122.73,,,,,,,,,
58.80,0.00,89.30,f_4_b.1,405006150#1_3,109.34,0.00,0.00,bike_human,102.07,125.61,,,,,,,,,
58.80,-0.01,89.30,f_4_b.2,405006150#1_3,92.03,0.00,0.01,bike_human,84.76,125.40,,,,,,,,,
58.80,-0.33,89.30,f_4_b.3,405006150#1_2,56.75,0.00,6.47,bike_human,49.51,121.77,,,,,,,,,
58.80,1.32,89.30,f_4_b.4,405006150#1_2,8.79,0.00,4.37,bike_human,1.56,121.19,,,,,,,,,
58.80,0.00,89.30,f_4_h.0,405006150#1_2,149.85,0.00,0.00,veh_human,142.60,122.90,,,,,,,,,
58.80,0.00,89.30,f_4_h.1,405006150#1_3,149.84,0.00,0.00,veh_human,142.57,126.10,,,,,,,,,
58.80,-0.00,89.30,f_4_h.10,405006150#1_2,111.55,0.00,0.00,veh_human,104.30,122.43,,,,,,,,,
58.80,-0.00,89.30,f_4_h.11,405006150#1_3,105.54,0.00,0.00,veh_human,98.27,125.56,,,,,,,,,
58.80,-0.01,89.30,f_4_h.12,405006150#1_2,104.54,0.00,0.01,veh_human,97.30,122.35,,,,,,,,,
58.80,-0.00,89.30,f_4_h.13,405006150#1_3,98.54,0.00,0.00,veh_human,91.27,125.48,,,,,,,,,
58.80,0.57,89.30,f_4_h.14,405006150#1_2,93.60,0.00,1.83,veh_human,86.36,122.22,,,,,,,,,
58.80,-0.07,89.30,f_4_h.15,405006150#1_3,88.13,0.00,0.09,veh_human,80.86,125.35,,,,,,,,,
58.80,0.38,89.30,f_4_h.16,405006150#1_2,84.85,0.00,1.00,veh_human,77.60,122.11,,,,,,,,,
58.80,-0.53,89.30,f_4_h.17,405006150#1_3,80.34,0.00,0.69,veh_human,73.07,125.25,,,,,,,,,
58.80,1.00,89.30,f_4_h.18,405006150#1_3,33.91,0.00,8.60,veh_human,26.64,124.69,,,,,,,,,
58.80,0.00,89.30,f_4_h.2,405006150#1_2,142.85,0.00,0.00,veh_human,135.60,122.81,,,,,,,,,
58.80,0.00,89.30,f_4_h.3,405006150#1_3,142.84,0.00,0.00,veh_human,135.57,126.01,,,,,,,,,
58.80,0.00,89.30,f_4_h.4,405006150#1_3,129.84,0.00,0.00,veh_human,122.57,125.86,,,,,,,,,
58.80,0.00,89.30,f_4_h.5,405006150#1_3,122.84,0.00,0.00,veh_human,115.57,125.77,,,,,,,,,
58.80,0.00,89.30,f_4_h.6,405006150#1_3,115.84,0.00,0.00,veh_human,108.57,125.69,,,,,,,,,
58.80,0.00,89.30,f_4_h.7,405006150#1_2,132.55,0.00,0.00,veh_human,125.30,122.69,,,,,,,,,
58.80,0.00,89.30,f_4_h.8,405006150#1_2,125.55,0.00,0.00,veh_human,118.30,122.60,,,,,,,,,
58.80,-0.00,89.30,f_4_h.9,405006150#1_2,118.55,0.00,0.00,veh_human,111.30,122.52,,,,,,,,,
58.80,0.00,89.30,f_5_b.0,405006150#1_1,149.85,0.00,0.00,bike_human,142.63,119.70,,,,,,,,,
58.80,1.99,89.30,f_5_h.0,405006150#1_1,6.00,0.00,1.80,veh_human,-1.19,117.95,,,,,,,,,
58.80,-2.40,89.31,f_6_h.0,405006150#1_4,142.79,0.00,4.59,veh_human,135.49,129.21,,,,,,,,,
58.80,-1.08,89.31,f_6_h.1,405006150#1_4,105.28,0.00,12.17,veh_human,97.98,128.76,,,,,,,,,
58.80,1.96,89.31,f_6_h.2,405006150#1_4,14.54,0.00,5.57,veh_human,7.23,127.66,,,,,,,,,
58.80,0.00,359.97,f_8_b.0,401208131#0_2,44.45,0.00,7.50,bike_human,176.33,194.37,,,,,,,,,
58.80,-0.24,359.97,f_8_h.15,401208131#0_2,29.20,0.00,7.80,veh_human,176.33,179.12,,,,,,,,,
58.80,-0.64,0.61,f_8_h.17,:Junc1_6_1,29.32,0.00,13.09,veh_human,176.28,143.36,,,,,,,,,
58.80,1.03,359.97,f_8_h.18,401208131#0_1,11.72,0.00,16.70,veh_human,179.54,161.64,,,,,,,,,
58.80,1.13,359.99,f_8_h.19,:Junc1_6_0,0.88,0.00,14.19,veh_human,179.18,114.90,,,,,,,,,
58.80,1.68,359.68,f_8_h.20,401208126#3_2,35.28,0.00,9.94,veh_human,179.34,80.36,,,,,,,,,
58.80,0.46,179.53,fc_00.3,401208129#0_1,45.36,0.00,16.74,veh_av,152.64,68.76,,,,,,,,,
58.80,-1.94,180.22,fc_00.4,401208128#2_1,5.82,0.00,0.62,veh_av,149.29,218.39,,,,,,,,,
58.80,0.00,89.30,fc_04.0,405006150#1_3,136.84,0.00,0.00,veh_av,129.57,125.94,,,,,,,,,
58.80,-0.00,89.30,fc_04.1,405006150#1_1,105.54,0.00,0.00,veh_av,98.33,119.16,,,,,,,,,
58.80,0.00,89.30,fc_04.2,405006150#1_1,98.58,0.00,0.00,veh_av,91.37,119.08,,,,,,,,,
58.80,-2.97,89.30,fc_04.3,405006150#1_3,63.31,0.00,8.41,veh_av,56.04,125.05,,,,,,,,,
58.80,0.98,359.97,fc_08.4,401208131#0_1,65.51,0.00,18.19,veh_av,179.51,215.43,,,,,,,,,
58.80,3.08,359.68,fc_08.5,401208126#3_3,17.72,0.00,8.62,veh_av,176.24,62.80,,,,,,,,,
58.80,1.94,359.68,fc_08.6,401208126#3_2,21.76,0.00,9.20,veh_av,179.42,66.84,,,,,,,,,
58.80,3.44,359.68,fc_08.7,401208126#3_2,8.17,0.00,4.03,veh_av,179.49,53.27,,,,,,,,,
58.80,0.00,359.68,fc_08.8,401208126#3_1,5.38,0.00,0.00,veh_av,182.71,50.49,,,,,,,,,
58.80,0.00,269.61,fc_12.0,401217076#2_3,111.14,0.00,0.00,veh_av,189.10,137.94,,,,,,,,,
58.80,0.00,269.53,fc_12.1,401217076#2_2,105.14,0.00,0.00,veh_av,195.11,141.18,,,,,,,,,
58.80,0.00,269.53,fc_12.2,401217076#2_2,99.14,0.00,0.00,veh_av,201.11,141.23,,,,,,,,,
58.80,0.00,269.53,fc_12.3,401217076#2_3,91.14,0.00,0.00,veh_av,209.10,138.10,,,,,,,,,
58.80,0.00,269.53,fc_12.4,401217076#2_3,78.14,0.00,0.00,veh_av,222.10,138.20,,,,,,,,,
58.80,0.00,269.53,fc_12.5,401217076#2_2,68.84,0.00,0.00,veh_av,231.40,141.48,,,,,,,,,
58.80,0.00,269.53,fc_12.6,401217076#2_2,62.84,0.00,0.00,veh_av,237.40,141.53,,,,,,,,,
58.80,-0.00,269.53,fc_12.7,401217076#2_2,49.84,0.00,0.00,veh_av,250.39,141.63,,,,,,,,,
58.80,-0.00,269.53,fc_12.8,401217076#2_2,43.84,0.00,0.00,veh_av,256.39,141.68,,,,,,,,,
58.80,-2.14,269.53,fc_12.9,401217076#2_3,28.72,0.00,1.95,veh_av,271.53,138.61,,,,,,,,,
58.80,-2.04,269.53,fc_14.0,401217076#2_1,84.79,0.00,10.82,veh_av,215.45,144.55,,,,,,,,,
58.80,,,,,,,,,,,359.68,401208126#3,p_8.1,11.39,0.00,0.97,ped_human,185.88,56.51
58.80,,,,,,,,,,,359.68,401208126#3,p_8.0,62.95,0.00,1.33,ped_human,185.59,108.00
58.80,,,,,,,,,,,180.22,401208128#2,p_3.0,3.16,0.00,1.16,ped_human,146.10,221.06
58.80,,,,,,,,,,,89.30,405006150#1,p_4.0,21.54,0.00,1.35,ped_human,14.38,114.94
58.90,0.44,179.53,f_0_h.18,401208129#0_1,67.01,0.00,17.78,veh_human,152.81,47.10,,,,,,,,,
58.90,0.57,179.87,f_0_h.19,401208129#0_1,1.52,0.00,16.30,veh_human,152.28,112.63,,,,,,,,,
58.90,1.39,180.22,f_0_h.20,401208128#2_2,62.67,0.00,13.98,veh_human,152.26,161.51,,,,,,,,,
58.90,1.73,180.22,f_0_h.21,401208128#2_2,30.73,0.00,9.03,veh_human,152.39,193.45,,,,,,,,,
58.90,2.00,180.22,f_0_h.22,401208128#2_3,9.80,0.00,3.29,veh_human,155.67,214.38,,,,,,,,,
58.90,1.69,180.22,f_0_h.23,401208128#2_2,11.39,0.00,4.65,veh_human,152.47,212.79,,,,,,,,,
58.90,0.00,359.68,f_11_h.0,401208126#3_6,67.95,0.00,0.00,veh_human,166.36,113.08,,,,,,,,,
58.90,0.00,269.53,f_12_b.0,401217076#2_2,85.64,0.00,0.00,bike_human,214.60,141.34,,,,,,,,,
58.90,0.00,269.60,f_12_h.0,401217076#2_2,111.14,0.00,0.00,veh_human,189.11,141.14,,,,,,,,,
58.90,0.00,269.53,f_12_h.1,401217076#2_3,104.14,0.00,0.00,veh_human,196.10,137.99,,,,,,,,,
58.90,-0.00,269.53,f_12_h.10,401217076#2_3,57.14,0.00,0.00,veh_human,243.11,138.37,,,,,,,,,
58.90,-0.00,269.53,f_12_h.11,401217076#2_3,50.14,0.00,0.00,veh_human,250.11,138.43,,,,,,,,,
58.90,-0.02,269.53,f_12_h.12,401217076#2_3,43.11,0.00,0.03,veh_human,257.14,138.49,,,,,,,,,
58.90,-0.15,269.53,f_12_h.13,401217076#2_3,35.88,0.00,0.20,veh_human,264.36,138.55,,,,,,,,,
58.90,-0.07,269.53,f_12_h.14,401217076#2_2,36.75,0.00,0.08,veh_human,263.48,141.74,,,,,,,,,
58.90,-0.53,269.53,f_12_h.15,401217076#2_2,28.98,0.00,0.69,veh_human,271.25,141.80,,,,,,,,,
58.90,-0.59,269.53,f_12_h.16,401217076#2_2,15.06,0.00,4.06,veh_human,285.17,141.92,,,,,,,,,
58.90,1.54,269.53,f_12_h.17,401217076#2_2,5.16,0.00,0.35,veh_human,295.07,142.00,,,,,,,,,
58.90,0.00,269.53,f_12_h.2,401217076#2_3,97.14,0.00,0.00,veh_human,203.10,138.05,,,,,,,,,
58.90,0.00,269.53,f_12_h.3,401217076#2_2,92.14,0.00,0.00,veh_human,208.10,141.29,,,,,,,,,
58.90,0.00,269.53,f_12_h.4,401217076#2_3,84.14,0.00,0.00,veh_human,216.10,138.15,,,,,,,,,
58.90,0.00,269.53,f_12_h.5,401217076#2_3,71.14,0.00,0.00,veh_human,229.10,138.26,,,,,,,,,
58.90,0.00,269.53,f_12_h.6,401217076#2_2,81.84,0.00,0.00,veh_human,218.40,141.37,,,,,,,,,
58.90,0.00,269.53,f_12_h.7,401217076#2_2,74.84,0.00,0.00,veh_human,225.40,141.43,,,,,,,,,
58.90,0.00,269.53,f_12_h.8,401217076#2_3,64.14,0.00,0.00,veh_human,236.10,138.32,,,,,,,,,
58.90,-0.00,269.53,f_12_h.9,401217076#2_2,55.84,0.00,0.00,veh_human,244.39,141.58,,,,,,,,,
58.90,0.00,269.60,f_14_h.0,401217076#2_1,111.13,0.00,0.00,veh_human,189.12,144.34,,,,,,,,,
58.90,2.00,269.53,f_14_h.1,401217076#2_1,5.12,0.00,0.20,veh_human,295.08,145.20,,,,,,,,,
58.90,0.00,269.61,f_15_h.0,401217076#2_4,111.13,0.00,0.00,veh_human,189.10,134.74,,,,,,,,,
58.90,1.95,269.53,f_15_h.1,401217076#2_4,6.76,0.00,0.82,veh_human,293.51,135.58,,,,,,,,,
58.90,-2.38,181.17,f_3_h.1,:Junc1_17_0,1.19,0.00,4.28,veh_human,148.93,148.70,,,,,,,,,
58.90,0.00,89.30,f_4_b.0,405006150#1_2,136.35,0.00,0.00,bike_human,129.10,122.73,,,,,,,,,
58.90,0.00,89.30,f_4_b.1,405006150#1_3,109.34,0.00,0.00,bike_human,102.07,125.61,,,,,,,,,
58.90,-0.01,89.30,f_4_b.2,405006150#1_3,92.03,0.00,0.01,bike_human,84.76,125.40,,,,,,,,,
58.90,-0.34,89.30,f_4_b.3,405006150#1_2,57.40,0.00,6.44,bike_human,50.16,121.78,,,,,,,,,
58.90,1.30,89.30,f_4_b.4,405006150#1_2,9.24,0.00,4.50,bike_human,2.01,121.19,,,,,,,,,
58.90,0.00,89.30,f_4_h.0,405006150#1_2,149.85,0.00,0.00,veh_human,142.60,122.90,,,,,,,,,
58.90,0.00,89.30,f_4_h.1,405006150#1_3,149.84,0.00,0.00,veh_human,142.57,126.10,,,,,,,,,
58.90,-0.00,89.30,f_4_h.10,405006150#1_2,111.55,0.00,0.00,veh_human,104.30,122.43,,,,,,,,,
58.90,-0.00,89.30,f_4_h.11,405006150#1_3,105.54,0.00,0.00,veh_human,98.27,125.56,,,,,,,,,
58.90,-0.01,89.30,f_4_h.12,405006150#1_2,104.54,0.00,0.01,veh_human,97.30,122.35,,,,,,,,,
58.90,-0.00,89.30,f_4_h.13,405006150#1_3,98.54,0.00,0.00,veh_human,91.27,125.48,,,,,,,,,
58.90,0.41,89.30,f_4_h.14,405006150#1_2,93.79,0.00,1.87,veh_human,86.55,122.22,,,,,,,,,
58.90,-0.07,89.30,f_4_h.15,405006150#1_3,88.13,0.00,0.09,veh_human,80.86,125.35,,,,,,,,,
58.90,0.40,89.30,f_4_h.16,405006150#1_2,84.95,0.00,1.04,veh_human,77.71,122.11,,,,,,,,,
58.90,-0.49,89.30,f_4_h.17,405006150#1_3,80.40,0.00,0.65,veh_human,73.13,125.26,,,,,,,,,
58.90,0.91,89.30,f_4_h.18,405006150#1_3,34.78,0.00,8.69,veh_human,27.51,124.70,,,,,,,,,
58.90,0.00,89.30,f_4_h.2,405006150#1_2,142.85,0.00,0.00,veh_human,135.60,122.81,,,,,,,,,
58.90,0.00,89.30,f_4_h.3,405006150#1_3,142.84,0.00,0.00,veh_human,135.57,126.01,,,,,,,,,
58.90,0.00,89.30,f_4_h.4,405006150#1_3,129.84,0.00,0.00,veh_human,122.57,125.86,,,,,,,,,
58.90,0.00,89.30,f_4_h.5,405006150#1_3,122.84,0.00,0.00,veh_human,115.57,125.77,,,,,,,,,
58.90,0.00,89.30,f_4_h.6,405006150#1_3,115.84,0.00,0.00,veh_human,108.57,125.69,,,,,,,,,
58.90,0.00,89.30,f_4_h.7,405006150#1_2,132.55,0.00,0.00,veh_human,125.30,122.69,,,,,,,,,
58.90,0.00,89.30,f_4_h.8,405006150#1_2,125.55,0.00,0.00,veh_human,118.30,122.60,,,,,,,,,
58.90,-0.00,89.30,f_4_h.9,405006150#1_2,118.55,0.00,0.00,veh_human,111.30,122.52,,,,,,,,,
58.90,0.00,89.30,f_5_b.0,405006150#1_1,149.85,0.00,0.00,bike_human,142.63,119.70,,,,,,,,,
58.90,1.99,89.30,f_5_h.0,405006150#1_1,6.20,0.00,2.00,veh_human,-0.99,117.96,,,,,,,,,
58.90,-2.35,89.31,f_6_h.0,405006150#1_4,143.23,0.00,4.35,veh_human,135.93,129.22,,,,,,,,,
58.90,-1.16,89.31,f_6_h.1,405006150#1_4,106.48,0.00,12.05,veh_human,99.18,128.77,,,,,,,,,
58.90,1.96,89.31,f_6_h.2,405006150#1_4,15.12,0.00,5.77,veh_human,7.81,127.66,,,,,,,,,
58.90,0.00,359.97,f_8_b.0,401208131#0_2,45.20,0.00,7.50,bike_human,176.33,195.12,,,,,,,,,
58.90,-0.23,359.97,f_8_h.15,401208131#0_2,29.97,0.00,7.78,veh_human,176.33,179.89,,,,,,,,,
58.90,-0.68,0.61,f_8_h.17,:Junc1_6_1,30.62,0.00,13.02,veh_human,176.29,144.66,,,,,,,,,
58.90,-4.50,359.97,f_8_h.18,401208131#0_1,13.34,0.00,16.25,veh_human,179.54,163.27,,,,,,,,,
58.90,1.12,0.26,f_8_h.19,:Junc1_6_0,2.31,0.00,14.30,veh_human,179.19,116.33,,,,,,,,,
58.90,1.67,359.68,f_8_h.20,401208126#3_2,36.29,0.00,10.11,veh_human,179.34,81.37,,,,,,,,,
58.90,0.45,179.53,fc_00.3,401208129#0_1,47.04,0.00,16.79,veh_av,152.65,67.08,,,,,,,,,
58.90,-1.94,180.22,fc_00.4,401208128#2_1,5.86,0.00,0.43,veh_av,149.29,218.35,,,,,,,,,
58.90,0.00,89.30,fc_04.0,405006150#1_3,136.84,0.00,0.00,veh_av,129.57,125.94,,,,,,,,,
58.90,-0.00,89.30,fc_04.1,405006150#1_1,105.54,0.00,0.00,veh_av,98.33,119.16,,,,,,,,,
58.90,0.00,89.30,fc_04.2,405006150#1_1,98.58,0.00,0.00,veh_av,91.37,119.08,,,,,,,,,
58.90,-3.05,89.30,fc_04.3,405006150#1_3,64.12,0.00,8.11,veh_av,56.85,125.06,,,,,,,,,
58.90,0.93,359.97,fc_08.4,401208131#0_1,67.34,0.00,18.29,veh_av,179.51,217.26,,,,,,,,,
58.90,3.01,359.68,fc_08.5,401208126#3_3,18.61,0.00,8.92,veh_av,176.24,63.70,,,,,,,,,
58.90,1.88,359.68,fc_08.6,401208126#3_2,22.70,0.00,9.39,veh_av,179.41,67.78,,,,,,,,,
58.90,3.45,359.68,fc_08.7,401208126#3_2,8.61,0.00,4.38,veh_av,179.49,53.71,,,,,,,,,
58.90,3.50,359.68,fc_08.8,401208126#3_1,5.41,0.00,0.35,veh_av,182.71,50.53,,,,,,,,,
58.90,0.00,269.61,fc_12.0,401217076#2_3,111.14,0.00,0.00,veh_av,189.10,137.94,,,,,,,,,
58.90,0.00,269.53,fc_12.1,401217076#2_2,105.14,0.00,0.00,veh_av,195.11,141.18,,,,,,,,,
58.90,0.00,269.53,fc_12.2,401217076#2_2,99.14,0.00,0.00,veh_av,201.11,141.23,,,,,,,,,
58.90,0.00,269.53,fc_12.3,401217076#2_3,91.14,0.00,0.00,veh_av,209.10,138.10,,,,,,,,,
58.90,0.00,269.53,fc_12.4,401217076#2_3,78.14,0.00,0.00,veh_av,222.10,138.20,,,,,,,,,
58.90,0.00,269.53,fc_12.5,401217076#2_2,68.84,0.00,0.00,veh_av,231.40,141.48,,,,,,,,,
58.90,0.00,269.53,fc_12.6,401217076#2_2,62.84,0.00,0.00,veh_av,237.40,141.53,,,,,,,,,
58.90,-0.00,269.53,fc_12.7,401217076#2_2,49.84,0.00,0.00,veh_av,250.39,141.63,,,,,,,,,
58.90,-0.00,269.53,fc_12.8,401217076#2_2,43.84,0.00,0.00,veh_av,256.39,141.68,,,,,,,,,
58.90,-2.01,269.53,fc_12.9,401217076#2_3,28.89,0.00,1.75,veh_av,271.36,138.60,,,,,,,,,
58.90,-2.29,269.53,fc_14.0,401217076#2_1,85.85,0.00,10.59,veh_av,214.39,144.54,,,,,,,,,
58.90,,,,,,,,,,,359.68,401208126#3,p_8.1,11.49,0.00,1.01,ped_human,185.88,56.61
58.90,,,,,,,,,,,359.68,401208126#3,p_8.0,63.07,0.00,1.12,ped_human,185.59,108.11
58.90,,,,,,,,,,,180.22,401208128#2,p_3.0,3.28,0.00,1.23,ped_human,146.10,220.94
58.90,,,,,,,,,,,89.30,405006150#1,p_4.0,21.68,0.00,1.33,ped_human,14.52,114.94
59.00,0.42,179.53,f_0_h.18,401208129#0_1,68.79,0.00,17.82,veh_human,152.83,45.32,,,,,,,,,
59.00,0.56,179.74,f_0_h.19,401208129#0_1,3.15,0.00,16.36,veh_human,152.29,111.00,,,,,,,,,
59.00,1.37,180.22,f_0_h.20,401208128#2_2,64.08,0.00,14.12,veh_human,152.26,160.10,,,,,,,,,
59.00,1.72,180.22,f_0_h.21,401208128#2_2,31.65,0.00,9.21,veh_human,152.39,192.53,,,,,,,,,
59.00,2.00,180.22,f_0_h.22,401208128#2_3,10.14,0.00,3.49,veh_human,155.67,214.04,,,,,,,,,
59.00,1.69,180.22,f_0_h.23,401208128#2_2,11.88,0.00,4.82,veh_human,152.46,212.31,,,,,,,,,
59.00,0.00,359.68,f_11_h.0,401208126#3_6,67.95,0.00,0.00,veh_human,166.36,113.08,,,,,,,,,
59.00,0.00,269.53,f_12_b.0,401217076#2_2,85.64,0.00,0.00,bike_human,214.60,141.34,,,,,,,,,
59.00,0.00,269.60,f_12_h.0,401217076#2_2,111.14,0.00,0.00,veh_human,189.11,141.14,,,,,,,,,
59.00,0.00,269.53,f_12_h.1,401217076#2_3,104.14,0.00,0.00,veh_human,196.10,137.99,,,,,,,,,
59.00,-0.00,269.53,f_12_h.10,401217076#2_3,57.14,0.00,0.00,veh_human,243.11,138.37,,,,,,,,,
59.00,-0.00,269.53,f_12_h.11,401217076#2_3,50.14,0.00,0.00,veh_human,250.11,138.43,,,,,,,,,
59.00,-0.02,269.53,f_12_h.12,401217076#2_3,43.11,0.00,0.02,veh_human,257.13,138.49,,,,,,,,,
59.00,-0.14,269.53,f_12_h.13,401217076#2_3,35.90,0.00,0.18,veh_human,264.35,138.55,,,,,,,,,
59.00,-0.07,269.53,f_12_h.14,401217076#2_2,36.76,0.00,0.07,veh_human,263.47,141.74,,,,,,,,,
59.00,-0.49,269.53,f_12_h.15,401217076#2_2,29.04,0.00,0.64,veh_human,271.19,141.80,,,,,,,,,
59.00,-0.72,269.53,f_12_h.16,401217076#2_2,15.46,0.00,3.99,veh_human,284.77,141.91,,,,,,,,,
59.00,1.56,269.53,f_12_h.17,401217076#2_2,5.21,0.00,0.51,veh_human,295.02,142.00,,,,,,,,,
59.00,0.00,269.53,f_12_h.2,401217076#2_3,97.14,0.00,0.00,veh_human,203.10,138.05,,,,,,,,,
59.00,0.00,269.53,f_12_h.3,401217076#2_2,92.14,0.00,0.00,veh_human,208.10,141.29,,,,,,,,,
59.00,0.00,269.53,f_12_h.4,401217076#2_3,84.14,0.00,0.00,veh_human,216.10,138.15,,,,,,,,,
59.00,0.00,269.53,f_12_h.5,401217076#2_3,71.14,0.00,0.00,veh_human,229.10,138.26,,,,,,,,,
59.00,0.00,269.53,f_12_h.6,401217076#2_2,81.84,0.00,0.00,veh_human,218.40,141.37,,,,,,,,,
59.00,0.00,269.53,f_12_h.7,401217076#2_2,74.84,0.00,0.00,veh_human,225.40,141.43,,,,,,,,,
59.00,0.00,269.53,f_12_h.8,401217076#2_3,64.14,0.00,0.00,veh_human,236.10,138.32,,,,,,,,,
59.00,-0.00,269.53,f_12_h.9,401217076#2_2,55.84,0.00,0.00,veh_human,244.39,141.58,,,,,,,,,
59.00,0.00,269.60,f_14_h.0,401217076#2_1,111.13,0.00,0.00,veh_human,189.12,144.34,,,,,,,,,
59.00,2.00,269.53,f_14_h.1,401217076#2_1,5.16,0.00,0.40,veh_human,295.04,145.20,,,,,,,,,
59.00,0.00,269.61,f_15_h.0,401217076#2_4,111.13,0.00,0.00,veh_human,189.10,134.74,,,,,,,,,
59.00,2.00,269.53,f_15_h.1,401217076#2_4,6.86,0.00,1.02,veh_human,293.40,135.58,,,,,,,,,
59.00,-2.26,181.49,f_3_h.1,:Junc1_17_0,1.60,0.00,4.05,veh_human,148.90,148.30,,,,,,,,,
59.00,0.00,89.30,f_4_b.0,405006150#1_2,136.35,0.00,0.00,bike_human,129.10,122.73,,,,,,,,,
59.00,0.00,89.30,f_4_b.1,405006150#1_3,109.34,0.00,0.00,bike_human,102.07,125.61,,,,,,,,,
59.00,-0.01,89.30,f_4_b.2,405006150#1_3,92.03,0.00,0.01,bike_human,84.76,125.40,,,,,,,,,
59.00,-0.35,89.30,f_4_b.3,405006150#1_2,58.04,0.00,6.40,bike_human,50.80,121.78,,,,,,,,,
59.00,1.28,89.30,f_4_b.4,405006150#1_2,9.71,0.00,4.63,bike_human,2.48,121.20,,,,,,,,,
59.00,0.00,89.30,f_4_h.0,405006150#1_2,149.85,0.00,0.00,veh_human,142.60,122.90,,,,,,,,,
59.00,0.00,89.30,f_4_h.1,405006150#1_3,149.84,0.00,0.00,veh_human,142.57,126.10,,,,,,,,,
59.00,-0.00,89.30,f_4_h.10,405006150#1_2,111.55,0.00,0.00,veh_human,104.30,122.43,,,,,,,,,
59.00,0.00,89.30,f_4_h.11,405006150#1_3,105.54,0.00,0.00,veh_human,98.27,125.56,,,,,,,,,
59.00,-0.01,89.30,f_4_h.12,405006150#1_2,104.54,0.00,0.01,veh_human,97.30,122.35,,,,,,,,,
59.00,-0.00,89.30,f_4_h.13,405006150#1_3,98.54,0.00,0.00,veh_human,91.27,125.48,,,,,,,,,
59.00,0.25,89.30,f_4_h.14,405006150#1_2,93.98,0.00,1.89,veh_human,86.74,122.22,,,,,,,,,
59.00,-0.06,89.30,f_4_h.15,405006150#1_3,88.14,0.00,0.08,veh_human,80.87,125.35,,,,,,,,,
59.00,0.42,89.30,f_4_h.16,405006150#1_2,85.06,0.00,1.08,veh_human,77.82,122.11,,,,,,,,,
59.00,-0.46,89.30,f_4_h.17,405006150#1_3,80.46,0.00,0.60,veh_human,73.19,125.26,,,,,,,,,
59.00,0.82,89.30,f_4_h.18,405006150#1_3,35.65,0.00,8.77,veh_human,28.38,124.71,,,,,,,,,
59.00,0.00,89.30,f_4_h.2,405006150#1_2,142.85,0.00,0.00,veh_human,135.60,122.81,,,,,,,,,
59.00,0.00,89.30,f_4_h.3,405006150#1_3,142.84,0.00,0.00,veh_human,135.57,126.01,,,,,,,,,
59.00,0.00,89.30,f_4_h.4,405006150#1_3,129.84,0.00,0.00,veh_human,122.57,125.86,,,,,,,,,
59.00,0.00,89.30,f_4_h.5,405006150#1_3,122.84,0.00,0.00,veh_human,115.57,125.77,,,,,,,,,
59.00,0.00,89.30,f_4_h.6,405006150#1_3,115.84,0.00,0.00,veh_human,108.57,125.69,,,,,,,,,
59.00,0.00,89.30,f_4_h.7,405006150#1_2,132.55,0.00,0.00,veh_human,125.30,122.69,,,,,,,,,
59.00,0.00,89.30,f_4_h.8,405006150#1_2,125.55,0.00,0.00,veh_human,118.30,122.60,,,,,,,,,
59.00,-0.00,89.30,f_4_h.9,405006150#1_2,118.55,0.00,0.00,veh_human,111.30,122.52,,,,,,,,,
59.00,0.00,89.30,f_5_b.0,405006150#1_1,149.85,0.00,0.00,bike_human,142.63,119.70,,,,,,,,,
59.00,1.99,89.30,f_5_h.0,405006150#1_1,6.42,0.00,2.20,veh_human,-0.77,117.96,,,,,,,,,
59.00,-2.29,89.31,f_6_h.0,405006150#1_4,143.64,0.00,4.12,veh_human,136.34,129.22,,,,,,,,,
59.00,-1.23,89.31,f_6_h.1,405006150#1_4,107.68,0.00,11.93,veh_human,100.37,128.79,,,,,,,,,
59.00,1.95,89.31,f_6_h.2,405006150#1_4,15.71,0.00,5.97,veh_human,8.40,127.67,,,,,,,,,
59.00,0.00,359.97,f_8_b.0,401208131#0_2,45.95,0.00,7.50,bike_human,176.33,195.87,,,,,,,,,
59.00,-0.22,359.97,f_8_h.15,401208131#0_2,30.75,0.00,7.76,veh_human,176.33,180.67,,,,,,,,,
59.00,-0.72,0.61,f_8_h.17,:Junc1_6_1,31.92,0.00,12.95,veh_human,176.31,145.95,,,,,,,,,
59.00,1.15,359.97,f_8_h.18,401208131#0_1,14.98,0.00,16.36,veh_human,179.54,164.90,,,,,,,,,
59.00,1.04,0.52,f_8_h.19,:Junc1_6_0,3.76,0.00,14.41,veh_human,179.21,117.77,,,,,,,,,
59.00,1.66,359.68,f_8_h.20,401208126#3_2,37.32,0.00,10.27,veh_human,179.33,82.40,,,,,,,,,
59.00,0.43,179.53,fc_00.3,401208129#0_1,48.72,0.00,16.83,veh_av,152.66,65.40,,,,,,,,,
59.00,-1.94,180.22,fc_00.4,401208128#2_1,5.88,0.00,0.23,veh_av,149.29,218.33,,,,,,,,,
59.00,0.00,89.30,fc_04.0,405006150#1_3,136.84,0.00,0.00,veh_av,129.57,125.94,,,,,,,,,
59.00,-0.00,89.30,fc_04.1,405006150#1_1,105.54,0.00,0.00,veh_av,98.33,119.16,,,,,,,,,
59.00,0.00,89.30,fc_04.2,405006150#1_1,98.58,0.00,0.00,veh_av,91.37,119.08,,,,,,,,,
59.00,-3.12,89.30,fc_04.3,405006150#1_3,64.90,0.00,7.80,veh_av,57.63,125.07,,,,,,,,,
59.00,0.88,359.97,fc_08.4,401208131#0_1,69.18,0.00,18.37,veh_av,179.51,219.10,,,,,,,,,
59.00,2.93,359.68,fc_08.5,401208126#3_3,19.53,0.00,9.21,veh_av,176.23,64.62,,,,,,,,,
59.00,1.83,359.68,fc_08.6,401208126#3_2,23.65,0.00,9.58,veh_av,179.41,68.74,,,,,,,,,
59.00,3.45,359.68,fc_08.7,401208126#3_2,9.08,0.00,4.72,veh_av,179.49,54.18,,,,,,,,,
59.00,3.50,359.68,fc_08.8,401208126#3_1,5.48,0.00,0.70,veh_av,182.71,50.60,,,,,,,,,
59.00,0.00,269.61,fc_12.0,401217076#2_3,111.14,0.00,0.00,veh_av,189.10,137.94,,,,,,,,,
59.00,0.00,269.53,fc_12.1,401217076#2_2,105.14,0.00,0.00,veh_av,195.11,141.18,,,,,,,,,
59.00,0.00,269.53,fc_12.2,401217076#2_2,99.14,0.00,0.00,veh_av,201.11,141.23,,,,,,,,,
59.00,0.00,269.53,fc_12.3,401217076#2_3,91.14,0.00,0.00,veh_av,209.10,138.10,,,,,,,,,
59.00,0.00,269.53,fc_12.4,401217076#2_3,78.14,0.00,0.00,veh_av,222.10,138.20,,,,,,,,,
59.00,0.00,269.53,fc_12.5,401217076#2_2,68.84,0.00,0.00,veh_av,231.40,141.48,,,,,,,,,
59.00,0.00,269.53,fc_12.6,401217076#2_2,62.84,0.00,0.00,veh_av,237.40,141.53,,,,,,,,,
59.00,-0.00,269.53,fc_12.7,401217076#2_2,49.84,0.00,0.00,veh_av,250.39,141.63,,,,,,,,,
59.00,-0.00,269.53,fc_12.8,401217076#2_2,43.84,0.00,0.00,veh_av,256.39,141.68,,,,,,,,,
59.00,-1.88,269.53,fc_12.9,401217076#2_3,29.05,0.00,1.56,veh_av,271.20,138.60,,,,,,,,,
59.00,-2.38,269.53,fc_14.0,401217076#2_1,86.89,0.00,10.35,veh_av,213.35,144.53,,,,,,,,,
59.00,,,,,,,,,,,359.68,401208126#3,p_8.1,11.60,0.00,1.14,ped_human,185.88,56.73
59.00,,,,,,,,,,,359.68,401208126#3,p_8.0,63.18,0.00,1.12,ped_human,185.59,108.22
59.00,,,,,,,,,,,180.22,401208128#2,p_3.0,3.38,0.00,1.04,ped_human,146.10,220.84
59.00,,,,,,,,,,,269.53,401217076#2,p_12.0,0.00,0.00,0.00,ped_human,300.17,148.44
59.00,,,,,,,,,,,89.30,405006150#1,p_4.0,21.82,0.00,1.49,ped_human,14.67,114.94
59.10,0.41,179.53,f_0_h.18,401208129#0_1,70.58,0.00,17.86,veh_human,152.84,43.53,,,,,,,,,
59.10,0.55,179.61,f_0_h.19,401208129#0_1,4.79,0.00,16.41,veh_human,152.30,109.35,,,,,,,,,
59.10,1.35,180.22,f_0_h.20,401208128#2_2,65.51,0.00,14.25,veh_human,152.25,158.67,,,,,,,,,
59.10,1.72,180.22,f_0_h.21,401208128#2_2,32.59,0.00,9.38,veh_human,152.38,191.59,,,,,,,,,
59.10,2.00,180.22,f_0_h.22,401208128#2_3,10.51,0.00,3.69,veh_human,155.67,213.67,,,,,,,,,
59.10,1.70,180.22,f_0_h.23,401208128#2_2,12.37,0.00,4.99,veh_human,152.46,211.81,,,,,,,,,
59.10,0.00,180.22,f_0_h.24,401208128#2_1,5.10,0.00,0.00,veh_human,149.29,219.11,,,,,,,,,
59.10,0.00,359.68,f_11_h.0,401208126#3_6,67.95,0.00,0.00,veh_human,166.36,113.08,,,,,,,,,
59.10,0.00,269.53,f_12_b.0,401217076#2_2,85.64,0.00,0.00,bike_human,214.60,141.34,,,,,,,,,
59.10,0.00,269.60,f_12_h.0,401217076#2_2,111.14,0.00,0.00,veh_human,189.11,141.14,,,,,,,,,
59.10,0.00,269.53,f_12_h.1,401217076#2_3,104.14,0.00,0.00,veh_human,196.10,137.99,,,,,,,,,
59.10,-0.00,269.53,f_12_h.10,401217076#2_3,57.14,0.00,0.00,veh_human,243.11,138.37,,,,,,,,,
59.10,-0.00,269.53,f_12_h.11,401217076#2_3,50.14,0.00,0.00,veh_human,250.11,138.43,,,,,,,,,
59.10,-0.02,269.53,f_12_h.12,401217076#2_3,43.11,0.00,0.02,veh_human,257.13,138.49,,,,,,,,,
59.10,-0.13,269.53,f_12_h.13,401217076#2_3,35.92,0.00,0.17,veh_human,264.33,138.55,,,,,,,,,
59.10,-0.06,269.53,f_12_h.14,401217076#2_2,36.77,0.00,0.07,veh_human,263.46,141.74,,,,,,,,,
59.10,-0.46,269.53,f_12_h.15,401217076#2_2,29.10,0.00,0.59,veh_human,271.13,141.80,,,,,,,,,
59.10,-0.85,269.53,f_12_h.16,401217076#2_2,15.85,0.00,3.91,veh_human,284.38,141.91,,,,,,,,,
59.10,1.56,269.53,f_12_h.17,401217076#2_2,5.27,0.00,0.67,veh_human,294.95,142.00,,,,,,,,,
59.10,0.00,269.53,f_12_h.2,401217076#2_3,97.14,0.00,0.00,veh_human,203.10,138.05,,,,,,,,,
59.10,0.00,269.53,f_12_h.3,401217076#2_2,92.14,0.00,0.00,veh_human,208.10,141.29,,,,,,,,,
59.10,0.00,269.53,f_12_h.4,401217076#2_3,84.14,0.00,0.00,veh_human,216.10,138.15,,,,,,,,,
59.10,0.00,269.53,f_12_h.5,401217076#2_3,71.14,0.00,0.00,veh_human,229.10,138.26,,,,,,,,,
59.10,0.00,269.53,f_12_h.6,401217076#2_2,81.84,0.00,0.00,veh_human,218.40,141.37,,,,,,,,,
59.10,0.00,269.53,f_12_h.7,401217076#2_2,74.84,0.00,0.00,veh_human,225.40,141.43,,,,,,,,,
59.10,0.00,269.53,f_12_h.8,401217076#2_3,64.14,0.00,0.00,veh_human,236.10,138.32,,,,,,,,,
59.10,-0.00,269.53,f_12_h.9,401217076#2_2,55.84,0.00,0.00,veh_human,244.39,141.58,,,,,,,,,
59.10,0.00,269.60,f_14_h.0,401217076#2_1,111.13,0.00,0.00,veh_human,189.12,144.34,,,,,,,,,
59.10,2.00,269.53,f_14_h.1,401217076#2_1,5.22,0.00,0.60,veh_human,294.98,145.20,,,,,,,,,
59.10,0.00,269.61,f_15_h.0,401217076#2_4,111.13,0.00,0.00,veh_human,189.10,134.74,,,,,,,,,
59.10,2.00,269.53,f_15_h.1,401217076#2_4,6.99,0.00,1.22,veh_human,293.28,135.58,,,,,,,,,
59.10,-2.17,181.79,f_3_h.1,:Junc1_17_0,1.98,0.00,3.83,veh_human,148.87,147.92,,,,,,,,,
59.10,0.00,89.30,f_4_b.0,405006150#1_2,136.35,0.00,0.00,bike_human,129.10,122.73,,,,,,,,,
59.10,0.00,89.30,f_4_b.1,405006150#1_3,109.34,0.00,0.00,bike_human,102.07,125.61,,,,,,,,,
59.10,-0.01,89.30,f_4_b.2,405006150#1_3,92.03,0.00,0.01,bike_human,84.76,125.40,,,,,,,,,
59.10,-0.36,89.30,f_4_b.3,405006150#1_2,58.67,0.00,6.37,bike_human,51.43,121.79,,,,,,,,,
59.10,1.25,89.30,f_4_b.4,405006150#1_2,10.18,0.00,4.75,bike_human,2.95,121.20,,,,,,,,,
59.10,0.00,89.30,f_4_h.0,405006150#1_2,149.85,0.00,0.00,veh_human,142.60,122.90,,,,,,,,,
59.10,0.00,89.30,f_4_h.1,405006150#1_3,149.84,0.00,0.00,veh_human,142.57,126.10,,,,,,,,,
59.10,-0.00,89.30,f_4_h.10,405006150#1_2,111.55,0.00,0.00,veh_human,104.30,122.43,,,,,,,,,
59.10,0.00,89.30,f_4_h.11,405006150#1_3,105.54,0.00,0.00,veh_human,98.27,125.56,,,,,,,,,
59.10,-0.00,89.30,f_4_h.12,405006150#1_2,104.54,0.00,0.01,veh_human,97.30,122.35,,,,,,,,,
59.10,-0.00,89.30,f_4_h.13,405006150#1_3,98.54,0.00,0.00,veh_human,91.27,125.48,,,,,,,,,
59.10,0.09,89.30,f_4_h.14,405006150#1_2,94.17,0.00,1.90,veh_human,86.93,122.22,,,,,,,,,
59.10,-0.06,89.30,f_4_h.15,405006150#1_3,88.15,0.00,0.07,veh_human,80.88,125.35,,,,,,,,,
59.10,0.43,89.30,f_4_h.16,405006150#1_2,85.17,0.00,1.12,veh_human,77.93,122.11,,,,,,,,,
59.10,-0.42,89.30,f_4_h.17,405006150#1_3,80.52,0.00,0.56,veh_human,73.25,125.26,,,,,,,,,
59.10,0.72,89.30,f_4_h.18,405006150#1_3,36.54,0.00,8.85,veh_human,29.27,124.72,,,,,,,,,
59.10,0.00,89.30,f_4_h.2,405006150#1_2,142.85,0.00,0.00,veh_human,135.60,122.81,,,,,,,,,
59.10,0.00,89.30,f_4_h.3,405006150#1_3,142.84,0.00,0.00,veh_human,135.57,126.01,,,,,,,,,
59.10,0.00,89.30,f_4_h.4,405006150#1_3,129.84,0.00,0.00,veh_human,122.57,125.86,,,,,,,,,
59.10,0.00,89.30,f_4_h.5,405006150#1_3,122.84,0.00,0.00,veh_human,115.57,125.77,,,,,,,,,
59.10,0.00,89.30,f_4_h.6,405006150#1_3,115.84,0.00,0.00,veh_human,108.57,125.69,,,,,,,,,
59.10,0.00,89.30,f_4_h.7,405006150#1_2,132.55,0.00,0.00,veh_human,125.30,122.69,,,,,,,,,
59.10,0.00,89.30,f_4_h.8,405006150#1_2,125.55,0.00,0.00,veh_human,118.30,122.60,,,,,,,,,
59.10,-0.00,89.30,f_4_h.9,405006150#1_2,118.55,0.00,0.00,veh_human,111.30,122.52,,,,,,,,,
59.10,0.00,89.30,f_5_b.0,405006150#1_1,149.85,0.00,0.00,bike_human,142.63,119.70,,,,,,,,,
59.10,1.99,89.30,f_5_h.0,405006150#1_1,6.66,0.00,2.39,veh_human,-0.53,117.96,,,,,,,,,
59.10,-2.23,89.31,f_6_h.0,405006150#1_4,144.03,0.00,3.90,veh_human,136.73,129.23,,,,,,,,,
59.10,-1.31,89.31,f_6_h.1,405006150#1_4,108.86,0.00,11.80,veh_human,101.55,128.80,,,,,,,,,
59.10,1.95,89.31,f_6_h.2,405006150#1_4,16.33,0.00,6.16,veh_human,9.02,127.68,,,,,,,,,
59.10,0.00,359.97,f_8_b.0,401208131#0_2,46.70,0.00,7.50,bike_human,176.32,196.62,,,,,,,,,
59.10,-0.21,359.97,f_8_h.15,401208131#0_2,31.52,0.00,7.74,veh_human,176.33,181.44,,,,,,,,,
59.10,-0.75,0.61,f_8_h.17,:Junc1_6_1,33.20,0.00,12.88,veh_human,176.32,147.24,,,,,,,,,
59.10,1.13,359.97,f_8_h.18,401208131#0_1,16.62,0.00,16.47,veh_human,179.54,166.55,,,,,,,,,
59.10,1.02,0.61,f_8_h.19,:Junc1_6_0,5.21,0.00,14.51,veh_human,179.23,119.22,,,,,,,,,
59.10,1.64,359.68,f_8_h.20,401208126#3_2,38.36,0.00,10.44,veh_human,179.33,83.44,,,,,,,,,
59.10,0.42,179.53,fc_00.3,401208129#0_1,50.41,0.00,16.87,veh_av,152.68,63.71,,,,,,,,,
59.10,1.82,180.22,fc_00.4,401208128#2_2,5.92,0.00,0.41,veh_av,152.49,218.27,,,,,,,,,
59.10,0.00,89.30,fc_04.0,405006150#1_3,136.84,0.00,0.00,veh_av,129.57,125.94,,,,,,,,,
59.10,-0.00,89.30,fc_04.1,405006150#1_1,105.54,0.00,0.00,veh_av,98.33,119.16,,,,,,,,,
59.10,0.00,89.30,fc_04.2,405006150#1_1,98.58,0.00,0.00,veh_av,91.37,119.08,,,,,,,,,
59.10,-3.17,89.30,fc_04.3,405006150#1_3,65.65,0.00,7.48,veh_av,58.38,125.08,,,,,,,,,
59.10,0.83,359.97,fc_08.4,401208131#0_1,71.02,0.00,18.46,veh_av,179.51,220.94,,,,,,,,,
59.10,2.84,359.68,fc_08.5,401208126#3_3,20.48,0.00,9.49,veh_av,176.23,65.57,,,,,,,,,
59.10,1.78,359.68,fc_08.6,401208126#3_2,24.63,0.00,9.75,veh_av,179.40,69.71,,,,,,,,,
59.10,3.45,359.68,fc_08.7,401208126#3_2,9.59,0.00,5.06,veh_av,179.49,54.68,,,,,,,,,
59.10,3.50,359.68,fc_08.8,401208126#3_1,5.59,0.00,1.05,veh_av,182.71,50.70,,,,,,,,,
59.10,0.00,269.61,fc_12.0,401217076#2_3,111.14,0.00,0.00,veh_av,189.10,137.94,,,,,,,,,
59.10,0.00,269.53,fc_12.1,401217076#2_2,105.14,0.00,0.00,veh_av,195.11,141.18,,,,,,,,,
59.10,0.00,269.53,fc_12.2,401217076#2_2,99.14,0.00,0.00,veh_av,201.11,141.23,,,,,,,,,
59.10,0.00,269.53,fc_12.3,401217076#2_3,91.14,0.00,0.00,veh_av,209.10,138.10,,,,,,,,,
59.10,0.00,269.53,fc_12.4,401217076#2_3,78.14,0.00,0.00,veh_av,222.10,138.20,,,,,,,,,
59.10,0.00,269.53,fc_12.5,401217076#2_2,68.84,0.00,0.00,veh_av,231.40,141.48,,,,,,,,,
59.10,0.00,269.53,fc_12.6,401217076#2_2,62.84,0.00,0.00,veh_av,237.40,141.53,,,,,,,,,
59.10,-0.00,269.53,fc_12.7,401217076#2_2,49.84,0.00,0.00,veh_av,250.39,141.63,,,,,,,,,
59.10,-0.00,269.53,fc_12.8,401217076#2_2,43.84,0.00,0.00,veh_av,256.39,141.68,,,,,,,,,
59.10,-1.74,269.53,fc_12.9,401217076#2_3,29.19,0.00,1.39,veh_av,271.06,138.60,,,,,,,,,
59.10,-2.47,269.53,fc_14.0,401217076#2_1,87.90,0.00,10.10,veh_av,212.34,144.52,,,,,,,,,
59.10,,,,,,,,,,,359.68,401208126#3,p_8.1,11.72,0.00,1.15,ped_human,185.87,56.84
59.10,,,,,,,,,,,359.68,401208126#3,p_8.0,63.30,0.00,1.25,ped_human,185.59,108.35
59.10,,,,,,,,,,,180.22,401208128#2,p_3.0,3.50,0.00,1.18,ped_human,146.10,220.72
59.10,,,,,,,,,,,269.53,401217076#2,p_12.0,0.14,0.00,1.43,ped_human,300.02,148.44
59.10,,,,,,,,,,,89.30,405006150#1,p_4.0,21.97,0.00,1.45,ped_human,14.81,114.95
59.20,0.53,179.53,f_0_h.19,401208129#0_1,6.44,0.00,16.47,veh_human,152.32,107.71,,,,,,,,,
59.20,1.32,180.22,f_0_h.20,401208128#2_2,66.95,0.00,14.39,veh_human,152.25,157.24,,,,,,,,,
59.20,1.71,180.22,f_0_h.21,401208128#2_2,33.55,0.00,9.55,veh_human,152.38,190.64,,,,,,,,,
59.20,2.00,180.22,f_0_h.22,401208128#2_3,10.90,0.00,3.89,veh_human,155.67,213.28,,,,,,,,,
59.20,1.70,180.22,f_0_h.23,401208128#2_2,12.89,0.00,5.16,veh_human,152.46,211.30,,,,,,,,,
59.20,2.00,180.22,f_0_h.24,401208128#2_1,5.12,0.00,0.20,veh_human,149.29,219.09,,,,,,,,,
59.20,0.00,359.68,f_11_h.0,401208126#3_6,67.95,0.00,0.00,veh_human,166.36,113.08,,,,,,,,,
59.20,0.00,269.53,f_12_b.0,401217076#2_2,85.64,0.00,0.00,bike_human,214.60,141.34,,,,,,,,,
59.20,0.00,269.60,f_12_h.0,401217076#2_2,111.14,0.00,0.00,veh_human,189.11,141.14,,,,,,,,,
59.20,0.00,269.53,f_12_h.1,401217076#2_3,104.14,0.00,0.00,veh_human,196.10,137.99,,,,,,,,,
59.20,-0.00,269.53,f_12_h.10,401217076#2_3,57.14,0.00,0.00,veh_human,243.11,138.37,,,,,,,,,
59.20,-0.00,269.53,f_12_h.11,401217076#2_3,50.14,0.00,0.00,veh_human,250.11,138.43,,,,,,,,,
59.20,-0.02,269.53,f_12_h.12,401217076#2_3,43.12,0.00,0.02,veh_human,257.13,138.49,,,,,,,,,
59.20,-0.12,269.53,f_12_h.13,401217076#2_3,35.93,0.00,0.16,veh_human,264.31,138.55,,,,,,,,,
59.20,-0.06,269.53,f_12_h.14,401217076#2_2,36.77,0.00,0.06,veh_human,263.46,141.74,,,,,,,,,
59.20,-0.43,269.53,f_12_h.15,401217076#2_2,29.15,0.00,0.55,veh_human,271.07,141.80,,,,,,,,,
59.20,-0.96,269.53,f_12_h.16,401217076#2_2,16.23,0.00,3.81,veh_human,283.99,141.91,,,,,,,,,
59.20,1.55,269.53,f_12_h.17,401217076#2_3,5.35,0.00,0.82,veh_human,294.89,138.80,,,,,,,,,
59.20,0.00,269.53,f_12_h.2,401217076#2_3,97.14,0.00,0.00,veh_human,203.10,138.05,,,,,,,,,
59.20,0.00,269.53,f_12_h.3,401217076#2_2,92.14,0.00,0.00,veh_human,208.10,141.29,,,,,,,,,
59.20,0.00,269.53,f_12_h.4,401217076#2_3,84.14,0.00,0.00,veh_human,216.10,138.15,,,,,,,,,
59.20,0.00,269.53,f_12_h.5,401217076#2_3,71.14,0.00,0.00,veh_human,229.10,138.26,,,,,,,,,
59.20,0.00,269.53,f_12_h.6,401217076#2_2,81.84,0.00,0.00,veh_human,218.40,141.37,,,,,,,,,
59.20,0.00,269.53,f_12_h.7,401217076#2_2,74.84,0.00,0.00,veh_human,225.40,141.43,,,,,,,,,
59.20,0.00,269.53,f_12_h.8,401217076#2_3,64.14,0.00,0.00,veh_human,236.10,138.32,,,,,,,,,
59.20,-0.00,269.53,f_12_h.9,401217076#2_2,55.84,0.00,0.00,veh_human,244.39,141.58,,,,,,,,,
59.20,0.00,269.60,f_14_h.0,401217076#2_1,111.13,0.00,0.00,veh_human,189.12,144.34,,,,,,,,,
59.20,2.00,269.53,f_14_h.1,401217076#2_1,5.30,0.00,0.80,veh_human,294.90,145.20,,,,,,,,,
59.20,0.00,269.61,f_15_h.0,401217076#2_4,111.13,0.00,0.00,veh_human,189.10,134.74,,,,,,,,,
59.20,2.00,269.53,f_15_h.1,401217076#2_4,7.13,0.00,1.42,veh_human,293.14,135.58,,,,,,,,,
59.20,-2.08,182.08,f_3_h.1,:Junc1_17_0,2.34,0.00,3.62,veh_human,148.85,147.55,,,,,,,,,
59.20,0.00,89.30,f_4_b.0,405006150#1_2,136.35,0.00,0.00,bike_human,129.10,122.73,,,,,,,,,
59.20,0.00,89.30,f_4_b.1,405006150#1_3,109.34,0.00,0.00,bike_human,102.07,125.61,,,,,,,,,
59.20,-0.01,89.30,f_4_b.2,405006150#1_3,92.03,0.00,0.01,bike_human,84.76,125.40,,,,,,,,,
59.20,-0.37,89.30,f_4_b.3,405006150#1_2,59.31,0.00,6.33,bike_human,52.07,121.80,,,,,,,,,
59.20,1.22,89.30,f_4_b.4,405006150#1_2,10.67,0.00,4.88,bike_human,3.44,121.21,,,,,,,,,
59.20,0.00,89.30,f_4_h.0,405006150#1_2,149.85,0.00,0.00,veh_human,142.60,122.90,,,,,,,,,
59.20,0.00,89.30,f_4_h.1,405006150#1_3,149.84,0.00,0.00,veh_human,142.57,126.10,,,,,,,,,
59.20,-0.00,89.30,f_4_h.10,405006150#1_2,111.55,0.00,0.00,veh_human,104.30,122.43,,,,,,,,,
59.20,0.00,89.30,f_4_h.11,405006150#1_3,105.54,0.00,0.00,veh_human,98.27,125.56,,,,,,,,,
59.20,-0.00,89.30,f_4_h.12,405006150#1_2,104.54,0.00,0.00,veh_human,97.30,122.35,,,,,,,,,
59.20,-0.00,89.30,f_4_h.13,405006150#1_3,98.54,0.00,0.00,veh_human,91.27,125.48,,,,,,,,,
59.20,-0.06,89.30,f_4_h.14,405006150#1_2,94.36,0.00,1.90,veh_human,87.12,122.22,,,,,,,,,
59.20,-0.05,89.30,f_4_h.15,405006150#1_3,88.16,0.00,0.07,veh_human,80.89,125.35,,,,,,,,,
59.20,0.43,89.30,f_4_h.16,405006150#1_2,85.29,0.00,1.17,veh_human,78.05,122.11,,,,,,,,,
59.20,-0.40,89.30,f_4_h.17,405006150#1_3,80.57,0.00,0.52,veh_human,73.30,125.26,,,,,,,,,
59.20,0.62,89.30,f_4_h.18,405006150#1_3,37.43,0.00,8.91,veh_human,30.16,124.73,,,,,,,,,
59.20,0.00,89.30,f_4_h.2,405006150#1_2,142.85,0.00,0.00,veh_human,135.60,122.81,,,,,,,,,
59.20,0.00,89.30,f_4_h.3,405006150#1_3,142.84,0.00,0.00,veh_human,135.57,126.01,,,,,,,,,
59.20,0.00,89.30,f_4_h.4,405006150#1_3,129.84,0.00,0.00,veh_human,122.57,125.86,,,,,,,,,
59.20,0.00,89.30,f_4_h.5,405006150#1_3,122.84,0.00,0.00,veh_human,115.57,125.77,,,,,,,,,
59.20,0.00,89.30,f_4_h.6,405006150#1_3,115.84,0.00,0.00,veh_human,108.57,125.69,,,,,,,,,
59.20,0.00,89.30,f_4_h.7,405006150#1_2,132.55,0.00,0.00,veh_human,125.30,122.69,,,,,,,,,
59.20,0.00,89.30,f_4_h.8,405006150#1_2,125.55,0.00,0.00,veh_human,118.30,122.60,,,,,,,,,
59.20,-0.00,89.30,f_4_h.9,405006150#1_2,118.55,0.00,0.00,veh_human,111.30,122.52,,,,,,,,,
59.20,0.00,89.30,f_5_b.0,405006150#1_1,149.85,0.00,0.00,bike_human,142.63,119.70,,,,,,,,,
59.20,1.99,89.30,f_5_h.0,405006150#1_1,6.92,0.00,2.59,veh_human,-0.27,117.96,,,,,,,,,
59.20,-2.16,89.31,f_6_h.0,405006150#1_4,144.40,0.00,3.68,veh_human,137.10,129.23,,,,,,,,,
59.20,-1.39,89.31,f_6_h.1,405006150#1_4,110.02,0.00,11.66,veh_human,102.72,128.81,,,,,,,,,
59.20,1.94,89.31,f_6_h.2,405006150#1_4,16.96,0.00,6.36,veh_human,9.65,127.69,,,,,,,,,
59.20,0.00,359.97,f_8_b.0,401208131#0_2,47.45,0.00,7.50,bike_human,176.32,197.37,,,,,,,,,
59.20,-0.20,359.97,f_8_h.15,401208131#0_2,32.30,0.00,7.72,veh_human,176.33,182.22,,,,,,,,,
59.20,-0.78,0.61,f_8_h.17,:Junc1_6_1,34.48,0.00,12.80,veh_human,176.34,148.52,,,,,,,,,
59.20,1.11,359.97,f_8_h.18,401208131#0_1,18.28,0.00,16.58,veh_human,179.54,168.21,,,,,,,,,
59.20,1.01,0.61,f_8_h.19,:Junc1_6_0,6.67,0.00,14.61,veh_human,179.24,120.69,,,,,,,,,
59.20,1.63,359.68,f_8_h.20,401208126#3_2,39.42,0.00,10.60,veh_human,179.32,84.50,,,,,,,,,
59.20,0.41,179.53,fc_00.3,401208129#0_1,52.10,0.00,16.92,veh_av,152.69,62.02,,,,,,,,,
59.20,1.84,180.22,fc_00.4,401208128#2_2,5.98,0.00,0.60,veh_av,152.49,218.21,,,,,,,,,
59.20,0.00,89.30,fc_04.0,405006150#1_3,136.84,0.00,0.00,veh_av,129.57,125.94,,,,,,,,,
59.20,-0.00,89.30,fc_04.1,405006150#1_1,105.54,0.00,0.00,veh_av,98.33,119.16,,,,,,,,,
59.20,0.00,89.30,fc_04.2,405006150#1_1,98.58,0.00,0.00,veh_av,91.37,119.08,,,,,,,,,
59.20,-3.21,89.30,fc_04.3,405006150#1_3,66.36,0.00,7.16,veh_av,59.09,125.09,,,,,,,,,
59.20,0.78,359.97,fc_08.4,401208131#0_1,72.88,0.00,18.53,veh_av,179.51,222.80,,,,,,,,,
59.20,2.74,359.68,fc_08.5,401208126#3_3,21.46,0.00,9.77,veh_av,176.22,66.54,,,,,,,,,
59.20,1.73,359.68,fc_08.6,401208126#3_2,25.62,0.00,9.93,veh_av,179.40,70.71,,,,,,,,,
59.20,3.44,359.68,fc_08.7,401208126#3_2,10.13,0.00,5.41,veh_av,179.48,55.22,,,,,,,,,
59.20,-1.94,359.68,fc_08.8,401208126#3_1,5.68,0.00,0.86,veh_av,182.71,50.79,,,,,,,,,
59.20,0.00,269.61,fc_12.0,401217076#2_3,111.14,0.00,0.00,veh_av,189.10,137.94,,,,,,,,,
59.20,0.00,269.53,fc_12.1,401217076#2_2,105.14,0.00,0.00,veh_av,195.11,141.18,,,,,,,,,
59.20,0.00,269.53,fc_12.2,401217076#2_2,99.14,0.00,0.00,veh_av,201.11,141.23,,,,,,,,,
59.20,0.00,269.53,fc_12.3,401217076#2_3,91.14,0.00,0.00,veh_av,209.10,138.10,,,,,,,,,
59.20,0.00,269.53,fc_12.4,401217076#2_3,78.14,0.00,0.00,veh_av,222.10,138.20,,,,,,,,,
59.20,0.00,269.53,fc_12.5,401217076#2_2,68.84,0.00,0.00,veh_av,231.40,141.48,,,,,,,,,
59.20,0.00,269.53,fc_12.6,401217076#2_2,62.84,0.00,0.00,veh_av,237.40,141.53,,,,,,,,,
59.20,-0.00,269.53,fc_12.7,401217076#2_2,49.84,0.00,0.00,veh_av,250.39,141.63,,,,,,,,,
59.20,-0.00,269.53,fc_12.8,401217076#2_2,43.84,0.00,0.00,veh_av,256.39,141.68,,,,,,,,,
59.20,-1.61,269.53,fc_12.9,401217076#2_3,29.31,0.00,1.23,veh_av,270.94,138.60,,,,,,,,,
59.20,-2.56,269.53,fc_14.0,401217076#2_1,88.88,0.00,9.85,veh_av,211.36,144.52,,,,,,,,,
59.20,,,,,,,,,,,359.68,401208126#3,p_8.1,11.82,0.00,1.02,ped_human,185.87,56.95
59.20,,,,,,,,,,,359.68,401208126#3,p_8.0,63.43,0.00,1.31,ped_human,185.59,108.48
59.20,,,,,,,,,,,180.22,401208128#2,p_3.0,3.61,0.00,1.05,ped_human,146.10,220.61
59.20,,,,,,,,,,,269.53,401217076#2,p_12.0,0.29,0.00,1.45,ped_human,299.88,148.44
59.20,,,,,,,,,,,89.30,405006150#1,p_4.0,22.11,0.00,1.36,ped_human,14.95,114.95
59.30,0.52,179.53,f_0_h.19,401208129#0_1,8.09,0.00,16.52,veh_human,152.33,106.05,,,,,,,,,
59.30,1.30,180.22,f_0_h.20,401208128#2_2,68.40,0.00,14.52,veh_human,152.24,155.78,,,,,,,,,
59.30,1.70,180.22,f_0_h.21,401208128#2_2,34.52,0.00,9.72,veh_human,152.37,189.67,,,,,,,,,
59.30,2.00,180.22,f_0_h.22,401208128#2_3,11.31,0.00,4.09,veh_human,155.67,212.87,,,,,,,,,
59.30,1.70,180.22,f_0_h.23,401208128#2_2,13.42,0.00,5.33,veh_human,152.46,210.76,,,,,,,,,
59.30,2.00,180.22,f_0_h.24,401208128#2_1,5.16,0.00,0.40,veh_human,149.29,219.05,,,,,,,,,
59.30,0.00,359.68,f_11_h.0,401208126#3_6,67.95,0.00,0.00,veh_human,166.36,113.08,,,,,,,,,
59.30,0.00,269.53,f_12_b.0,401217076#2_2,85.64,0.00,0.00,bike_human,214.60,141.34,,,,,,,,,
59.30,0.00,269.60,f_12_h.0,401217076#2_2,111.14,0.00,0.00,veh_human,189.11,141.14,,,,,,,,,
59.30,0.00,269.53,f_12_h.1,401217076#2_3,104.14,0.00,0.00,veh_human,196.10,137.99,,,,,,,,,
59.30,-0.00,269.53,f_12_h.10,401217076#2_3,57.14,0.00,0.00,veh_human,243.11,138.37,,,,,,,,,
59.30,-0.00,269.53,f_12_h.11,401217076#2_3,50.14,0.00,0.00,veh_human,250.11,138.43,,,,,,,,,
59.30,-0.02,269.53,f_12_h.12,401217076#2_3,43.12,0.00,0.02,veh_human,257.13,138.49,,,,,,,,,
59.30,-0.11,269.53,f_12_h.13,401217076#2_3,35.95,0.00,0.15,veh_human,264.30,138.55,,,,,,,,,
59.30,-0.05,269.53,f_12_h.14,401217076#2_2,36.78,0.00,0.06,veh_human,263.45,141.74,,,,,,,,,
59.30,-0.40,269.53,f_12_h.15,401217076#2_2,29.20,0.00,0.51,veh_human,271.02,141.80,,,,,,,,,
59.30,-1.06,269.53,f_12_h.16,401217076#2_2,16.60,0.00,3.71,veh_human,283.62,141.90,,,,,,,,,
59.30,1.94,269.53,f_12_h.17,401217076#2_3,5.46,0.00,1.01,veh_human,294.79,138.80,,,,,,,,,
59.30,0.00,269.53,f_12_h.2,401217076#2_3,97.14,0.00,0.00,veh_human,203.10,138.05,,,,,,,,,
59.30,0.00,269.53,f_12_h.3,401217076#2_2,92.14,0.00,0.00,veh_human,208.10,141.29,,,,,,,,,
59.30,0.00,269.53,f_12_h.4,401217076#2_3,84.14,0.00,0.00,veh_human,216.10,138.15,,,,,,,,,
59.30,0.00,269.53,f_12_h.5,401217076#2_3,71.14,0.00,0.00,veh_human,229.10,138.26,,,,,,,,,
59.30,0.00,269.53,f_12_h.6,401217076#2_2,81.84,0.00,0.00,veh_human,218.40,141.37,,,,,,,,,
59.30,0.00,269.53,f_12_h.7,401217076#2_2,74.84,0.00,0.00,veh_human,225.40,141.43,,,,,,,,,
59.30,0.00,269.53,f_12_h.8,401217076#2_3,64.14,0.00,0.00,veh_human,236.10,138.32,,,,,,,,,
59.30,-0.00,269.53,f_12_h.9,401217076#2_2,55.84,0.00,0.00,veh_human,244.39,141.58,,,,,,,,,
59.30,0.00,269.60,f_14_h.0,401217076#2_1,111.13,0.00,0.00,veh_human,189.12,144.34,,,,,,,,,
59.30,2.00,269.53,f_14_h.1,401217076#2_1,5.40,0.00,1.00,veh_human,294.80,145.20,,,,,,,,,
59.30,0.00,269.61,f_15_h.0,401217076#2_4,111.13,0.00,0.00,veh_human,189.10,134.74,,,,,,,,,
59.30,2.00,269.53,f_15_h.1,401217076#2_4,7.29,0.00,1.62,veh_human,292.98,135.58,,,,,,,,,
59.30,-2.00,182.36,f_3_h.1,:Junc1_17_0,2.69,0.00,3.42,veh_human,148.82,147.21,,,,,,,,,
59.30,0.00,89.30,f_4_b.0,405006150#1_2,136.35,0.00,0.00,bike_human,129.10,122.73,,,,,,,,,
59.30,0.00,89.30,f_4_b.1,405006150#1_3,109.34,0.00,0.00,bike_human,102.07,125.61,,,,,,,,,
59.30,-0.01,89.30,f_4_b.2,405006150#1_3,92.04,0.00,0.01,bike_human,84.77,125.40,,,,,,,,,
59.30,-0.38,89.30,f_4_b.3,405006150#1_2,59.93,0.00,6.29,bike_human,52.70,121.81,,,,,,,,,
59.30,1.20,89.30,f_4_b.4,405006150#1_2,11.17,0.00,5.00,bike_human,3.94,121.22,,,,,,,,,
59.30,0.00,89.30,f_4_h.0,405006150#1_2,149.85,0.00,0.00,veh_human,142.60,122.90,,,,,,,,,
59.30,0.00,89.30,f_4_h.1,405006150#1_3,149.84,0.00,0.00,veh_human,142.57,126.10,,,,,,,,,
59.30,-0.00,89.30,f_4_h.10,405006150#1_2,111.55,0.00,0.00,veh_human,104.31,122.43,,,,,,,,,
59.30,0.00,89.30,f_4_h.11,405006150#1_3,105.54,0.00,0.00,veh_human,98.27,125.56,,,,,,,,,
59.30,-0.00,89.30,f_4_h.12,405006150#1_2,104.54,0.00,0.00,veh_human,97.30,122.35,,,,,,,,,
59.30,-0.00,89.30,f_4_h.13,405006150#1_3,98.54,0.00,0.00,veh_human,91.27,125.48,,,,,,,,,
59.30,-0.20,89.30,f_4_h.14,405006150#1_2,94.55,0.00,1.87,veh_human,87.31,122.23,,,,,,,,,
59.30,-0.05,89.30,f_4_h.15,405006150#1_3,88.16,0.00,0.06,veh_human,80.89,125.35,,,,,,,,,
59.30,0.43,89.30,f_4_h.16,405006150#1_2,85.41,0.00,1.21,veh_human,78.17,122.12,,,,,,,,,
59.30,-0.37,89.30,f_4_h.17,405006150#1_3,80.62,0.00,0.48,veh_human,73.35,125.26,,,,,,,,,
59.30,0.51,89.30,f_4_h.18,405006150#1_3,38.32,0.00,8.96,veh_human,31.05,124.74,,,,,,,,,
59.30,0.00,89.30,f_4_h.2,405006150#1_2,142.85,0.00,0.00,veh_human,135.60,122.81,,,,,,,,,
59.30,0.00,89.30,f_4_h.3,405006150#1_3,142.84,0.00,0.00,veh_human,135.57,126.01,,,,,,,,,
59.30,0.00,89.30,f_4_h.4,405006150#1_3,129.84,0.00,0.00,veh_human,122.57,125.86,,,,,,,,,
59.30,0.00,89.30,f_4_h.5,405006150#1_3,122.84,0.00,0.00,veh_human,115.57,125.77,,,,,,,,,
59.30,0.00,89.30,f_4_h.6,405006150#1_3,115.84,0.00,0.00,veh_human,108.57,125.69,,,,,,,,,
59.30,0.00,89.30,f_4_h.7,405006150#1_2,132.55,0.00,0.00,veh_human,125.30,122.69,,,,,,,,,
59.30,0.00,89.30,f_4_h.8,405006150#1_2,125.55,0.00,0.00,veh_human,118.30,122.60,,,,,,,,,
59.30,-0.00,89.30,f_4_h.9,405006150#1_2,118.55,0.00,0.00,veh_human,111.30,122.52,,,,,,,,,
59.30,0.00,89.30,f_5_b.0,405006150#1_1,149.85,0.00,0.00,bike_human,142.63,119.70,,,,,,,,,
59.30,1.99,89.30,f_5_h.0,405006150#1_1,7.20,0.00,2.79,veh_human,0.00,117.97,,,,,,,,,
59.30,-2.09,89.31,f_6_h.0,405006150#1_4,144.75,0.00,3.48,veh_human,137.45,129.24,,,,,,,,,
59.30,-1.47,89.31,f_6_h.1,405006150#1_4,111.17,0.00,11.51,veh_human,103.87,128.83,,,,,,,,,
59.30,1.93,89.31,f_6_h.2,405006150#1_4,17.62,0.00,6.55,veh_human,10.31,127.69,,,,,,,,,
59.30,0.00,359.97,f_8_b.0,401208131#0_2,48.20,0.00,7.50,bike_human,176.32,198.12,,,,,,,,,
59.30,-0.19,359.97,f_8_h.15,401208131#0_2,33.07,0.00,7.70,veh_human,176.33,182.99,,,,,,,,,
59.30,-0.82,0.61,f_8_h.17,:Junc1_6_1,35.75,0.00,12.72,veh_human,176.35,149.79,,,,,,,,,
59.30,1.09,359.97,f_8_h.18,401208131#0_1,19.95,0.00,16.69,veh_human,179.54,169.88,,,,,,,,,
59.30,0.99,0.61,f_8_h.19,:Junc1_6_0,8.14,0.00,14.71,veh_human,179.26,122.16,,,,,,,,,
59.30,1.62,359.68,f_8_h.20,401208126#3_2,40.50,0.00,10.76,veh_human,179.32,85.57,,,,,,,,,
59.30,1.50,179.53,fc_00.3,401208129#0_1,53.81,0.00,17.07,veh_av,152.71,60.31,,,,,,,,,
59.30,2.54,180.22,fc_00.4,401208128#2_2,6.07,0.00,0.85,veh_av,152.49,218.12,,,,,,,,,
59.30,0.00,89.30,fc_04.0,405006150#1_3,136.84,0.00,0.00,veh_av,129.57,125.94,,,,,,,,,
59.30,-0.00,89.30,fc_04.1,405006150#1_1,105.54,0.00,0.00,veh_av,98.33,119.16,,,,,,,,,
59.30,0.00,89.30,fc_04.2,405006150#1_1,98.58,0.00,0.00,veh_av,91.37,119.08,,,,,,,,,
59.30,-3.25,89.30,fc_04.3,405006150#1_3,67.05,0.00,6.83,veh_av,59.78,125.09,,,,,,,,,
59.30,2.63,359.68,fc_08.5,401208126#3_3,22.46,0.00,10.03,veh_av,176.22,67.54,,,,,,,,,
59.30,1.68,359.68,fc_08.6,401208126#3_2,26.63,0.00,10.10,veh_av,179.39,71.72,,,,,,,,,
59.30,3.42,359.68,fc_08.7,401208126#3_2,10.70,0.00,5.75,veh_av,179.48,55.80,,,,,,,,,
59.30,-1.94,359.68,fc_08.8,401208126#3_1,5.74,0.00,0.66,veh_av,182.71,50.86,,,,,,,,,
59.30,0.00,269.61,fc_12.0,401217076#2_3,111.14,0.00,0.00,veh_av,189.10,137.94,,,,,,,,,
59.30,0.00,269.53,fc_12.1,401217076#2_2,105.14,0.00,0.00,veh_av,195.11,141.18,,,,,,,,,
59.30,0.00,269.53,fc_12.2,401217076#2_2,99.14,0.00,0.00,veh_av,201.11,141.23,,,,,,,,,
59.30,0.00,269.53,fc_12.3,401217076#2_3,91.14,0.00,0.00,veh_av,209.10,138.10,,,,,,,,,
59.30,0.00,269.53,fc_12.4,401217076#2_3,78.14,0.00,0.00,veh_av,222.10,138.20,,,,,,,,,
59.30,0.00,269.53,fc_12.5,401217076#2_2,68.84,0.00,0.00,veh_av,231.40,141.48,,,,,,,,,
59.30,0.00,269.53,fc_12.6,401217076#2_2,62.84,0.00,0.00,veh_av,237.40,141.53,,,,,,,,,
59.30,-0.00,269.53,fc_12.7,401217076#2_2,49.84,0.00,0.00,veh_av,250.39,141.63,,,,,,,,,
59.30,-0.00,269.53,fc_12.8,401217076#2_2,43.84,0.00,0.00,veh_av,256.39,141.68,,,,,,,,,
59.30,-1.48,269.53,fc_12.9,401217076#2_3,29.42,0.00,1.08,veh_av,270.83,138.60,,,,,,,,,
59.30,-2.65,269.53,fc_14.0,401217076#2_1,89.84,0.00,9.58,veh_av,210.40,144.51,,,,,,,,,
59.30,,,,,,,,,,,359.68,401208126#3,p_8.1,11.93,0.00,1.05,ped_human,185.87,57.05
59.30,,,,,,,,,,,359.68,401208126#3,p_8.0,63.57,0.00,1.37,ped_human,185.59,108.61
59.30,,,,,,,,,,,180.22,401208128#2,p_3.0,3.72,0.00,1.15,ped_human,146.10,220.50
59.30,,,,,,,,,,,269.53,401217076#2,p_12.0,0.42,0.00,1.27,ped_human,299.75,148.44
59.30,,,,,,,,,,,89.30,405006150#1,p_4.0,22.25,0.00,1.50,ped_human,15.10,114.95
59.40,0.52,179.53,f_0_h.19,401208129#0_1,9.75,0.00,16.57,veh_human,152.34,104.40,,,,,,,,,
59.40,1.28,180.22,f_0_h.20,401208128#2_2,69.86,0.00,14.64,veh_human,152.24,154.32,,,,,,,,,
59.40,1.69,180.22,f_0_h.21,401208128#2_2,35.51,0.00,9.89,veh_human,152.37,188.68,,,,,,,,,
59.40,2.00,180.22,f_0_h.22,401208128#2_3,11.74,0.00,4.29,veh_human,155.66,212.44,,,,,,,,,
59.40,1.70,180.22,f_0_h.23,401208128#2_2,13.97,0.00,5.50,veh_human,152.46,210.21,,,,,,,,,
59.40,2.00,180.22,f_0_h.24,401208128#2_1,5.22,0.00,0.60,veh_human,149.29,218.99,,,,,,,,,
59.40,0.00,359.68,f_11_h.0,401208126#3_6,67.95,0.00,0.00,veh_human,166.36,113.08,,,,,,,,,
59.40,0.00,269.53,f_12_b.0,401217076#2_2,85.64,0.00,0.00,bike_human,214.60,141.34,,,,,,,,,
59.40,0.00,269.60,f_12_h.0,401217076#2_2,111.14,0.00,0.00,veh_human,189.11,141.14,,,,,,,,,
59.40,0.00,269.53,f_12_h.1,401217076#2_3,104.14,0.00,0.00,veh_human,196.10,137.99,,,,,,,,,
59.40,-0.00,269.53,f_12_h.10,401217076#2_3,57.14,0.00,0.00,veh_human,243.11,138.37,,,,,,,,,
59.40,-0.00,269.53,f_12_h.11,401217076#2_3,50.14,0.00,0.00,veh_human,250.11,138.43,,,,,,,,,
59.40,-0.01,269.53,f_12_h.12,401217076#2_3,43.12,0.00,0.02,veh_human,257.13,138.49,,,,,,,,,
59.40,-0.11,269.53,f_12_h.13,401217076#2_3,35.96,0.00,0.14,veh_human,264.28,138.55,,,,,,,,,
59.40,-0.05,269.53,f_12_h.14,401217076#2_2,36.79,0.00,0.05,veh_human,263.44,141.74,,,,,,,,,
59.40,-0.37,269.53,f_12_h.15,401217076#2_2,29.25,0.00,0.47,veh_human,270.98,141.80,,,,,,,,,
59.40,-1.15,269.53,f_12_h.16,401217076#2_2,16.96,0.00,3.59,veh_human,283.26,141.90,,,,,,,,,
59.40,1.93,269.53,f_12_h.17,401217076#2_3,5.58,0.00,1.21,veh_human,294.67,138.79,,,,,,,,,
59.40,0.00,269.53,f_12_h.2,401217076#2_3,97.14,0.00,0.00,veh_human,203.10,138.05,,,,,,,,,
59.40,0.00,269.53,f_12_h.3,401217076#2_2,92.14,0.00,0.00,veh_human,208.10,141.29,,,,,,,,,
59.40,0.00,269.53,f_12_h.4,401217076#2_3,84.14,0.00,0.00,veh_human,216.10,138.15,,,,,,,,,
59.40,0.00,269.53,f_12_h.5,401217076#2_3,71.14,0.00,0.00,veh_human,229.10,138.26,,,,,,,,,
59.40,0.00,269.53,f_12_h.6,401217076#2_2,81.84,0.00,0.00,veh_human,218.40,141.37,,,,,,,,,
59.40,0.00,269.53,f_12_h.7,401217076#2_2,74.84,0.00,0.00,veh_human,225.40,141.43,,,,,,,,,
59.40,0.00,269.53,f_12_h.8,401217076#2_3,64.14,0.00,0.00,veh_human,236.10,138.32,,,,,,,,,
59.40,-0.00,269.53,f_12_h.9,401217076#2_2,55.84,0.00,0.00,veh_human,244.39,141.58,,,,,,,,,
59.40,0.00,269.60,f_14_h.0,401217076#2_1,111.13,0.00,0.00,veh_human,189.12,144.34,,,,,,,,,
59.40,2.00,269.53,f_14_h.1,401217076#2_1,5.52,0.00,1.20,veh_human,294.68,145.20,,,,,,,,,
59.40,0.00,269.61,f_15_h.0,401217076#2_4,111.13,0.00,0.00,veh_human,189.10,134.74,,,,,,,,,
59.40,1.99,269.53,f_15_h.1,401217076#2_4,7.47,0.00,1.82,veh_human,292.80,135.58,,,,,,,,,
59.40,-1.92,182.61,f_3_h.1,:Junc1_17_0,3.01,0.00,3.23,veh_human,148.80,146.89,,,,,,,,,
59.40,0.00,89.30,f_4_b.0,405006150#1_2,136.35,0.00,0.00,bike_human,129.10,122.73,,,,,,,,,
59.40,0.00,89.30,f_4_b.1,405006150#1_3,109.34,0.00,0.00,bike_human,102.07,125.61,,,,,,,,,
59.40,-0.01,89.30,f_4_b.2,405006150#1_3,92.04,0.00,0.01,bike_human,84.77,125.40,,,,,,,,,
59.40,-0.39,89.30,f_4_b.3,405006150#1_2,60.56,0.00,6.25,bike_human,53.32,121.81,,,,,,,,,
59.40,1.17,89.30,f_4_b.4,405006150#1_2,11.68,0.00,5.11,bike_human,4.45,121.22,,,,,,,,,
59.40,0.00,89.30,f_4_h.0,405006150#1_2,149.85,0.00,0.00,veh_human,142.60,122.90,,,,,,,,,
59.40,0.00,89.30,f_4_h.1,405006150#1_3,149.84,0.00,0.00,veh_human,142.57,126.10,,,,,,,,,
59.40,-0.00,89.30,f_4_h.10,405006150#1_2,111.55,0.00,0.00,veh_human,104.31,122.43,,,,,,,,,
59.40,0.00,89.30,f_4_h.11,405006150#1_3,105.54,0.00,0.00,veh_human,98.27,125.56,,,,,,,,,
59.40,-0.00,89.30,f_4_h.12,405006150#1_2,104.55,0.00,0.00,veh_human,97.30,122.35,,,,,,,,,
59.40,-0.00,89.30,f_4_h.13,405006150#1_3,98.54,0.00,0.00,veh_human,91.27,125.48,,,,,,,,,
59.40,-0.33,89.30,f_4_h.14,405006150#1_2,94.73,0.00,1.84,veh_human,87.49,122.23,,,,,,,,,
59.40,-0.05,89.30,f_4_h.15,405006150#1_3,88.17,0.00,0.06,veh_human,80.90,125.35,,,,,,,,,
59.40,0.42,89.30,f_4_h.16,405006150#1_2,85.53,0.00,1.25,veh_human,78.29,122.12,,,,,,,,,
59.40,-0.34,89.30,f_4_h.17,405006150#1_3,80.66,0.00,0.45,veh_human,73.39,125.26,,,,,,,,,
59.40,0.40,89.30,f_4_h.18,405006150#1_3,39.22,0.00,9.00,veh_human,31.95,124.76,,,,,,,,,
59.40,0.00,89.30,f_4_h.2,405006150#1_2,142.85,0.00,0.00,veh_human,135.60,122.81,,,,,,,,,
59.40,0.00,89.30,f_4_h.3,405006150#1_3,142.84,0.00,0.00,veh_human,135.57,126.01,,,,,,,,,
59.40,0.00,89.30,f_4_h.4,405006150#1_3,129.84,0.00,0.00,veh_human,122.57,125.86,,,,,,,,,
59.40,0.00,89.30,f_4_h.5,405006150#1_3,122.84,0.00,0.00,veh_human,115.57,125.77,,,,,,,,,
59.40,0.00,89.30,f_4_h.6,405006150#1_3,115.84,0.00,0.00,veh_human,108.57,125.69,,,,,,,,,
59.40,0.00,89.30,f_4_h.7,405006150#1_2,132.55,0.00,0.00,veh_human,125.30,122.69,,,,,,,,,
59.40,0.00,89.30,f_4_h.8,405006150#1_2,125.55,0.00,0.00,veh_human,118.30,122.60,,,,,,,,,
59.40,0.00,89.30,f_4_h.9,405006150#1_2,118.55,0.00,0.00,veh_human,111.30,122.52,,,,,,,,,
59.40,0.00,89.30,f_5_b.0,405006150#1_1,149.85,0.00,0.00,bike_human,142.63,119.70,,,,,,,,,
59.40,1.98,89.30,f_5_h.0,405006150#1_1,7.50,0.00,2.99,veh_human,0.30,117.97,,,,,,,,,
59.40,-2.02,89.31,f_6_h.0,405006150#1_4,145.07,0.00,3.27,veh_human,137.77,129.24,,,,,,,,,
59.40,-1.55,89.31,f_6_h.1,405006150#1_4,112.31,0.00,11.36,veh_human,105.01,128.84,,,,,,,,,
59.40,1.93,89.31,f_6_h.2,405006150#1_4,18.29,0.00,6.74,veh_human,10.98,127.70,,,,,,,,,
59.40,0.00,359.97,f_8_b.0,401208131#0_2,48.95,0.00,7.50,bike_human,176.32,198.87,,,,,,,,,
59.40,-0.18,359.97,f_8_h.15,401208131#0_2,33.83,0.00,7.68,veh_human,176.33,183.75,,,,,,,,,
59.40,-0.85,0.46,f_8_h.17,401208131#0_2,1.14,0.00,12.63,veh_human,176.35,151.06,,,,,,,,,
59.40,-4.50,359.97,f_8_h.18,401208131#0_1,21.58,0.00,16.24,veh_human,179.54,171.50,,,,,,,,,
59.40,0.97,0.61,f_8_h.19,:Junc1_6_0,9.62,0.00,14.81,veh_human,179.27,123.64,,,,,,,,,
59.40,1.61,359.68,f_8_h.20,401208126#3_2,41.59,0.00,10.92,veh_human,179.31,86.67,,,,,,,,,
59.40,1.43,179.53,fc_00.3,401208129#0_1,55.53,0.00,17.21,veh_av,152.72,58.59,,,,,,,,,
59.40,2.87,180.22,fc_00.4,401208128#2_2,6.18,0.00,1.14,veh_av,152.49,218.01,,,,,,,,,
59.40,0.00,89.30,fc_04.0,405006150#1_3,136.84,0.00,0.00,veh_av,129.57,125.94,,,,,,,,,
59.40,-0.00,89.30,fc_04.1,405006150#1_1,105.54,0.00,0.00,veh_av,98.33,119.16,,,,,,,,,
59.40,0.00,89.30,fc_04.2,405006150#1_1,98.58,0.00,0.00,veh_av,91.37,119.08,,,,,,,,,
59.40,-3.26,89.30,fc_04.3,405006150#1_3,67.70,0.00,6.51,veh_av,60.43,125.10,,,,,,,,,
59.40,2.51,359.68,fc_08.5,401208126#3_3,23.49,0.00,10.28,veh_av,176.21,68.57,,,,,,,,,
59.40,1.64,359.68,fc_08.6,401208126#3_2,27.66,0.00,10.26,veh_av,179.39,72.74,,,,,,,,,
59.40,3.40,359.68,fc_08.7,401208126#3_2,11.31,0.00,6.09,veh_av,179.48,56.41,,,,,,,,,
59.40,3.50,359.68,fc_08.8,401208126#3_1,5.84,0.00,1.01,veh_av,182.71,50.96,,,,,,,,,
59.40,0.00,269.61,fc_12.0,401217076#2_3,111.14,0.00,0.00,veh_av,189.10,137.94,,,,,,,,,
59.40,0.00,269.53,fc_12.1,401217076#2_2,105.14,0.00,0.00,veh_av,195.11,141.18,,,,,,,,,
59.40,0.00,269.53,fc_12.2,401217076#2_2,99.14,0.00,0.00,veh_av,201.11,141.23,,,,,,,,,
59.40,0.00,269.53,fc_12.3,401217076#2_3,91.14,0.00,0.00,veh_av,209.10,138.10,,,,,,,,,
59.40,0.00,269.53,fc_12.4,401217076#2_3,78.14,0.00,0.00,veh_av,222.10,138.20,,,,,,,,,
59.40,0.00,269.53,fc_12.5,401217076#2_2,68.84,0.00,0.00,veh_av,231.40,141.48,,,,,,,,,
59.40,0.00,269.53,fc_12.6,401217076#2_2,62.84,0.00,0.00,veh_av,237.40,141.53,,,,,,,,,
59.40,-0.00,269.53,fc_12.7,401217076#2_2,49.84,0.00,0.00,veh_av,250.39,141.63,,,,,,,,,
59.40,-0.00,269.53,fc_12.8,401217076#2_2,43.84,0.00,0.00,veh_av,256.39,141.68,,,,,,,,,
59.40,-1.34,269.53,fc_12.9,401217076#2_3,29.51,0.00,0.95,veh_av,270.74,138.60,,,,,,,,,
59.40,-2.74,269.53,fc_14.0,401217076#2_1,90.77,0.00,9.31,veh_av,209.47,144.50,,,,,,,,,
59.40,,,,,,,,,,,359.68,401208126#3,p_8.1,12.04,0.00,1.11,ped_human,185.87,57.16
59.40,,,,,,,,,,,359.68,401208126#3,p_8.0,63.69,0.00,1.23,ped_human,185.59,108.74
59.40,,,,,,,,,,,180.22,401208128#2,p_3.0,3.85,0.00,1.25,ped_human,146.09,220.37
59.40,,,,,,,,,,,269.53,401217076#2,p_12.0,0.55,0.00,1.39,ped_human,299.61,148.44
59.40,,,,,,,,,,,89.30,405006150#1,p_4.0,22.39,0.00,1.34,ped_human,15.23,114.95
59.50,0.53,179.53,f_0_h.19,401208129#0_1,11.41,0.00,16.62,veh_human,152.36,102.73,,,,,,,,,
59.50,1.26,180.22,f_0_h.20,401208128#2_2,71.34,0.00,14.77,veh_human,152.23,152.84,,,,,,,,,
59.50,1.68,180.22,f_0_h.21,401208128#2_2,36.51,0.00,10.05,veh_human,152.37,187.67,,,,,,,,,
59.50,2.00,180.22,f_0_h.22,401208128#2_3,12.19,0.00,4.49,veh_human,155.66,211.99,,,,,,,,,
59.50,1.71,180.22,f_0_h.23,401208128#2_2,14.54,0.00,5.67,veh_human,152.45,209.65,,,,,,,,,
59.50,2.00,180.22,f_0_h.24,401208128#2_1,5.30,0.00,0.80,veh_human,149.29,218.91,,,,,,,,,
59.50,0.00,359.68,f_11_h.0,401208126#3_6,67.95,0.00,0.00,veh_human,166.36,113.08,,,,,,,,,
59.50,0.00,269.53,f_12_b.0,401217076#2_2,85.64,0.00,0.00,bike_human,214.60,141.34,,,,,,,,,
59.50,0.00,269.60,f_12_h.0,401217076#2_2,111.14,0.00,0.00,veh_human,189.11,141.14,,,,,,,,,
59.50,0.00,269.53,f_12_h.1,401217076#2_3,104.14,0.00,0.00,veh_human,196.10,137.99,,,,,,,,,
59.50,-0.00,269.53,f_12_h.10,401217076#2_3,57.14,0.00,0.00,veh_human,243.11,138.37,,,,,,,,,
59.50,-0.00,269.53,f_12_h.11,401217076#2_3,50.14,0.00,0.00,veh_human,250.11,138.43,,,,,,,,,
59.50,-0.01,269.53,f_12_h.12,401217076#2_3,43.12,0.00,0.02,veh_human,257.13,138.49,,,,,,,,,
59.50,-0.10,269.53,f_12_h.13,401217076#2_3,35.98,0.00,0.13,veh_human,264.27,138.55,,,,,,,,,
59.50,-0.04,269.53,f_12_h.14,401217076#2_2,36.79,0.00,0.05,veh_human,263.44,141.74,,,,,,,,,
59.50,-0.35,269.53,f_12_h.15,401217076#2_2,29.30,0.00,0.44,veh_human,270.93,141.80,,,,,,,,,
59.50,-1.23,269.53,f_12_h.16,401217076#2_2,17.31,0.00,3.47,veh_human,282.92,141.90,,,,,,,,,
59.50,1.92,269.53,f_12_h.17,401217076#2_3,5.72,0.00,1.40,veh_human,294.53,138.79,,,,,,,,,
59.50,0.00,269.53,f_12_h.2,401217076#2_3,97.14,0.00,0.00,veh_human,203.10,138.05,,,,,,,,,
59.50,0.00,269.53,f_12_h.3,401217076#2_2,92.14,0.00,0.00,veh_human,208.10,141.29,,,,,,,,,
59.50,0.00,269.53,f_12_h.4,401217076#2_3,84.14,0.00,0.00,veh_human,216.10,138.15,,,,,,,,,
59.50,0.00,269.53,f_12_h.5,401217076#2_3,71.14,0.00,0.00,veh_human,229.10,138.26,,,,,,,,,
59.50,0.00,269.53,f_12_h.6,401217076#2_2,81.84,0.00,0.00,veh_human,218.40,141.37,,,,,,,,,
59.50,0.00,269.53,f_12_h.7,401217076#2_2,74.84,0.00,0.00,veh_human,225.40,141.43,,,,,,,,,
59.50,0.00,269.53,f_12_h.8,401217076#2_3,64.14,0.00,0.00,veh_human,236.10,138.32,,,,,,,,,
59.50,-0.00,269.53,f_12_h.9,401217076#2_2,55.84,0.00,0.00,veh_human,244.39,141.58,,,,,,,,,
59.50,0.00,269.60,f_14_h.0,401217076#2_1,111.13,0.00,0.00,veh_human,189.12,144.34,,,,,,,,,
59.50,2.00,269.53,f_14_h.1,401217076#2_1,5.66,0.00,1.40,veh_human,294.54,145.19,,,,,,,,,
59.50,0.00,269.61,f_15_h.0,401217076#2_4,111.13,0.00,0.00,veh_human,189.10,134.74,,,,,,,,,
59.50,1.99,269.53,f_15_h.1,401217076#2_4,7.67,0.00,2.02,veh_human,292.59,135.58,,,,,,,,,
59.50,-1.85,182.86,f_3_h.1,:Junc1_17_0,3.32,0.00,3.05,veh_human,148.78,146.59,,,,,,,,,
59.50,0.00,89.30,f_4_b.0,405006150#1_2,136.35,0.00,0.00,bike_human,129.10,122.73,,,,,,,,,
59.50,0.00,89.30,f_4_b.1,405006150#1_3,109.34,0.00,0.00,bike_human,102.07,125.61,,,,,,,,,
59.50,-0.01,89.30,f_4_b.2,405006150#1_3,92.04,0.00,0.01,bike_human,84.77,125.40,,,,,,,,,
59.50,-0.40,89.30,f_4_b.3,405006150#1_2,61.18,0.00,6.21,bike_human,53.94,121.82,,,,,,,,,
59.50,1.13,89.30,f_4_b.4,405006150#1_2,12.20,0.00,5.23,bike_human,4.97,121.23,,,,,,,,,
59.50,0.00,89.30,f_4_h.0,405006150#1_2,149.85,0.00,0.00,veh_human,142.60,122.90,,,,,,,,,
59.50,0.00,89.30,f_4_h.1,405006150#1_3,149.84,0.00,0.00,veh_human,142.57,126.10,,,,,,,,,
59.50,-0.00,89.30,f_4_h.10,405006150#1_2,111.55,0.00,0.00,veh_human,104.31,122.43,,,,,,,,,
59.50,0.00,89.30,f_4_h.11,405006150#1_3,105.54,0.00,0.00,veh_human,98.27,125.56,,,,,,,,,
59.50,-0.00,89.30,f_4_h.12,405006150#1_2,104.55,0.00,0.00,veh_human,97.30,122.35,,,,,,,,,
59.50,-0.00,89.30,f_4_h.13,405006150#1_3,98.54,0.00,0.00,veh_human,91.27,125.48,,,,,,,,,
59.50,-0.45,89.30,f_4_h.14,405006150#1_2,94.91,0.00,1.80,veh_human,87.67,122.23,,,,,,,,,
59.50,-0.04,89.30,f_4_h.15,405006150#1_3,88.17,0.00,0.06,veh_human,80.90,125.35,,,,,,,,,
59.50,0.40,89.30,f_4_h.16,405006150#1_2,85.66,0.00,1.29,veh_human,78.42,122.12,,,,,,,,,
59.50,-0.32,89.30,f_4_h.17,405006150#1_3,80.70,0.00,0.41,veh_human,73.43,125.26,,,,,,,,,
59.50,0.28,89.30,f_4_h.18,405006150#1_3,40.13,0.00,9.03,veh_human,32.86,124.77,,,,,,,,,
59.50,0.00,89.30,f_4_h.2,405006150#1_2,142.85,0.00,0.00,veh_human,135.60,122.81,,,,,,,,,
59.50,0.00,89.30,f_4_h.3,405006150#1_3,142.84,0.00,0.00,veh_human,135.57,126.01,,,,,,,,,
59.50,0.00,89.30,f_4_h.4,405006150#1_3,129.84,0.00,0.00,veh_human,122.57,125.86,,,,,,,,,
59.50,0.00,89.30,f_4_h.5,405006150#1_3,122.84,0.00,0.00,veh_human,115.57,125.77,,,,,,,,,
59.50,0.00,89.30,f_4_h.6,405006150#1_3,115.84,0.00,0.00,veh_human,108.57,125.69,,,,,,,,,
59.50,0.00,89.30,f_4_h.7,405006150#1_2,132.55,0.00,0.00,veh_human,125.30,122.69,,,,,,,,,
59.50,0.00,89.30,f_4_h.8,405006150#1_2,125.55,0.00,0.00,veh_human,118.30,122.60,,,,,,,,,
59.50,0.00,89.30,f_4_h.9,405006150#1_2,118.55,0.00,0.00,veh_human,111.30,122.52,,,,,,,,,
59.50,0.00,89.30,f_5_b.0,405006150#1_1,149.85,0.00,0.00,bike_human,142.63,119.70,,,,,,,,,
59.50,1.98,89.30,f_5_h.0,405006150#1_1,7.81,0.00,3.19,veh_human,0.62,117.97,,,,,,,,,
59.50,-1.94,89.31,f_6_h.0,405006150#1_4,145.38,0.00,3.08,veh_human,138.08,129.24,,,,,,,,,
59.50,-1.63,89.31,f_6_h.1,405006150#1_4,113.43,0.00,11.19,veh_human,106.13,128.86,,,,,,,,,
59.50,1.92,89.31,f_6_h.2,405006150#1_4,18.99,0.00,6.93,veh_human,11.68,127.71,,,,,,,,,
59.50,0.00,359.97,f_8_b.0,401208131#0_2,49.70,0.00,7.50,bike_human,176.32,199.62,,,,,,,,,
59.50,-0.17,359.97,f_8_h.15,401208131#0_2,34.60,0.00,7.66,veh_human,176.33,184.52,,,,,,,,,
59.50,-0.87,0.30,f_8_h.17,401208131#0_2,2.39,0.00,12.55,veh_human,176.35,152.31,,,,,,,,,
59.50,1.51,359.97,f_8_h.18,401208131#0_1,23.21,0.00,16.39,veh_human,179.54,173.14,,,,,,,,,
59.50,0.90,0.61,f_8_h.19,:Junc1_6_0,11.11,0.00,14.90,veh_human,179.29,125.13,,,,,,,,,
59.50,1.59,359.68,f_8_h.20,401208126#3_2,42.70,0.00,11.08,veh_human,179.30,87.77,,,,,,,,,
59.50,1.36,179.53,fc_00.3,401208129#0_1,57.26,0.00,17.35,veh_av,152.73,56.85,,,,,,,,,
59.50,3.05,180.22,fc_00.4,401208128#2_2,6.33,0.00,1.44,veh_av,152.49,217.86,,,,,,,,,
59.50,0.00,89.30,fc_04.0,405006150#1_3,136.84,0.00,0.00,veh_av,129.57,125.94,,,,,,,,,
59.50,-0.00,89.30,fc_04.1,405006150#1_1,105.54,0.00,0.00,veh_av,98.33,119.16,,,,,,,,,
59.50,0.00,89.30,fc_04.2,405006150#1_1,98.58,0.00,0.00,veh_av,91.37,119.08,,,,,,,,,
59.50,-3.27,89.30,fc_04.3,405006150#1_3,68.31,0.00,6.18,veh_av,61.04,125.11,,,,,,,,,
59.50,2.38,359.68,fc_08.5,401208126#3_3,24.54,0.00,10.52,veh_av,176.20,69.62,,,,,,,,,
59.50,1.60,359.68,fc_08.6,401208126#3_2,28.70,0.00,10.42,veh_av,179.38,73.78,,,,,,,,,
59.50,3.37,359.68,fc_08.7,401208126#3_2,11.96,0.00,6.43,veh_av,179.47,57.05,,,,,,,,,
59.50,3.50,359.68,fc_08.8,401208126#3_1,5.98,0.00,1.36,veh_av,182.71,51.09,,,,,,,,,
59.50,0.00,269.61,fc_12.0,401217076#2_3,111.14,0.00,0.00,veh_av,189.10,137.94,,,,,,,,,
59.50,0.00,269.53,fc_12.1,401217076#2_2,105.14,0.00,0.00,veh_av,195.11,141.18,,,,,,,,,
59.50,0.00,269.53,fc_12.2,401217076#2_2,99.14,0.00,0.00,veh_av,201.11,141.23,,,,,,,,,
59.50,0.00,269.53,fc_12.3,401217076#2_3,91.14,0.00,0.00,veh_av,209.10,138.10,,,,,,,,,
59.50,0.00,269.53,fc_12.4,401217076#2_3,78.14,0.00,0.00,veh_av,222.10,138.20,,,,,,,,,
59.50,0.00,269.53,fc_12.5,401217076#2_2,68.84,0.00,0.00,veh_av,231.40,141.48,,,,,,,,,
59.50,0.00,269.53,fc_12.6,401217076#2_2,62.84,0.00,0.00,veh_av,237.40,141.53,,,,,,,,,
59.50,-0.00,269.53,fc_12.7,401217076#2_2,49.84,0.00,0.00,veh_av,250.39,141.63,,,,,,,,,
59.50,-0.00,269.53,fc_12.8,401217076#2_2,43.84,0.00,0.00,veh_av,256.39,141.68,,,,,,,,,
59.50,-1.21,269.53,fc_12.9,401217076#2_3,29.59,0.00,0.82,veh_av,270.65,138.60,,,,,,,,,
59.50,-2.83,269.53,fc_14.0,401217076#2_1,91.67,0.00,9.03,veh_av,208.57,144.49,,,,,,,,,
59.50,,,,,,,,,,,359.68,401208126#3,p_8.1,12.14,0.00,0.99,ped_human,185.87,57.26
59.50,,,,,,,,,,,359.68,401208126#3,p_8.0,63.83,0.00,1.31,ped_human,185.59,108.87
59.50,,,,,,,,,,,180.22,401208128#2,p_3.0,3.97,0.00,1.23,ped_human,146.09,220.25
59.50,,,,,,,,,,,269.53,401217076#2,p_12.0,0.69,0.00,1.35,ped_human,299.48,148.43
59.50,,,,,,,,,,,89.30,405006150#1,p_4.0,22.54,0.00,1.51,ped_human,15.38,114.95
59.60,0.53,179.53,f_0_h.19,401208129#0_1,13.08,0.00,16.68,veh_human,152.37,101.06,,,,,,,,,
59.60,1.24,180.22,f_0_h.20,401208128#2_2,72.83,0.00,14.89,veh_human,152.22,151.35,,,,,,,,,
59.60,1.66,180.22,f_0_h.21,401208128#2_2,37.53,0.00,10.22,veh_human,152.36,186.65,,,,,,,,,
59.60,2.00,180.22,f_0_h.22,401208128#2_3,12.66,0.00,4.69,veh_human,155.66,211.52,,,,,,,,,
59.60,1.71,180.22,f_0_h.23,401208128#2_2,15.13,0.00,5.84,veh_human,152.45,209.06,,,,,,,,,
59.60,-1.94,180.22,f_0_h.24,401208128#2_1,5.36,0.00,0.60,veh_human,149.29,218.85,,,,,,,,,
59.60,0.00,359.68,f_11_h.0,401208126#3_6,67.95,0.00,0.00,veh_human,166.36,113.08,,,,,,,,,
59.60,0.00,269.53,f_12_b.0,401217076#2_2,85.64,0.00,0.00,bike_human,214.60,141.34,,,,,,,,,
59.60,0.00,269.60,f_12_h.0,401217076#2_2,111.14,0.00,0.00,veh_human,189.11,141.14,,,,,,,,,
59.60,0.00,269.53,f_12_h.1,401217076#2_3,104.14,0.00,0.00,veh_human,196.10,137.99,,,,,,,,,
59.60,-0.00,269.53,f_12_h.10,401217076#2_3,57.14,0.00,0.00,veh_human,243.11,138.37,,,,,,,,,
59.60,-0.00,269.53,f_12_h.11,401217076#2_3,50.14,0.00,0.00,veh_human,250.11,138.43,,,,,,,,,
59.60,-0.01,269.53,f_12_h.12,401217076#2_3,43.12,0.00,0.01,veh_human,257.12,138.49,,,,,,,,,
59.60,-0.09,269.53,f_12_h.13,401217076#2_3,35.99,0.00,0.12,veh_human,264.26,138.55,,,,,,,,,
59.60,-0.04,269.53,f_12_h.14,401217076#2_2,36.79,0.00,0.04,veh_human,263.44,141.74,,,,,,,,,
59.60,-0.32,269.53,f_12_h.15,401217076#2_2,29.34,0.00,0.41,veh_human,270.89,141.80,,,,,,,,,
59.60,-1.29,269.53,f_12_h.16,401217076#2_2,17.64,0.00,3.34,veh_human,282.58,141.90,,,,,,,,,
59.60,1.90,269.53,f_12_h.17,401217076#2_3,5.88,0.00,1.59,veh_human,294.37,138.79,,,,,,,,,
59.60,0.00,269.53,f_12_h.2,401217076#2_3,97.14,0.00,0.00,veh_human,203.10,138.05,,,,,,,,,
59.60,0.00,269.53,f_12_h.3,401217076#2_2,92.14,0.00,0.00,veh_human,208.10,141.29,,,,,,,,,
59.60,0.00,269.53,f_12_h.4,401217076#2_3,84.14,0.00,0.00,veh_human,216.10,138.15,,,,,,,,,
59.60,0.00,269.53,f_12_h.5,401217076#2_3,71.14,0.00,0.00,veh_human,229.10,138.26,,,,,,,,,
59.60,0.00,269.53,f_12_h.6,401217076#2_2,81.84,0.00,0.00,veh_human,218.40,141.37,,,,,,,,,
59.60,0.00,269.53,f_12_h.7,401217076#2_2,74.84,0.00,0.00,veh_human,225.40,141.43,,,,,,,,,
59.60,0.00,269.53,f_12_h.8,401217076#2_3,64.14,0.00,0.00,veh_human,236.10,138.32,,,,,,,,,
59.60,-0.00,269.53,f_12_h.9,401217076#2_2,55.84,0.00,0.00,veh_human,244.39,141.58,,,,,,,,,
59.60,0.00,269.60,f_14_h.0,401217076#2_1,111.13,0.00,0.00,veh_human,189.12,144.34,,,,,,,,,
59.60,2.00,269.53,f_14_h.1,401217076#2_1,5.82,0.00,1.60,veh_human,294.38,145.19,,,,,,,,,
59.60,0.00,269.61,f_15_h.0,401217076#2_4,111.13,0.00,0.00,veh_human,189.10,134.74,,,,,,,,,
59.60,1.99,269.53,f_15_h.1,401217076#2_4,7.90,0.00,2.22,veh_human,292.37,135.58,,,,,,,,,
59.60,-1.78,183.09,f_3_h.1,:Junc1_17_0,3.60,0.00,2.87,veh_human,148.76,146.30,,,,,,,,,
59.60,0.00,89.30,f_4_b.0,405006150#1_2,136.35,0.00,0.00,bike_human,129.10,122.73,,,,,,,,,
59.60,0.00,89.30,f_4_b.1,405006150#1_3,109.34,0.00,0.00,bike_human,102.07,125.61,,,,,,,,,
59.60,-0.00,89.30,f_4_b.2,405006150#1_3,92.04,0.00,0.01,bike_human,84.77,125.40,,,,,,,,,
59.60,-0.41,89.30,f_4_b.3,405006150#1_2,61.80,0.00,6.17,bike_human,54.56,121.83,,,,,,,,,
59.60,1.10,89.30,f_4_b.4,405006150#1_2,12.74,0.00,5.34,bike_human,5.51,121.23,,,,,,,,,
59.60,0.00,89.30,f_4_h.0,405006150#1_2,149.85,0.00,0.00,veh_human,142.60,122.90,,,,,,,,,
59.60,0.00,89.30,f_4_h.1,405006150#1_3,149.84,0.00,0.00,veh_human,142.57,126.10,,,,,,,,,
59.60,-0.00,89.30,f_4_h.10,405006150#1_2,111.55,0.00,0.00,veh_human,104.31,122.43,,,,,,,,,
59.60,0.00,89.30,f_4_h.11,405006150#1_3,105.54,0.00,0.00,veh_human,98.27,125.56,,,,,,,,,
59.60,-0.00,89.30,f_4_h.12,405006150#1_2,104.55,0.00,0.00,veh_human,97.30,122.35,,,,,,,,,
59.60,-0.00,89.30,f_4_h.13,405006150#1_3,98.54,0.00,0.00,veh_human,91.27,125.48,,,,,,,,,
59.60,-0.55,89.30,f_4_h.14,405006150#1_2,95.09,0.00,1.74,veh_human,87.84,122.23,,,,,,,,,
59.60,-0.04,89.30,f_4_h.15,405006150#1_3,88.18,0.00,0.05,veh_human,80.91,125.35,,,,,,,,,
59.60,0.38,89.30,f_4_h.16,405006150#1_2,85.80,0.00,1.33,veh_human,78.55,122.12,,,,,,,,,
59.60,-0.30,89.30,f_4_h.17,405006150#1_3,80.74,0.00,0.39,veh_human,73.47,125.26,,,,,,,,,
59.60,0.16,89.30,f_4_h.18,405006150#1_3,41.03,0.00,9.04,veh_human,33.76,124.78,,,,,,,,,
59.60,0.00,89.30,f_4_h.2,405006150#1_2,142.85,0.00,0.00,veh_human,135.60,122.81,,,,,,,,,
59.60,0.00,89.30,f_4_h.3,405006150#1_3,142.84,0.00,0.00,veh_human,135.57,126.01,,,,,,,,,
59.60,0.00,89.30,f_4_h.4,405006150#1_3,129.84,0.00,0.00,veh_human,122.57,125.86,,,,,,,,,
59.60,0.00,89.30,f_4_h.5,405006150#1_3,122.84,0.00,0.00,veh_human,115.57,125.77,,,,,,,,,
59.60,0.00,89.30,f_4_h.6,405006150#1_3,115.84,0.00,0.00,veh_human,108.57,125.69,,,,,,,,,
59.60,0.00,89.30,f_4_h.7,405006150#1_2,132.55,0.00,0.00,veh_human,125.30,122.69,,,,,,,,,
59.60,0.00,89.30,f_4_h.8,405006150#1_2,125.55,0.00,0.00,veh_human,118.30,122.60,,,,,,,,,
59.60,0.00,89.30,f_4_h.9,405006150#1_2,118.55,0.00,0.00,veh_human,111.30,122.52,,,,,,,,,
59.60,0.00,89.30,f_5_b.0,405006150#1_1,149.85,0.00,0.00,bike_human,142.63,119.70,,,,,,,,,
59.60,1.98,89.30,f_5_h.0,405006150#1_1,8.15,0.00,3.39,veh_human,0.96,117.98,,,,,,,,,
59.60,-1.86,89.31,f_6_h.0,405006150#1_4,145.67,0.00,2.89,veh_human,138.37,129.25,,,,,,,,,
59.60,-1.71,89.31,f_6_h.1,405006150#1_4,114.53,0.00,11.02,veh_human,107.23,128.87,,,,,,,,,
59.60,1.91,89.31,f_6_h.2,405006150#1_4,19.70,0.00,7.12,veh_human,12.39,127.72,,,,,,,,,
59.60,0.00,359.97,f_8_b.0,401208131#0_2,50.45,0.00,7.50,bike_human,176.32,200.37,,,,,,,,,
59.60,-0.16,359.97,f_8_h.15,401208131#0_2,35.36,0.00,7.65,veh_human,176.33,185.28,,,,,,,,,
59.60,-0.90,0.14,f_8_h.17,401208131#0_2,3.64,0.00,12.46,veh_human,176.35,153.56,,,,,,,,,
59.60,1.49,359.97,f_8_h.18,401208131#0_1,24.87,0.00,16.54,veh_human,179.54,174.80,,,,,,,,,
59.60,0.89,0.61,f_8_h.19,:Junc1_6_0,12.61,0.00,14.99,veh_human,179.30,126.63,,,,,,,,,
59.60,1.58,359.68,f_8_h.20,401208126#3_2,43.82,0.00,11.24,veh_human,179.30,88.90,,,,,,,,,
59.60,0.00,359.68,f_8_h.21,401208126#3_1,5.10,0.00,0.00,veh_human,182.71,50.21,,,,,,,,,
59.60,1.29,179.53,fc_00.3,401208129#0_1,59.01,0.00,17.48,veh_av,152.75,55.11,,,,,,,,,
59.60,3.16,180.22,fc_00.4,401208128#2_2,6.50,0.00,1.76,veh_av,152.48,217.69,,,,,,,,,
59.60,0.00,89.30,fc_04.0,405006150#1_3,136.84,0.00,0.00,veh_av,129.57,125.94,,,,,,,,,
59.60,-0.00,89.30,fc_04.1,405006150#1_1,105.54,0.00,0.00,veh_av,98.33,119.16,,,,,,,,,
59.60,0.00,89.30,fc_04.2,405006150#1_1,98.58,0.00,0.00,veh_av,91.37,119.08,,,,,,,,,
59.60,-3.27,89.30,fc_04.3,405006150#1_3,68.90,0.00,5.85,veh_av,61.63,125.12,,,,,,,,,
59.60,2.24,359.68,fc_08.5,401208126#3_3,25.61,0.00,10.74,veh_av,176.20,70.70,,,,,,,,,
59.60,1.57,359.68,fc_08.6,401208126#3_2,29.76,0.00,10.58,veh_av,179.37,74.84,,,,,,,,,
59.60,3.35,359.68,fc_08.7,401208126#3_2,12.63,0.00,6.76,veh_av,179.47,57.73,,,,,,,,,
59.60,1.89,359.68,fc_08.8,401208126#3_2,6.13,0.00,1.55,veh_av,179.51,51.23,,,,,,,,,
59.60,0.00,269.61,fc_12.0,401217076#2_3,111.14,0.00,0.00,veh_av,189.10,137.94,,,,,,,,,
59.60,0.00,269.53,fc_12.1,401217076#2_2,105.14,0.00,0.00,veh_av,195.11,141.18,,,,,,,,,
59.60,0.00,269.53,fc_12.2,401217076#2_2,99.14,0.00,0.00,veh_av,201.11,141.23,,,,,,,,,
59.60,0.00,269.53,fc_12.3,401217076#2_3,91.14,0.00,0.00,veh_av,209.10,138.10,,,,,,,,,
59.60,0.00,269.53,fc_12.4,401217076#2_3,78.14,0.00,0.00,veh_av,222.10,138.20,,,,,,,,,
59.60,0.00,269.53,fc_12.5,401217076#2_2,68.84,0.00,0.00,veh_av,231.40,141.48,,,,,,,,,
59.60,0.00,269.53,fc_12.6,401217076#2_2,62.84,0.00,0.00,veh_av,237.40,141.53,,,,,,,,,
59.60,-0.00,269.53,fc_12.7,401217076#2_2,49.84,0.00,0.00,veh_av,250.39,141.63,,,,,,,,,
59.60,-0.00,269.53,fc_12.8,401217076#2_2,43.84,0.00,0.00,veh_av,256.39,141.68,,,,,,,,,
59.60,-1.09,269.53,fc_12.9,401217076#2_3,29.66,0.00,0.72,veh_av,270.58,138.60,,,,,,,,,
59.60,-2.91,269.53,fc_14.0,401217076#2_1,92.55,0.00,8.73,veh_av,207.70,144.49,,,,,,,,,
59.60,,,,,,,,,,,359.68,401208126#3,p_8.1,12.25,0.00,1.14,ped_human,185.87,57.37
59.60,,,,,,,,,,,359.68,401208126#3,p_8.0,63.95,0.00,1.24,ped_human,185.59,108.99
59.60,,,,,,,,,,,180.22,401208128#2,p_3.0,4.07,0.00,1.01,ped_human,146.09,220.15
59.60,,,,,,,,,,,269.53,401217076#2,p_12.0,0.82,0.00,1.28,ped_human,299.35,148.43
59.60,,,,,,,,,,,89.30,405006150#1,p_4.0,22.68,0.00,1.44,ped_human,15.53,114.96
59.70,0.53,179.53,f_0_h.19,401208129#0_1,14.75,0.00,16.73,veh_human,152.39,99.39,,,,,,,,,
59.70,1.21,180.21,f_0_h.20,:Junc1_18_0,0.05,0.00,15.01,veh_human,152.22,149.85,,,,,,,,,
59.70,1.65,180.22,f_0_h.21,401208128#2_2,38.57,0.00,10.39,veh_human,152.36,185.61,,,,,,,,,
59.70,1.99,180.22,f_0_h.22,401208128#2_3,13.15,0.00,4.89,veh_human,155.66,211.03,,,,,,,,,
59.70,1.71,180.22,f_0_h.23,401208128#2_2,15.73,0.00,6.01,veh_human,152.45,208.46,,,,,,,,,
59.70,-1.94,180.22,f_0_h.24,401208128#2_1,5.40,0.00,0.41,veh_human,149.29,218.81,,,,,,,,,
59.70,0.00,359.68,f_11_h.0,401208126#3_6,67.95,0.00,0.00,veh_human,166.36,113.08,,,,,,,,,
59.70,0.00,269.53,f_12_b.0,401217076#2_2,85.64,0.00,0.00,bike_human,214.60,141.34,,,,,,,,,
59.70,0.00,269.60,f_12_h.0,401217076#2_2,111.14,0.00,0.00,veh_human,189.11,141.14,,,,,,,,,
59.70,0.00,269.53,f_12_h.1,401217076#2_3,104.14,0.00,0.00,veh_human,196.10,137.99,,,,,,,,,
59.70,-0.00,269.53,f_12_h.10,401217076#2_3,57.14,0.00,0.00,veh_human,243.11,138.37,,,,,,,,,
59.70,-0.00,269.53,f_12_h.11,401217076#2_3,50.14,0.00,0.00,veh_human,250.11,138.43,,,,,,,,,
59.70,-0.01,269.53,f_12_h.12,401217076#2_3,43.12,0.00,0.01,veh_human,257.12,138.49,,,,,,,,,
59.70,-0.08,269.53,f_12_h.13,401217076#2_3,36.00,0.00,0.11,veh_human,264.25,138.55,,,,,,,,,
59.70,-0.04,269.53,f_12_h.14,401217076#2_2,36.80,0.00,0.04,veh_human,263.43,141.74,,,,,,,,,
59.70,-0.30,269.53,f_12_h.15,401217076#2_2,29.37,0.00,0.38,veh_human,270.85,141.80,,,,,,,,,
59.70,-1.34,269.53,f_12_h.16,401217076#2_2,17.96,0.00,3.21,veh_human,282.26,141.89,,,,,,,,,
59.70,1.88,269.53,f_12_h.17,401217076#2_3,6.05,0.00,1.78,veh_human,294.20,138.79,,,,,,,,,
59.70,0.00,269.53,f_12_h.2,401217076#2_3,97.14,0.00,0.00,veh_human,203.10,138.05,,,,,,,,,
59.70,0.00,269.53,f_12_h.3,401217076#2_2,92.14,0.00,0.00,veh_human,208.10,141.29,,,,,,,,,
59.70,0.00,269.53,f_12_h.4,401217076#2_3,84.14,0.00,0.00,veh_human,216.10,138.15,,,,,,,,,
59.70,0.00,269.53,f_12_h.5,401217076#2_3,71.14,0.00,0.00,veh_human,229.10,138.26,,,,,,,,,
59.70,0.00,269.53,f_12_h.6,401217076#2_2,81.84,0.00,0.00,veh_human,218.40,141.37,,,,,,,,,
59.70,0.00,269.53,f_12_h.7,401217076#2_2,74.84,0.00,0.00,veh_human,225.40,141.43,,,,,,,,,
59.70,0.00,269.53,f_12_h.8,401217076#2_3,64.14,0.00,0.00,veh_human,236.10,138.32,,,,,,,,,
59.70,-0.00,269.53,f_12_h.9,401217076#2_2,55.84,0.00,0.00,veh_human,244.39,141.58,,,,,,,,,
59.70,0.00,269.60,f_14_h.0,401217076#2_1,111.13,0.00,0.00,veh_human,189.12,144.34,,,,,,,,,
59.70,2.00,269.53,f_14_h.1,401217076#2_1,6.00,0.00,1.80,veh_human,294.20,145.19,,,,,,,,,
59.70,0.00,269.61,f_15_h.0,401217076#2_4,111.13,0.00,0.00,veh_human,189.10,134.74,,,,,,,,,
59.70,1.99,269.53,f_15_h.1,401217076#2_4,8.14,0.00,2.42,veh_human,292.13,135.57,,,,,,,,,
59.70,-1.70,183.30,f_3_h.1,:Junc1_17_0,3.87,0.00,2.70,veh_human,148.74,146.03,,,,,,,,,
59.70,0.00,89.30,f_4_b.0,405006150#1_2,136.35,0.00,0.00,bike_human,129.10,122.73,,,,,,,,,
59.70,0.00,89.30,f_4_b.1,405006150#1_3,109.34,0.00,0.00,bike_human,102.07,125.61,,,,,,,,,
59.70,-0.00,89.30,f_4_b.2,405006150#1_3,92.04,0.00,0.00,bike_human,84.77,125.40,,,,,,,,,
59.70,-0.43,89.30,f_4_b.3,405006150#1_2,62.41,0.00,6.13,bike_human,55.17,121.84,,,,,,,,,
59.70,1.07,89.30,f_4_b.4,405006150#1_2,13.28,0.00,5.44,bike_human,6.05,121.24,,,,,,,,,
59.70,0.00,89.30,f_4_h.0,405006150#1_2,149.85,0.00,0.00,veh_human,142.60,122.90,,,,,,,,,
59.70,0.00,89.30,f_4_h.1,405006150#1_3,149.84,0.00,0.00,veh_human,142.57,126.10,,,,,,,,,
59.70,-0.00,89.30,f_4_h.10,405006150#1_2,111.55,0.00,0.00,veh_human,104.31,122.43,,,,,,,,,
59.70,0.00,89.30,f_4_h.11,405006150#1_3,105.54,0.00,0.00,veh_human,98.27,125.56,,,,,,,,,
59.70,-0.00,89.30,f_4_h.12,405006150#1_2,104.55,0.00,0.00,veh_human,97.30,122.35,,,,,,,,,
59.70,-0.00,89.30,f_4_h.13,405006150#1_3,98.54,0.00,0.00,veh_human,91.27,125.48,,,,,,,,,
59.70,-0.63,89.30,f_4_h.14,405006150#1_2,95.25,0.00,1.68,veh_human,88.01,122.24,,,,,,,,,
59.70,-0.04,89.30,f_4_h.15,405006150#1_3,88.18,0.00,0.05,veh_human,80.91,125.35,,,,,,,,,
59.70,0.34,89.30,f_4_h.16,405006150#1_2,85.93,0.00,1.36,veh_human,78.69,122.12,,,,,,,,,
59.70,-0.27,89.30,f_4_h.17,405006150#1_3,80.78,0.00,0.36,veh_human,73.51,125.26,,,,,,,,,
59.70,0.03,89.30,f_4_h.18,405006150#1_3,41.94,0.00,9.05,veh_human,34.67,124.79,,,,,,,,,
59.70,0.00,89.30,f_4_h.2,405006150#1_2,142.85,0.00,0.00,veh_human,135.60,122.81,,,,,,,,,
59.70,0.00,89.30,f_4_h.3,405006150#1_3,142.84,0.00,0.00,veh_human,135.57,126.01,,,,,,,,,
59.70,0.00,89.30,f_4_h.4,405006150#1_3,129.84,0.00,0.00,veh_human,122.57,125.86,,,,,,,,,
59.70,0.00,89.30,f_4_h.5,405006150#1_3,122.84,0.00,0.00,veh_human,115.57,125.77,,,,,,,,,
59.70,0.00,89.30,f_4_h.6,405006150#1_3,115.84,0.00,0.00,veh_human,108.57,125.69,,,,,,,,,
59.70,0.00,89.30,f_4_h.7,405006150#1_2,132.55,0.00,0.00,veh_human,125.30,122.69,,,,,,,,,
59.70,0.00,89.30,f_4_h.8,405006150#1_2,125.55,0.00,0.00,veh_human,118.30,122.60,,,,,,,,,
59.70,0.00,89.30,f_4_h.9,405006150#1_2,118.55,0.00,0.00,veh_human,111.30,122.52,,,,,,,,,
59.70,0.00,89.30,f_5_b.0,405006150#1_1,149.85,0.00,0.00,bike_human,142.63,119.70,,,,,,,,,
59.70,1.97,89.30,f_5_h.0,405006150#1_1,8.51,0.00,3.58,veh_human,1.32,117.98,,,,,,,,,
59.70,-1.77,89.31,f_6_h.0,405006150#1_4,145.94,0.00,2.72,veh_human,138.64,129.25,,,,,,,,,
59.70,-1.79,89.31,f_6_h.1,405006150#1_4,115.62,0.00,10.85,veh_human,108.31,128.88,,,,,,,,,
59.70,1.90,89.31,f_6_h.2,405006150#1_4,20.43,0.00,7.31,veh_human,13.12,127.73,,,,,,,,,
59.70,0.00,359.97,f_8_b.0,401208131#0_2,51.20,0.00,7.50,bike_human,176.32,201.12,,,,,,,,,
59.70,-0.15,359.97,f_8_h.15,401208131#0_2,36.13,0.00,7.63,veh_human,176.33,186.05,,,,,,,,,
59.70,-0.92,359.98,f_8_h.17,401208131#0_2,4.87,0.00,12.36,veh_human,176.35,154.79,,,,,,,,,
59.70,1.47,359.97,f_8_h.18,401208131#0_1,26.54,0.00,16.69,veh_human,179.54,176.46,,,,,,,,,
59.70,0.88,0.61,f_8_h.19,:Junc1_6_0,14.12,0.00,15.07,veh_human,179.32,128.14,,,,,,,,,
59.70,1.56,359.68,f_8_h.20,401208126#3_2,44.96,0.00,11.39,veh_human,179.29,90.04,,,,,,,,,
59.70,2.00,359.68,f_8_h.21,401208126#3_1,5.12,0.00,0.20,veh_human,182.71,50.23,,,,,,,,,
59.70,1.23,179.53,fc_00.3,401208129#0_1,60.77,0.00,17.60,veh_av,152.76,53.34,,,,,,,,,
59.70,3.23,180.22,fc_00.4,401208128#2_2,6.71,0.00,2.08,veh_av,152.48,217.48,,,,,,,,,
59.70,0.00,89.30,fc_04.0,405006150#1_3,136.84,0.00,0.00,veh_av,129.57,125.94,,,,,,,,,
59.70,-0.00,89.30,fc_04.1,405006150#1_1,105.54,0.00,0.00,veh_av,98.33,119.16,,,,,,,,,
59.70,0.00,89.30,fc_04.2,405006150#1_1,98.58,0.00,0.00,veh_av,91.37,119.08,,,,,,,,,
59.70,-3.25,89.30,fc_04.3,405006150#1_3,69.45,0.00,5.53,veh_av,62.18,125.12,,,,,,,,,
59.70,2.09,359.68,fc_08.5,401208126#3_3,26.71,0.00,10.95,veh_av,176.19,71.79,,,,,,,,,
59.70,1.53,359.68,fc_08.6,401208126#3_2,30.83,0.00,10.73,veh_av,179.37,75.91,,,,,,,,,
59.70,3.31,359.68,fc_08.7,401208126#3_2,13.34,0.00,7.09,veh_av,179.47,58.43,,,,,,,,,
59.70,1.94,359.68,fc_08.8,401208126#3_2,6.31,0.00,1.74,veh_av,179.50,51.40,,,,,,,,,
59.70,0.00,269.61,fc_12.0,401217076#2_3,111.14,0.00,0.00,veh_av,189.10,137.94,,,,,,,,,
59.70,0.00,269.53,fc_12.1,401217076#2_2,105.14,0.00,0.00,veh_av,195.11,141.18,,,,,,,,,
59.70,0.00,269.53,fc_12.2,401217076#2_2,99.14,0.00,0.00,veh_av,201.11,141.23,,,,,,,,,
59.70,0.00,269.53,fc_12.3,401217076#2_3,91.14,0.00,0.00,veh_av,209.10,138.10,,,,,,,,,
59.70,0.00,269.53,fc_12.4,401217076#2_3,78.14,0.00,0.00,veh_av,222.10,138.20,,,,,,,,,
59.70,0.00,269.53,fc_12.5,401217076#2_2,68.84,0.00,0.00,veh_av,231.40,141.48,,,,,,,,,
59.70,0.00,269.53,fc_12.6,401217076#2_2,62.84,0.00,0.00,veh_av,237.40,141.53,,,,,,,,,
59.70,-0.00,269.53,fc_12.7,401217076#2_2,49.84,0.00,0.00,veh_av,250.39,141.63,,,,,,,,,
59.70,-0.00,269.53,fc_12.8,401217076#2_2,43.84,0.00,0.00,veh_av,256.39,141.68,,,,,,,,,
59.70,-0.97,269.53,fc_12.9,401217076#2_3,29.73,0.00,0.62,veh_av,270.52,138.60,,,,,,,,,
59.70,-2.98,269.53,fc_14.0,401217076#2_1,93.39,0.00,8.44,veh_av,206.85,144.48,,,,,,,,,
59.70,,,,,,,,,,,359.68,401208126#3,p_8.1,12.36,0.00,1.08,ped_human,185.87,57.48
59.70,,,,,,,,,,,359.68,401208126#3,p_8.0,64.06,0.00,1.11,ped_human,185.58,109.10
59.70,,,,,,,,,,,180.22,401208128#2,p_3.0,4.17,0.00,1.01,ped_human,146.09,220.05
59.70,,,,,,,,,,,269.53,401217076#2,p_12.0,0.96,0.00,1.45,ped_human,299.20,148.43
59.70,,,,,,,,,,,89.30,405006150#1,p_4.0,22.82,0.00,1.39,ped_human,15.67,114.96
59.80,0.53,179.53,f_0_h.19,401208129#0_1,16.43,0.00,16.78,veh_human,152.40,97.71,,,,,,,,,
59.80,1.19,180.12,f_0_h.20,:Junc1_18_0,1.56,0.00,15.13,veh_human,152.22,148.34,,,,,,,,,
59.80,1.64,180.22,f_0_h.21,401208128#2_2,39.63,0.00,10.55,veh_human,152.35,184.56,,,,,,,,,
59.80,1.99,180.22,f_0_h.22,401208128#2_3,13.66,0.00,5.09,veh_human,155.66,210.52,,,,,,,,,
59.80,1.71,180.22,f_0_h.23,401208128#2_2,16.34,0.00,6.18,veh_human,152.45,207.84,,,,,,,,,
59.80,2.00,180.22,f_0_h.24,401208128#2_1,5.46,0.00,0.61,veh_human,149.29,218.74,,,,,,,,,
59.80,0.00,359.68,f_11_h.0,401208126#3_6,67.95,0.00,0.00,veh_human,166.36,113.08,,,,,,,,,
59.80,0.00,269.53,f_12_b.0,401217076#2_2,85.64,0.00,0.00,bike_human,214.60,141.34,,,,,,,,,
59.80,0.00,269.60,f_12_h.0,401217076#2_2,111.14,0.00,0.00,veh_human,189.11,141.14,,,,,,,,,
59.80,0.00,269.53,f_12_h.1,401217076#2_3,104.14,0.00,0.00,veh_human,196.10,137.99,,,,,,,,,
59.80,-0.00,269.53,f_12_h.10,401217076#2_3,57.14,0.00,0.00,veh_human,243.11,138.37,,,,,,,,,
59.80,-0.00,269.53,f_12_h.11,401217076#2_3,50.14,0.00,0.00,veh_human,250.11,138.43,,,,,,,,,
59.80,-0.01,269.53,f_12_h.12,401217076#2_3,43.12,0.00,0.01,veh_human,257.12,138.49,,,,,,,,,
59.80,-0.08,269.53,f_12_h.13,401217076#2_3,36.01,0.00,0.10,veh_human,264.24,138.55,,,,,,,,,
59.80,-0.03,269.53,f_12_h.14,401217076#2_2,36.80,0.00,0.04,veh_human,263.43,141.74,,,,,,,,,
59.80,-0.28,269.53,f_12_h.15,401217076#2_2,29.41,0.00,0.35,veh_human,270.82,141.80,,,,,,,,,
59.80,-1.37,269.53,f_12_h.16,401217076#2_2,18.27,0.00,3.07,veh_human,281.96,141.89,,,,,,,,,
59.80,1.86,269.53,f_12_h.17,401217076#2_3,6.25,0.00,1.96,veh_human,294.00,138.79,,,,,,,,,
59.80,0.00,269.53,f_12_h.2,401217076#2_3,97.14,0.00,0.00,veh_human,203.10,138.05,,,,,,,,,
59.80,0.00,269.53,f_12_h.3,401217076#2_2,92.14,0.00,0.00,veh_human,208.10,141.29,,,,,,,,,
59.80,0.00,269.53,f_12_h.4,401217076#2_3,84.14,0.00,0.00,veh_human,216.10,138.15,,,,,,,,,
59.80,0.00,269.53,f_12_h.5,401217076#2_3,71.14,0.00,0.00,veh_human,229.10,138.26,,,,,,,,,
59.80,0.00,269.53,f_12_h.6,401217076#2_2,81.84,0.00,0.00,veh_human,218.40,141.37,,,,,,,,,
59.80,0.00,269.53,f_12_h.7,401217076#2_2,74.84,0.00,0.00,veh_human,225.40,141.43,,,,,,,,,
59.80,0.00,269.53,f_12_h.8,401217076#2_3,64.14,0.00,0.00,veh_human,236.10,138.32,,,,,,,,,
59.80,-0.00,269.53,f_12_h.9,401217076#2_2,55.84,0.00,0.00,veh_human,244.39,141.58,,,,,,,,,
59.80,0.00,269.60,f_14_h.0,401217076#2_1,111.13,0.00,0.00,veh_human,189.12,144.34,,,,,,,,,
59.80,2.00,269.53,f_14_h.1,401217076#2_1,6.20,0.00,2.00,veh_human,294.00,145.19,,,,,,,,,
59.80,0.00,269.61,f_15_h.0,401217076#2_4,111.13,0.00,0.00,veh_human,189.10,134.74,,,,,,,,,
59.80,1.99,269.53,f_15_h.1,401217076#2_4,8.40,0.00,2.62,veh_human,291.87,135.57,,,,,,,,,
59.80,1.29,183.53,f_3_h.1,:Junc1_17_0,4.16,0.00,2.83,veh_human,148.72,145.75,,,,,,,,,
59.80,0.00,89.30,f_4_b.0,405006150#1_2,136.35,0.00,0.00,bike_human,129.10,122.73,,,,,,,,,
59.80,0.00,89.30,f_4_b.1,405006150#1_3,109.34,0.00,0.00,bike_human,102.07,125.61,,,,,,,,,
59.80,-0.00,89.30,f_4_b.2,405006150#1_3,92.04,0.00,0.00,bike_human,84.77,125.40,,,,,,,,,
59.80,-0.44,89.30,f_4_b.3,405006150#1_2,63.02,0.00,6.08,bike_human,55.78,121.84,,,,,,,,,
59.80,1.03,89.30,f_4_b.4,405006150#1_2,13.84,0.00,5.55,bike_human,6.60,121.25,,,,,,,,,
59.80,0.00,89.30,f_4_h.0,405006150#1_2,149.85,0.00,0.00,veh_human,142.60,122.90,,,,,,,,,
59.80,0.00,89.30,f_4_h.1,405006150#1_3,149.84,0.00,0.00,veh_human,142.57,126.10,,,,,,,,,
59.80,-0.00,89.30,f_4_h.10,405006150#1_2,111.55,0.00,0.00,veh_human,104.31,122.43,,,,,,,,,
59.80,0.00,89.30,f_4_h.11,405006150#1_3,105.54,0.00,0.00,veh_human,98.27,125.56,,,,,,,,,
59.80,-0.00,89.30,f_4_h.12,405006150#1_2,104.55,0.00,0.00,veh_human,97.30,122.35,,,,,,,,,
59.80,-0.00,89.30,f_4_h.13,405006150#1_3,98.54,0.00,0.00,veh_human,91.27,125.48,,,,,,,,,
59.80,-0.70,89.30,f_4_h.14,405006150#1_2,95.41,0.00,1.61,veh_human,88.17,122.24,,,,,,,,,
59.80,-0.03,89.30,f_4_h.15,405006150#1_3,88.19,0.00,0.04,veh_human,80.92,125.35,,,,,,,,,
59.80,0.31,89.30,f_4_h.16,405006150#1_2,86.07,0.00,1.39,veh_human,78.83,122.12,,,,,,,,,
59.80,-0.26,89.30,f_4_h.17,405006150#1_3,80.81,0.00,0.33,veh_human,73.54,125.26,,,,,,,,,
59.80,-0.10,89.30,f_4_h.18,405006150#1_3,42.84,0.00,9.04,veh_human,35.57,124.80,,,,,,,,,
59.80,0.00,89.30,f_4_h.2,405006150#1_2,142.85,0.00,0.00,veh_human,135.60,122.81,,,,,,,,,
59.80,0.00,89.30,f_4_h.3,405006150#1_3,142.84,0.00,0.00,veh_human,135.57,126.01,,,,,,,,,
59.80,0.00,89.30,f_4_h.4,405006150#1_3,129.84,0.00,0.00,veh_human,122.57,125.86,,,,,,,,,
59.80,0.00,89.30,f_4_h.5,405006150#1_3,122.84,0.00,0.00,veh_human,115.57,125.77,,,,,,,,,
59.80,0.00,89.30,f_4_h.6,405006150#1_3,115.84,0.00,0.00,veh_human,108.57,125.69,,,,,,,,,
59.80,0.00,89.30,f_4_h.7,405006150#1_2,132.55,0.00,0.00,veh_human,125.30,122.69,,,,,,,,,
59.80,0.00,89.30,f_4_h.8,405006150#1_2,125.55,0.00,0.00,veh_human,118.30,122.60,,,,,,,,,
59.80,0.00,89.30,f_4_h.9,405006150#1_2,118.55,0.00,0.00,veh_human,111.30,122.52,,,,,,,,,
59.80,0.00,89.30,f_5_b.0,405006150#1_1,149.85,0.00,0.00,bike_human,142.63,119.70,,,,,,,,,
59.80,1.97,89.30,f_5_h.0,405006150#1_1,8.89,0.00,3.78,veh_human,1.70,117.99,,,,,,,,,
59.80,-1.69,89.31,f_6_h.0,405006150#1_4,146.20,0.00,2.55,veh_human,138.90,129.25,,,,,,,,,
59.80,-1.86,89.31,f_6_h.1,405006150#1_4,116.68,0.00,10.66,veh_human,109.38,128.90,,,,,,,,,
59.80,1.89,89.31,f_6_h.2,405006150#1_4,21.18,0.00,7.50,veh_human,13.87,127.74,,,,,,,,,
59.80,0.00,359.97,f_8_b.0,401208131#0_2,51.95,0.00,7.50,bike_human,176.32,201.87,,,,,,,,,
59.80,-0.14,359.97,f_8_h.15,401208131#0_2,36.89,0.00,7.62,veh_human,176.33,186.81,,,,,,,,,
59.80,-0.94,359.97,f_8_h.17,401208131#0_2,6.10,0.00,12.27,veh_human,176.35,156.02,,,,,,,,,
59.80,-4.50,359.97,f_8_h.18,401208131#0_1,28.16,0.00,16.24,veh_human,179.53,178.09,,,,,,,,,
59.80,0.87,0.61,f_8_h.19,:Junc1_6_0,15.63,0.00,15.16,veh_human,179.34,129.66,,,,,,,,,
59.80,1.54,359.68,f_8_h.20,401208126#3_2,46.12,0.00,11.55,veh_human,179.28,91.19,,,,,,,,,
59.80,2.00,359.68,f_8_h.21,401208126#3_1,5.16,0.00,0.40,veh_human,182.71,50.27,,,,,,,,,
59.80,1.16,179.53,fc_00.3,401208129#0_1,62.54,0.00,17.71,veh_av,152.78,51.57,,,,,,,,,
59.80,3.28,180.22,fc_00.4,401208128#2_2,6.95,0.00,2.41,veh_av,152.48,217.24,,,,,,,,,
59.80,0.00,89.30,fc_04.0,405006150#1_3,136.84,0.00,0.00,veh_av,129.57,125.94,,,,,,,,,
59.80,-0.00,89.30,fc_04.1,405006150#1_1,105.54,0.00,0.00,veh_av,98.33,119.16,,,,,,,,,
59.80,0.00,89.30,fc_04.2,405006150#1_1,98.58,0.00,0.00,veh_av,91.37,119.08,,,,,,,,,
59.80,-3.22,89.30,fc_04.3,405006150#1_3,69.97,0.00,5.21,veh_av,62.70,125.13,,,,,,,,,
59.80,1.92,359.68,fc_08.5,401208126#3_3,27.82,0.00,11.14,veh_av,176.19,72.91,,,,,,,,,
59.80,1.50,359.68,fc_08.6,401208126#3_2,31.92,0.00,10.88,veh_av,179.36,77.00,,,,,,,,,
59.80,3.27,359.68,fc_08.7,401208126#3_2,14.08,0.00,7.42,veh_av,179.46,59.18,,,,,,,,,
59.80,2.65,359.68,fc_08.8,401208126#3_2,6.51,0.00,2.01,veh_av,179.50,51.61,,,,,,,,,
59.80,0.00,269.61,fc_12.0,401217076#2_3,111.14,0.00,0.00,veh_av,189.10,137.94,,,,,,,,,
59.80,0.00,269.53,fc_12.1,401217076#2_2,105.14,0.00,0.00,veh_av,195.11,141.18,,,,,,,,,
59.80,0.00,269.53,fc_12.2,401217076#2_2,99.14,0.00,0.00,veh_av,201.11,141.23,,,,,,,,,
59.80,0.00,269.53,fc_12.3,401217076#2_3,91.14,0.00,0.00,veh_av,209.10,138.10,,,,,,,,,
59.80,0.00,269.53,fc_12.4,401217076#2_3,78.14,0.00,0.00,veh_av,222.10,138.20,,,,,,,,,
59.80,0.00,269.53,fc_12.5,401217076#2_2,68.84,0.00,0.00,veh_av,231.40,141.48,,,,,,,,,
59.80,0.00,269.53,fc_12.6,401217076#2_2,62.84,0.00,0.00,veh_av,237.40,141.53,,,,,,,,,
59.80,-0.00,269.53,fc_12.7,401217076#2_2,49.84,0.00,0.00,veh_av,250.39,141.63,,,,,,,,,
59.80,-0.00,269.53,fc_12.8,401217076#2_2,43.84,0.00,0.00,veh_av,256.39,141.68,,,,,,,,,
59.80,-0.86,269.53,fc_12.9,401217076#2_3,29.78,0.00,0.53,veh_av,270.47,138.60,,,,,,,,,
59.80,-3.05,269.53,fc_14.0,401217076#2_1,94.20,0.00,8.13,veh_av,206.04,144.47,,,,,,,,,
59.80,,,,,,,,,,,359.68,401208126#3,p_8.1,12.47,0.00,1.13,ped_human,185.87,57.59
59.80,,,,,,,,,,,359.68,401208126#3,p_8.0,64.19,0.00,1.29,ped_human,185.58,109.23
59.80,,,,,,,,,,,180.22,401208128#2,p_3.0,4.28,0.00,1.05,ped_human,146.09,219.94
59.80,,,,,,,,,,,269.53,401217076#2,p_12.0,1.09,0.00,1.27,ped_human,299.08,148.43
59.80,,,,,,,,,,,89.30,405006150#1,p_4.0,22.95,0.00,1.27,ped_human,15.79,114.96
59.90,0.53,179.53,f_0_h.19,401208129#0_1,18.11,0.00,16.84,veh_human,152.41,96.03,,,,,,,,,
59.90,1.17,180.03,f_0_h.20,:Junc1_18_0,3.09,0.00,15.25,veh_human,152.22,146.82,,,,,,,,,
59.90,1.63,180.22,f_0_h.21,401208128#2_2,40.70,0.00,10.71,veh_human,152.35,183.49,,,,,,,,,
59.90,1.99,180.22,f_0_h.22,401208128#2_3,14.19,0.00,5.29,veh_human,155.65,209.99,,,,,,,,,
59.90,1.71,180.22,f_0_h.23,401208128#2_2,16.98,0.00,6.35,veh_human,152.44,207.21,,,,,,,,,
59.90,2.00,180.22,f_0_h.24,401208128#2_1,5.54,0.00,0.81,veh_human,149.29,218.66,,,,,,,,,
59.90,0.00,359.68,f_11_h.0,401208126#3_6,67.95,0.00,0.00,veh_human,166.36,113.08,,,,,,,,,
59.90,0.00,269.53,f_12_b.0,401217076#2_2,85.64,0.00,0.00,bike_human,214.60,141.34,,,,,,,,,
59.90,0.00,269.60,f_12_h.0,401217076#2_2,111.14,0.00,0.00,veh_human,189.11,141.14,,,,,,,,,
59.90,0.00,269.53,f_12_h.1,401217076#2_3,104.14,0.00,0.00,veh_human,196.10,137.99,,,,,,,,,
59.90,-0.00,269.53,f_12_h.10,401217076#2_3,57.14,0.00,0.00,veh_human,243.11,138.37,,,,,,,,,
59.90,-0.00,269.53,f_12_h.11,401217076#2_3,50.14,0.00,0.00,veh_human,250.11,138.43,,,,,,,,,
59.90,-0.01,269.53,f_12_h.12,401217076#2_3,43.13,0.00,0.01,veh_human,257.12,138.49,,,,,,,,,
59.90,-0.07,269.53,f_12_h.13,401217076#2_3,36.02,0.00,0.09,veh_human,264.23,138.55,,,,,,,,,
59.90,-0.03,269.53,f_12_h.14,401217076#2_2,36.81,0.00,0.03,veh_human,263.42,141.74,,,,,,,,,
59.90,-0.26,269.53,f_12_h.15,401217076#2_2,29.44,0.00,0.32,veh_human,270.79,141.80,,,,,,,,,
59.90,-1.39,269.53,f_12_h.16,401217076#2_2,18.56,0.00,2.93,veh_human,281.66,141.89,,,,,,,,,
59.90,1.83,269.53,f_12_h.17,401217076#2_3,6.46,0.00,2.15,veh_human,293.78,138.79,,,,,,,,,
59.90,0.00,269.53,f_12_h.2,401217076#2_3,97.14,0.00,0.00,veh_human,203.10,138.05,,,,,,,,,
59.90,0.00,269.53,f_12_h.3,401217076#2_2,92.14,0.00,0.00,veh_human,208.10,141.29,,,,,,,,,
59.90,0.00,269.53,f_12_h.4,401217076#2_3,84.14,0.00,0.00,veh_human,216.10,138.15,,,,,,,,,
59.90,0.00,269.53,f_12_h.5,401217076#2_3,71.14,0.00,0.00,veh_human,229.10,138.26,,,,,,,,,
59.90,0.00,269.53,f_12_h.6,401217076#2_2,81.84,0.00,0.00,veh_human,218.40,141.37,,,,,,,,,
59.90,0.00,269.53,f_12_h.7,401217076#2_2,74.84,0.00,0.00,veh_human,225.40,141.43,,,,,,,,,
59.90,0.00,269.53,f_12_h.8,401217076#2_3,64.14,0.00,0.00,veh_human,236.10,138.32,,,,,,,,,
59.90,-0.00,269.53,f_12_h.9,401217076#2_2,55.84,0.00,0.00,veh_human,244.39,141.58,,,,,,,,,
59.90,0.00,269.60,f_14_h.0,401217076#2_1,111.13,0.00,0.00,veh_human,189.12,144.34,,,,,,,,,
59.90,2.00,269.53,f_14_h.1,401217076#2_1,6.42,0.00,2.20,veh_human,293.78,145.19,,,,,,,,,
59.90,0.00,269.61,f_15_h.0,401217076#2_4,111.13,0.00,0.00,veh_human,189.10,134.74,,,,,,,,,
59.90,1.99,269.53,f_15_h.1,401217076#2_4,8.68,0.00,2.82,veh_human,291.59,135.57,,,,,,,,,
59.90,1.15,183.76,f_3_h.1,:Junc1_17_0,4.45,0.00,2.95,veh_human,148.69,145.46,,,,,,,,,
59.90,0.00,89.30,f_4_b.0,405006150#1_2,136.35,0.00,0.00,bike_human,129.10,122.73,,,,,,,,,
59.90,0.00,89.30,f_4_b.1,405006150#1_3,109.34,0.00,0.00,bike_human,102.07,125.61,,,,,,,,,
59.90,-0.00,89.30,f_4_b.2,405006150#1_3,92.04,0.00,0.00,bike_human,84.77,125.40,,,,,,,,,
59.90,-0.46,89.30,f_4_b.3,405006150#1_2,63.62,0.00,6.04,bike_human,56.38,121.85,,,,,,,,,
59.90,1.00,89.30,f_4_b.4,405006150#1_2,14.40,0.00,5.65,bike_human,7.17,121.25,,,,,,,,,
59.90,0.00,89.30,f_4_h.0,405006150#1_2,149.85,0.00,0.00,veh_human,142.60,122.90,,,,,,,,,
59.90,0.00,89.30,f_4_h.1,405006150#1_3,149.84,0.00,0.00,veh_human,142.57,126.10,,,,,,,,,
59.90,-0.00,89.30,f_4_h.10,405006150#1_2,111.55,0.00,0.00,veh_human,104.31,122.43,,,,,,,,,
59.90,0.00,89.30,f_4_h.11,405006150#1_3,105.54,0.00,0.00,veh_human,98.27,125.56,,,,,,,,,
59.90,-0.00,89.30,f_4_h.12,405006150#1_2,104.55,0.00,0.00,veh_human,97.30,122.35,,,,,,,,,
59.90,-0.00,89.30,f_4_h.13,405006150#1_3,98.54,0.00,0.00,veh_human,91.27,125.48,,,,,,,,,
59.90,-0.75,89.30,f_4_h.14,405006150#1_2,95.57,0.00,1.53,veh_human,88.33,122.24,,,,,,,,,
59.90,-0.03,89.30,f_4_h.15,405006150#1_3,88.19,0.00,0.04,veh_human,80.92,125.35,,,,,,,,,
59.90,0.27,89.30,f_4_h.16,405006150#1_2,86.21,0.00,1.42,veh_human,78.97,122.13,,,,,,,,,
59.90,-0.24,89.30,f_4_h.17,405006150#1_3,80.84,0.00,0.31,veh_human,73.57,125.26,,,,,,,,,
59.90,-0.24,89.30,f_4_h.18,405006150#1_3,43.74,0.00,9.01,veh_human,36.47,124.81,,,,,,,,,
59.90,0.00,89.30,f_4_h.2,405006150#1_2,142.85,0.00,0.00,veh_human,135.60,122.81,,,,,,,,,
59.90,0.00,89.30,f_4_h.3,405006150#1_3,142.84,0.00,0.00,veh_human,135.57,126.01,,,,,,,,,
59.90,0.00,89.30,f_4_h.4,405006150#1_3,129.84,0.00,0.00,veh_human,122.57,125.86,,,,,,,,,
59.90,0.00,89.30,f_4_h.5,405006150#1_3,122.84,0.00,0.00,veh_human,115.57,125.77,,,,,,,,,
59.90,0.00,89.30,f_4_h.6,405006150#1_3,115.84,0.00,0.00,veh_human,108.57,125.69,,,,,,,,,
59.90,0.00,89.30,f_4_h.7,405006150#1_2,132.55,0.00,0.00,veh_human,125.30,122.69,,,,,,,,,
59.90,0.00,89.30,f_4_h.8,405006150#1_2,125.55,0.00,0.00,veh_human,118.30,122.60,,,,,,,,,
59.90,0.00,89.30,f_4_h.9,405006150#1_2,118.55,0.00,0.00,veh_human,111.30,122.52,,,,,,,,,
59.90,0.00,89.30,f_5_b.0,405006150#1_1,149.85,0.00,0.00,bike_human,142.63,119.70,,,,,,,,,
59.90,1.97,89.30,f_5_h.0,405006150#1_1,9.29,0.00,3.98,veh_human,2.09,117.99,,,,,,,,,
59.90,-1.61,89.31,f_6_h.0,405006150#1_4,146.44,0.00,2.39,veh_human,139.14,129.26,,,,,,,,,
59.90,-1.94,89.31,f_6_h.1,405006150#1_4,117.73,0.00,10.47,veh_human,110.43,128.91,,,,,,,,,
59.90,1.88,89.31,f_6_h.2,405006150#1_4,21.95,0.00,7.69,veh_human,14.64,127.75,,,,,,,,,
59.90,0.00,359.97,f_8_b.0,401208131#0_2,52.70,0.00,7.50,bike_human,176.32,202.62,,,,,,,,,
59.90,-0.13,359.97,f_8_h.15,401208131#0_2,37.65,0.00,7.61,veh_human,176.33,187.57,,,,,,,,,
59.90,-0.96,359.97,f_8_h.17,401208131#0_2,7.32,0.00,12.17,veh_human,176.35,157.24,,,,,,,,,
59.90,1.51,359.97,f_8_h.18,401208131#0_1,29.80,0.00,16.39,veh_human,179.53,179.73,,,,,,,,,
59.90,0.79,0.61,f_8_h.19,:Junc1_6_0,17.16,0.00,15.24,veh_human,179.35,131.19,,,,,,,,,
59.90,1.53,359.68,f_8_h.20,401208126#3_2,47.29,0.00,11.70,veh_human,179.28,92.36,,,,,,,,,
59.90,2.00,359.68,f_8_h.21,401208126#3_1,5.22,0.00,0.60,veh_human,182.71,50.33,,,,,,,,,
59.90,1.10,179.53,fc_00.3,401208129#0_1,64.33,0.00,17.82,veh_av,152.79,49.79,,,,,,,,,
59.90,3.30,180.22,fc_00.4,401208128#2_2,7.23,0.00,2.74,veh_av,152.48,216.96,,,,,,,,,
59.90,0.00,89.30,fc_04.0,405006150#1_3,136.84,0.00,0.00,veh_av,129.57,125.94,,,,,,,,,
59.90,-0.00,89.30,fc_04.1,405006150#1_1,105.54,0.00,0.00,veh_av,98.33,119.16,,,,,,,,,
59.90,0.00,89.30,fc_04.2,405006150#1_1,98.58,0.00,0.00,veh_av,91.37,119.08,,,,,,,,,
59.90,-3.18,89.30,fc_04.3,405006150#1_3,70.46,0.00,4.89,veh_av,63.19,125.13,,,,,,,,,
59.90,1.74,359.68,fc_08.5,401208126#3_3,28.95,0.00,11.32,veh_av,176.18,74.04,,,,,,,,,
59.90,1.47,359.68,fc_08.6,401208126#3_2,33.02,0.00,11.03,veh_av,179.36,78.10,,,,,,,,,
59.90,3.23,359.68,fc_08.7,401208126#3_2,14.86,0.00,7.74,veh_av,179.46,59.95,,,,,,,,,
59.90,2.97,359.68,fc_08.8,401208126#3_2,6.74,0.00,2.31,veh_av,179.50,51.84,,,,,,,,,
59.90,0.00,269.61,fc_12.0,401217076#2_3,111.14,0.00,0.00,veh_av,189.10,137.94,,,,,,,,,
59.90,0.00,269.53,fc_12.1,401217076#2_2,105.14,0.00,0.00,veh_av,195.11,141.18,,,,,,,,,
59.90,0.00,269.53,fc_12.2,401217076#2_2,99.14,0.00,0.00,veh_av,201.11,141.23,,,,,,,,,
59.90,0.00,269.53,fc_12.3,401217076#2_3,91.14,0.00,0.00,veh_av,209.10,138.10,,,,,,,,,
59.90,0.00,269.53,fc_12.4,401217076#2_3,78.14,0.00,0.00,veh_av,222.10,138.20,,,,,,,,,
59.90,0.00,269.53,fc_12.5,401217076#2_2,68.84,0.00,0.00,veh_av,231.40,141.48,,,,,,,,,
59.90,0.00,269.53,fc_12.6,401217076#2_2,62.84,0.00,0.00,veh_av,237.40,141.53,,,,,,,,,
59.90,-0.00,269.53,fc_12.7,401217076#2_2,49.84,0.00,0.00,veh_av,250.39,141.63,,,,,,,,,
59.90,-0.00,269.53,fc_12.8,401217076#2_2,43.84,0.00,0.00,veh_av,256.39,141.68,,,,,,,,,
59.90,-0.75,269.53,fc_12.9,401217076#2_3,29.83,0.00,0.46,veh_av,270.42,138.60,,,,,,,,,
59.90,-3.11,269.53,fc_14.0,401217076#2_1,94.98,0.00,7.82,veh_av,205.26,144.47,,,,,,,,,
59.90,,,,,,,,,,,359.68,401208126#3,p_8.1,12.57,0.00,1.02,ped_human,185.87,57.70
59.90,,,,,,,,,,,359.68,401208126#3,p_8.0,64.31,0.00,1.24,ped_human,185.58,109.36
59.90,,,,,,,,,,,180.22,401208128#2,p_3.0,4.38,0.00,1.01,ped_human,146.09,219.84
59.90,,,,,,,,,,,269.53,401217076#2,p_12.0,1.22,0.00,1.35,ped_human,298.94,148.43
59.90,,,,,,,,,,,89.30,405006150#1,p_4.0,23.10,0.00,1.50,ped_human,15.94,114.96
